{
  "type": "FeatureCollection",
  "generatedAt": "2026-08-05",
  "source": "Shasta County ParcelAssesseeSitus assessor layer (current roll at generation time)",
  "sourceUrl": "https://gis.shastacounty.gov/arcgis/rest/services/OpenData/ParcelAssesseeSitus/MapServer/0",
  "caveat": "Planning screen from the county assessor roll. Not a title report and not a surveyed boundary. Ownership shown here does not by itself grant or deny access; the controlling rule for PCT passage on private timberland is the active PCTA alert. On the ground, posted signage and fence lines win.",
  "routeContract": "2026-08-02-pcta-usgs-v1",
  "counts": {
    "public": 62,
    "private-timberland": 51,
    "private": 13,
    "tribal": 1
  },
  "features": [
    {
      "type": "Feature",
      "geometry": {
        "type": "Polygon",
        "coordinates": [
          [
            [
              -121.64563364152792,
              41.008256844362236
            ],
            [
              -121.64563182154119,
              41.00839992887301
            ],
            [
              -121.65051185015189,
              41.00838528732523
            ],
            [
              -121.65051760116633,
              41.0081121421103
            ],
            [
              -121.6505785302988,
              41.00449813449589
            ],
            [
              -121.64567638606411,
              41.00453219729966
            ],
            [
              -121.64077724220247,
              41.00456526083147
            ],
            [
              -121.64074893988114,
              41.007937228224336
            ],
            [
              -121.64212834252577,
              41.00801151155361
            ],
            [
              -121.6446610508412,
              41.00813126520673
            ],
            [
              -121.6448254973354,
              41.00813986483634
            ],
            [
              -121.64498935453483,
              41.0081534333494
            ],
            [
              -121.6451523583347,
              41.00817194905067
            ],
            [
              -121.64531424732529,
              41.00819538278694
            ],
            [
              -121.64547476189354,
              41.00822369659154
            ],
            [
              -121.64563364152792,
              41.008256844362236
            ]
          ]
        ]
      },
      "properties": {
        "apn": "023230030000",
        "assessee": "STATE OF CALIFORNIA",
        "ownership": "public",
        "label": "STATE OF CALIFORNIA",
        "acres": 83.47132645
      }
    },
    {
      "type": "Feature",
      "geometry": {
        "type": "Polygon",
        "coordinates": [
          [
            [
              -121.6411699991194,
              41.01618611945468
            ],
            [
              -121.64150126725347,
              41.02230747479201
            ],
            [
              -121.64366197781987,
              41.022310029862844
            ],
            [
              -121.64385168493988,
              41.02231025283856
            ],
            [
              -121.64652745894745,
              41.02231715017386
            ],
            [
              -121.64668676079005,
              41.02219479606817
            ],
            [
              -121.64685690529812,
              41.02222355319707
            ],
            [
              -121.6469644569938,
              41.02232253412069
            ],
            [
              -121.64847293317175,
              41.02231520032294
            ],
            [
              -121.64857545699681,
              41.01864615023618
            ],
            [
              -121.64383561138447,
              41.018644247043056
            ],
            [
              -121.64382434740916,
              41.01595356700273
            ],
            [
              -121.6424970425594,
              41.01606899675682
            ],
            [
              -121.6411699991194,
              41.01618611945468
            ]
          ]
        ]
      },
      "properties": {
        "apn": "023080016000",
        "assessee": "STATE OF CALIFORNIA",
        "ownership": "public",
        "label": "STATE OF CALIFORNIA",
        "acres": 75.62651821
      }
    },
    {
      "type": "Feature",
      "geometry": {
        "type": "Polygon",
        "coordinates": [
          [
            [
              -121.65997695543122,
              41.011861027889445
            ],
            [
              -121.66464909322394,
              41.01187996755754
            ],
            [
              -121.6647100232547,
              41.008240957512776
            ],
            [
              -121.66940716116177,
              41.00828189752831
            ],
            [
              -121.66949709330147,
              41.00465488724302
            ],
            [
              -121.66477295293531,
              41.00461994930842
            ],
            [
              -121.66483488099435,
              41.00099894077256
            ],
            [
              -121.6600837417623,
              41.00097200350649
            ],
            [
              -121.65063469207203,
              41.00088405003249
            ],
            [
              -121.64571831672663,
              41.000914191362874
            ],
            [
              -121.64567638606411,
              41.00453219729966
            ],
            [
              -121.6505785302988,
              41.00449813449589
            ],
            [
              -121.6600488116708,
              41.00458501067742
            ],
            [
              -121.66001288085606,
              41.00819801839536
            ],
            [
              -121.65997695543122,
              41.011861027889445
            ]
          ]
        ]
      },
      "properties": {
        "apn": "023230038000",
        "assessee": "UNITED STATES FOREST SERVICE",
        "ownership": "public",
        "label": "UNITED STATES FOREST SERVICE",
        "acres": 277.58619226
      }
    },
    {
      "type": "Feature",
      "geometry": {
        "type": "Polygon",
        "coordinates": [
          [
            [
              -121.64074840538355,
              41.00876312620509
            ],
            [
              -121.64072740726378,
              41.01186743013641
            ],
            [
              -121.64558209440031,
              41.01184179674232
            ],
            [
              -121.64561921099123,
              41.00912563417173
            ],
            [
              -121.64549711646939,
              41.00908975500739
            ],
            [
              -121.64537307889157,
              41.009057892904764
            ],
            [
              -121.6452473327181,
              41.0090301082005
            ],
            [
              -121.64512011151093,
              41.009006452418284
            ],
            [
              -121.64499165422194,
              41.00898697098007
            ],
            [
              -121.64486219980299,
              41.008971698461266
            ],
            [
              -121.64473199169748,
              41.00896066469126
            ],
            [
              -121.64460127334891,
              41.00895389000845
            ],
            [
              -121.64205606497632,
              41.00883354606439
            ],
            [
              -121.64074840538355,
              41.00876312620509
            ]
          ]
        ]
      },
      "properties": {
        "apn": "023230010000",
        "assessee": "UNITED STATES OF AMERICA",
        "ownership": "public",
        "label": "UNITED STATES OF AMERICA",
        "acres": 33.23377498
      }
    },
    {
      "type": "Feature",
      "geometry": {
        "type": "Polygon",
        "coordinates": [
          [
            [
              -121.64382434740916,
              41.01595356700273
            ],
            [
              -121.64383561138447,
              41.018644247043056
            ],
            [
              -121.64857545699681,
              41.01864615023618
            ],
            [
              -121.64864969377186,
              41.01553317731338
            ],
            [
              -121.64757023680397,
              41.01553535510836
            ],
            [
              -121.6467953203955,
              41.01553226634027
            ],
            [
              -121.64671935166852,
              41.01553196336042
            ],
            [
              -121.6464349863721,
              41.01553082871085
            ],
            [
              -121.64626775150722,
              41.015530161748416
            ],
            [
              -121.6460914553361,
              41.01557019507366
            ],
            [
              -121.6459134119417,
              41.01560555557597
            ],
            [
              -121.64573383961475,
              41.01563619852768
            ],
            [
              -121.64540824793495,
              41.01567453591817
            ],
            [
              -121.64508166990497,
              41.0157077599214
            ],
            [
              -121.64475424745864,
              41.01573585427784
            ],
            [
              -121.64382376889412,
              41.015815425178936
            ],
            [
              -121.64382434740916,
              41.01595356700273
            ]
          ]
        ]
      },
      "properties": {
        "apn": "023080014000",
        "assessee": "UNITED STATES FOREST SERVICE",
        "ownership": "public",
        "label": "UNITED STATES FOREST SERVICE",
        "acres": 33.40228079
      }
    },
    {
      "type": "Feature",
      "geometry": {
        "type": "Polygon",
        "coordinates": [
          [
            [
              -121.64553425821312,
              41.015338572435226
            ],
            [
              -121.64553383690325,
              41.015368480088334
            ],
            [
              -121.64568995242152,
              41.01535308704313
            ],
            [
              -121.64585322571601,
              41.015329300680435
            ],
            [
              -121.64601501319699,
              41.0153003066971
            ],
            [
              -121.64617502470867,
              41.01526615727754
            ],
            [
              -121.64633297009517,
              41.015226914094626
            ],
            [
              -121.64648856638722,
              41.015182647631484
            ],
            [
              -121.64664153241209,
              41.015133438537546
            ],
            [
              -121.64679159148875,
              41.01507937423956
            ],
            [
              -121.64693847502085,
              41.0150205530084
            ],
            [
              -121.64708191620878,
              41.01495707989233
            ],
            [
              -121.64722165813438,
              41.0148890707841
            ],
            [
              -121.64735744926938,
              41.01481664699853
            ],
            [
              -121.64748904257702,
              41.014739940017265
            ],
            [
              -121.64761620269874,
              41.01465908674425
            ],
            [
              -121.64773870056413,
              41.0145742342505
            ],
            [
              -121.64785631428934,
              41.014485535029685
            ],
            [
              -121.64796883277027,
              41.01439314835378
            ],
            [
              -121.64807605298762,
              41.01429724162876
            ],
            [
              -121.64817778090536,
              41.014197987005836
            ],
            [
              -121.64827383416542,
              41.014095564092756
            ],
            [
              -121.64836828483104,
              41.01399159490574
            ],
            [
              -121.64845679673428,
              41.01388469125324
            ],
            [
              -121.64853920907674,
              41.01377504697908
            ],
            [
              -121.64861537363643,
              41.01366285931708
            ],
            [
              -121.6486851538694,
              41.013548331602586
            ],
            [
              -121.64874842131653,
              41.01343166988346
            ],
            [
              -121.64880506458678,
              41.01331308563133
            ],
            [
              -121.64885497857725,
              41.013192791674896
            ],
            [
              -121.648898075253,
              41.013071006266884
            ],
            [
              -121.64893427646062,
              41.01294794969516
            ],
            [
              -121.64896351572482,
              41.012823842926814
            ],
            [
              -121.64898574184156,
              41.01269891031978
            ],
            [
              -121.64900091348841,
              41.01257337826727
            ],
            [
              -121.64900900371585,
              41.01244747248617
            ],
            [
              -121.64900999725255,
              41.01232142140663
            ],
            [
              -121.64902848907269,
              41.01219439873879
            ],
            [
              -121.6490407043639,
              41.012066944040015
            ],
            [
              -121.64904662605828,
              41.01193923490309
            ],
            [
              -121.64904624517258,
              41.01181144688849
            ],
            [
              -121.6490395626052,
              41.01168375894737
            ],
            [
              -121.64902658913586,
              41.01155634596519
            ],
            [
              -121.64900734003594,
              41.01142938554016
            ],
            [
              -121.64898184405156,
              41.01130305323822
            ],
            [
              -121.64887287571264,
              41.011022950426806
            ],
            [
              -121.64880135993455,
              41.01088362828571
            ],
            [
              -121.6487412940831,
              41.01078951277046
            ],
            [
              -121.6486446811726,
              41.01067203680439
            ],
            [
              -121.64856042369051,
              41.01054946448787
            ],
            [
              -121.64847379735104,
              41.01043803460322
            ],
            [
              -121.64837961707833,
              41.01033017346778
            ],
            [
              -121.64827814697709,
              41.010226177324746
            ],
            [
              -121.64816965923687,
              41.010126325471916
            ],
            [
              -121.64805444491179,
              41.01003089178527
            ],
            [
              -121.64793282559874,
              41.00994013522832
            ],
            [
              -121.64780512558953,
              41.00985430188566
            ],
            [
              -121.64766395534261,
              41.009768947682936
            ],
            [
              -121.64739925596439,
              41.00958922871827
            ],
            [
              -121.64655908593365,
              41.009054515058665
            ],
            [
              -121.64643507710193,
              41.00898952385617
            ],
            [
              -121.64630754687431,
              41.008928538154855
            ],
            [
              -121.6461767207279,
              41.00887166439236
            ],
            [
              -121.646042833123,
              41.00881900561654
            ],
            [
              -121.64590612031655,
              41.00877065470669
            ],
            [
              -121.64576682754858,
              41.008726697762675
            ],
            [
              -121.64562520185585,
              41.008687213427066
            ],
            [
              -121.64562322017233,
              41.00883232588707
            ],
            [
              -121.64561921099123,
              41.00912563417173
            ],
            [
              -121.64558209440031,
              41.01184179674232
            ],
            [
              -121.6455395582733,
              41.01495420664178
            ],
            [
              -121.6455357673828,
              41.015231536762066
            ],
            [
              -121.64553560119447,
              41.015243268982154
            ],
            [
              -121.64553425821312,
              41.015338572435226
            ]
          ]
        ]
      },
      "properties": {
        "apn": "023230008000",
        "assessee": "STATE OF CALIFORNIA",
        "ownership": "public",
        "label": "STATE OF CALIFORNIA",
        "acres": 39.70713211
      }
    },
    {
      "type": "Feature",
      "geometry": {
        "type": "Polygon",
        "coordinates": [
          [
            [
              -121.63926905528209,
              41.01551052566564
            ],
            [
              -121.64091966020932,
              41.01551869934677
            ],
            [
              -121.64239768260077,
              41.01552152919301
            ],
            [
              -121.64243443088243,
              41.01552160171842
            ],
            [
              -121.6434938922504,
              41.015429300543715
            ],
            [
              -121.6436106992885,
              41.015419472998694
            ],
            [
              -121.64363360992151,
              41.01541723690838
            ],
            [
              -121.6455357673828,
              41.015231536762066
            ],
            [
              -121.6455395582733,
              41.01495420664178
            ],
            [
              -121.64558209440031,
              41.01184179674232
            ],
            [
              -121.64072740726378,
              41.01186743013641
            ],
            [
              -121.63096649664287,
              41.01191839932083
            ],
            [
              -121.63103116995342,
              41.01546940577791
            ],
            [
              -121.63926905528209,
              41.01551052566564
            ]
          ]
        ]
      },
      "properties": {
        "apn": "023230009000",
        "assessee": "SIERRA PACIFIC LAND & TIMBER",
        "ownership": "private-timberland",
        "label": "SIERRA PACIFIC LAND & TIMBER",
        "acres": 120.66687812
      }
    },
    {
      "type": "Feature",
      "geometry": {
        "type": "Polygon",
        "coordinates": [
          [
            [
              -121.64926674115065,
              41.025599940232894
            ],
            [
              -121.65249443288228,
              41.025615065223725
            ],
            [
              -121.65246867728474,
              41.02330882454782
            ],
            [
              -121.65246623117223,
              41.023089878945235
            ],
            [
              -121.65303718419716,
              41.023069067221584
            ],
            [
              -121.65307634086207,
              41.02306764060037
            ],
            [
              -121.65310608138616,
              41.020939082520044
            ],
            [
              -121.65310842688737,
              41.02077120049282
            ],
            [
              -121.65740977336846,
              41.020764321294905
            ],
            [
              -121.65737576315179,
              41.022431633500325
            ],
            [
              -121.65737628417466,
              41.022436883246
            ],
            [
              -121.65684132843981,
              41.02242934207363
            ],
            [
              -121.65683719888443,
              41.02255235382436
            ],
            [
              -121.65683092864377,
              41.02273923630863
            ],
            [
              -121.65611575559157,
              41.02274865815489
            ],
            [
              -121.6561191296638,
              41.0229626052712
            ],
            [
              -121.65614575483049,
              41.02465090212282
            ],
            [
              -121.65818092314095,
              41.02465048058499
            ],
            [
              -121.65831211579999,
              41.022450071315575
            ],
            [
              -121.6583183285485,
              41.02110709424738
            ],
            [
              -121.65834400060268,
              41.01555760684138
            ],
            [
              -121.65512988241501,
              41.01553609662955
            ],
            [
              -121.64864969377186,
              41.01553317731338
            ],
            [
              -121.64857545699681,
              41.01864615023618
            ],
            [
              -121.64847293317175,
              41.02231520032294
            ],
            [
              -121.64842954813678,
              41.023624536294626
            ],
            [
              -121.64838094838159,
              41.02509118198821
            ],
            [
              -121.64927411811574,
              41.02509915387863
            ],
            [
              -121.64926674115065,
              41.025599940232894
            ]
          ]
        ]
      },
      "properties": {
        "apn": "023080003000",
        "assessee": "STATE OF CALIFORNIA",
        "ownership": "public",
        "label": "STATE OF CALIFORNIA",
        "acres": 178.72989581
      }
    },
    {
      "type": "Feature",
      "geometry": {
        "type": "Polygon",
        "coordinates": [
          [
            [
              -121.6583183285485,
              41.02110709424738
            ],
            [
              -121.66140975393635,
              41.021091436187355
            ],
            [
              -121.66267775021439,
              41.02240421431447
            ],
            [
              -121.6629878513454,
              41.02240095440108
            ],
            [
              -121.66296017514982,
              41.01866300311736
            ],
            [
              -121.6629001119933,
              41.015559995433534
            ],
            [
              -121.65834400060268,
              41.01555760684138
            ],
            [
              -121.6583183285485,
              41.02110709424738
            ]
          ]
        ]
      },
      "properties": {
        "apn": "023080021000",
        "assessee": "STATE OF CALIFORNIA",
        "ownership": "public",
        "label": "STATE OF CALIFORNIA",
        "acres": 61.81970704
      }
    },
    {
      "type": "Feature",
      "geometry": {
        "type": "Polygon",
        "coordinates": [
          [
            [
              -121.63855776385022,
              41.00782603999478
            ],
            [
              -121.64074893988114,
              41.007937228224336
            ],
            [
              -121.64077724220247,
              41.00456526083147
            ],
            [
              -121.64567638606411,
              41.00453219729966
            ],
            [
              -121.64571831672663,
              41.000914191362874
            ],
            [
              -121.63603440879355,
              41.000976353957405
            ],
            [
              -121.63603507803843,
              41.00097336891217
            ],
            [
              -121.63590111677169,
              41.00097509295719
            ],
            [
              -121.63588581217418,
              41.00215478473843
            ],
            [
              -121.6358540980514,
              41.0045993249564
            ],
            [
              -121.63583451387989,
              41.00713905524088
            ],
            [
              -121.63599610013824,
              41.00720977782032
            ],
            [
              -121.63621368826975,
              41.00729723205844
            ],
            [
              -121.63643530714191,
              41.00737867667483
            ],
            [
              -121.63666066390395,
              41.00745400661882
            ],
            [
              -121.6368894639085,
              41.0075231215836
            ],
            [
              -121.63712141430476,
              41.007585936852664
            ],
            [
              -121.6373562069706,
              41.00764236567429
            ],
            [
              -121.63759353737707,
              41.00769233553081
            ],
            [
              -121.6378330974021,
              41.007735780003976
            ],
            [
              -121.63807457083868,
              41.0077726462315
            ],
            [
              -121.6383176459714,
              41.00780288134921
            ],
            [
              -121.63855776385022,
              41.00782603999478
            ]
          ]
        ]
      },
      "properties": {
        "apn": "023230031000",
        "assessee": "SIERRA PACIFIC LAND & TIMBER",
        "ownership": "private-timberland",
        "label": "SIERRA PACIFIC LAND & TIMBER",
        "acres": 117.48878188
      }
    },
    {
      "type": "Feature",
      "geometry": {
        "type": "Polygon",
        "coordinates": [
          [
            [
              -121.65512988241501,
              41.01553609662955
            ],
            [
              -121.65834400060268,
              41.01555760684138
            ],
            [
              -121.6629001119933,
              41.015559995433534
            ],
            [
              -121.6692353008715,
              41.01556091589556
            ],
            [
              -121.66932223173986,
              41.01189890722025
            ],
            [
              -121.67394336858062,
              41.011897845715396
            ],
            [
              -121.67418923118568,
              41.004648826644484
            ],
            [
              -121.66949709330147,
              41.00465488724302
            ],
            [
              -121.66940716116177,
              41.00828189752831
            ],
            [
              -121.6647100232547,
              41.008240957512776
            ],
            [
              -121.66464909322394,
              41.01187996755754
            ],
            [
              -121.65997695543122,
              41.011861027889445
            ],
            [
              -121.66001288085606,
              41.00819801839536
            ],
            [
              -121.6600488116708,
              41.00458501067742
            ],
            [
              -121.6505785302988,
              41.00449813449589
            ],
            [
              -121.65051760116633,
              41.0081121421103
            ],
            [
              -121.65051185015189,
              41.00838528732523
            ],
            [
              -121.65526178833638,
              41.00837085185004
            ],
            [
              -121.65512988241501,
              41.01553609662955
            ]
          ]
        ]
      },
      "properties": {
        "apn": "023230005000",
        "assessee": "SIERRA PACIFIC LAND & TIMBER",
        "ownership": "private-timberland",
        "label": "SIERRA PACIFIC LAND & TIMBER",
        "acres": 359.31703097
      }
    },
    {
      "type": "Feature",
      "geometry": {
        "type": "Polygon",
        "coordinates": [
          [
            [
              -121.6467953203955,
              41.01553226634027
            ],
            [
              -121.64757023680397,
              41.01553535510836
            ],
            [
              -121.64864969377186,
              41.01553317731338
            ],
            [
              -121.65512988241501,
              41.01553609662955
            ],
            [
              -121.65526178833638,
              41.00837085185004
            ],
            [
              -121.65051185015189,
              41.00838528732523
            ],
            [
              -121.64563182154119,
              41.00839992887301
            ],
            [
              -121.64578518641807,
              41.0084387449907
            ],
            [
              -121.6459363099983,
              41.00848227845189
            ],
            [
              -121.64608493895702,
              41.008530456714105
            ],
            [
              -121.6462308208676,
              41.00858319842173
            ],
            [
              -121.64637371138825,
              41.00864041476178
            ],
            [
              -121.64651336977052,
              41.008702008108116
            ],
            [
              -121.64664955885918,
              41.00876787608909
            ],
            [
              -121.6467820504821,
              41.00883790684233
            ],
            [
              -121.64763648036966,
              41.00938169759252
            ],
            [
              -121.647897789506,
              41.00955911440298
            ],
            [
              -121.64803824828722,
              41.009644038431375
            ],
            [
              -121.64818008059247,
              41.009739370320474
            ],
            [
              -121.64831516205837,
              41.009840170416275
            ],
            [
              -121.64844312796895,
              41.009946167547746
            ],
            [
              -121.64856362887946,
              41.01005707427559
            ],
            [
              -121.64867633331161,
              41.01017258689267
            ],
            [
              -121.64878094392309,
              41.01029239288062
            ],
            [
              -121.64887716786309,
              41.01041616752116
            ],
            [
              -121.64895933496548,
              41.01053569853344
            ],
            [
              -121.64905881080678,
              41.01065665350752
            ],
            [
              -121.64913359016428,
              41.01077382785496
            ],
            [
              -121.64921587674263,
              41.01093412780009
            ],
            [
              -121.64933502029876,
              41.01124038115016
            ],
            [
              -121.64936328309422,
              41.01137635056812
            ],
            [
              -121.64938484266106,
              41.011513017889676
            ],
            [
              -121.6493996684565,
              41.01165019399108
            ],
            [
              -121.64940773981932,
              41.01178769042796
            ],
            [
              -121.64940904596975,
              41.01192531740187
            ],
            [
              -121.64940358600946,
              41.0120628864716
            ],
            [
              -121.64939136622665,
              41.01220020716409
            ],
            [
              -121.64937240458762,
              41.012337091719075
            ],
            [
              -121.64937062771999,
              41.01246476687068
            ],
            [
              -121.64936218984452,
              41.01259228993929
            ],
            [
              -121.64934710353764,
              41.01271946299752
            ],
            [
              -121.64932539215553,
              41.0128460887974
            ],
            [
              -121.64929708983419,
              41.012971971448174
            ],
            [
              -121.64926223969276,
              41.013096915060494
            ],
            [
              -121.64922089652842,
              41.013220725780094
            ],
            [
              -121.64917312501994,
              41.01334321246522
            ],
            [
              -121.64911899793083,
              41.0134641839756
            ],
            [
              -121.64905859970267,
              41.01358345391714
            ],
            [
              -121.64899202465865,
              41.01370083589672
            ],
            [
              -121.64891937520669,
              41.01381614826747
            ],
            [
              -121.64884076363617,
              41.01392921345034
            ],
            [
              -121.64875631391462,
              41.014039854545146
            ],
            [
              -121.64866615450114,
              41.01414790007527
            ],
            [
              -121.64857042732952,
              41.014253183309634
            ],
            [
              -121.64847140064585,
              41.01435873682568
            ],
            [
              -121.64836684303499,
              41.01446120813249
            ],
            [
              -121.64825692158357,
              41.014560431857035
            ],
            [
              -121.64814181415802,
              41.014656248727135
            ],
            [
              -121.64802170491295,
              41.01474850421575
            ],
            [
              -121.64789678878279,
              41.01483705057418
            ],
            [
              -121.64776726519354,
              41.014921744798826
            ],
            [
              -121.64763334345267,
              41.01500244998631
            ],
            [
              -121.64749523915586,
              41.015079037366995
            ],
            [
              -121.64735317508524,
              41.015151382915796
            ],
            [
              -121.64720737851462,
              41.01521937074109
            ],
            [
              -121.64705808570092,
              41.01528289105112
            ],
            [
              -121.64690553649433,
              41.015341841509645
            ],
            [
              -121.64674997523657,
              41.015396127235704
            ],
            [
              -121.64659165345597,
              41.0154456608035
            ],
            [
              -121.646430826274,
              41.01549036292033
            ],
            [
              -121.64626775150722,
              41.015530161748416
            ],
            [
              -121.6464349863721,
              41.01553082871085
            ],
            [
              -121.64671935166852,
              41.01553196336042
            ],
            [
              -121.6467953203955,
              41.01553226634027
            ]
          ]
        ]
      },
      "properties": {
        "apn": "023230006000",
        "assessee": "STATE OF CALIFORNIA",
        "ownership": "public",
        "label": "STATE OF CALIFORNIA",
        "acres": 110.96202701
      }
    },
    {
      "type": "Feature",
      "geometry": {
        "type": "Polygon",
        "coordinates": [
          [
            [
              -121.63899968376603,
              41.02950132522303
            ],
            [
              -121.65789870661467,
              41.029583245215086
            ],
            [
              -121.65818092314095,
              41.02465048058499
            ],
            [
              -121.65614575483049,
              41.02465090212282
            ],
            [
              -121.6561191296638,
              41.0229626052712
            ],
            [
              -121.65611575559157,
              41.02274865815489
            ],
            [
              -121.65683092864377,
              41.02273923630863
            ],
            [
              -121.65683719888443,
              41.02255235382436
            ],
            [
              -121.65684132843981,
              41.02242934207363
            ],
            [
              -121.65737628417466,
              41.022436883246
            ],
            [
              -121.65737576315179,
              41.022431633500325
            ],
            [
              -121.65740977336846,
              41.020764321294905
            ],
            [
              -121.65310842688737,
              41.02077120049282
            ],
            [
              -121.65310608138616,
              41.020939082520044
            ],
            [
              -121.65307634086207,
              41.02306764060037
            ],
            [
              -121.65303718419716,
              41.023069067221584
            ],
            [
              -121.65246623117223,
              41.023089878945235
            ],
            [
              -121.65246867728474,
              41.02330882454782
            ],
            [
              -121.65249443288228,
              41.025615065223725
            ],
            [
              -121.64926674115065,
              41.025599940232894
            ],
            [
              -121.64927411811574,
              41.02509915387863
            ],
            [
              -121.64838094838159,
              41.02509118198821
            ],
            [
              -121.64831741413478,
              41.02611095128312
            ],
            [
              -121.64359737906946,
              41.02609038855198
            ],
            [
              -121.64362754719164,
              41.02455988445545
            ],
            [
              -121.64329361555275,
              41.024594081240735
            ],
            [
              -121.64295926889224,
              41.0246258897449
            ],
            [
              -121.64285355514959,
              41.02464182957117
            ],
            [
              -121.6427467858865,
              41.02465306945062
            ],
            [
              -121.64263932671729,
              41.02465957007826
            ],
            [
              -121.64253154684948,
              41.024661308413194
            ],
            [
              -121.64242381728734,
              41.024658279711836
            ],
            [
              -121.64231650813674,
              41.024650493461564
            ],
            [
              -121.64220998860532,
              41.02463797744687
            ],
            [
              -121.64210462340901,
              41.02462077368333
            ],
            [
              -121.64200077546722,
              41.02459894180615
            ],
            [
              -121.64189880230944,
              41.02457255635929
            ],
            [
              -121.64179905338027,
              41.02454170882871
            ],
            [
              -121.64170187183622,
              41.02450650425401
            ],
            [
              -121.64152486240276,
              41.02444399246923
            ],
            [
              -121.64134998467144,
              41.024378155071126
            ],
            [
              -121.64117734823675,
              41.02430903339044
            ],
            [
              -121.64100706089656,
              41.0242366701131
            ],
            [
              -121.6401236953754,
              41.023868097005426
            ],
            [
              -121.63924336346496,
              41.02349541414126
            ],
            [
              -121.63836609750457,
              41.02311863636097
            ],
            [
              -121.63749193163024,
              41.022737777149025
            ],
            [
              -121.63738717998328,
              41.02270158889628
            ],
            [
              -121.63728536043739,
              41.02266091538022
            ],
            [
              -121.63718680896251,
              41.0226158921393
            ],
            [
              -121.63709185254541,
              41.02256666758864
            ],
            [
              -121.6370008046981,
              41.02251340505304
            ],
            [
              -121.63691396725453,
              41.02245628073411
            ],
            [
              -121.63683162857389,
              41.02239548303265
            ],
            [
              -121.63675405904914,
              41.02233121390417
            ],
            [
              -121.63668151739498,
              41.02226368547052
            ],
            [
              -121.63540233080344,
              41.02223983789591
            ],
            [
              -121.63403739283153,
              41.02221437661702
            ],
            [
              -121.62905024191981,
              41.02212243927836
            ],
            [
              -121.62904965442159,
              41.022474355276024
            ],
            [
              -121.62904957806482,
              41.02251955753586
            ],
            [
              -121.6290013115846,
              41.025719445727944
            ],
            [
              -121.63400646563291,
              41.02581238443202
            ],
            [
              -121.6339755330444,
              41.02940938924774
            ],
            [
              -121.63899968376603,
              41.02950132522303
            ]
          ]
        ]
      },
      "properties": {
        "apn": "023060088000",
        "assessee": "P G & E",
        "ownership": "private",
        "label": "P G & E",
        "acres": 351.38793497
      }
    },
    {
      "type": "Feature",
      "geometry": {
        "type": "Polygon",
        "coordinates": [
          [
            [
              -121.66296017514982,
              41.01866300311736
            ],
            [
              -121.6629878513454,
              41.02240095440108
            ],
            [
              -121.6766675860365,
              41.022256276437275
            ],
            [
              -121.6766538382194,
              41.01557934140027
            ],
            [
              -121.67558548802167,
              41.015586835910476
            ],
            [
              -121.67378943596849,
              41.01557885744614
            ],
            [
              -121.67253680537338,
              41.01557393046772
            ],
            [
              -121.67257236967546,
              41.01845725195044
            ],
            [
              -121.67230144856556,
              41.018465884121085
            ],
            [
              -121.66296017514982,
              41.01866300311736
            ]
          ]
        ]
      },
      "properties": {
        "apn": "023080020000",
        "assessee": "P G & E",
        "ownership": "private",
        "label": "P G & E",
        "acres": 147.18707235
      }
    },
    {
      "type": "Feature",
      "geometry": {
        "type": "Polygon",
        "coordinates": [
          [
            [
              -121.6629001119933,
              41.015559995433534
            ],
            [
              -121.66296017514982,
              41.01866300311736
            ],
            [
              -121.67230144856556,
              41.018465884121085
            ],
            [
              -121.67257236967546,
              41.01845725195044
            ],
            [
              -121.67253680537338,
              41.01557393046772
            ],
            [
              -121.6720163834815,
              41.01557187942393
            ],
            [
              -121.6692353008715,
              41.01556091589556
            ],
            [
              -121.6629001119933,
              41.015559995433534
            ]
          ]
        ]
      },
      "properties": {
        "apn": "023080002000",
        "assessee": "UNITED STATES FOREST SERVICE",
        "ownership": "public",
        "label": "UNITED STATES FOREST SERVICE",
        "acres": 66.59687279
      }
    },
    {
      "type": "Feature",
      "geometry": {
        "type": "Polygon",
        "coordinates": [
          [
            [
              -121.65818092314095,
              41.02465048058499
            ],
            [
              -121.65789870661467,
              41.029583245215086
            ],
            [
              -121.67215485698591,
              41.02948500233769
            ],
            [
              -121.67219782520259,
              41.02636228071446
            ],
            [
              -121.67258366958342,
              41.026422610532634
            ],
            [
              -121.67265700265332,
              41.0264349195111
            ],
            [
              -121.6727287358237,
              41.026451758878444
            ],
            [
              -121.67279837861443,
              41.02647301206774
            ],
            [
              -121.6728654558167,
              41.02649853540343
            ],
            [
              -121.67292950749308,
              41.02652815335779
            ],
            [
              -121.67299009526573,
              41.026561662617084
            ],
            [
              -121.67304680411297,
              41.026598835470345
            ],
            [
              -121.67309924775928,
              41.026639416421155
            ],
            [
              -121.67348929356068,
              41.02704999819416
            ],
            [
              -121.67352828673224,
              41.02708732257401
            ],
            [
              -121.67357187568476,
              41.02712163122072
            ],
            [
              -121.67361965258316,
              41.02715260494807
            ],
            [
              -121.6736711700664,
              41.027179953710494
            ],
            [
              -121.67372594753577,
              41.02720342134674
            ],
            [
              -121.67378347295163,
              41.02722278896806
            ],
            [
              -121.67384320912139,
              41.02723787631334
            ],
            [
              -121.67390459639464,
              41.02724854107126
            ],
            [
              -121.67396706254456,
              41.02725468430178
            ],
            [
              -121.67403002276788,
              41.027256248402715
            ],
            [
              -121.67449958833656,
              41.02725471479771
            ],
            [
              -121.67460738706896,
              41.027250975999884
            ],
            [
              -121.67471469711785,
              41.02724238903027
            ],
            [
              -121.67482113580093,
              41.02722898506057
            ],
            [
              -121.67492632492745,
              41.02721081084822
            ],
            [
              -121.67502988810328,
              41.027187932124946
            ],
            [
              -121.6751314561209,
              41.027160429530696
            ],
            [
              -121.67523066606087,
              41.027128402679885
            ],
            [
              -121.6753271648853,
              41.027091964062066
            ],
            [
              -121.67581675300335,
              41.026893144892874
            ],
            [
              -121.675917389468,
              41.026854838428925
            ],
            [
              -121.67602058702953,
              41.02682062790842
            ],
            [
              -121.67612605283715,
              41.026790610925374
            ],
            [
              -121.67623348685356,
              41.0267648721969
            ],
            [
              -121.67634258454987,
              41.02674348491879
            ],
            [
              -121.67645303690564,
              41.02672650940988
            ],
            [
              -121.6765645304088,
              41.02671399378976
            ],
            [
              -121.67667674975073,
              41.02670597397867
            ],
            [
              -121.67667605355636,
              41.02636792456581
            ],
            [
              -121.67667604726816,
              41.026364581492075
            ],
            [
              -121.6766675860365,
              41.022256276437275
            ],
            [
              -121.6629878513454,
              41.02240095440108
            ],
            [
              -121.66267775021439,
              41.02240421431447
            ],
            [
              -121.65831211579999,
              41.022450071315575
            ],
            [
              -121.65818092314095,
              41.02465048058499
            ]
          ]
        ]
      },
      "properties": {
        "apn": "023060093000",
        "assessee": "P G & E",
        "ownership": "private",
        "label": "P G & E",
        "acres": 280.38004823
      }
    },
    {
      "type": "Feature",
      "geometry": {
        "type": "Polygon",
        "coordinates": [
          [
            [
              -121.67215485698591,
              41.02948500233769
            ],
            [
              -121.67206749133297,
              41.03583333785235
            ],
            [
              -121.67438355474793,
              41.0358363938212
            ],
            [
              -121.67670713885848,
              41.035839415910026
            ],
            [
              -121.67668330924892,
              41.02989045952483
            ],
            [
              -121.67667674975073,
              41.02670597397867
            ],
            [
              -121.6765645304088,
              41.02671399378976
            ],
            [
              -121.67645303690564,
              41.02672650940988
            ],
            [
              -121.67634258454987,
              41.02674348491879
            ],
            [
              -121.67623348685356,
              41.0267648721969
            ],
            [
              -121.67612605283715,
              41.026790610925374
            ],
            [
              -121.67602058702953,
              41.02682062858612
            ],
            [
              -121.675917389468,
              41.026854838428925
            ],
            [
              -121.67581675300335,
              41.026893144892874
            ],
            [
              -121.6753271648853,
              41.027091964062066
            ],
            [
              -121.67523066606087,
              41.027128402679885
            ],
            [
              -121.6751314561209,
              41.027160429530696
            ],
            [
              -121.67502988810328,
              41.027187932124946
            ],
            [
              -121.67492632492745,
              41.02721081084822
            ],
            [
              -121.67482113580093,
              41.02722898506057
            ],
            [
              -121.67471469711785,
              41.02724238903027
            ],
            [
              -121.67460738706896,
              41.027250975999884
            ],
            [
              -121.67449958833656,
              41.02725471479771
            ],
            [
              -121.67403002276788,
              41.027256248402715
            ],
            [
              -121.67396706254456,
              41.02725468430178
            ],
            [
              -121.67390459639464,
              41.02724854107126
            ],
            [
              -121.67384320912139,
              41.02723787631334
            ],
            [
              -121.67378347295163,
              41.02722278896806
            ],
            [
              -121.67372594753577,
              41.02720342134674
            ],
            [
              -121.6736711700664,
              41.027179953710494
            ],
            [
              -121.67361965258316,
              41.02715260494807
            ],
            [
              -121.67357187568476,
              41.02712163122072
            ],
            [
              -121.67352828673224,
              41.02708732257401
            ],
            [
              -121.67348929356068,
              41.02704999819416
            ],
            [
              -121.67309924775928,
              41.026639416421155
            ],
            [
              -121.67304680411297,
              41.026598835470345
            ],
            [
              -121.67299009526573,
              41.026561662617084
            ],
            [
              -121.67292950749308,
              41.02652815335779
            ],
            [
              -121.6728654558167,
              41.02649853540343
            ],
            [
              -121.67279837861443,
              41.02647301206774
            ],
            [
              -121.6727287358237,
              41.026451758878444
            ],
            [
              -121.67265700265332,
              41.0264349195111
            ],
            [
              -121.67258366958342,
              41.026422610532634
            ],
            [
              -121.67219782520259,
              41.02636228071446
            ],
            [
              -121.67215485698591,
              41.02948500233769
            ]
          ]
        ]
      },
      "properties": {
        "apn": "023060095000",
        "assessee": "PIT RIVER TRIBE",
        "ownership": "tribal",
        "label": "PIT RIVER TRIBE",
        "acres": 93.81711496
      }
    },
    {
      "type": "Feature",
      "geometry": {
        "type": "Polygon",
        "coordinates": [
          [
            [
              -121.67253680537338,
              41.01557393046772
            ],
            [
              -121.67378943596849,
              41.01557885744614
            ],
            [
              -121.67394336858062,
              41.011897845715396
            ],
            [
              -121.66932223173986,
              41.01189890722025
            ],
            [
              -121.6692353008715,
              41.01556091589556
            ],
            [
              -121.6720163834815,
              41.01557187942393
            ],
            [
              -121.67253680537338,
              41.01557393046772
            ]
          ]
        ]
      },
      "properties": {
        "apn": "023230003000",
        "assessee": "UNITED STATES OF AMERICA",
        "ownership": "public",
        "label": "UNITED STATES OF AMERICA",
        "acres": 38.86417923
      }
    },
    {
      "type": "Feature",
      "geometry": {
        "type": "Polygon",
        "coordinates": [
          [
            [
              -121.6583183285485,
              41.02110709424738
            ],
            [
              -121.65831211579999,
              41.022450071315575
            ],
            [
              -121.66267775021439,
              41.02240421431447
            ],
            [
              -121.66140975393635,
              41.021091436187355
            ],
            [
              -121.6583183285485,
              41.02110709424738
            ]
          ]
        ]
      },
      "properties": {
        "apn": "023080022000",
        "assessee": "P G & E",
        "ownership": "private",
        "label": "P G & E",
        "acres": 11.46667652
      }
    },
    {
      "type": "Feature",
      "geometry": {
        "type": "Polygon",
        "coordinates": [
          [
            [
              -121.67215485698591,
              41.02948500233769
            ],
            [
              -121.65789870661467,
              41.029583245215086
            ],
            [
              -121.65772714995497,
              41.03444682201164
            ],
            [
              -121.66049542258901,
              41.03442842414649
            ],
            [
              -121.66259249290741,
              41.03441444634621
            ],
            [
              -121.6625845113761,
              41.03457026395788
            ],
            [
              -121.66250477062327,
              41.03612676035891
            ],
            [
              -121.66335753413597,
              41.03612603668698
            ],
            [
              -121.66371797775383,
              41.03612573244663
            ],
            [
              -121.66372242621112,
              41.03711557876152
            ],
            [
              -121.66371652517802,
              41.03758904719556
            ],
            [
              -121.6668413669961,
              41.03802027283212
            ],
            [
              -121.66544724365893,
              41.03956996152021
            ],
            [
              -121.66802491534925,
              41.03955460191143
            ],
            [
              -121.66807080758215,
              41.037873072008615
            ],
            [
              -121.66839117915183,
              41.03785449283264
            ],
            [
              -121.66845114888356,
              41.03785330097355
            ],
            [
              -121.66948517894588,
              41.03783273987683
            ],
            [
              -121.66952164605483,
              41.03611021076643
            ],
            [
              -121.66957671637502,
              41.03610995870085
            ],
            [
              -121.66990498144108,
              41.03610845782659
            ],
            [
              -121.67008122550993,
              41.036107575597114
            ],
            [
              -121.67207068304715,
              41.03609759461302
            ],
            [
              -121.67206749133297,
              41.03583333785235
            ],
            [
              -121.67215485698591,
              41.02948500233769
            ]
          ]
        ]
      },
      "properties": {
        "apn": "023060091000",
        "assessee": "P G & E",
        "ownership": "private",
        "label": "P G & E",
        "acres": 228.60046188
      }
    },
    {
      "type": "Feature",
      "geometry": {
        "type": "Polygon",
        "coordinates": [
          [
            [
              -121.67667604726816,
              41.026364581492075
            ],
            [
              -121.68629441681308,
              41.02642263492962
            ],
            [
              -121.68613722331644,
              41.01556553176153
            ],
            [
              -121.68548360372583,
              41.01556673690239
            ],
            [
              -121.68352897477048,
              41.0155703184345
            ],
            [
              -121.6766538382194,
              41.01557934140027
            ],
            [
              -121.6766675860365,
              41.022256276437275
            ],
            [
              -121.67667604726816,
              41.026364581492075
            ]
          ],
          [
            [
              -121.67961542650596,
              41.02107917704139
            ],
            [
              -121.67806953369983,
              41.02112854706454
            ],
            [
              -121.67863132390885,
              41.0193328259109
            ],
            [
              -121.67956998073572,
              41.01913424900194
            ],
            [
              -121.68223894281853,
              41.019513221817824
            ],
            [
              -121.68207577552526,
              41.020602631471604
            ],
            [
              -121.67961542650596,
              41.02107917704139
            ]
          ]
        ]
      },
      "properties": {
        "apn": "022200015000",
        "assessee": "P G & E",
        "ownership": "private",
        "label": "P G & E",
        "acres": 224.15806576
      }
    },
    {
      "type": "Feature",
      "geometry": {
        "type": "Polygon",
        "coordinates": [
          [
            [
              -121.67863132390885,
              41.0193328259109
            ],
            [
              -121.67806953369983,
              41.02112854706454
            ],
            [
              -121.67961542650596,
              41.02107917704139
            ],
            [
              -121.68207577552526,
              41.020602631471604
            ],
            [
              -121.68223894281853,
              41.019513221817824
            ],
            [
              -121.67956998073572,
              41.01913424900194
            ],
            [
              -121.67863132390885,
              41.0193328259109
            ]
          ]
        ]
      },
      "properties": {
        "apn": "022200016000",
        "assessee": "P G & E",
        "ownership": "private",
        "label": "P G & E",
        "acres": 14.25629529
      }
    },
    {
      "type": "Feature",
      "geometry": {
        "type": "Polygon",
        "coordinates": [
          [
            [
              -121.67378943596849,
              41.01557885744614
            ],
            [
              -121.67558548802167,
              41.015586835910476
            ],
            [
              -121.6766538382194,
              41.01557934140027
            ],
            [
              -121.68352897477048,
              41.0155703184345
            ],
            [
              -121.68346564983116,
              41.011905726338
            ],
            [
              -121.68881080723136,
              41.011916657260336
            ],
            [
              -121.68883373583067,
              41.008272646472626
            ],
            [
              -121.6888358477699,
              41.00793707841163
            ],
            [
              -121.68367535973762,
              41.007899500495945
            ],
            [
              -121.67885169861435,
              41.00799808129982
            ],
            [
              -121.6786825072188,
              41.01189578642298
            ],
            [
              -121.67394336858062,
              41.011897845715396
            ],
            [
              -121.67378943596849,
              41.01557885744614
            ]
          ]
        ]
      },
      "properties": {
        "apn": "023230039000",
        "assessee": "P G & E",
        "ownership": "private",
        "label": "P G & E",
        "acres": 173.91837586
      }
    },
    {
      "type": "Feature",
      "geometry": {
        "type": "Polygon",
        "coordinates": [
          [
            [
              -121.68881080723136,
              41.011916657260336
            ],
            [
              -121.68346564983116,
              41.011905726338
            ],
            [
              -121.68352897477048,
              41.0155703184345
            ],
            [
              -121.68548360372583,
              41.01556673690239
            ],
            [
              -121.68613722331644,
              41.01556553176153
            ],
            [
              -121.68878825682278,
              41.01556060749333
            ],
            [
              -121.68881080723136,
              41.011916657260336
            ]
          ]
        ]
      },
      "properties": {
        "apn": "023230001000",
        "assessee": "UNITED STATES FOREST SERVICE",
        "ownership": "public",
        "label": "UNITED STATES FOREST SERVICE",
        "acres": 44.70393122
      }
    },
    {
      "type": "Feature",
      "geometry": {
        "type": "Polygon",
        "coordinates": [
          [
            [
              -121.67671592258533,
              41.03966354332654
            ],
            [
              -121.67669968104498,
              41.04112127641534
            ],
            [
              -121.67672202933262,
              41.04112088276228
            ],
            [
              -121.6791080984577,
              41.04107886079215
            ],
            [
              -121.68008252889413,
              41.0410616904588
            ],
            [
              -121.6814951647127,
              41.04103695330029
            ],
            [
              -121.68247789198914,
              41.04101973620542
            ],
            [
              -121.68626730565781,
              41.0409537663214
            ],
            [
              -121.68629323552848,
              41.03735075462499
            ],
            [
              -121.68634508898162,
              41.029921734863414
            ],
            [
              -121.67668330924892,
              41.02989045952483
            ],
            [
              -121.67670713885848,
              41.035839415910026
            ],
            [
              -121.67670633037471,
              41.0359258550448
            ],
            [
              -121.6767049263079,
              41.03607587089083
            ],
            [
              -121.67670792668099,
              41.03769557426116
            ],
            [
              -121.67670799046137,
              41.0377302371745
            ],
            [
              -121.67670927864549,
              41.03787612991548
            ],
            [
              -121.6767152991545,
              41.03947209400777
            ],
            [
              -121.67671599624718,
              41.03965690731328
            ],
            [
              -121.67671592258533,
              41.03966354332654
            ]
          ]
        ]
      },
      "properties": {
        "apn": "022200017000",
        "assessee": "RRP EDUCATION ASSET HOLDINGS LLC",
        "ownership": "private",
        "label": "RRP EDUCATION ASSET HOLDINGS LLC",
        "acres": 246.5818941
      }
    },
    {
      "type": "Feature",
      "geometry": {
        "type": "Polygon",
        "coordinates": [
          [
            [
              -121.68634508898162,
              41.029921734863414
            ],
            [
              -121.6911402339845,
              41.03000467556368
            ],
            [
              -121.69593637791397,
              41.030088615704344
            ],
            [
              -121.69586530590364,
              41.0264796053599
            ],
            [
              -121.69579423209667,
              41.02286959816071
            ],
            [
              -121.69565892425531,
              41.01599674304133
            ],
            [
              -121.69565008303628,
              41.015547578684604
            ],
            [
              -121.68878825682278,
              41.01556060749333
            ],
            [
              -121.68613722331644,
              41.01556553176153
            ],
            [
              -121.68629441681308,
              41.02642263492962
            ],
            [
              -121.67667604726816,
              41.026364581492075
            ],
            [
              -121.67667605355636,
              41.02636792456581
            ],
            [
              -121.67667674975073,
              41.02670597397867
            ],
            [
              -121.67668330924892,
              41.02989045952483
            ],
            [
              -121.68634508898162,
              41.029921734863414
            ]
          ]
        ]
      },
      "properties": {
        "apn": "022200014000",
        "assessee": "DICALITE MANAGEMENT GROUP LLC",
        "ownership": "private",
        "label": "DICALITE MANAGEMENT GROUP LLC",
        "acres": 396.43937423
      }
    },
    {
      "type": "Feature",
      "geometry": {
        "type": "Polygon",
        "coordinates": [
          [
            [
              -121.67418923118568,
              41.004648826644484
            ],
            [
              -121.67394336858062,
              41.011897845715396
            ],
            [
              -121.6786825072188,
              41.01189578642298
            ],
            [
              -121.67885169861435,
              41.00799808129982
            ],
            [
              -121.68367535973762,
              41.007899500495945
            ],
            [
              -121.68384470654169,
              41.00461989507489
            ],
            [
              -121.68885666622661,
              41.00462863549205
            ],
            [
              -121.68887825723446,
              41.00098562976593
            ],
            [
              -121.66958602381969,
              41.00102687801355
            ],
            [
              -121.66949709330147,
              41.00465488724302
            ],
            [
              -121.67418923118568,
              41.004648826644484
            ]
          ]
        ]
      },
      "properties": {
        "apn": "023230004000",
        "assessee": "UNITED STATES FOREST SERVICE",
        "ownership": "public",
        "label": "UNITED STATES FOREST SERVICE",
        "acres": 278.80875464
      }
    },
    {
      "type": "Feature",
      "geometry": {
        "type": "Polygon",
        "coordinates": [
          [
            [
              -121.68881080723136,
              41.011916657260336
            ],
            [
              -121.68878825682278,
              41.01556060749333
            ],
            [
              -121.69565008303628,
              41.015547578684604
            ],
            [
              -121.707987447232,
              41.015539421274404
            ],
            [
              -121.70805615936808,
              41.00090037458257
            ],
            [
              -121.69843087638877,
              41.00089150079112
            ],
            [
              -121.69841994748502,
              41.00456151057688
            ],
            [
              -121.68885666622661,
              41.00462863549205
            ],
            [
              -121.6888358477699,
              41.00793707841163
            ],
            [
              -121.68883373583067,
              41.008272646472626
            ],
            [
              -121.68881080723136,
              41.011916657260336
            ]
          ]
        ]
      },
      "properties": {
        "apn": "022220003000",
        "assessee": "UNITED STATES FOREST SERVICE",
        "ownership": "public",
        "label": "UNITED STATES FOREST SERVICE",
        "acres": 567.08930045
      }
    },
    {
      "type": "Feature",
      "geometry": {
        "type": "Polygon",
        "coordinates": [
          [
            [
              -121.68367535973762,
              41.007899500495945
            ],
            [
              -121.6888358477699,
              41.00793707841163
            ],
            [
              -121.68885666622661,
              41.00462863549205
            ],
            [
              -121.68384470654169,
              41.00461989507489
            ],
            [
              -121.68367535973762,
              41.007899500495945
            ]
          ]
        ]
      },
      "properties": {
        "apn": "023230040000",
        "assessee": "UNITED STATES OF AMERICA",
        "ownership": "public",
        "label": "UNITED STATES OF AMERICA",
        "acres": 38.6647647
      }
    },
    {
      "type": "Feature",
      "geometry": {
        "type": "Polygon",
        "coordinates": [
          [
            [
              -121.68887825723446,
              41.00098562976593
            ],
            [
              -121.68885666622661,
              41.00462863549205
            ],
            [
              -121.69841994748502,
              41.00456151057688
            ],
            [
              -121.69843087638877,
              41.00089150079112
            ],
            [
              -121.69365573417231,
              41.000938565295336
            ],
            [
              -121.6889344962628,
              41.00098508672236
            ],
            [
              -121.68887959482592,
              41.00098561756269
            ],
            [
              -121.68887825723446,
              41.00098562976593
            ]
          ]
        ]
      },
      "properties": {
        "apn": "022220004000",
        "assessee": "UNITED STATES OF AMERICA",
        "ownership": "public",
        "label": "UNITED STATES OF AMERICA",
        "acres": 80.64495212
      }
    },
    {
      "type": "Feature",
      "geometry": {
        "type": "Polygon",
        "coordinates": [
          [
            [
              -121.69586530590364,
              41.0264796053599
            ],
            [
              -121.69593637791397,
              41.030088615704344
            ],
            [
              -121.7147439307071,
              41.03001838052631
            ],
            [
              -121.7147458584917,
              41.02639836936749
            ],
            [
              -121.71475154033588,
              41.01573631789662
            ],
            [
              -121.71475164633708,
              41.01553533477415
            ],
            [
              -121.70997650412063,
              41.01553839507416
            ],
            [
              -121.707987447232,
              41.015539421274404
            ],
            [
              -121.69565008303628,
              41.015547578684604
            ],
            [
              -121.69565892425531,
              41.01599674304133
            ],
            [
              -121.69579423209667,
              41.02286959816071
            ],
            [
              -121.70527050882487,
              41.02282347849157
            ],
            [
              -121.7053055817485,
              41.026438487576065
            ],
            [
              -121.69596364627441,
              41.02647918315606
            ],
            [
              -121.69586530590364,
              41.0264796053599
            ]
          ]
        ]
      },
      "properties": {
        "apn": "022200012000",
        "assessee": "UNITED STATES FOREST SERVICE",
        "ownership": "public",
        "label": "UNITED STATES FOREST SERVICE",
        "acres": 555.75248282
      }
    },
    {
      "type": "Feature",
      "geometry": {
        "type": "Polygon",
        "coordinates": [
          [
            [
              -121.71932478170064,
              41.015618275293505
            ],
            [
              -121.72673550280724,
              41.01568318065399
            ],
            [
              -121.72689385782553,
              41.00809815262283
            ],
            [
              -121.72704572161759,
              41.00088812659418
            ],
            [
              -121.71755044013123,
              41.000895251254605
            ],
            [
              -121.70805615936808,
              41.00090037458257
            ],
            [
              -121.707987447232,
              41.015539421274404
            ],
            [
              -121.70997650412063,
              41.01553839507416
            ],
            [
              -121.71475164633708,
              41.01553533477415
            ],
            [
              -121.71932478170064,
              41.015618275293505
            ]
          ]
        ]
      },
      "properties": {
        "apn": "022220002000",
        "assessee": "UNITED STATES FOREST SERVICE",
        "ownership": "public",
        "label": "UNITED STATES FOREST SERVICE",
        "acres": 639.89177134
      }
    },
    {
      "type": "Feature",
      "geometry": {
        "type": "Polygon",
        "coordinates": [
          [
            [
              -121.69579423209667,
              41.02286959816071
            ],
            [
              -121.69586530590364,
              41.0264796053599
            ],
            [
              -121.69596364627441,
              41.02647918315606
            ],
            [
              -121.7053055817485,
              41.026438487576065
            ],
            [
              -121.70527050882487,
              41.02282347849157
            ],
            [
              -121.69579423209667,
              41.02286959816071
            ]
          ]
        ]
      },
      "properties": {
        "apn": "022200013000",
        "assessee": "RRP EDUCATION ASSET HOLDINGS LLC",
        "ownership": "private",
        "label": "RRP EDUCATION ASSET HOLDINGS LLC",
        "acres": 78.82500927
      }
    },
    {
      "type": "Feature",
      "geometry": {
        "type": "Polygon",
        "coordinates": [
          [
            [
              -121.7147458584917,
              41.02639836936749
            ],
            [
              -121.7147439307071,
              41.03001838052631
            ],
            [
              -121.72409020684066,
              41.030021263284574
            ],
            [
              -121.73343648207589,
              41.03002314717453
            ],
            [
              -121.73345634113188,
              41.02283112263409
            ],
            [
              -121.7239900635511,
              41.02280424105646
            ],
            [
              -121.71936892401538,
              41.022791299752484
            ],
            [
              -121.71934485186073,
              41.019204287713904
            ],
            [
              -121.71932478170064,
              41.015618275293505
            ],
            [
              -121.71475164633708,
              41.01553533477415
            ],
            [
              -121.71475154033588,
              41.01573631789662
            ],
            [
              -121.7147458584917,
              41.02639836936749
            ]
          ]
        ]
      },
      "properties": {
        "apn": "022200010000",
        "assessee": "UNITED STATES FOREST SERVICE",
        "ownership": "public",
        "label": "UNITED STATES FOREST SERVICE",
        "acres": 387.72195289
      }
    },
    {
      "type": "Feature",
      "geometry": {
        "type": "Polygon",
        "coordinates": [
          [
            [
              -121.71474355161806,
              41.030048214425605
            ],
            [
              -121.71456020906183,
              41.04442442920756
            ],
            [
              -121.73362877185234,
              41.04445019897267
            ],
            [
              -121.73343648207589,
              41.03002314717453
            ],
            [
              -121.72409020684066,
              41.030021263284574
            ],
            [
              -121.7147439307071,
              41.03001838052631
            ],
            [
              -121.71474355161806,
              41.030048214425605
            ]
          ]
        ]
      },
      "properties": {
        "apn": "022200001000",
        "assessee": "UNITED STATES FOREST SERVICE",
        "ownership": "public",
        "label": "UNITED STATES FOREST SERVICE",
        "acres": 627.77157565
      }
    },
    {
      "type": "Feature",
      "geometry": {
        "type": "Polygon",
        "coordinates": [
          [
            [
              -121.69574665192933,
              41.04435265917966
            ],
            [
              -121.69574764546603,
              41.04455884434326
            ],
            [
              -121.70036424491633,
              41.04452612134669
            ],
            [
              -121.70498223945022,
              41.04449321676142
            ],
            [
              -121.71456020906183,
              41.04442442920756
            ],
            [
              -121.71474355161806,
              41.030048214425605
            ],
            [
              -121.7147439307071,
              41.03001838052631
            ],
            [
              -121.69593637791397,
              41.030088615704344
            ],
            [
              -121.6959233379693,
              41.037186097729546
            ],
            [
              -121.69579458423627,
              41.04078664877863
            ],
            [
              -121.69574665192933,
              41.04435265917966
            ]
          ]
        ]
      },
      "properties": {
        "apn": "022200002000",
        "assessee": "UNITED STATES FOREST SERVICE",
        "ownership": "public",
        "label": "UNITED STATES FOREST SERVICE",
        "acres": 625.38097801
      }
    },
    {
      "type": "Feature",
      "geometry": {
        "type": "Polygon",
        "coordinates": [
          [
            [
              -121.7239900635511,
              41.02280424105646
            ],
            [
              -121.73345634113188,
              41.02283112263409
            ],
            [
              -121.73347620018787,
              41.015640094558115
            ],
            [
              -121.72673550280724,
              41.01568318065399
            ],
            [
              -121.71932478170064,
              41.015618275293505
            ],
            [
              -121.71934485186073,
              41.019204287713904
            ],
            [
              -121.71936892401538,
              41.022791299752484
            ],
            [
              -121.7239900635511,
              41.02280424105646
            ]
          ]
        ]
      },
      "properties": {
        "apn": "022200011000",
        "assessee": "UNITED STATES OF AMERICA",
        "ownership": "public",
        "label": "UNITED STATES OF AMERICA",
        "acres": 233.08287537
      }
    },
    {
      "type": "Feature",
      "geometry": {
        "type": "Polygon",
        "coordinates": [
          [
            [
              -121.73345634113188,
              41.02283112263409
            ],
            [
              -121.73343648207589,
              41.03002314717453
            ],
            [
              -121.75244179358894,
              41.03003145797461
            ],
            [
              -121.75246477429054,
              41.015747854141146
            ],
            [
              -121.74619791845937,
              41.01571262114263
            ],
            [
              -121.74589956819057,
              41.015710936795955
            ],
            [
              -121.73347620018787,
              41.015640094558115
            ],
            [
              -121.73345634113188,
              41.02283112263409
            ]
          ]
        ]
      },
      "properties": {
        "apn": "022190008000",
        "assessee": "UNITED STATES OF AMERICA",
        "ownership": "public",
        "label": "UNITED STATES OF AMERICA",
        "acres": 628.13244384
      }
    },
    {
      "type": "Feature",
      "geometry": {
        "type": "Polygon",
        "coordinates": [
          [
            [
              -121.73343648207589,
              41.03002314717453
            ],
            [
              -121.73362877185234,
              41.04445019897267
            ],
            [
              -121.75246733359079,
              41.0444259698653
            ],
            [
              -121.75244179358894,
              41.03003145797461
            ],
            [
              -121.73343648207589,
              41.03002314717453
            ]
          ]
        ]
      },
      "properties": {
        "apn": "022190004000",
        "assessee": "UNITED STATES FOREST SERVICE",
        "ownership": "public",
        "label": "UNITED STATES FOREST SERVICE",
        "acres": 628.89521233
      }
    },
    {
      "type": "Feature",
      "geometry": {
        "type": "Polygon",
        "coordinates": [
          [
            [
              -121.75244179358894,
              41.03003145797461
            ],
            [
              -121.75246733359079,
              41.0444259698653
            ],
            [
              -121.77139898684379,
              41.04445478097084
            ],
            [
              -121.77123684991815,
              41.0371967500348
            ],
            [
              -121.77107571281742,
              41.02993871768048
            ],
            [
              -121.75244179358894,
              41.03003145797461
            ]
          ]
        ]
      },
      "properties": {
        "apn": "022190003000",
        "assessee": "UNITED STATES OF AMERICA",
        "ownership": "public",
        "label": "UNITED STATES OF AMERICA",
        "acres": 626.19599009
      }
    },
    {
      "type": "Feature",
      "geometry": {
        "type": "Polygon",
        "coordinates": [
          [
            [
              -121.75246477429054,
              41.015747854141146
            ],
            [
              -121.75244179358894,
              41.03003145797461
            ],
            [
              -121.77107571281742,
              41.02993871768048
            ],
            [
              -121.77139046811998,
              41.01594664866689
            ],
            [
              -121.76492472887816,
              41.01587871920553
            ],
            [
              -121.75246477429054,
              41.015747854141146
            ]
          ]
        ]
      },
      "properties": {
        "apn": "022190007000",
        "assessee": "UNITED STATES FOREST SERVICE",
        "ownership": "public",
        "label": "UNITED STATES FOREST SERVICE",
        "acres": 612.50212038
      }
    },
    {
      "type": "Feature",
      "geometry": {
        "type": "Polygon",
        "coordinates": [
          [
            [
              -121.7523584721514,
              41.05166500088437
            ],
            [
              -121.75224860998878,
              41.05890203180909
            ],
            [
              -121.76179893035427,
              41.05890193901064
            ],
            [
              -121.77135788891954,
              41.058940668464764
            ],
            [
              -121.77139898684379,
              41.04445478097084
            ],
            [
              -121.75246733359079,
              41.0444259698653
            ],
            [
              -121.7523584721514,
              41.05166500088437
            ]
          ]
        ]
      },
      "properties": {
        "apn": "022170007000",
        "assessee": "UNITED STATES FOREST SERVICE",
        "ownership": "public",
        "label": "UNITED STATES FOREST SERVICE",
        "acres": 634.67029737
      }
    },
    {
      "type": "Feature",
      "geometry": {
        "type": "Polygon",
        "coordinates": [
          [
            [
              -121.73366005568212,
              41.05883925058198
            ],
            [
              -121.75224860998878,
              41.05890203180909
            ],
            [
              -121.7523584721514,
              41.05166500088437
            ],
            [
              -121.75246733359079,
              41.0444259698653
            ],
            [
              -121.73362877185234,
              41.04445019897267
            ],
            [
              -121.73366005568212,
              41.05883925058198
            ]
          ]
        ]
      },
      "properties": {
        "apn": "022170008000",
        "assessee": "UNITED STATES OF AMERICA",
        "ownership": "public",
        "label": "UNITED STATES OF AMERICA",
        "acres": 622.78522789
      }
    },
    {
      "type": "Feature",
      "geometry": {
        "type": "Polygon",
        "coordinates": [
          [
            [
              -121.77139898684379,
              41.04445478097084
            ],
            [
              -121.78114132479622,
              41.04448768354281
            ],
            [
              -121.78088738723505,
              41.037126192455794
            ],
            [
              -121.78074905925772,
              41.03017561739086
            ],
            [
              -121.78074425237263,
              41.03000000446398
            ],
            [
              -121.77107571281742,
              41.02993871768048
            ],
            [
              -121.77123684991815,
              41.0371967500348
            ],
            [
              -121.77139898684379,
              41.04445478097084
            ]
          ]
        ]
      },
      "properties": {
        "apn": "022190002000",
        "assessee": "UNITED STATES FOREST SERVICE",
        "ownership": "public",
        "label": "UNITED STATES FOREST SERVICE",
        "acres": 323.7142763
      }
    },
    {
      "type": "Feature",
      "geometry": {
        "type": "Polygon",
        "coordinates": [
          [
            [
              -121.77135788891954,
              41.058940668464764
            ],
            [
              -121.78122058405205,
              41.05905775622358
            ],
            [
              -121.78118045271503,
              41.05177371969951
            ],
            [
              -121.78114132479622,
              41.04448768354281
            ],
            [
              -121.77139898684379,
              41.04445478097084
            ],
            [
              -121.77135788891954,
              41.058940668464764
            ]
          ]
        ]
      },
      "properties": {
        "apn": "022170006000",
        "assessee": "UNITED STATES OF AMERICA",
        "ownership": "public",
        "label": "UNITED STATES OF AMERICA",
        "acres": 328.35988057
      }
    },
    {
      "type": "Feature",
      "geometry": {
        "type": "Polygon",
        "coordinates": [
          [
            [
              -121.75291813784474,
              41.06967112166915
            ],
            [
              -121.753026924724,
              41.07367808333444
            ],
            [
              -121.77222784798342,
              41.07367745353035
            ],
            [
              -121.77200289186996,
              41.07138100535705
            ],
            [
              -121.77173739568605,
              41.066281879552236
            ],
            [
              -121.77135788891954,
              41.058940668464764
            ],
            [
              -121.76179893035427,
              41.05890193901064
            ],
            [
              -121.75224860998878,
              41.05890203180909
            ],
            [
              -121.75291813784474,
              41.06967112166915
            ]
          ]
        ]
      },
      "properties": {
        "apn": "022170003000",
        "assessee": "UNITED STATES OF AMERICA",
        "ownership": "public",
        "label": "UNITED STATES OF AMERICA",
        "acres": 648.74724933
      }
    },
    {
      "type": "Feature",
      "geometry": {
        "type": "Polygon",
        "coordinates": [
          [
            [
              -121.78183675826837,
              41.073707290663414
            ],
            [
              -121.79887437213532,
              41.07374950037426
            ],
            [
              -121.79881137058949,
              41.07132165606923
            ],
            [
              -121.79878529519172,
              41.05924090986433
            ],
            [
              -121.78122058405205,
              41.05905775622358
            ],
            [
              -121.78136659801496,
              41.06573798161755
            ],
            [
              -121.78138926789947,
              41.06598388570416
            ],
            [
              -121.78183675826837,
              41.073707290663414
            ]
          ]
        ]
      },
      "properties": {
        "apn": "022170001000",
        "assessee": "UNITED STATES FOREST SERVICE",
        "ownership": "public",
        "label": "UNITED STATES FOREST SERVICE",
        "acres": 582.78137711
      }
    },
    {
      "type": "Feature",
      "geometry": {
        "type": "Polygon",
        "coordinates": [
          [
            [
              -121.78122058405205,
              41.05905775622358
            ],
            [
              -121.79878529519172,
              41.05924090986433
            ],
            [
              -121.7988131420672,
              41.05719457784076
            ],
            [
              -121.7986359296145,
              41.04454650894279
            ],
            [
              -121.78114132479622,
              41.04448768354281
            ],
            [
              -121.78118045271503,
              41.05177371969951
            ],
            [
              -121.78122058405205,
              41.05905775622358
            ]
          ]
        ]
      },
      "properties": {
        "apn": "022170005000",
        "assessee": "UNITED STATES OF AMERICA",
        "ownership": "public",
        "label": "UNITED STATES OF AMERICA",
        "acres": 592.23198622
      }
    },
    {
      "type": "Feature",
      "geometry": {
        "type": "Polygon",
        "coordinates": [
          [
            [
              -121.77222784798342,
              41.07367745353035
            ],
            [
              -121.78183675826837,
              41.073707290663414
            ],
            [
              -121.78138926789947,
              41.06598388570416
            ],
            [
              -121.78136659801496,
              41.06573798161755
            ],
            [
              -121.78122058405205,
              41.05905775622358
            ],
            [
              -121.77135788891954,
              41.058940668464764
            ],
            [
              -121.77173739568605,
              41.066281879552236
            ],
            [
              -121.77200289186996,
              41.07138100535705
            ],
            [
              -121.77222784798342,
              41.07367745353035
            ]
          ]
        ]
      },
      "properties": {
        "apn": "022170002000",
        "assessee": "UNITED STATES FOREST SERVICE",
        "ownership": "public",
        "label": "UNITED STATES FOREST SERVICE",
        "acres": 328.97759488
      }
    },
    {
      "type": "Feature",
      "geometry": {
        "type": "Polygon",
        "coordinates": [
          [
            [
              -121.77222784798342,
              41.07367745353035
            ],
            [
              -121.77172863531538,
              41.07954494060336
            ],
            [
              -121.79893461046329,
              41.07951128158453
            ],
            [
              -121.79887437213532,
              41.07374950037426
            ],
            [
              -121.78183675826837,
              41.073707290663414
            ],
            [
              -121.77222784798342,
              41.07367745353035
            ]
          ]
        ]
      },
      "properties": {
        "apn": "022150001000",
        "assessee": "SIERRA PACIFIC LAND & TIMBER COMPANY",
        "ownership": "private-timberland",
        "label": "SIERRA PACIFIC LAND & TIMBER COMPANY",
        "acres": 360.79086787
      }
    },
    {
      "type": "Feature",
      "geometry": {
        "type": "Polygon",
        "coordinates": [
          [
            [
              -121.79881137058949,
              41.07132165606923
            ],
            [
              -121.8176959943424,
              41.071852487442484
            ],
            [
              -121.81748776845284,
              41.05721139917906
            ],
            [
              -121.81281961199346,
              41.05720644347903
            ],
            [
              -121.80815045301424,
              41.05720248894389
            ],
            [
              -121.80348129583163,
              41.05719853373116
            ],
            [
              -121.7988131420672,
              41.05719457784076
            ],
            [
              -121.79878529519172,
              41.05924090986433
            ],
            [
              -121.79881137058949,
              41.07132165606923
            ]
          ]
        ]
      },
      "properties": {
        "apn": "022040003000",
        "assessee": "SIERRA PACIFIC LAND & TIMBER COMPANY",
        "ownership": "private-timberland",
        "label": "SIERRA PACIFIC LAND & TIMBER COMPANY",
        "acres": 623.14682058
      }
    },
    {
      "type": "Feature",
      "geometry": {
        "type": "Polygon",
        "coordinates": [
          [
            [
              -121.7990756908787,
              41.08566693804868
            ],
            [
              -121.81735981601699,
              41.086109557998505
            ],
            [
              -121.8176959943424,
              41.071852487442484
            ],
            [
              -121.79881137058949,
              41.07132165606923
            ],
            [
              -121.79887437213532,
              41.07374950037426
            ],
            [
              -121.79893461046329,
              41.07951128158453
            ],
            [
              -121.7990756908787,
              41.08566693804868
            ]
          ]
        ]
      },
      "properties": {
        "apn": "022020006000",
        "assessee": "SIERRA PACIFIC LAND & TIMBER COMPANY",
        "ownership": "private-timberland",
        "label": "SIERRA PACIFIC LAND & TIMBER COMPANY",
        "acres": 612.82572486
      }
    },
    {
      "type": "Feature",
      "geometry": {
        "type": "Polygon",
        "coordinates": [
          [
            [
              -121.78696036417001,
              41.09360787898397
            ],
            [
              -121.79927374963587,
              41.09372777617499
            ],
            [
              -121.7992370696262,
              41.092718360915384
            ],
            [
              -121.7990756908787,
              41.08566693804868
            ],
            [
              -121.79893461046329,
              41.07951128158453
            ],
            [
              -121.77172863531538,
              41.07954494060336
            ],
            [
              -121.7718907057657,
              41.08302495664838
            ],
            [
              -121.77205377334595,
              41.086504970558686
            ],
            [
              -121.77237890957988,
              41.09346500267912
            ],
            [
              -121.77723906206664,
              41.093511961750586
            ],
            [
              -121.78696036417001,
              41.09360787898397
            ]
          ]
        ]
      },
      "properties": {
        "apn": "016070011000",
        "assessee": "SIERRA PACIFIC LAND & TIMBER COMPANY",
        "ownership": "private-timberland",
        "label": "SIERRA PACIFIC LAND & TIMBER COMPANY",
        "acres": 876.66196569
      }
    },
    {
      "type": "Feature",
      "geometry": {
        "type": "Polygon",
        "coordinates": [
          [
            [
              -121.79943851054047,
              41.09974554802026
            ],
            [
              -121.81805655024968,
              41.10012291804569
            ],
            [
              -121.81735981601699,
              41.086109557998505
            ],
            [
              -121.7990756908787,
              41.08566693804868
            ],
            [
              -121.7992370696262,
              41.092718360915384
            ],
            [
              -121.79927374963587,
              41.09372777617499
            ],
            [
              -121.79943851054047,
              41.09974554802026
            ]
          ]
        ]
      },
      "properties": {
        "apn": "022020003000",
        "assessee": "SIERRA PACIFIC LAND & TIMBER COMPANY",
        "ownership": "private-timberland",
        "label": "SIERRA PACIFIC LAND & TIMBER COMPANY",
        "acres": 596.97156508
      }
    },
    {
      "type": "Feature",
      "geometry": {
        "type": "Polygon",
        "coordinates": [
          [
            [
              -121.78716161464148,
              41.10764870462198
            ],
            [
              -121.79916797211287,
              41.10771885421748
            ],
            [
              -121.79943851054047,
              41.09974554802026
            ],
            [
              -121.79927374963587,
              41.09372777617499
            ],
            [
              -121.78696036417001,
              41.09360787898397
            ],
            [
              -121.78716161464148,
              41.10764870462198
            ]
          ]
        ]
      },
      "properties": {
        "apn": "016070001000",
        "assessee": "HEARST FORESTS LLC",
        "ownership": "private-timberland",
        "label": "HEARST FORESTS LLC",
        "acres": 396.0716644
      }
    },
    {
      "type": "Feature",
      "geometry": {
        "type": "Polygon",
        "coordinates": [
          [
            [
              -121.79909607275417,
              41.11404288967958
            ],
            [
              -121.81805665355594,
              41.115334749810806
            ],
            [
              -121.81822148812239,
              41.103928678738775
            ],
            [
              -121.81827616677707,
              41.10012735265485
            ],
            [
              -121.81805655024968,
              41.10012291804569
            ],
            [
              -121.79943851054047,
              41.09974554802026
            ],
            [
              -121.79916797211287,
              41.10771885421748
            ],
            [
              -121.79901904581182,
              41.11387005214823
            ],
            [
              -121.79909607275417,
              41.11404288967958
            ]
          ]
        ]
      },
      "properties": {
        "apn": "015180007000",
        "assessee": "HEARST FORESTS LLC",
        "ownership": "private-timberland",
        "label": "HEARST FORESTS LLC",
        "acres": 644.76219743
      }
    },
    {
      "type": "Feature",
      "geometry": {
        "type": "Polygon",
        "coordinates": [
          [
            [
              -121.77256781450438,
              41.105599884400554
            ],
            [
              -121.77257375236837,
              41.10767932096324
            ],
            [
              -121.78716161464148,
              41.10764870462198
            ],
            [
              -121.78696036417001,
              41.09360787898397
            ],
            [
              -121.77723906206664,
              41.093511961750586
            ],
            [
              -121.77728512767439,
              41.09705097721842
            ],
            [
              -121.77242697573581,
              41.097013017586036
            ],
            [
              -121.77256781450438,
              41.105599884400554
            ]
          ]
        ]
      },
      "properties": {
        "apn": "016070024000",
        "assessee": "SHASTA CASCADE TIMBERLANDS LLC",
        "ownership": "private-timberland",
        "label": "SHASTA CASCADE TIMBERLANDS LLC",
        "acres": 434.80120752
      }
    },
    {
      "type": "Feature",
      "geometry": {
        "type": "Polygon",
        "coordinates": [
          [
            [
              -121.77245630213659,
              41.11492209917095
            ],
            [
              -121.77233942862317,
              41.12218813467593
            ],
            [
              -121.7772415710612,
              41.12218509760689
            ],
            [
              -121.7870448552141,
              41.12218002432075
            ],
            [
              -121.79684814116358,
              41.122173951535174
            ],
            [
              -121.79900220329854,
              41.12217293511841
            ],
            [
              -121.79894621939172,
              41.12100527700232
            ],
            [
              -121.79909607275417,
              41.11404288967958
            ],
            [
              -121.79901904581182,
              41.11387005214823
            ],
            [
              -121.79916797211287,
              41.10771885421748
            ],
            [
              -121.78716161464148,
              41.10764870462198
            ],
            [
              -121.77257375236837,
              41.10767932096324
            ],
            [
              -121.77245630213659,
              41.11492209917095
            ]
          ]
        ]
      },
      "properties": {
        "apn": "016050007000",
        "assessee": "HEARST FORESTS LLC",
        "ownership": "private-timberland",
        "label": "HEARST FORESTS LLC",
        "acres": 888.71307717
      }
    },
    {
      "type": "Feature",
      "geometry": {
        "type": "Polygon",
        "coordinates": [
          [
            [
              -121.77246149978879,
              41.12592215145329
            ],
            [
              -121.77734764233335,
              41.125991116297804
            ],
            [
              -121.7772415710612,
              41.12218509760689
            ],
            [
              -121.77233942862317,
              41.12218813467593
            ],
            [
              -121.77246149978879,
              41.12592215145329
            ]
          ]
        ]
      },
      "properties": {
        "apn": "016050003000",
        "assessee": "SHASTA CASCADE TIMBERLANDS LLC",
        "ownership": "private-timberland",
        "label": "SHASTA CASCADE TIMBERLANDS LLC",
        "acres": 42.48972837
      }
    },
    {
      "type": "Feature",
      "geometry": {
        "type": "Polygon",
        "coordinates": [
          [
            [
              -121.76294302739507,
              41.11512117479224
            ],
            [
              -121.76292009160923,
              41.118736191681684
            ],
            [
              -121.76765922934909,
              41.11864615484219
            ],
            [
              -121.76770016288165,
              41.115021136237885
            ],
            [
              -121.77245630213659,
              41.11492209917095
            ],
            [
              -121.77257375236837,
              41.10767932096324
            ],
            [
              -121.76767915937198,
              41.10778353337768
            ],
            [
              -121.7677410964142,
              41.11139712015145
            ],
            [
              -121.76296695581931,
              41.11150615779868
            ],
            [
              -121.76294302739507,
              41.11512117479224
            ]
          ]
        ]
      },
      "properties": {
        "apn": "016050013000",
        "assessee": "RRF PONDOSA LLC",
        "ownership": "private-timberland",
        "label": "RRF PONDOSA LLC",
        "acres": 159.36195928
      }
    },
    {
      "type": "Feature",
      "geometry": {
        "type": "Polygon",
        "coordinates": [
          [
            [
              -121.75381718166258,
              41.13703033428414
            ],
            [
              -121.77282571453424,
              41.13712320231463
            ],
            [
              -121.77246149978879,
              41.12592215145329
            ],
            [
              -121.77233942862317,
              41.12218813467593
            ],
            [
              -121.75345488931187,
              41.12251527789085
            ],
            [
              -121.75372710669073,
              41.13340131896601
            ],
            [
              -121.75381718166258,
              41.13703033428414
            ]
          ]
        ]
      },
      "properties": {
        "apn": "016050004000",
        "assessee": "PONDOSA FOREST LLC",
        "ownership": "private-timberland",
        "label": "PONDOSA FOREST LLC",
        "acres": 642.66136553
      }
    },
    {
      "type": "Feature",
      "geometry": {
        "type": "Polygon",
        "coordinates": [
          [
            [
              -121.77282571453424,
              41.13712320231463
            ],
            [
              -121.7921752631591,
              41.137529067608554
            ],
            [
              -121.79199406757638,
              41.12623800887259
            ],
            [
              -121.79687320865159,
              41.12632597349556
            ],
            [
              -121.79684814116358,
              41.122173951535174
            ],
            [
              -121.7870448552141,
              41.12218002432075
            ],
            [
              -121.7772415710612,
              41.12218509760689
            ],
            [
              -121.77734764233335,
              41.125991116297804
            ],
            [
              -121.77246149978879,
              41.12592215145329
            ],
            [
              -121.77282571453424,
              41.13712320231463
            ]
          ]
        ]
      },
      "properties": {
        "apn": "016050002000",
        "assessee": "HEARST FORESTS LLC",
        "ownership": "private-timberland",
        "label": "HEARST FORESTS LLC",
        "acres": 682.72199049
      }
    },
    {
      "type": "Feature",
      "geometry": {
        "type": "Polygon",
        "coordinates": [
          [
            [
              -121.75340560683708,
              41.108124220485465
            ],
            [
              -121.75345488931187,
              41.12251527789085
            ],
            [
              -121.77233942862317,
              41.12218813467593
            ],
            [
              -121.77245630213659,
              41.11492209917095
            ],
            [
              -121.76770016288165,
              41.115021136237885
            ],
            [
              -121.76765922934909,
              41.11864615484219
            ],
            [
              -121.76292009160923,
              41.118736191681684
            ],
            [
              -121.76294302739507,
              41.11512117479224
            ],
            [
              -121.76296695581931,
              41.11150615779868
            ],
            [
              -121.7677410964142,
              41.11139712015145
            ],
            [
              -121.76767915937198,
              41.10778353337768
            ],
            [
              -121.75340560683708,
              41.108124220485465
            ]
          ]
        ]
      },
      "properties": {
        "apn": "016050014000",
        "assessee": "SHASTA CASCADE TIMBERLANDS LLC",
        "ownership": "private-timberland",
        "label": "SHASTA CASCADE TIMBERLANDS LLC",
        "acres": 474.09754685
      }
    },
    {
      "type": "Feature",
      "geometry": {
        "type": "Polygon",
        "coordinates": [
          [
            [
              -121.75344839179739,
              41.09700517423085
            ],
            [
              -121.75340560683708,
              41.108124220485465
            ],
            [
              -121.76767915937198,
              41.10778353337768
            ],
            [
              -121.77257375236837,
              41.10767932096324
            ],
            [
              -121.77256781450438,
              41.105599884400554
            ],
            [
              -121.77242697573581,
              41.097013017586036
            ],
            [
              -121.77237890957988,
              41.09346500267912
            ],
            [
              -121.75819146685315,
              41.09334012021243
            ],
            [
              -121.75346231927757,
              41.09329916132758
            ],
            [
              -121.75344839179739,
              41.09700517423085
            ]
          ]
        ]
      },
      "properties": {
        "apn": "016070005000",
        "assessee": "RRF PONDOSA LLC",
        "ownership": "private-timberland",
        "label": "RRF PONDOSA LLC",
        "acres": 637.1583866
      }
    },
    {
      "type": "Feature",
      "geometry": {
        "type": "Polygon",
        "coordinates": [
          [
            [
              -121.75856852660881,
              41.14814134837199
            ],
            [
              -121.75856859937237,
              41.15183736433972
            ],
            [
              -121.77288797856319,
              41.1516742685014
            ],
            [
              -121.77285684654872,
              41.14439923574341
            ],
            [
              -121.76809471553084,
              41.144415269663305
            ],
            [
              -121.76810478295025,
              41.148071284595204
            ],
            [
              -121.75856852660881,
              41.14814134837199
            ]
          ]
        ]
      },
      "properties": {
        "apn": "016030006000",
        "assessee": "SHASTA CASCADE TIMBERLANDS LLC",
        "ownership": "private-timberland",
        "label": "SHASTA CASCADE TIMBERLANDS LLC",
        "acres": 160.84718059
      }
    },
    {
      "type": "Feature",
      "geometry": {
        "type": "Polygon",
        "coordinates": [
          [
            [
              -121.75380632552236,
              41.14446036445008
            ],
            [
              -121.7537947615097,
              41.1518915624576
            ],
            [
              -121.75856859937237,
              41.15183736433972
            ],
            [
              -121.75856852660881,
              41.14814134837199
            ],
            [
              -121.76810478295025,
              41.148071284595204
            ],
            [
              -121.76809471553084,
              41.144415269663305
            ],
            [
              -121.77285684654872,
              41.14439923574341
            ],
            [
              -121.77282571453424,
              41.13712320231463
            ],
            [
              -121.75381718166258,
              41.13703033428414
            ],
            [
              -121.75381225440324,
              41.1407453500621
            ],
            [
              -121.75856938539825,
              41.1407493164834
            ],
            [
              -121.75856845654025,
              41.14444533308342
            ],
            [
              -121.75380632552236,
              41.14446036445008
            ]
          ]
        ]
      },
      "properties": {
        "apn": "016030007000",
        "assessee": "SHASTA CASCADE TIMBERLANDS LLC",
        "ownership": "private-timberland",
        "label": "SHASTA CASCADE TIMBERLANDS LLC",
        "acres": 443.6423198
      }
    },
    {
      "type": "Feature",
      "geometry": {
        "type": "Polygon",
        "coordinates": [
          [
            [
              -121.79707234538715,
              41.15217551895414
            ],
            [
              -121.79853010897233,
              41.15220591363393
            ],
            [
              -121.79876009026148,
              41.14405626302091
            ],
            [
              -121.79892545393561,
              41.137671021294906
            ],
            [
              -121.7921752631591,
              41.137529067608554
            ],
            [
              -121.77282571453424,
              41.13712320231463
            ],
            [
              -121.77285684654872,
              41.14439923574341
            ],
            [
              -121.77288797856319,
              41.1516742685014
            ],
            [
              -121.7777401126877,
              41.15177523737446
            ],
            [
              -121.79707234538715,
              41.15217551895414
            ]
          ]
        ]
      },
      "properties": {
        "apn": "016030005000",
        "assessee": "HEARST FORESTS LLC",
        "ownership": "private-timberland",
        "label": "HEARST FORESTS LLC",
        "acres": 866.68698903
      }
    },
    {
      "type": "Feature",
      "geometry": {
        "type": "Polygon",
        "coordinates": [
          [
            [
              -121.75370774979298,
              41.16637845497137
            ],
            [
              -121.773004252002,
              41.166479338303766
            ],
            [
              -121.77298715706213,
              41.155891852650534
            ],
            [
              -121.77288797856319,
              41.1516742685014
            ],
            [
              -121.75856859937237,
              41.15183736433972
            ],
            [
              -121.7537947615097,
              41.1518915624576
            ],
            [
              -121.75377253988454,
              41.15550941057365
            ],
            [
              -121.75370774979298,
              41.16637845497137
            ]
          ]
        ]
      },
      "properties": {
        "apn": "016030003000",
        "assessee": "PONDOSA FOREST LLC",
        "ownership": "private-timberland",
        "label": "PONDOSA FOREST LLC",
        "acres": 648.32608315
      }
    },
    {
      "type": "Feature",
      "geometry": {
        "type": "Polygon",
        "coordinates": [
          [
            [
              -121.77298715706213,
              41.155891852650534
            ],
            [
              -121.773004252002,
              41.166479338303766
            ],
            [
              -121.78259949711487,
              41.16645627878702
            ],
            [
              -121.78259637097767,
              41.15915624323923
            ],
            [
              -121.77777024128402,
              41.15908027268578
            ],
            [
              -121.7777401126877,
              41.15177523737446
            ],
            [
              -121.77288797856319,
              41.1516742685014
            ],
            [
              -121.77298715706213,
              41.155891852650534
            ]
          ]
        ]
      },
      "properties": {
        "apn": "016030012000",
        "assessee": "SHASTA CASCADE TIMBERLANDS LLC",
        "ownership": "private-timberland",
        "label": "SHASTA CASCADE TIMBERLANDS LLC",
        "acres": 244.0208235
      }
    },
    {
      "type": "Feature",
      "geometry": {
        "type": "Polygon",
        "coordinates": [
          [
            [
              -121.78259637097767,
              41.15915624323923
            ],
            [
              -121.78259949711487,
              41.16645627878702
            ],
            [
              -121.78739662200464,
              41.16644524979036
            ],
            [
              -121.78744855989939,
              41.16282323067698
            ],
            [
              -121.79681886956008,
              41.1629192143616
            ],
            [
              -121.79691441706862,
              41.15938009439159
            ],
            [
              -121.79240263214739,
              41.15931018059592
            ],
            [
              -121.7923495704602,
              41.15569916249216
            ],
            [
              -121.79699092927633,
              41.155786672999504
            ],
            [
              -121.79707234538715,
              41.15217551895414
            ],
            [
              -121.7777401126877,
              41.15177523737446
            ],
            [
              -121.77777024128402,
              41.15908027268578
            ],
            [
              -121.78259637097767,
              41.15915624323923
            ]
          ]
        ]
      },
      "properties": {
        "apn": "016030013000",
        "assessee": "HEARST FORESTS LLC",
        "ownership": "private-timberland",
        "label": "HEARST FORESTS LLC",
        "acres": 441.51078566
      }
    },
    {
      "type": "Feature",
      "geometry": {
        "type": "Polygon",
        "coordinates": [
          [
            [
              -121.7540029685347,
              41.17728749781463
            ],
            [
              -121.7729884470429,
              41.17744438990234
            ],
            [
              -121.773004252002,
              41.166479338303766
            ],
            [
              -121.75370774979298,
              41.16637845497137
            ],
            [
              -121.75380582246578,
              41.170014469310374
            ],
            [
              -121.75390489586185,
              41.17365148276545
            ],
            [
              -121.7540029685347,
              41.17728749781463
            ]
          ]
        ]
      },
      "properties": {
        "apn": "016010003000",
        "assessee": "SHASTA CASCADE TIMBERLANDS LLC",
        "ownership": "private-timberland",
        "label": "SHASTA CASCADE TIMBERLANDS LLC",
        "acres": 481.80274061
      }
    },
    {
      "type": "Feature",
      "geometry": {
        "type": "Polygon",
        "coordinates": [
          [
            [
              -121.78744855989939,
              41.16282323067698
            ],
            [
              -121.78739662200464,
              41.16644524979036
            ],
            [
              -121.79219474671929,
              41.166434220791885
            ],
            [
              -121.79818689953318,
              41.166415186314495
            ],
            [
              -121.79839080632293,
              41.15851406853533
            ],
            [
              -121.79853010897233,
              41.15220591363393
            ],
            [
              -121.79707234538715,
              41.15217551895414
            ],
            [
              -121.79699092927633,
              41.155786672999504
            ],
            [
              -121.7923495704602,
              41.15569916249216
            ],
            [
              -121.79240263214739,
              41.15931018059592
            ],
            [
              -121.79691441706862,
              41.15938009439159
            ],
            [
              -121.79681886956008,
              41.1629192143616
            ],
            [
              -121.78744855989939,
              41.16282323067698
            ]
          ]
        ]
      },
      "properties": {
        "apn": "016030001000",
        "assessee": "HEARST FORESTS LLC",
        "ownership": "private-timberland",
        "label": "HEARST FORESTS LLC",
        "acres": 162.39068536
      }
    },
    {
      "type": "Feature",
      "geometry": {
        "type": "Polygon",
        "coordinates": [
          [
            [
              -121.77298351259704,
              41.181099407178884
            ],
            [
              -121.79217399294129,
              41.1811912980253
            ],
            [
              -121.79219474671929,
              41.166434220791885
            ],
            [
              -121.78739662200464,
              41.16644524979036
            ],
            [
              -121.78259949711487,
              41.16645627878702
            ],
            [
              -121.773004252002,
              41.166479338303766
            ],
            [
              -121.7729884470429,
              41.17744438990234
            ],
            [
              -121.77298351259704,
              41.181099407178884
            ]
          ]
        ]
      },
      "properties": {
        "apn": "016010001000",
        "assessee": "SIERRA PACIFIC LAND & TIMBER COMPANY",
        "ownership": "private-timberland",
        "label": "SIERRA PACIFIC LAND & TIMBER COMPANY",
        "acres": 648.7984404
      }
    },
    {
      "type": "Feature",
      "geometry": {
        "type": "Polygon",
        "coordinates": [
          [
            [
              -121.79839080632293,
              41.15851406853533
            ],
            [
              -121.79818689953318,
              41.166415186314495
            ],
            [
              -121.80776814889393,
              41.16639112524477
            ],
            [
              -121.80816827379284,
              41.158588787175766
            ],
            [
              -121.80354187102789,
              41.15854775875584
            ],
            [
              -121.79839080632293,
              41.15851406853533
            ]
          ]
        ]
      },
      "properties": {
        "apn": "015140008000",
        "assessee": "HEARST FORESTS LLC",
        "ownership": "private-timberland",
        "label": "HEARST FORESTS LLC",
        "acres": 175.03044843
      }
    },
    {
      "type": "Feature",
      "geometry": {
        "type": "Polygon",
        "coordinates": [
          [
            [
              -121.79219474671929,
              41.166434220791885
            ],
            [
              -121.79217399294129,
              41.1811912980253
            ],
            [
              -121.80171423061603,
              41.18120524596722
            ],
            [
              -121.81170147177278,
              41.18089218798928
            ],
            [
              -121.81099133916766,
              41.17341514736163
            ],
            [
              -121.81124223682988,
              41.16638210470826
            ],
            [
              -121.80776814889393,
              41.16639112524477
            ],
            [
              -121.79818689953318,
              41.166415186314495
            ],
            [
              -121.79219474671929,
              41.166434220791885
            ]
          ]
        ]
      },
      "properties": {
        "apn": "015140004000",
        "assessee": "SIERRA PACIFIC LAND & TIMBER COMPANY",
        "ownership": "private-timberland",
        "label": "SIERRA PACIFIC LAND & TIMBER COMPANY",
        "acres": 645.43981852
      }
    },
    {
      "type": "Feature",
      "geometry": {
        "type": "Polygon",
        "coordinates": [
          [
            [
              -121.81170147177278,
              41.18089218798928
            ],
            [
              -121.82169772123522,
              41.18103113243927
            ],
            [
              -121.82110449538115,
              41.16656904575858
            ],
            [
              -121.81738739878782,
              41.16649906862549
            ],
            [
              -121.81124223682988,
              41.16638210470826
            ],
            [
              -121.81099133916766,
              41.17341514736163
            ],
            [
              -121.81170147177278,
              41.18089218798928
            ]
          ]
        ]
      },
      "properties": {
        "apn": "015140003000",
        "assessee": "SIERRA PACIFIC LAND & TIMBER COMPANY",
        "ownership": "private-timberland",
        "label": "SIERRA PACIFIC LAND & TIMBER COMPANY",
        "acres": 338.75033358
      }
    },
    {
      "type": "Feature",
      "geometry": {
        "type": "Polygon",
        "coordinates": [
          [
            [
              -121.81124223682988,
              41.16638210470826
            ],
            [
              -121.81738739878782,
              41.16649906862549
            ],
            [
              -121.81751927596311,
              41.158671554764034
            ],
            [
              -121.81286016014876,
              41.15863004822858
            ],
            [
              -121.80820103624959,
              41.15858907732277
            ],
            [
              -121.80816827379284,
              41.158588787175766
            ],
            [
              -121.80776814889393,
              41.16639112524477
            ],
            [
              -121.81124223682988,
              41.16638210470826
            ]
          ]
        ]
      },
      "properties": {
        "apn": "015140007000",
        "assessee": "HEARST FORESTS LLC",
        "ownership": "private-timberland",
        "label": "HEARST FORESTS LLC",
        "acres": 170.16258903
      }
    },
    {
      "type": "Feature",
      "geometry": {
        "type": "Polygon",
        "coordinates": [
          [
            [
              -121.7922125737861,
              41.18342782168712
            ],
            [
              -121.7940955288599,
              41.18343033263678
            ],
            [
              -121.79571627019381,
              41.18343246903976
            ],
            [
              -121.79630554615557,
              41.18343324111952
            ],
            [
              -121.83161914642439,
              41.183473999753375
            ],
            [
              -121.8316449496326,
              41.183474024092135
            ],
            [
              -121.83167007371446,
              41.18347404978302
            ],
            [
              -121.83167925449666,
              41.1834740565438
            ],
            [
              -121.83168685783723,
              41.183474064656714
            ],
            [
              -121.83169297266937,
              41.18117107857501
            ],
            [
              -121.82169772123522,
              41.18103113243927
            ],
            [
              -121.81170147177278,
              41.18089218798928
            ],
            [
              -121.80171423061603,
              41.18120524596722
            ],
            [
              -121.79217399294129,
              41.1811912980253
            ],
            [
              -121.7922125737861,
              41.18342782168712
            ]
          ]
        ]
      },
      "properties": {
        "apn": "015140011000",
        "assessee": "UNITED STATES OF AMERICA",
        "ownership": "public",
        "label": "UNITED STATES OF AMERICA",
        "acres": 215.95970526
      }
    },
    {
      "type": "Feature",
      "geometry": {
        "type": "Polygon",
        "coordinates": [
          [
            [
              -121.82169772123522,
              41.18103113243927
            ],
            [
              -121.83169297266937,
              41.18117107857501
            ],
            [
              -121.83169277054843,
              41.166693981649814
            ],
            [
              -121.82110449538115,
              41.16656904575858
            ],
            [
              -121.82169772123522,
              41.18103113243927
            ]
          ]
        ]
      },
      "properties": {
        "apn": "015140002000",
        "assessee": "UNITED STATES FOREST SERVICE",
        "ownership": "public",
        "label": "UNITED STATES FOREST SERVICE",
        "acres": 342.64984799
      }
    },
    {
      "type": "Feature",
      "geometry": {
        "type": "Polygon",
        "coordinates": [
          [
            [
              -121.83169277054843,
              41.166693981649814
            ],
            [
              -121.83686390451516,
              41.16673895088423
            ],
            [
              -121.83698359873856,
              41.158634982076705
            ],
            [
              -121.83215266934634,
              41.158643927930385
            ],
            [
              -121.82727454426572,
              41.1586529576481
            ],
            [
              -121.82239741272181,
              41.158661987364525
            ],
            [
              -121.81751957420377,
              41.158671557469354
            ],
            [
              -121.81751927596311,
              41.158671554764034
            ],
            [
              -121.81738739878782,
              41.16649906862549
            ],
            [
              -121.82110449538115,
              41.16656904575858
            ],
            [
              -121.83169277054843,
              41.166693981649814
            ]
          ]
        ]
      },
      "properties": {
        "apn": "015140006000",
        "assessee": "HEARST FORESTS LLC",
        "ownership": "private-timberland",
        "label": "HEARST FORESTS LLC",
        "acres": 357.79799152
      }
    },
    {
      "type": "Feature",
      "geometry": {
        "type": "Polygon",
        "coordinates": [
          [
            [
              -121.83169297266937,
              41.18117107857501
            ],
            [
              -121.83168685783723,
              41.183474064656714
            ],
            [
              -121.85158669733715,
              41.183498811078444
            ],
            [
              -121.85167747299494,
              41.181458968180344
            ],
            [
              -121.83169297266937,
              41.18117107857501
            ]
          ]
        ]
      },
      "properties": {
        "apn": "015140010000",
        "assessee": "SIERRA PACIFIC LAND & TIMBER COMPANY",
        "ownership": "private-timberland",
        "label": "SIERRA PACIFIC LAND & TIMBER COMPANY",
        "acres": 99.6667141
      }
    },
    {
      "type": "Feature",
      "geometry": {
        "type": "Polygon",
        "coordinates": [
          [
            [
              -121.83169297266937,
              41.18117107857501
            ],
            [
              -121.85167747299494,
              41.181458968180344
            ],
            [
              -121.85167738136677,
              41.174193915124405
            ],
            [
              -121.85167728884028,
              41.16686286261222
            ],
            [
              -121.83686390451516,
              41.16673895088423
            ],
            [
              -121.83169277054843,
              41.166693981649814
            ],
            [
              -121.83169297266937,
              41.18117107857501
            ]
          ]
        ]
      },
      "properties": {
        "apn": "015140001000",
        "assessee": "UNITED STATES FOREST SERVICE",
        "ownership": "public",
        "label": "UNITED STATES FOREST SERVICE",
        "acres": 668.58478921
      }
    },
    {
      "type": "Feature",
      "geometry": {
        "type": "Polygon",
        "coordinates": [
          [
            [
              -121.85167728884028,
              41.16686286261222
            ],
            [
              -121.85709942826709,
              41.16690782902574
            ],
            [
              -121.85696970165858,
              41.158759091061675
            ],
            [
              -121.85201619714584,
              41.158727800575306
            ],
            [
              -121.8470210790759,
              41.158697053845025
            ],
            [
              -121.84202557832363,
              41.15866595676014
            ],
            [
              -121.83702980089025,
              41.15863489618244
            ],
            [
              -121.83698359873856,
              41.158634982076705
            ],
            [
              -121.83686390451516,
              41.16673895088423
            ],
            [
              -121.85167728884028,
              41.16686286261222
            ]
          ]
        ]
      },
      "properties": {
        "apn": "015140005000",
        "assessee": "HEARST FORESTS LLC",
        "ownership": "private-timberland",
        "label": "HEARST FORESTS LLC",
        "acres": 376.21921335
      }
    },
    {
      "type": "Feature",
      "geometry": {
        "type": "Polygon",
        "coordinates": [
          [
            [
              -121.85167728884028,
              41.16686286261222
            ],
            [
              -121.85167738136677,
              41.174193915124405
            ],
            [
              -121.8611026194138,
              41.174189859443125
            ],
            [
              -121.87052985980559,
              41.17418580443778
            ],
            [
              -121.87052977716058,
              41.16702074805189
            ],
            [
              -121.85709942826709,
              41.16690782902574
            ],
            [
              -121.85167728884028,
              41.16686286261222
            ]
          ]
        ]
      },
      "properties": {
        "apn": "015130005000",
        "assessee": "UNITED STATES FOREST SERVICE",
        "ownership": "public",
        "label": "UNITED STATES FOREST SERVICE",
        "acres": 314.51027358
      }
    },
    {
      "type": "Feature",
      "geometry": {
        "type": "Polygon",
        "coordinates": [
          [
            [
              -121.85592059247594,
              41.183506402061546
            ],
            [
              -121.85991879078631,
              41.18351326085342
            ],
            [
              -121.86257985757604,
              41.18351775067429
            ],
            [
              -121.87051345836512,
              41.183530771220745
            ],
            [
              -121.87052893903241,
              41.18142586104156
            ],
            [
              -121.85167747299494,
              41.181458968180344
            ],
            [
              -121.85158669733715,
              41.183498811078444
            ],
            [
              -121.85592059247594,
              41.183506402061546
            ]
          ]
        ]
      },
      "properties": {
        "apn": "015130011000",
        "assessee": "UNITED STATES OF AMERICA",
        "ownership": "public",
        "label": "UNITED STATES OF AMERICA",
        "acres": 90.08158613
      }
    },
    {
      "type": "Feature",
      "geometry": {
        "type": "Polygon",
        "coordinates": [
          [
            [
              -121.85167738136677,
              41.174193915124405
            ],
            [
              -121.85167747299494,
              41.181458968180344
            ],
            [
              -121.87052893903241,
              41.18142586104156
            ],
            [
              -121.87052985980559,
              41.17418580443778
            ],
            [
              -121.8611026194138,
              41.174189859443125
            ],
            [
              -121.85167738136677,
              41.174193915124405
            ]
          ]
        ]
      },
      "properties": {
        "apn": "015130004000",
        "assessee": "SIERRA PACIFIC LAND & TIMBER COMPANY",
        "ownership": "private-timberland",
        "label": "SIERRA PACIFIC LAND & TIMBER COMPANY",
        "acres": 314.66301133
      }
    },
    {
      "type": "Feature",
      "geometry": {
        "type": "Polygon",
        "coordinates": [
          [
            [
              -121.87052977716058,
              41.16702074805189
            ],
            [
              -121.87752495917634,
              41.16708070807776
            ],
            [
              -121.876974183211,
              41.1588320529918
            ],
            [
              -121.87697415356661,
              41.15883164245901
            ],
            [
              -121.87697385532594,
              41.15883164448798
            ],
            [
              -121.87198372380412,
              41.15881367437628
            ],
            [
              -121.8669930811409,
              41.15879575295546
            ],
            [
              -121.86200245824064,
              41.15877773684342
            ],
            [
              -121.85701197907079,
              41.15875935550729
            ],
            [
              -121.85696970165858,
              41.158759091061675
            ],
            [
              -121.85709942826709,
              41.16690782902574
            ],
            [
              -121.87052977716058,
              41.16702074805189
            ]
          ]
        ]
      },
      "properties": {
        "apn": "015130008000",
        "assessee": "HEARST FORESTS LLC",
        "ownership": "private-timberland",
        "label": "HEARST FORESTS LLC",
        "acres": 381.39480546
      }
    },
    {
      "type": "Feature",
      "geometry": {
        "type": "Polygon",
        "coordinates": [
          [
            [
              -121.87052893903241,
              41.18142586104156
            ],
            [
              -121.88962941267677,
              41.18149275545591
            ],
            [
              -121.88956747473625,
              41.174997522659325
            ],
            [
              -121.88956555773144,
              41.17430464973193
            ],
            [
              -121.88954526838243,
              41.16696763361821
            ],
            [
              -121.87752495917634,
              41.16708070807776
            ],
            [
              -121.87052977716058,
              41.16702074805189
            ],
            [
              -121.87052985980559,
              41.17418580443778
            ],
            [
              -121.87052893903241,
              41.18142586104156
            ]
          ]
        ]
      },
      "properties": {
        "apn": "015130003000",
        "assessee": "UNITED STATES FOREST SERVICE",
        "ownership": "public",
        "label": "UNITED STATES FOREST SERVICE",
        "acres": 632.31472695
      }
    },
    {
      "type": "Feature",
      "geometry": {
        "type": "Polygon",
        "coordinates": [
          [
            [
              -121.876974183211,
              41.1588320529918
            ],
            [
              -121.87752495917634,
              41.16708070807776
            ],
            [
              -121.88954526838243,
              41.16696763361821
            ],
            [
              -121.89722648659415,
              41.16693305169838
            ],
            [
              -121.89720345828184,
              41.16603657915158
            ],
            [
              -121.89644640307614,
              41.162373552001895
            ],
            [
              -121.89568888703471,
              41.15870955043362
            ],
            [
              -121.89101022477809,
              41.15874055551675
            ],
            [
              -121.88633148526635,
              41.15877085246618
            ],
            [
              -121.88165297841827,
              41.15880161471743
            ],
            [
              -121.87697415356661,
              41.15883164245901
            ],
            [
              -121.876974183211,
              41.1588320529918
            ]
          ]
        ]
      },
      "properties": {
        "apn": "015130007000",
        "assessee": "HEARST FORESTS LLC",
        "ownership": "private-timberland",
        "label": "HEARST FORESTS LLC",
        "acres": 365.32510589
      }
    },
    {
      "type": "Feature",
      "geometry": {
        "type": "Polygon",
        "coordinates": [
          [
            [
              -121.87051345836512,
              41.183530771220745
            ],
            [
              -121.87612086813276,
              41.18354069060509
            ],
            [
              -121.8868213886931,
              41.18351290185704
            ],
            [
              -121.8870764006393,
              41.1835126037075
            ],
            [
              -121.88958785840838,
              41.18350964317039
            ],
            [
              -121.88962941267677,
              41.18149275545591
            ],
            [
              -121.87052893903241,
              41.18142586104156
            ],
            [
              -121.87051345836512,
              41.183530771220745
            ]
          ]
        ]
      },
      "properties": {
        "apn": "015130010000",
        "assessee": "SIERRA PACIFIC LAND & TIMBER COMPANY",
        "ownership": "private-timberland",
        "label": "SIERRA PACIFIC LAND & TIMBER COMPANY",
        "acres": 90.82051251
      }
    },
    {
      "type": "Feature",
      "geometry": {
        "type": "Polygon",
        "coordinates": [
          [
            [
              -121.88954526838243,
              41.16696763361821
            ],
            [
              -121.88956555773144,
              41.17430464973193
            ],
            [
              -121.89417245717327,
              41.17426566845593
            ],
            [
              -121.8987795740074,
              41.174227641911465
            ],
            [
              -121.90303968152872,
              41.174192615521335
            ],
            [
              -121.90719178640009,
              41.174157590464844
            ],
            [
              -121.9122077615543,
              41.17411486851205
            ],
            [
              -121.91215585330393,
              41.16698949464601
            ],
            [
              -121.89722648659415,
              41.16693305169838
            ],
            [
              -121.88954526838243,
              41.16696763361821
            ]
          ]
        ]
      },
      "properties": {
        "apn": "015130002000",
        "assessee": "UNITED STATES FOREST SERVICE",
        "ownership": "public",
        "label": "UNITED STATES FOREST SERVICE",
        "acres": 377.68448347
      }
    },
    {
      "type": "Feature",
      "geometry": {
        "type": "Polygon",
        "coordinates": [
          [
            [
              -121.88962941267677,
              41.18149275545591
            ],
            [
              -121.88958785840838,
              41.18350964317039
            ],
            [
              -121.90394822053909,
              41.183495068996606
            ],
            [
              -121.90394793307821,
              41.1832433369349
            ],
            [
              -121.90394576724005,
              41.18135967308157
            ],
            [
              -121.88962941267677,
              41.18149275545591
            ]
          ]
        ]
      },
      "properties": {
        "apn": "015130009000",
        "assessee": "UNITED STATES OF AMERICA",
        "ownership": "public",
        "label": "UNITED STATES OF AMERICA",
        "acres": 68.49921687
      }
    },
    {
      "type": "Feature",
      "geometry": {
        "type": "Polygon",
        "coordinates": [
          [
            [
              -121.88956747473625,
              41.174997522659325
            ],
            [
              -121.88962941267677,
              41.18149275545591
            ],
            [
              -121.90394576724005,
              41.18135967308157
            ],
            [
              -121.90393971798493,
              41.17597362635044
            ],
            [
              -121.91228392970724,
              41.17605557885417
            ],
            [
              -121.91221291878237,
              41.17482256703049
            ],
            [
              -121.9122077615543,
              41.17411486851205
            ],
            [
              -121.90719178640009,
              41.174157590464844
            ],
            [
              -121.90303968152872,
              41.174192615521335
            ],
            [
              -121.8987795740074,
              41.174227641911465
            ],
            [
              -121.89417245717327,
              41.17426566845593
            ],
            [
              -121.88956555773144,
              41.17430464973193
            ],
            [
              -121.88956747473625,
              41.174997522659325
            ]
          ]
        ]
      },
      "properties": {
        "apn": "015130001000",
        "assessee": "SIERRA PACIFIC LAND & TIMBER COMPANY",
        "ownership": "private-timberland",
        "label": "SIERRA PACIFIC LAND & TIMBER COMPANY",
        "acres": 272.7201647
      }
    },
    {
      "type": "Feature",
      "geometry": {
        "type": "Polygon",
        "coordinates": [
          [
            [
              -121.90394576724005,
              41.18135967308157
            ],
            [
              -121.90394793307821,
              41.1832433369349
            ],
            [
              -121.9229696397435,
              41.18281368810199
            ],
            [
              -121.92285819295273,
              41.17572451455936
            ],
            [
              -121.91228392970724,
              41.17605557885417
            ],
            [
              -121.90393971798493,
              41.17597362635044
            ],
            [
              -121.90394576724005,
              41.18135967308157
            ]
          ]
        ]
      },
      "properties": {
        "apn": "015080003000",
        "assessee": "MCARTHUR FAMILY TRUST",
        "ownership": "private",
        "label": "MCARTHUR FAMILY TRUST",
        "acres": 309.29987001
      }
    },
    {
      "type": "Feature",
      "geometry": {
        "type": "Polygon",
        "coordinates": [
          [
            [
              -121.89722648659415,
              41.16693305169838
            ],
            [
              -121.91215585330393,
              41.16698949464601
            ],
            [
              -121.91220779748693,
              41.16024843398002
            ],
            [
              -121.91218714701517,
              41.158709348886674
            ],
            [
              -121.90830518890596,
              41.15870935023936
            ],
            [
              -121.90386556475318,
              41.15870947197913
            ],
            [
              -121.89977745586265,
              41.15870949835607
            ],
            [
              -121.89568888703471,
              41.15870955043362
            ],
            [
              -121.89644640307614,
              41.162373552001895
            ],
            [
              -121.89720345828184,
              41.16603657915158
            ],
            [
              -121.89722648659415,
              41.16693305169838
            ]
          ]
        ]
      },
      "properties": {
        "apn": "015130006000",
        "assessee": "HEARST FORESTS LLC",
        "ownership": "private-timberland",
        "label": "HEARST FORESTS LLC",
        "acres": 297.31500467
      }
    },
    {
      "type": "Feature",
      "geometry": {
        "type": "Polygon",
        "coordinates": [
          [
            [
              -121.91221291878237,
              41.17482256703049
            ],
            [
              -121.91228392970724,
              41.17605557885417
            ],
            [
              -121.92285819295273,
              41.17572451455936
            ],
            [
              -121.93154941129288,
              41.17546346017533
            ],
            [
              -121.93154840158651,
              41.17431145066055
            ],
            [
              -121.9218811609952,
              41.174567508018235
            ],
            [
              -121.91221291878237,
              41.17482256703049
            ]
          ]
        ]
      },
      "properties": {
        "apn": "015080006000",
        "assessee": "WYNTOON TIMBERLANDS LLC",
        "ownership": "private-timberland",
        "label": "WYNTOON TIMBERLANDS LLC",
        "acres": 52.86911724
      }
    },
    {
      "type": "Feature",
      "geometry": {
        "type": "Polygon",
        "coordinates": [
          [
            [
              -121.9122077615543,
              41.17411486851205
            ],
            [
              -121.91221291878237,
              41.17482256703049
            ],
            [
              -121.9218811609952,
              41.174567508018235
            ],
            [
              -121.93154840158651,
              41.17431145066055
            ],
            [
              -121.93154035268157,
              41.16706837944182
            ],
            [
              -121.9315323028783,
              41.159825309601096
            ],
            [
              -121.91220779748693,
              41.16024843398002
            ],
            [
              -121.91215585330393,
              41.16698949464601
            ],
            [
              -121.9122077615543,
              41.17411486851205
            ]
          ]
        ]
      },
      "properties": {
        "apn": "015080013000",
        "assessee": "WYNTOON TIMBERLANDS LLC",
        "ownership": "private-timberland",
        "label": "WYNTOON TIMBERLANDS LLC",
        "acres": 647.39168124
      }
    },
    {
      "type": "Feature",
      "geometry": {
        "type": "Polygon",
        "coordinates": [
          [
            [
              -121.89551353319632,
              41.1569141733198
            ],
            [
              -121.89568888703471,
              41.15870955043362
            ],
            [
              -121.89977745586265,
              41.15870949835607
            ],
            [
              -121.90386556475318,
              41.15870947197913
            ],
            [
              -121.90830518890596,
              41.15870935023936
            ],
            [
              -121.91218714701517,
              41.158709348886674
            ],
            [
              -121.9121670534989,
              41.15721168844393
            ],
            [
              -121.91220156048391,
              41.14575623321651
            ],
            [
              -121.91220666471135,
              41.144062285750934
            ],
            [
              -121.89425917064932,
              41.144071408125924
            ],
            [
              -121.89533148511238,
              41.15505015099056
            ],
            [
              -121.89551353319632,
              41.1569141733198
            ]
          ]
        ]
      },
      "properties": {
        "apn": "015150001000",
        "assessee": "HEARST FORESTS LLC",
        "ownership": "private-timberland",
        "label": "HEARST FORESTS LLC",
        "acres": 580.22543043
      }
    },
    {
      "type": "Feature",
      "geometry": {
        "type": "Polygon",
        "coordinates": [
          [
            [
              -121.91218714701517,
              41.158709348886674
            ],
            [
              -121.91220779748693,
              41.16024843398002
            ],
            [
              -121.9315323028783,
              41.159825309601096
            ],
            [
              -121.93145020045459,
              41.145327168559426
            ],
            [
              -121.91220667908439,
              41.14575630153954
            ],
            [
              -121.91220156048391,
              41.14575623321651
            ],
            [
              -121.9121670534989,
              41.15721168844393
            ],
            [
              -121.91218714701517,
              41.158709348886674
            ]
          ]
        ]
      },
      "properties": {
        "apn": "015100003000",
        "assessee": "UNITED STATES OF AMERICA",
        "ownership": "public",
        "label": "UNITED STATES OF AMERICA",
        "acres": 644.30014959
      }
    },
    {
      "type": "Feature",
      "geometry": {
        "type": "Polygon",
        "coordinates": [
          [
            [
              -121.93145020045459,
              41.145327168559426
            ],
            [
              -121.9315323028783,
              41.159825309601096
            ],
            [
              -121.95183283501241,
              41.159515177348275
            ],
            [
              -121.95122478066793,
              41.15225310531
            ],
            [
              -121.95061572200699,
              41.14499203425472
            ],
            [
              -121.94103246221665,
              41.145159100693746
            ],
            [
              -121.93145020045459,
              41.145327168559426
            ]
          ]
        ]
      },
      "properties": {
        "apn": "015100002000",
        "assessee": "UNITED STATES FOREST SERVICE",
        "ownership": "public",
        "label": "UNITED STATES FOREST SERVICE",
        "acres": 659.71582687
      }
    },
    {
      "type": "Feature",
      "geometry": {
        "type": "Polygon",
        "coordinates": [
          [
            [
              -121.93154035268157,
              41.16706837944182
            ],
            [
              -121.93154840158651,
              41.17431145066055
            ],
            [
              -121.94138165174063,
              41.174149391195066
            ],
            [
              -121.95121489919981,
              41.173987332004806
            ],
            [
              -121.95183283501241,
              41.159515177348275
            ],
            [
              -121.9315323028783,
              41.159825309601096
            ],
            [
              -121.93154035268157,
              41.16706837944182
            ]
          ]
        ]
      },
      "properties": {
        "apn": "015080008000",
        "assessee": "WYNTOON TIMBERLANDS LLC",
        "ownership": "private-timberland",
        "label": "WYNTOON TIMBERLANDS LLC",
        "acres": 665.74769642
      }
    },
    {
      "type": "Feature",
      "geometry": {
        "type": "Polygon",
        "coordinates": [
          [
            [
              -121.95122478066793,
              41.15225310531
            ],
            [
              -121.95183283501241,
              41.159515177348275
            ],
            [
              -121.95642295392473,
              41.159294148965834
            ],
            [
              -121.96101307463366,
              41.15907411674592
            ],
            [
              -121.96058802777382,
              41.15181804018061
            ],
            [
              -121.96995228009452,
              41.151381974462666
            ],
            [
              -121.96983226157931,
              41.14775693456419
            ],
            [
              -121.9697122430641,
              41.14413189583281
            ],
            [
              -121.95061572200699,
              41.14499203425472
            ],
            [
              -121.95122478066793,
              41.15225310531
            ]
          ]
        ]
      },
      "properties": {
        "apn": "015100008000",
        "assessee": "UNITED STATES FOREST SERVICE",
        "ownership": "public",
        "label": "UNITED STATES FOREST SERVICE",
        "acres": 472.21735734
      }
    },
    {
      "type": "Feature",
      "geometry": {
        "type": "MultiPolygon",
        "coordinates": [
          [
            [
              [
                -121.96101307463366,
                41.15907411674592
              ],
              [
                -121.95642295392473,
                41.159294148965834
              ],
              [
                -121.95183283501241,
                41.159515177348275
              ],
              [
                -121.95121489919981,
                41.173987332004806
              ],
              [
                -121.95994478372475,
                41.17359769820481
              ],
              [
                -121.96054478646933,
                41.173570895163515
              ],
              [
                -121.9698178481106,
                41.16519647593929
              ],
              [
                -121.97031252698136,
                41.164513272164605
              ],
              [
                -121.97019231622666,
                41.158632052202826
              ],
              [
                -121.96101307463366,
                41.15907411674592
              ]
            ]
          ],
          [
            [
              [
                -121.96154205657187,
                41.173526309278394
              ],
              [
                -121.96220779443566,
                41.17349652966602
              ],
              [
                -121.96570026280065,
                41.173340241418686
              ],
              [
                -121.9705293838842,
                41.173124209327035
              ],
              [
                -121.9703373555175,
                41.16559715570821
              ],
              [
                -121.96154205657187,
                41.173526309278394
              ]
            ]
          ]
        ]
      },
      "properties": {
        "apn": "015080019000",
        "assessee": "WYNTOON TIMBERLANDS LLC",
        "ownership": "private-timberland",
        "label": "WYNTOON TIMBERLANDS LLC",
        "acres": 608.75259352
      }
    },
    {
      "type": "Feature",
      "geometry": {
        "type": "Polygon",
        "coordinates": [
          [
            [
              -121.96058802777382,
              41.15181804018061
            ],
            [
              -121.96101307463366,
              41.15907411674592
            ],
            [
              -121.97019231622666,
              41.158632052202826
            ],
            [
              -121.97007229591482,
              41.155007012785944
            ],
            [
              -121.96995228009452,
              41.151381974462666
            ],
            [
              -121.96058802777382,
              41.15181804018061
            ]
          ]
        ]
      },
      "properties": {
        "apn": "015100007000",
        "assessee": "WYNTOON TIMBERLANDS LLC",
        "ownership": "private-timberland",
        "label": "WYNTOON TIMBERLANDS LLC",
        "acres": 155.14672204
      }
    },
    {
      "type": "Feature",
      "geometry": {
        "type": "MultiPolygon",
        "coordinates": [
          [
            [
              [
                -121.98403563502931,
                41.14400979672378
              ],
              [
                -121.9744863719809,
                41.144091862265185
              ],
              [
                -121.9697122430641,
                41.14413189583281
              ],
              [
                -121.96983226157931,
                41.14775693456419
              ],
              [
                -121.96995228009452,
                41.151381974462666
              ],
              [
                -121.97007229591482,
                41.155007012785944
              ],
              [
                -121.97019231622666,
                41.158632052202826
              ],
              [
                -121.97459123861222,
                41.158603161285896
              ],
              [
                -121.98525885568034,
                41.14399746713039
              ],
              [
                -121.98403563502931,
                41.14400979672378
              ]
            ]
          ],
          [
            [
              [
                -121.986901110767,
                41.14398833662733
              ],
              [
                -121.98613335033804,
                41.14398864510398
              ],
              [
                -121.98608453768216,
                41.14398913690781
              ],
              [
                -121.97541502876207,
                41.1585977255961
              ],
              [
                -121.97981480005555,
                41.15856854316426
              ],
              [
                -121.98943682304872,
                41.15850492923235
              ],
              [
                -121.9888097639461,
                41.14396876256163
              ],
              [
                -121.986901110767,
                41.14398833662733
              ]
            ]
          ]
        ]
      },
      "properties": {
        "apn": "015090014000",
        "assessee": "WYNTOON TIMBERLANDS LLC",
        "ownership": "private-timberland",
        "label": "WYNTOON TIMBERLANDS LLC",
        "acres": 613.36807028
      }
    },
    {
      "type": "Feature",
      "geometry": {
        "type": "MultiPolygon",
        "coordinates": [
          [
            [
              [
                -121.97981480005555,
                41.15856854316426
              ],
              [
                -121.97541502876207,
                41.1585977255961
              ],
              [
                -121.97541493623558,
                41.158597724919765
              ],
              [
                -121.97540474574699,
                41.15859779322942
              ],
              [
                -121.9715255239061,
                41.16395612703053
              ],
              [
                -121.9703373555175,
                41.16559715570821
              ],
              [
                -121.9705293838842,
                41.173124209327035
              ],
              [
                -121.99018888362144,
                41.17294609293906
              ],
              [
                -121.98981285153845,
                41.16572501083675
              ],
              [
                -121.98943682304872,
                41.15850492923235
              ],
              [
                -121.97981480005555,
                41.15856854316426
              ]
            ]
          ],
          [
            [
              [
                -121.97459123861222,
                41.158603161285896
              ],
              [
                -121.97019231622666,
                41.158632052202826
              ],
              [
                -121.97031252698136,
                41.164513272164605
              ],
              [
                -121.97459133652859,
                41.15860315993321
              ],
              [
                -121.97459123861222,
                41.158603161285896
              ]
            ]
          ]
        ]
      },
      "properties": {
        "apn": "015070011000",
        "assessee": "WYNTOON TIMBERLANDS LLC",
        "ownership": "private-timberland",
        "label": "WYNTOON TIMBERLANDS LLC",
        "acres": 636.17818833
      }
    },
    {
      "type": "Feature",
      "geometry": {
        "type": "Polygon",
        "coordinates": [
          [
            [
              -121.96938817043547,
              41.129621738484325
            ],
            [
              -121.9697122430641,
              41.14413189583281
            ],
            [
              -121.9744863719809,
              41.144091862265185
            ],
            [
              -121.97439835864263,
              41.14045782345168
            ],
            [
              -121.98393261892745,
              41.14036375728758
            ],
            [
              -121.98403563502931,
              41.14400979672378
            ],
            [
              -121.98525885568034,
              41.14399746713039
            ],
            [
              -121.98608453768216,
              41.14398913690781
            ],
            [
              -121.98613335033804,
              41.14398864510398
            ],
            [
              -121.986901110767,
              41.14398833662733
            ],
            [
              -121.9888097639461,
              41.14396876256163
            ],
            [
              -121.98836871180285,
              41.129357598365374
            ],
            [
              -121.98362357780849,
              41.12942363315649
            ],
            [
              -121.97413330712477,
              41.12955570389259
            ],
            [
              -121.96938817043547,
              41.129621738484325
            ]
          ]
        ]
      },
      "properties": {
        "apn": "015090008000",
        "assessee": "UNITED STATES FOREST SERVICE",
        "ownership": "public",
        "label": "UNITED STATES FOREST SERVICE",
        "acres": 558.56630041
      }
    },
    {
      "type": "Feature",
      "geometry": {
        "type": "Polygon",
        "coordinates": [
          [
            [
              -121.95054968146056,
              41.13771995945598
            ],
            [
              -121.95061572200699,
              41.14499203425472
            ],
            [
              -121.9697122430641,
              41.14413189583281
            ],
            [
              -121.96938817043547,
              41.129621738484325
            ],
            [
              -121.9504836391175,
              41.13044788350927
            ],
            [
              -121.95054968146056,
              41.13771995945598
            ]
          ]
        ]
      },
      "properties": {
        "apn": "015100004000",
        "assessee": "UNITED STATES FOREST SERVICE",
        "ownership": "public",
        "label": "UNITED STATES FOREST SERVICE",
        "acres": 636.03823381
      }
    },
    {
      "type": "Feature",
      "geometry": {
        "type": "Polygon",
        "coordinates": [
          [
            [
              -121.97439835864263,
              41.14045782345168
            ],
            [
              -121.9744863719809,
              41.144091862265185
            ],
            [
              -121.98403563502931,
              41.14400979672378
            ],
            [
              -121.98393261892745,
              41.14036375728758
            ],
            [
              -121.97439835864263,
              41.14045782345168
            ]
          ]
        ]
      },
      "properties": {
        "apn": "015090007000",
        "assessee": "UNITED STATES OF AMERICA",
        "ownership": "public",
        "label": "UNITED STATES OF AMERICA",
        "acres": 79.9906631
      }
    },
    {
      "type": "Feature",
      "geometry": {
        "type": "Polygon",
        "coordinates": [
          [
            [
              -121.98525885568034,
              41.14399746713039
            ],
            [
              -121.97459123861222,
              41.158603161285896
            ],
            [
              -121.97459133652859,
              41.15860315993321
            ],
            [
              -121.97460214775302,
              41.158603088918234
            ],
            [
              -121.97500379888959,
              41.15860044310289
            ],
            [
              -121.97540474574699,
              41.15859779322942
            ],
            [
              -121.97541493623558,
              41.158597724919765
            ],
            [
              -121.97541502876207,
              41.1585977255961
            ],
            [
              -121.98608453768216,
              41.14398913690781
            ],
            [
              -121.98525885568034,
              41.14399746713039
            ]
          ]
        ]
      },
      "properties": {
        "apn": "015090015000",
        "assessee": "TRANSMISSION AGENCY OF NORTHERN CALIFORNIA",
        "ownership": "private",
        "label": "TRANSMISSION AGENCY OF NORTHERN CALIFORNIA",
        "acres": 27.56544803
      }
    },
    {
      "type": "Feature",
      "geometry": {
        "type": "Polygon",
        "coordinates": [
          [
            [
              -121.96911110395067,
              41.11510457942754
            ],
            [
              -121.96938817043547,
              41.129621738484325
            ],
            [
              -121.97413330712477,
              41.12955570389259
            ],
            [
              -121.98362357780849,
              41.12942363315649
            ],
            [
              -121.98836871180285,
              41.129357598365374
            ],
            [
              -121.9881716852099,
              41.12202051505154
            ],
            [
              -121.9879736569954,
              41.11468343029122
            ],
            [
              -121.97854238047304,
              41.11489450601727
            ],
            [
              -121.96911110395067,
              41.11510457942754
            ]
          ]
        ]
      },
      "properties": {
        "apn": "015110003000",
        "assessee": "UNITED STATES FOREST SERVICE",
        "ownership": "public",
        "label": "UNITED STATES FOREST SERVICE",
        "acres": 636.34021859
      }
    },
    {
      "type": "Feature",
      "geometry": {
        "type": "Polygon",
        "coordinates": [
          [
            [
              -121.9504246180067,
              41.1268138465921
            ],
            [
              -121.9504836391175,
              41.13044788350927
            ],
            [
              -121.96938817043547,
              41.129621738484325
            ],
            [
              -121.96911110395067,
              41.11510457942754
            ],
            [
              -121.95967882940003,
              41.11550665833075
            ],
            [
              -121.95024755197937,
              41.115908734771175
            ],
            [
              -121.9504246180067,
              41.1268138465921
            ]
          ]
        ]
      },
      "properties": {
        "apn": "015120001000",
        "assessee": "UNITED STATES OF AMERICA",
        "ownership": "public",
        "label": "UNITED STATES OF AMERICA",
        "acres": 632.37090178
      }
    },
    {
      "type": "Feature",
      "geometry": {
        "type": "Polygon",
        "coordinates": [
          [
            [
              -121.99886007312402,
              41.15879887219477
            ],
            [
              -122.00828336182687,
              41.15909271577138
            ],
            [
              -122.0080043370148,
              41.151743633761185
            ],
            [
              -122.00786532541952,
              41.14806959416704
            ],
            [
              -122.00314017714358,
              41.14795268597322
            ],
            [
              -122.00299716445204,
              41.14428764693953
            ],
            [
              -121.9888097639461,
              41.14396876256163
            ],
            [
              -121.98943682304872,
              41.15850492923235
            ],
            [
              -121.99886007312402,
              41.15879887219477
            ]
          ]
        ]
      },
      "properties": {
        "apn": "015090009000",
        "assessee": "WYNTOON TIMBERLANDS LLC",
        "ownership": "private-timberland",
        "label": "WYNTOON TIMBERLANDS LLC",
        "acres": 594.78815186
      }
    },
    {
      "type": "Feature",
      "geometry": {
        "type": "Polygon",
        "coordinates": [
          [
            [
              -122.00299716445204,
              41.14428764693953
            ],
            [
              -122.00772631292593,
              41.14439455179778
            ],
            [
              -122.00735627350421,
              41.12970638510794
            ],
            [
              -121.98836871180285,
              41.129357598365374
            ],
            [
              -121.9888097639461,
              41.14396876256163
            ],
            [
              -122.00299716445204,
              41.14428764693953
            ]
          ]
        ]
      },
      "properties": {
        "apn": "015090006000",
        "assessee": "UNITED STATES FOREST SERVICE",
        "ownership": "public",
        "label": "UNITED STATES FOREST SERVICE",
        "acres": 638.93812774
      }
    },
    {
      "type": "Feature",
      "geometry": {
        "type": "Polygon",
        "coordinates": [
          [
            [
              -121.98836871180285,
              41.129357598365374
            ],
            [
              -122.00735627350421,
              41.12970638510794
            ],
            [
              -122.00694323083152,
              41.11492421750388
            ],
            [
              -121.9879736569954,
              41.11468343029122
            ],
            [
              -121.9881716852099,
              41.12202051505154
            ],
            [
              -121.98836871180285,
              41.129357598365374
            ]
          ]
        ]
      },
      "properties": {
        "apn": "015110002000",
        "assessee": "UNITED STATES FOREST SERVICE",
        "ownership": "public",
        "label": "UNITED STATES FOREST SERVICE",
        "acres": 643.50011803
      }
    },
    {
      "type": "Feature",
      "geometry": {
        "type": "Polygon",
        "coordinates": [
          [
            [
              -122.00772631292593,
              41.14439455179778
            ],
            [
              -122.02691792694408,
              41.144827171346584
            ],
            [
              -122.02686491735915,
              41.1411381287949
            ],
            [
              -122.026703884463,
              41.13006900432385
            ],
            [
              -122.00735627350421,
              41.12970638510794
            ],
            [
              -122.00772631292593,
              41.14439455179778
            ]
          ]
        ]
      },
      "properties": {
        "apn": "015090005000",
        "assessee": "UNITED STATES FOREST SERVICE",
        "ownership": "public",
        "label": "UNITED STATES FOREST SERVICE",
        "acres": 653.02262609
      }
    },
    {
      "type": "Feature",
      "geometry": {
        "type": "Polygon",
        "coordinates": [
          [
            [
              -122.00735627350421,
              41.12970638510794
            ],
            [
              -122.026703884463,
              41.13006900432385
            ],
            [
              -122.02654786416615,
              41.12269092331006
            ],
            [
              -122.02639184117434,
              41.11531284110318
            ],
            [
              -122.00694323083152,
              41.11492421750388
            ],
            [
              -122.00735627350421,
              41.12970638510794
            ]
          ]
        ]
      },
      "properties": {
        "apn": "015110001000",
        "assessee": "UNITED STATES FOREST SERVICE",
        "ownership": "public",
        "label": "UNITED STATES FOREST SERVICE",
        "acres": 659.52525022
      }
    },
    {
      "type": "Feature",
      "geometry": {
        "type": "Polygon",
        "coordinates": [
          [
            [
              -122.00694323083152,
              41.11492421750388
            ],
            [
              -122.02639184117434,
              41.11531284110318
            ],
            [
              -122.02630994266822,
              41.11202007318329
            ],
            [
              -122.02605437376651,
              41.100570504058666
            ],
            [
              -122.01571747416516,
              41.0995038637007
            ],
            [
              -122.00582616050436,
              41.0984960447718
            ],
            [
              -122.00694323083152,
              41.11492421750388
            ]
          ]
        ]
      },
      "properties": {
        "apn": "015110004000",
        "assessee": "UNITED STATES FOREST SERVICE",
        "ownership": "public",
        "label": "UNITED STATES FOREST SERVICE",
        "acres": 710.25557375
      }
    },
    {
      "type": "Feature",
      "geometry": {
        "type": "Polygon",
        "coordinates": [
          [
            [
              -121.9879736569954,
              41.11468343029122
            ],
            [
              -122.00694323083152,
              41.11492421750388
            ],
            [
              -122.00582616050436,
              41.0984960447718
            ],
            [
              -121.9874725991878,
              41.09992826406274
            ],
            [
              -121.9879736569954,
              41.11468343029122
            ]
          ]
        ]
      },
      "properties": {
        "apn": "015110005000",
        "assessee": "UNITED STATES FOREST SERVICE",
        "ownership": "public",
        "label": "UNITED STATES FOREST SERVICE",
        "acres": 671.40645011
      }
    },
    {
      "type": "Feature",
      "geometry": {
        "type": "Polygon",
        "coordinates": [
          [
            [
              -122.03599614489852,
              41.115707657605846
            ],
            [
              -122.0456014475493,
              41.11610247241059
            ],
            [
              -122.04571343332924,
              41.10847238366688
            ],
            [
              -122.04582541551595,
              41.10084229696234
            ],
            [
              -122.04576884411091,
              41.100841475170704
            ],
            [
              -122.04087926191715,
              41.10077039015784
            ],
            [
              -122.030986952923,
              41.10062758087834
            ],
            [
              -122.02605437376651,
              41.100570504058666
            ],
            [
              -122.02630994266822,
              41.11202007318329
            ],
            [
              -122.02639184117434,
              41.11531284110318
            ],
            [
              -122.03599614489852,
              41.115707657605846
            ]
          ]
        ]
      },
      "properties": {
        "apn": "015060011000",
        "assessee": "UNITED STATES FOREST SERVICE",
        "ownership": "public",
        "label": "UNITED STATES FOREST SERVICE",
        "acres": 673.82743825
      }
    },
    {
      "type": "Feature",
      "geometry": {
        "type": "Polygon",
        "coordinates": [
          [
            [
              -122.03599018098335,
              41.13076282871065
            ],
            [
              -122.04527747553198,
              41.131456651173
            ],
            [
              -122.04530703010485,
              41.130055858126724
            ],
            [
              -122.04535846853629,
              41.1276176067625
            ],
            [
              -122.04543946513388,
              41.1237795618598
            ],
            [
              -122.0456014475493,
              41.11610247241059
            ],
            [
              -122.03599614489852,
              41.115707657605846
            ],
            [
              -122.02639184117434,
              41.11531284110318
            ],
            [
              -122.02654786416615,
              41.12269092331006
            ],
            [
              -122.026703884463,
              41.13006900432385
            ],
            [
              -122.03599018098335,
              41.13076282871065
            ]
          ]
        ]
      },
      "properties": {
        "apn": "015060004000",
        "assessee": "UNITED STATES FOREST SERVICE",
        "ownership": "public",
        "label": "UNITED STATES FOREST SERVICE",
        "acres": 655.05761817
      }
    },
    {
      "type": "Feature",
      "geometry": {
        "type": "Polygon",
        "coordinates": [
          [
            [
              -122.02686491735915,
              41.1411381287949
            ],
            [
              -122.03616221554678,
              41.14207995375677
            ],
            [
              -122.03610520306896,
              41.13830791273303
            ],
            [
              -122.03599018098335,
              41.13076282871065
            ],
            [
              -122.026703884463,
              41.13006900432385
            ],
            [
              -122.02686491735915,
              41.1411381287949
            ]
          ]
        ]
      },
      "properties": {
        "apn": "015040021000",
        "assessee": "UNITED STATES FOREST SERVICE",
        "ownership": "public",
        "label": "UNITED STATES FOREST SERVICE",
        "acres": 239.1783993
      }
    },
    {
      "type": "Feature",
      "geometry": {
        "type": "Polygon",
        "coordinates": [
          [
            [
              -122.02691792694408,
              41.144827171346584
            ],
            [
              -122.04552052371525,
              41.146877820668976
            ],
            [
              -122.04539850016033,
              41.13916773650434
            ],
            [
              -122.04527747553198,
              41.131456651173
            ],
            [
              -122.03599018098335,
              41.13076282871065
            ],
            [
              -122.03610520306896,
              41.13830791273303
            ],
            [
              -122.03616221554678,
              41.14207995375677
            ],
            [
              -122.02686491735915,
              41.1411381287949
            ],
            [
              -122.02691792694408,
              41.144827171346584
            ]
          ]
        ]
      },
      "properties": {
        "apn": "015040022000",
        "assessee": "WYNTOON TIMBERLANDS LLC",
        "ownership": "private-timberland",
        "label": "WYNTOON TIMBERLANDS LLC",
        "acres": 405.75617227
      }
    },
    {
      "type": "Feature",
      "geometry": {
        "type": "Polygon",
        "coordinates": [
          [
            [
              -122.06129630554359,
              41.11670637857975
            ],
            [
              -122.06149415678999,
              41.11671398000711
            ],
            [
              -122.06113219322268,
              41.11606243662543
            ],
            [
              -122.06106139250356,
              41.11539423666612
            ],
            [
              -122.06110379118834,
              41.1143023024771
            ],
            [
              -122.06127259271507,
              41.11371710249548
            ],
            [
              -122.06190119332668,
              41.11277143486723
            ],
            [
              -122.06241539079197,
              41.112350836576105
            ],
            [
              -122.06303432553115,
              41.112092901671474
            ],
            [
              -122.0638109262808,
              41.11201830196208
            ],
            [
              -122.06466552774656,
              41.11210610290501
            ],
            [
              -122.0651656423231,
              41.112236761471316
            ],
            [
              -122.06517140501563,
              41.11209529217447
            ],
            [
              -122.06526440939366,
              41.10981188358975
            ],
            [
              -122.06527270353867,
              41.10960827194106
            ],
            [
              -122.06527892706696,
              41.109455472770485
            ],
            [
              -122.06529804680946,
              41.1089860073889
            ],
            [
              -122.06561603335204,
              41.10112791698472
            ],
            [
              -122.04582541551595,
              41.10084229696234
            ],
            [
              -122.04571343332924,
              41.10847238366688
            ],
            [
              -122.0456014475493,
              41.11610247241059
            ],
            [
              -122.06129630554359,
              41.11670637857975
            ]
          ]
        ]
      },
      "properties": {
        "apn": "015060010000",
        "assessee": "UNITED STATES FOREST SERVICE",
        "ownership": "public",
        "label": "UNITED STATES FOREST SERVICE",
        "acres": 659.85459545
      }
    },
    {
      "type": "Feature",
      "geometry": {
        "type": "Polygon",
        "coordinates": [
          [
            [
              -122.05011762253731,
              41.12803651710632
            ],
            [
              -122.05487777456662,
              41.12845442672556
            ],
            [
              -122.0550147649525,
              41.12446037919416
            ],
            [
              -122.05980291836752,
              41.12480028886648
            ],
            [
              -122.05996891176066,
              41.12072924126049
            ],
            [
              -122.06429679178031,
              41.12096550271509
            ],
            [
              -122.06466217343727,
              41.120985441630886
            ],
            [
              -122.06478506476478,
              41.12099214861411
            ],
            [
              -122.064884047431,
              41.11887521783705
            ],
            [
              -122.06497906044197,
              41.11684310059283
            ],
            [
              -122.06411911669521,
              41.11681478613925
            ],
            [
              -122.06169200713806,
              41.11672157940332
            ],
            [
              -122.06149415678999,
              41.11671398000711
            ],
            [
              -122.06129630554359,
              41.11670637857975
            ],
            [
              -122.0456014475493,
              41.11610247241059
            ],
            [
              -122.04543946513388,
              41.1237795618598
            ],
            [
              -122.04535846853629,
              41.1276176067625
            ],
            [
              -122.05011762253731,
              41.12803651710632
            ]
          ]
        ]
      },
      "properties": {
        "apn": "015060019000",
        "assessee": "UNITED STATES FOREST SERVICE",
        "ownership": "public",
        "label": "UNITED STATES FOREST SERVICE",
        "acres": 395.67867676
      }
    },
    {
      "type": "Feature",
      "geometry": {
        "type": "Polygon",
        "coordinates": [
          [
            [
              -122.05947093068292,
              41.132943385598345
            ],
            [
              -122.0642020815016,
              41.13343829544735
            ],
            [
              -122.06459106998592,
              41.12514119758544
            ],
            [
              -122.06472495489587,
              41.12227778025639
            ],
            [
              -122.06474090268709,
              41.121936690867905
            ],
            [
              -122.06476513204693,
              41.12141846799294
            ],
            [
              -122.06478506476478,
              41.12099214861411
            ],
            [
              -122.06466217343727,
              41.120985441630886
            ],
            [
              -122.06429679178031,
              41.12096550271509
            ],
            [
              -122.05996891176066,
              41.12072924126049
            ],
            [
              -122.05980291836752,
              41.12480028886648
            ],
            [
              -122.0550147649525,
              41.12446037919416
            ],
            [
              -122.05487777456662,
              41.12845442672556
            ],
            [
              -122.05011762253731,
              41.12803651710632
            ],
            [
              -122.04535846853629,
              41.1276176067625
            ],
            [
              -122.04530703010485,
              41.130055858126724
            ],
            [
              -122.04527747553198,
              41.131456651173
            ],
            [
              -122.05947093068292,
              41.132943385598345
            ]
          ]
        ]
      },
      "properties": {
        "apn": "015060020000",
        "assessee": "WYNTOON TIMBERLANDS LLC",
        "ownership": "private-timberland",
        "label": "WYNTOON TIMBERLANDS LLC",
        "acres": 310.54152526
      }
    },
    {
      "type": "Feature",
      "geometry": {
        "type": "Polygon",
        "coordinates": [
          [
            [
              -122.06411911669521,
              41.11681478613925
            ],
            [
              -122.06497906044197,
              41.11684310059283
            ],
            [
              -122.06513805416243,
              41.11291405395138
            ],
            [
              -122.06515955444043,
              41.1123862465995
            ],
            [
              -122.0651656423231,
              41.112236761471316
            ],
            [
              -122.06466552774656,
              41.11210610290501
            ],
            [
              -122.0638109262808,
              41.11201830196208
            ],
            [
              -122.06303432553115,
              41.112092901671474
            ],
            [
              -122.06241539079197,
              41.112350836576105
            ],
            [
              -122.06190119332668,
              41.11277143486723
            ],
            [
              -122.06127259271507,
              41.11371710249548
            ],
            [
              -122.06110379118834,
              41.1143023024771
            ],
            [
              -122.06106139250356,
              41.11539423666612
            ],
            [
              -122.06113219322268,
              41.11606243662543
            ],
            [
              -122.06149415678999,
              41.11671398000711
            ],
            [
              -122.06169200713806,
              41.11672157940332
            ],
            [
              -122.06411911669521,
              41.11681478613925
            ]
          ]
        ]
      },
      "properties": {
        "apn": "015060009000",
        "assessee": "UNITED STATES FOREST SERVICE",
        "ownership": "public",
        "label": "UNITED STATES FOREST SERVICE",
        "acres": 39.46804589
      }
    }
  ]
}
