<?xml version="1.0" encoding="UTF-8"?>
<gpx xmlns="http://www.topografix.com/GPX/1/1" creator="AllTrails https://www.alltrails.com/ - Pacific Crest Trail (PCT): Section O - Burney Falls to Castle Crags SP" version="1.1" xmlns:xsi="http://www.w3.org/2001/XMLSchema-instance" xsi:schemaLocation="http://www.topografix.com/GPX/1/1 http://www.topografix.com/GPX/1/1/gpx.xsd">
  <metadata>
    <name>Pacific Crest Trail (PCT): Section O - Burney Falls to Castle Crags SP</name>
    <link href="https://www.gpsies.com/">
      <text>Pacific Crest Trail (PCT): Section O - Burney Falls to Castle Crags SP on AllTrails</text>
    </link>
    <time>2026-07-29T04:07:44Z</time>
  </metadata>
  <rte>
    <name>Pacific Crest Trail (PCT): Section O - Burney Falls to Castle Crags SP on AllTrails</name>
    <rtept lat="41.01072000" lon="-121.653890">
      <ele>918.00000</ele>
      <time>2009-12-31T23:00:00Z</time>
    </rtept>
    <rtept lat="41.01072000" lon="-121.653780">
      <ele>917.00000</ele>
      <time>2009-12-31T23:00:03Z</time>
    </rtept>
    <rtept lat="41.01073000" lon="-121.653500">
      <ele>915.00000</ele>
      <time>2009-12-31T23:00:11Z</time>
    </rtept>
    <rtept lat="41.01075000" lon="-121.653220">
      <ele>914.00000</ele>
      <time>2009-12-31T23:00:20Z</time>
    </rtept>
    <rtept lat="41.01077000" lon="-121.653110">
      <ele>913.00000</ele>
      <time>2009-12-31T23:00:23Z</time>
    </rtept>
    <rtept lat="41.01116000" lon="-121.653310">
      <ele>914.00000</ele>
      <time>2009-12-31T23:00:40Z</time>
    </rtept>
    <rtept lat="41.01155000" lon="-121.653470">
      <ele>917.00000</ele>
      <time>2009-12-31T23:00:56Z</time>
    </rtept>
    <rtept lat="41.01169000" lon="-121.653470">
      <ele>917.00000</ele>
      <time>2009-12-31T23:01:02Z</time>
    </rtept>
    <rtept lat="41.01190000" lon="-121.653320">
      <ele>915.00000</ele>
      <time>2009-12-31T23:01:11Z</time>
    </rtept>
    <rtept lat="41.01204000" lon="-121.653320">
      <ele>913.00000</ele>
      <time>2009-12-31T23:01:17Z</time>
    </rtept>
    <rtept lat="41.01236000" lon="-121.653480">
      <ele>912.00000</ele>
      <time>2009-12-31T23:01:31Z</time>
    </rtept>
    <rtept lat="41.01264000" lon="-121.653560">
      <ele>911.00000</ele>
      <time>2009-12-31T23:01:42Z</time>
    </rtept>
    <rtept lat="41.01281000" lon="-121.653670">
      <ele>911.00000</ele>
      <time>2009-12-31T23:01:50Z</time>
    </rtept>
    <rtept lat="41.01300000" lon="-121.653660">
      <ele>910.00000</ele>
      <time>2009-12-31T23:01:57Z</time>
    </rtept>
    <rtept lat="41.01320000" lon="-121.653550">
      <ele>909.00000</ele>
      <time>2009-12-31T23:02:06Z</time>
    </rtept>
    <rtept lat="41.01335000" lon="-121.653540">
      <ele>909.00000</ele>
      <time>2009-12-31T23:02:12Z</time>
    </rtept>
    <rtept lat="41.01340000" lon="-121.653550">
      <ele>909.00000</ele>
      <time>2009-12-31T23:02:14Z</time>
    </rtept>
    <rtept lat="41.01352000" lon="-121.653570">
      <ele>908.00000</ele>
      <time>2009-12-31T23:02:19Z</time>
    </rtept>
    <rtept lat="41.01377000" lon="-121.653770">
      <ele>907.00000</ele>
      <time>2009-12-31T23:02:31Z</time>
    </rtept>
    <rtept lat="41.01388000" lon="-121.653900">
      <ele>906.00000</ele>
      <time>2009-12-31T23:02:37Z</time>
    </rtept>
    <rtept lat="41.01402000" lon="-121.653920">
      <ele>905.00000</ele>
      <time>2009-12-31T23:02:42Z</time>
    </rtept>
    <rtept lat="41.01416000" lon="-121.653890">
      <ele>905.00000</ele>
      <time>2009-12-31T23:02:48Z</time>
    </rtept>
    <rtept lat="41.01431000" lon="-121.653960">
      <ele>904.00000</ele>
      <time>2009-12-31T23:02:54Z</time>
    </rtept>
    <rtept lat="41.01442000" lon="-121.654090">
      <ele>904.00000</ele>
      <time>2009-12-31T23:03:00Z</time>
    </rtept>
    <rtept lat="41.01447000" lon="-121.654290">
      <ele>903.00000</ele>
      <time>2009-12-31T23:03:06Z</time>
    </rtept>
    <rtept lat="41.01450000" lon="-121.654390">
      <ele>903.00000</ele>
      <time>2009-12-31T23:03:10Z</time>
    </rtept>
    <rtept lat="41.01467000" lon="-121.654440">
      <ele>904.00000</ele>
      <time>2009-12-31T23:03:17Z</time>
    </rtept>
    <rtept lat="41.01488000" lon="-121.654600">
      <ele>905.00000</ele>
      <time>2009-12-31T23:03:26Z</time>
    </rtept>
    <rtept lat="41.01540000" lon="-121.654740">
      <ele>902.00000</ele>
      <time>2009-12-31T23:03:48Z</time>
    </rtept>
    <rtept lat="41.01553000" lon="-121.654810">
      <ele>901.00000</ele>
      <time>2009-12-31T23:03:53Z</time>
    </rtept>
    <rtept lat="41.01561000" lon="-121.654930">
      <ele>901.00000</ele>
      <time>2009-12-31T23:03:58Z</time>
    </rtept>
    <rtept lat="41.01564000" lon="-121.655170">
      <ele>902.00000</ele>
      <time>2009-12-31T23:04:05Z</time>
    </rtept>
    <rtept lat="41.01567000" lon="-121.655310">
      <ele>902.00000</ele>
      <time>2009-12-31T23:04:10Z</time>
    </rtept>
    <rtept lat="41.01580000" lon="-121.655760">
      <ele>903.00000</ele>
      <time>2009-12-31T23:04:24Z</time>
    </rtept>
    <rtept lat="41.01595000" lon="-121.656100">
      <ele>905.00000</ele>
      <time>2009-12-31T23:04:36Z</time>
    </rtept>
    <rtept lat="41.01607000" lon="-121.656400">
      <ele>906.00000</ele>
      <time>2009-12-31T23:04:47Z</time>
    </rtept>
    <rtept lat="41.01622000" lon="-121.656650">
      <ele>906.00000</ele>
      <time>2009-12-31T23:04:56Z</time>
    </rtept>
    <rtept lat="41.01624000" lon="-121.656690">
      <ele>906.00000</ele>
      <time>2009-12-31T23:04:58Z</time>
    </rtept>
    <rtept lat="41.01634000" lon="-121.656920">
      <ele>905.00000</ele>
      <time>2009-12-31T23:05:06Z</time>
    </rtept>
    <rtept lat="41.01647000" lon="-121.657250">
      <ele>904.00000</ele>
      <time>2009-12-31T23:05:17Z</time>
    </rtept>
    <rtept lat="41.01667000" lon="-121.657540">
      <ele>903.00000</ele>
      <time>2009-12-31T23:05:29Z</time>
    </rtept>
    <rtept lat="41.01684000" lon="-121.657730">
      <ele>903.00000</ele>
      <time>2009-12-31T23:05:38Z</time>
    </rtept>
    <rtept lat="41.01741000" lon="-121.658450">
      <ele>898.00000</ele>
      <time>2009-12-31T23:06:09Z</time>
    </rtept>
    <rtept lat="41.01760000" lon="-121.658650">
      <ele>897.00000</ele>
      <time>2009-12-31T23:06:19Z</time>
    </rtept>
    <rtept lat="41.01781000" lon="-121.658840">
      <ele>895.00000</ele>
      <time>2009-12-31T23:06:29Z</time>
    </rtept>
    <rtept lat="41.01794000" lon="-121.659080">
      <ele>894.00000</ele>
      <time>2009-12-31T23:06:38Z</time>
    </rtept>
    <rtept lat="41.01807000" lon="-121.659430">
      <ele>894.00000</ele>
      <time>2009-12-31T23:06:50Z</time>
    </rtept>
    <rtept lat="41.01815000" lon="-121.659850">
      <ele>894.00000</ele>
      <time>2009-12-31T23:07:03Z</time>
    </rtept>
    <rtept lat="41.01817000" lon="-121.660270">
      <ele>893.00000</ele>
      <time>2009-12-31T23:07:16Z</time>
    </rtept>
    <rtept lat="41.01829000" lon="-121.660480">
      <ele>893.00000</ele>
      <time>2009-12-31T23:07:24Z</time>
    </rtept>
    <rtept lat="41.01829000" lon="-121.660610">
      <ele>893.00000</ele>
      <time>2009-12-31T23:07:27Z</time>
    </rtept>
    <rtept lat="41.01840000" lon="-121.660750">
      <ele>893.00000</ele>
      <time>2009-12-31T23:07:34Z</time>
    </rtept>
    <rtept lat="41.01847000" lon="-121.661080">
      <ele>892.00000</ele>
      <time>2009-12-31T23:07:44Z</time>
    </rtept>
    <rtept lat="41.01854000" lon="-121.661210">
      <ele>892.00000</ele>
      <time>2009-12-31T23:07:49Z</time>
    </rtept>
    <rtept lat="41.01872000" lon="-121.661410">
      <ele>891.00000</ele>
      <time>2009-12-31T23:07:58Z</time>
    </rtept>
    <rtept lat="41.01880000" lon="-121.661520">
      <ele>891.00000</ele>
      <time>2009-12-31T23:08:03Z</time>
    </rtept>
    <rtept lat="41.01891000" lon="-121.661630">
      <ele>891.00000</ele>
      <time>2009-12-31T23:08:08Z</time>
    </rtept>
    <rtept lat="41.01919000" lon="-121.661750">
      <ele>891.00000</ele>
      <time>2009-12-31T23:08:20Z</time>
    </rtept>
    <rtept lat="41.01934000" lon="-121.662000">
      <ele>890.00000</ele>
      <time>2009-12-31T23:08:30Z</time>
    </rtept>
    <rtept lat="41.01938000" lon="-121.662080">
      <ele>890.00000</ele>
      <time>2009-12-31T23:08:33Z</time>
    </rtept>
    <rtept lat="41.01939000" lon="-121.662220">
      <ele>889.00000</ele>
      <time>2009-12-31T23:08:37Z</time>
    </rtept>
    <rtept lat="41.01937000" lon="-121.662360">
      <ele>888.00000</ele>
      <time>2009-12-31T23:08:41Z</time>
    </rtept>
    <rtept lat="41.01933000" lon="-121.662650">
      <ele>887.00000</ele>
      <time>2009-12-31T23:08:50Z</time>
    </rtept>
    <rtept lat="41.01926000" lon="-121.662790">
      <ele>886.00000</ele>
      <time>2009-12-31T23:08:55Z</time>
    </rtept>
    <rtept lat="41.01925000" lon="-121.662820">
      <ele>886.00000</ele>
      <time>2009-12-31T23:08:56Z</time>
    </rtept>
    <rtept lat="41.01915000" lon="-121.663070">
      <ele>887.00000</ele>
      <time>2009-12-31T23:09:05Z</time>
    </rtept>
    <rtept lat="41.01912000" lon="-121.663190">
      <ele>887.00000</ele>
      <time>2009-12-31T23:09:08Z</time>
    </rtept>
    <rtept lat="41.01913000" lon="-121.663340">
      <ele>887.00000</ele>
      <time>2009-12-31T23:09:13Z</time>
    </rtept>
    <rtept lat="41.01907000" lon="-121.663760">
      <ele>888.00000</ele>
      <time>2009-12-31T23:09:26Z</time>
    </rtept>
    <rtept lat="41.01905000" lon="-121.664090">
      <ele>888.00000</ele>
      <time>2009-12-31T23:09:36Z</time>
    </rtept>
    <rtept lat="41.01902000" lon="-121.664370">
      <ele>889.00000</ele>
      <time>2009-12-31T23:09:44Z</time>
    </rtept>
    <rtept lat="41.01897000" lon="-121.664550">
      <ele>891.00000</ele>
      <time>2009-12-31T23:09:50Z</time>
    </rtept>
    <rtept lat="41.01894000" lon="-121.664770">
      <ele>892.00000</ele>
      <time>2009-12-31T23:09:57Z</time>
    </rtept>
    <rtept lat="41.01893000" lon="-121.664870">
      <ele>893.00000</ele>
      <time>2009-12-31T23:10:00Z</time>
    </rtept>
    <rtept lat="41.01888000" lon="-121.665020">
      <ele>896.00000</ele>
      <time>2009-12-31T23:10:05Z</time>
    </rtept>
    <rtept lat="41.01881000" lon="-121.665170">
      <ele>899.00000</ele>
      <time>2009-12-31T23:10:10Z</time>
    </rtept>
    <rtept lat="41.01882000" lon="-121.665360">
      <ele>898.00000</ele>
      <time>2009-12-31T23:10:16Z</time>
    </rtept>
    <rtept lat="41.01881000" lon="-121.665630">
      <ele>897.00000</ele>
      <time>2009-12-31T23:10:24Z</time>
    </rtept>
    <rtept lat="41.01885000" lon="-121.665790">
      <ele>895.00000</ele>
      <time>2009-12-31T23:10:29Z</time>
    </rtept>
    <rtept lat="41.01889000" lon="-121.665940">
      <ele>894.00000</ele>
      <time>2009-12-31T23:10:34Z</time>
    </rtept>
    <rtept lat="41.01895000" lon="-121.666120">
      <ele>893.00000</ele>
      <time>2009-12-31T23:10:40Z</time>
    </rtept>
    <rtept lat="41.01901000" lon="-121.666490">
      <ele>899.00000</ele>
      <time>2009-12-31T23:10:52Z</time>
    </rtept>
    <rtept lat="41.01906000" lon="-121.666810">
      <ele>901.00000</ele>
      <time>2009-12-31T23:11:01Z</time>
    </rtept>
    <rtept lat="41.01921000" lon="-121.667400">
      <ele>898.00000</ele>
      <time>2009-12-31T23:11:20Z</time>
    </rtept>
    <rtept lat="41.01925000" lon="-121.667540">
      <ele>896.00000</ele>
      <time>2009-12-31T23:11:25Z</time>
    </rtept>
    <rtept lat="41.01931000" lon="-121.667850">
      <ele>895.00000</ele>
      <time>2009-12-31T23:11:34Z</time>
    </rtept>
    <rtept lat="41.01934000" lon="-121.668130">
      <ele>896.00000</ele>
      <time>2009-12-31T23:11:43Z</time>
    </rtept>
    <rtept lat="41.01933000" lon="-121.668570">
      <ele>899.00000</ele>
      <time>2009-12-31T23:11:56Z</time>
    </rtept>
    <rtept lat="41.01931000" lon="-121.668860">
      <ele>899.00000</ele>
      <time>2009-12-31T23:12:05Z</time>
    </rtept>
    <rtept lat="41.01930000" lon="-121.669060">
      <ele>899.00000</ele>
      <time>2009-12-31T23:12:11Z</time>
    </rtept>
    <rtept lat="41.01933000" lon="-121.669200">
      <ele>898.00000</ele>
      <time>2009-12-31T23:12:15Z</time>
    </rtept>
    <rtept lat="41.01939000" lon="-121.669300">
      <ele>896.00000</ele>
      <time>2009-12-31T23:12:19Z</time>
    </rtept>
    <rtept lat="41.01954000" lon="-121.669500">
      <ele>894.00000</ele>
      <time>2009-12-31T23:12:28Z</time>
    </rtept>
    <rtept lat="41.01967000" lon="-121.669660">
      <ele>891.00000</ele>
      <time>2009-12-31T23:12:35Z</time>
    </rtept>
    <rtept lat="41.01982000" lon="-121.669890">
      <ele>889.00000</ele>
      <time>2009-12-31T23:12:44Z</time>
    </rtept>
    <rtept lat="41.01996000" lon="-121.670120">
      <ele>887.00000</ele>
      <time>2009-12-31T23:12:53Z</time>
    </rtept>
    <rtept lat="41.02005000" lon="-121.670310">
      <ele>884.00000</ele>
      <time>2009-12-31T23:13:00Z</time>
    </rtept>
    <rtept lat="41.02009000" lon="-121.670400">
      <ele>882.00000</ele>
      <time>2009-12-31T23:13:03Z</time>
    </rtept>
    <rtept lat="41.02010000" lon="-121.670440">
      <ele>881.00000</ele>
      <time>2009-12-31T23:13:04Z</time>
    </rtept>
    <rtept lat="41.02008000" lon="-121.670490">
      <ele>882.00000</ele>
      <time>2009-12-31T23:13:06Z</time>
    </rtept>
    <rtept lat="41.02005000" lon="-121.670570">
      <ele>884.00000</ele>
      <time>2009-12-31T23:13:09Z</time>
    </rtept>
    <rtept lat="41.02003000" lon="-121.670660">
      <ele>887.00000</ele>
      <time>2009-12-31T23:13:12Z</time>
    </rtept>
    <rtept lat="41.02004000" lon="-121.670760">
      <ele>888.00000</ele>
      <time>2009-12-31T23:13:15Z</time>
    </rtept>
    <rtept lat="41.02010000" lon="-121.670940">
      <ele>889.00000</ele>
      <time>2009-12-31T23:13:20Z</time>
    </rtept>
    <rtept lat="41.02011000" lon="-121.671070">
      <ele>891.00000</ele>
      <time>2009-12-31T23:13:24Z</time>
    </rtept>
    <rtept lat="41.02024000" lon="-121.671510">
      <ele>893.00000</ele>
      <time>2009-12-31T23:13:39Z</time>
    </rtept>
    <rtept lat="41.02054000" lon="-121.671960">
      <ele>889.00000</ele>
      <time>2009-12-31T23:13:57Z</time>
    </rtept>
    <rtept lat="41.02086000" lon="-121.672150">
      <ele>887.00000</ele>
      <time>2009-12-31T23:14:11Z</time>
    </rtept>
    <rtept lat="41.02108000" lon="-121.672250">
      <ele>884.00000</ele>
      <time>2009-12-31T23:14:20Z</time>
    </rtept>
    <rtept lat="41.02127000" lon="-121.672420">
      <ele>882.00000</ele>
      <time>2009-12-31T23:14:29Z</time>
    </rtept>
    <rtept lat="41.02146000" lon="-121.672550">
      <ele>877.00000</ele>
      <time>2009-12-31T23:14:38Z</time>
    </rtept>
    <rtept lat="41.02152000" lon="-121.672680">
      <ele>878.00000</ele>
      <time>2009-12-31T23:14:43Z</time>
    </rtept>
    <rtept lat="41.02159000" lon="-121.672910">
      <ele>880.00000</ele>
      <time>2009-12-31T23:14:50Z</time>
    </rtept>
    <rtept lat="41.02169000" lon="-121.673120">
      <ele>882.00000</ele>
      <time>2009-12-31T23:14:58Z</time>
    </rtept>
    <rtept lat="41.02175000" lon="-121.673260">
      <ele>882.00000</ele>
      <time>2009-12-31T23:15:02Z</time>
    </rtept>
    <rtept lat="41.02186000" lon="-121.673600">
      <ele>877.00000</ele>
      <time>2009-12-31T23:15:14Z</time>
    </rtept>
    <rtept lat="41.02190000" lon="-121.673740">
      <ele>873.00000</ele>
      <time>2009-12-31T23:15:18Z</time>
    </rtept>
    <rtept lat="41.02191000" lon="-121.673890">
      <ele>870.00000</ele>
      <time>2009-12-31T23:15:23Z</time>
    </rtept>
    <rtept lat="41.02188000" lon="-121.673940">
      <ele>868.00000</ele>
      <time>2009-12-31T23:15:25Z</time>
    </rtept>
    <rtept lat="41.02185000" lon="-121.673930">
      <ele>869.00000</ele>
      <time>2009-12-31T23:15:26Z</time>
    </rtept>
    <rtept lat="41.02172000" lon="-121.673960">
      <ele>868.00000</ele>
      <time>2009-12-31T23:15:31Z</time>
    </rtept>
    <rtept lat="41.02161000" lon="-121.673940">
      <ele>869.00000</ele>
      <time>2009-12-31T23:15:36Z</time>
    </rtept>
    <rtept lat="41.02145000" lon="-121.673880">
      <ele>873.00000</ele>
      <time>2009-12-31T23:15:42Z</time>
    </rtept>
    <rtept lat="41.02127000" lon="-121.673830">
      <ele>873.00000</ele>
      <time>2009-12-31T23:15:50Z</time>
    </rtept>
    <rtept lat="41.02117000" lon="-121.673760">
      <ele>875.00000</ele>
      <time>2009-12-31T23:15:54Z</time>
    </rtept>
    <rtept lat="41.02104000" lon="-121.673750">
      <ele>875.00000</ele>
      <time>2009-12-31T23:15:59Z</time>
    </rtept>
    <rtept lat="41.02086000" lon="-121.673810">
      <ele>875.00000</ele>
      <time>2009-12-31T23:16:07Z</time>
    </rtept>
    <rtept lat="41.02045000" lon="-121.674050">
      <ele>863.00000</ele>
      <time>2009-12-31T23:16:25Z</time>
    </rtept>
    <rtept lat="41.02044000" lon="-121.674100">
      <ele>860.00000</ele>
      <time>2009-12-31T23:16:26Z</time>
    </rtept>
    <rtept lat="41.02049000" lon="-121.674130">
      <ele>859.00000</ele>
      <time>2009-12-31T23:16:28Z</time>
    </rtept>
    <rtept lat="41.02056000" lon="-121.674130">
      <ele>859.00000</ele>
      <time>2009-12-31T23:16:31Z</time>
    </rtept>
    <rtept lat="41.02074000" lon="-121.674030">
      <ele>864.00000</ele>
      <time>2009-12-31T23:16:39Z</time>
    </rtept>
    <rtept lat="41.02094000" lon="-121.673990">
      <ele>864.00000</ele>
      <time>2009-12-31T23:16:47Z</time>
    </rtept>
    <rtept lat="41.02104000" lon="-121.674000">
      <ele>862.00000</ele>
      <time>2009-12-31T23:16:51Z</time>
    </rtept>
    <rtept lat="41.02109000" lon="-121.674060">
      <ele>858.00000</ele>
      <time>2009-12-31T23:16:54Z</time>
    </rtept>
    <rtept lat="41.02124000" lon="-121.674220">
      <ele>852.00000</ele>
      <time>2009-12-31T23:17:02Z</time>
    </rtept>
    <rtept lat="41.02130000" lon="-121.674260">
      <ele>850.00000</ele>
      <time>2009-12-31T23:17:04Z</time>
    </rtept>
    <rtept lat="41.02149000" lon="-121.674400">
      <ele>845.00000</ele>
      <time>2009-12-31T23:17:13Z</time>
    </rtept>
    <rtept lat="41.02156000" lon="-121.674440">
      <ele>844.00000</ele>
      <time>2009-12-31T23:17:16Z</time>
    </rtept>
    <rtept lat="41.02159000" lon="-121.674510">
      <ele>844.00000</ele>
      <time>2009-12-31T23:17:18Z</time>
    </rtept>
    <rtept lat="41.02167000" lon="-121.674590">
      <ele>843.00000</ele>
      <time>2009-12-31T23:17:22Z</time>
    </rtept>
    <rtept lat="41.02173000" lon="-121.674590">
      <ele>843.00000</ele>
      <time>2009-12-31T23:17:25Z</time>
    </rtept>
    <rtept lat="41.02177000" lon="-121.674600">
      <ele>842.00000</ele>
      <time>2009-12-31T23:17:26Z</time>
    </rtept>
    <rtept lat="41.02175000" lon="-121.674620">
      <ele>842.00000</ele>
      <time>2009-12-31T23:17:27Z</time>
    </rtept>
    <rtept lat="41.02173000" lon="-121.674660">
      <ele>842.00000</ele>
      <time>2009-12-31T23:17:29Z</time>
    </rtept>
    <rtept lat="41.02166000" lon="-121.675260">
      <ele>841.00000</ele>
      <time>2009-12-31T23:17:47Z</time>
    </rtept>
    <rtept lat="41.02162000" lon="-121.675410">
      <ele>840.00000</ele>
      <time>2009-12-31T23:17:52Z</time>
    </rtept>
    <rtept lat="41.02155000" lon="-121.675620">
      <ele>833.00000</ele>
      <time>2009-12-31T23:17:59Z</time>
    </rtept>
    <rtept lat="41.02147000" lon="-121.675800">
      <ele>829.00000</ele>
      <time>2009-12-31T23:18:05Z</time>
    </rtept>
    <rtept lat="41.02129000" lon="-121.676070">
      <ele>835.00000</ele>
      <time>2009-12-31T23:18:16Z</time>
    </rtept>
    <rtept lat="41.02128000" lon="-121.676120">
      <ele>836.00000</ele>
      <time>2009-12-31T23:18:18Z</time>
    </rtept>
    <rtept lat="41.02128000" lon="-121.676160">
      <ele>838.00000</ele>
      <time>2009-12-31T23:18:19Z</time>
    </rtept>
    <rtept lat="41.02129000" lon="-121.676210">
      <ele>840.00000</ele>
      <time>2009-12-31T23:18:21Z</time>
    </rtept>
    <rtept lat="41.02132000" lon="-121.676250">
      <ele>842.00000</ele>
      <time>2009-12-31T23:18:22Z</time>
    </rtept>
    <rtept lat="41.02170000" lon="-121.676770">
      <ele>853.00000</ele>
      <time>2009-12-31T23:18:44Z</time>
    </rtept>
    <rtept lat="41.02170000" lon="-121.676870">
      <ele>855.00000</ele>
      <time>2009-12-31T23:18:47Z</time>
    </rtept>
    <rtept lat="41.02153000" lon="-121.676680">
      <ele>854.00000</ele>
      <time>2009-12-31T23:18:56Z</time>
    </rtept>
    <rtept lat="41.02152000" lon="-121.676830">
      <ele>859.00000</ele>
      <time>2009-12-31T23:19:01Z</time>
    </rtept>
    <rtept lat="41.02159000" lon="-121.677000">
      <ele>862.00000</ele>
      <time>2009-12-31T23:19:06Z</time>
    </rtept>
    <rtept lat="41.02176000" lon="-121.677170">
      <ele>863.00000</ele>
      <time>2009-12-31T23:19:15Z</time>
    </rtept>
    <rtept lat="41.02193000" lon="-121.677620">
      <ele>881.00000</ele>
      <time>2009-12-31T23:19:30Z</time>
    </rtept>
    <rtept lat="41.02198000" lon="-121.677720">
      <ele>886.00000</ele>
      <time>2009-12-31T23:19:34Z</time>
    </rtept>
    <rtept lat="41.02202000" lon="-121.677820">
      <ele>889.00000</ele>
      <time>2009-12-31T23:19:37Z</time>
    </rtept>
    <rtept lat="41.02214000" lon="-121.677950">
      <ele>889.00000</ele>
      <time>2009-12-31T23:19:43Z</time>
    </rtept>
    <rtept lat="41.02226000" lon="-121.678020">
      <ele>889.00000</ele>
      <time>2009-12-31T23:19:49Z</time>
    </rtept>
    <rtept lat="41.02228000" lon="-121.678280">
      <ele>893.00000</ele>
      <time>2009-12-31T23:19:57Z</time>
    </rtept>
    <rtept lat="41.02227000" lon="-121.678550">
      <ele>896.00000</ele>
      <time>2009-12-31T23:20:05Z</time>
    </rtept>
    <rtept lat="41.02226000" lon="-121.678820">
      <ele>898.00000</ele>
      <time>2009-12-31T23:20:13Z</time>
    </rtept>
    <rtept lat="41.02227000" lon="-121.678900">
      <ele>899.00000</ele>
      <time>2009-12-31T23:20:15Z</time>
    </rtept>
    <rtept lat="41.02229000" lon="-121.679070">
      <ele>899.00000</ele>
      <time>2009-12-31T23:20:20Z</time>
    </rtept>
    <rtept lat="41.02236000" lon="-121.679290">
      <ele>899.00000</ele>
      <time>2009-12-31T23:20:28Z</time>
    </rtept>
    <rtept lat="41.02238000" lon="-121.679650">
      <ele>901.00000</ele>
      <time>2009-12-31T23:20:39Z</time>
    </rtept>
    <rtept lat="41.02241000" lon="-121.680050">
      <ele>904.00000</ele>
      <time>2009-12-31T23:20:51Z</time>
    </rtept>
    <rtept lat="41.02239000" lon="-121.680200">
      <ele>905.00000</ele>
      <time>2009-12-31T23:20:55Z</time>
    </rtept>
    <rtept lat="41.02244000" lon="-121.680540">
      <ele>907.00000</ele>
      <time>2009-12-31T23:21:06Z</time>
    </rtept>
    <rtept lat="41.02239000" lon="-121.681250">
      <ele>906.00000</ele>
      <time>2009-12-31T23:21:27Z</time>
    </rtept>
    <rtept lat="41.02234000" lon="-121.681640">
      <ele>905.00000</ele>
      <time>2009-12-31T23:21:39Z</time>
    </rtept>
    <rtept lat="41.02233000" lon="-121.681930">
      <ele>905.00000</ele>
      <time>2009-12-31T23:21:48Z</time>
    </rtept>
    <rtept lat="41.02230000" lon="-121.682150">
      <ele>904.00000</ele>
      <time>2009-12-31T23:21:55Z</time>
    </rtept>
    <rtept lat="41.02222000" lon="-121.682330">
      <ele>904.00000</ele>
      <time>2009-12-31T23:22:01Z</time>
    </rtept>
    <rtept lat="41.02198000" lon="-121.682620">
      <ele>905.00000</ele>
      <time>2009-12-31T23:22:14Z</time>
    </rtept>
    <rtept lat="41.02170000" lon="-121.682890">
      <ele>906.00000</ele>
      <time>2009-12-31T23:22:28Z</time>
    </rtept>
    <rtept lat="41.02163000" lon="-121.683120">
      <ele>906.00000</ele>
      <time>2009-12-31T23:22:35Z</time>
    </rtept>
    <rtept lat="41.02158000" lon="-121.683480">
      <ele>903.00000</ele>
      <time>2009-12-31T23:22:47Z</time>
    </rtept>
    <rtept lat="41.02144000" lon="-121.683650">
      <ele>902.00000</ele>
      <time>2009-12-31T23:22:54Z</time>
    </rtept>
    <rtept lat="41.02133000" lon="-121.683670">
      <ele>902.00000</ele>
      <time>2009-12-31T23:22:59Z</time>
    </rtept>
    <rtept lat="41.02123000" lon="-121.683810">
      <ele>902.00000</ele>
      <time>2009-12-31T23:23:04Z</time>
    </rtept>
    <rtept lat="41.02119000" lon="-121.683850">
      <ele>901.00000</ele>
      <time>2009-12-31T23:23:06Z</time>
    </rtept>
    <rtept lat="41.02109000" lon="-121.683940">
      <ele>902.00000</ele>
      <time>2009-12-31T23:23:11Z</time>
    </rtept>
    <rtept lat="41.02080000" lon="-121.684120">
      <ele>904.00000</ele>
      <time>2009-12-31T23:23:24Z</time>
    </rtept>
    <rtept lat="41.02066000" lon="-121.684120">
      <ele>905.00000</ele>
      <time>2009-12-31T23:23:30Z</time>
    </rtept>
    <rtept lat="41.02057000" lon="-121.684100">
      <ele>905.00000</ele>
      <time>2009-12-31T23:23:33Z</time>
    </rtept>
    <rtept lat="41.02044000" lon="-121.683990">
      <ele>908.00000</ele>
      <time>2009-12-31T23:23:39Z</time>
    </rtept>
    <rtept lat="41.02028000" lon="-121.683790">
      <ele>911.00000</ele>
      <time>2009-12-31T23:23:48Z</time>
    </rtept>
    <rtept lat="41.02014000" lon="-121.683800">
      <ele>913.00000</ele>
      <time>2009-12-31T23:23:54Z</time>
    </rtept>
    <rtept lat="41.02000000" lon="-121.683920">
      <ele>915.00000</ele>
      <time>2009-12-31T23:24:01Z</time>
    </rtept>
    <rtept lat="41.01987000" lon="-121.683930">
      <ele>918.00000</ele>
      <time>2009-12-31T23:24:06Z</time>
    </rtept>
    <rtept lat="41.01976000" lon="-121.683930">
      <ele>920.00000</ele>
      <time>2009-12-31T23:24:10Z</time>
    </rtept>
    <rtept lat="41.01948000" lon="-121.684020">
      <ele>924.00000</ele>
      <time>2009-12-31T23:24:22Z</time>
    </rtept>
    <rtept lat="41.01926000" lon="-121.684240">
      <ele>929.00000</ele>
      <time>2009-12-31T23:24:33Z</time>
    </rtept>
    <rtept lat="41.01901000" lon="-121.684520">
      <ele>932.00000</ele>
      <time>2009-12-31T23:24:46Z</time>
    </rtept>
    <rtept lat="41.01876000" lon="-121.684610">
      <ele>935.00000</ele>
      <time>2009-12-31T23:24:56Z</time>
    </rtept>
    <rtept lat="41.01848000" lon="-121.684800">
      <ele>937.00000</ele>
      <time>2009-12-31T23:25:09Z</time>
    </rtept>
    <rtept lat="41.01817000" lon="-121.684840">
      <ele>940.00000</ele>
      <time>2009-12-31T23:25:21Z</time>
    </rtept>
    <rtept lat="41.01780000" lon="-121.684860">
      <ele>944.00000</ele>
      <time>2009-12-31T23:25:36Z</time>
    </rtept>
    <rtept lat="41.01747000" lon="-121.684810">
      <ele>946.00000</ele>
      <time>2009-12-31T23:25:49Z</time>
    </rtept>
    <rtept lat="41.01704000" lon="-121.684560">
      <ele>953.00000</ele>
      <time>2009-12-31T23:26:08Z</time>
    </rtept>
    <rtept lat="41.01684000" lon="-121.684370">
      <ele>956.00000</ele>
      <time>2009-12-31T23:26:18Z</time>
    </rtept>
    <rtept lat="41.01671000" lon="-121.684270">
      <ele>958.00000</ele>
      <time>2009-12-31T23:26:24Z</time>
    </rtept>
    <rtept lat="41.01665000" lon="-121.684220">
      <ele>960.00000</ele>
      <time>2009-12-31T23:26:27Z</time>
    </rtept>
    <rtept lat="41.01629000" lon="-121.683790">
      <ele>970.00000</ele>
      <time>2009-12-31T23:26:46Z</time>
    </rtept>
    <rtept lat="41.01622000" lon="-121.683720">
      <ele>972.00000</ele>
      <time>2009-12-31T23:26:50Z</time>
    </rtept>
    <rtept lat="41.01609000" lon="-121.683660">
      <ele>975.00000</ele>
      <time>2009-12-31T23:26:55Z</time>
    </rtept>
    <rtept lat="41.01596000" lon="-121.683590">
      <ele>981.00000</ele>
      <time>2009-12-31T23:27:01Z</time>
    </rtept>
    <rtept lat="41.01583000" lon="-121.683590">
      <ele>985.00000</ele>
      <time>2009-12-31T23:27:06Z</time>
    </rtept>
    <rtept lat="41.01576000" lon="-121.683680">
      <ele>985.00000</ele>
      <time>2009-12-31T23:27:10Z</time>
    </rtept>
    <rtept lat="41.01567000" lon="-121.683950">
      <ele>983.00000</ele>
      <time>2009-12-31T23:27:19Z</time>
    </rtept>
    <rtept lat="41.01551000" lon="-121.685480">
      <ele>987.00000</ele>
      <time>2009-12-31T23:28:06Z</time>
    </rtept>
    <rtept lat="41.01547000" lon="-121.685760">
      <ele>988.00000</ele>
      <time>2009-12-31T23:28:14Z</time>
    </rtept>
    <rtept lat="41.01543000" lon="-121.686070">
      <ele>990.00000</ele>
      <time>2009-12-31T23:28:24Z</time>
    </rtept>
    <rtept lat="41.01538000" lon="-121.686210">
      <ele>991.00000</ele>
      <time>2009-12-31T23:28:28Z</time>
    </rtept>
    <rtept lat="41.01529000" lon="-121.686400">
      <ele>991.00000</ele>
      <time>2009-12-31T23:28:35Z</time>
    </rtept>
    <rtept lat="41.01522000" lon="-121.686500">
      <ele>991.00000</ele>
      <time>2009-12-31T23:28:39Z</time>
    </rtept>
    <rtept lat="41.01513000" lon="-121.686550">
      <ele>990.00000</ele>
      <time>2009-12-31T23:28:43Z</time>
    </rtept>
    <rtept lat="41.01500000" lon="-121.686620">
      <ele>988.00000</ele>
      <time>2009-12-31T23:28:49Z</time>
    </rtept>
    <rtept lat="41.01491000" lon="-121.686640">
      <ele>985.00000</ele>
      <time>2009-12-31T23:28:52Z</time>
    </rtept>
    <rtept lat="41.01485000" lon="-121.686730">
      <ele>984.00000</ele>
      <time>2009-12-31T23:28:56Z</time>
    </rtept>
    <rtept lat="41.01481000" lon="-121.686940">
      <ele>983.00000</ele>
      <time>2009-12-31T23:29:03Z</time>
    </rtept>
    <rtept lat="41.01475000" lon="-121.687160">
      <ele>984.00000</ele>
      <time>2009-12-31T23:29:10Z</time>
    </rtept>
    <rtept lat="41.01467000" lon="-121.687350">
      <ele>983.00000</ele>
      <time>2009-12-31T23:29:16Z</time>
    </rtept>
    <rtept lat="41.01462000" lon="-121.687510">
      <ele>985.00000</ele>
      <time>2009-12-31T23:29:22Z</time>
    </rtept>
    <rtept lat="41.01460000" lon="-121.687680">
      <ele>985.00000</ele>
      <time>2009-12-31T23:29:27Z</time>
    </rtept>
    <rtept lat="41.01457000" lon="-121.687800">
      <ele>986.00000</ele>
      <time>2009-12-31T23:29:31Z</time>
    </rtept>
    <rtept lat="41.01448000" lon="-121.687920">
      <ele>985.00000</ele>
      <time>2009-12-31T23:29:36Z</time>
    </rtept>
    <rtept lat="41.01438000" lon="-121.687990">
      <ele>983.00000</ele>
      <time>2009-12-31T23:29:40Z</time>
    </rtept>
    <rtept lat="41.01425000" lon="-121.688020">
      <ele>979.00000</ele>
      <time>2009-12-31T23:29:45Z</time>
    </rtept>
    <rtept lat="41.01417000" lon="-121.688070">
      <ele>977.00000</ele>
      <time>2009-12-31T23:29:49Z</time>
    </rtept>
    <rtept lat="41.01411000" lon="-121.688160">
      <ele>975.00000</ele>
      <time>2009-12-31T23:29:53Z</time>
    </rtept>
    <rtept lat="41.01410000" lon="-121.688230">
      <ele>976.00000</ele>
      <time>2009-12-31T23:29:55Z</time>
    </rtept>
    <rtept lat="41.01413000" lon="-121.688430">
      <ele>980.00000</ele>
      <time>2009-12-31T23:30:01Z</time>
    </rtept>
    <rtept lat="41.01411000" lon="-121.688540">
      <ele>980.00000</ele>
      <time>2009-12-31T23:30:04Z</time>
    </rtept>
    <rtept lat="41.01411000" lon="-121.688630">
      <ele>980.00000</ele>
      <time>2009-12-31T23:30:07Z</time>
    </rtept>
    <rtept lat="41.01412000" lon="-121.688720">
      <ele>981.00000</ele>
      <time>2009-12-31T23:30:10Z</time>
    </rtept>
    <rtept lat="41.01409000" lon="-121.688830">
      <ele>981.00000</ele>
      <time>2009-12-31T23:30:13Z</time>
    </rtept>
    <rtept lat="41.01407000" lon="-121.688930">
      <ele>981.00000</ele>
      <time>2009-12-31T23:30:16Z</time>
    </rtept>
    <rtept lat="41.01404000" lon="-121.689000">
      <ele>981.00000</ele>
      <time>2009-12-31T23:30:19Z</time>
    </rtept>
    <rtept lat="41.01396000" lon="-121.689040">
      <ele>980.00000</ele>
      <time>2009-12-31T23:30:22Z</time>
    </rtept>
    <rtept lat="41.01386000" lon="-121.689200">
      <ele>978.00000</ele>
      <time>2009-12-31T23:30:29Z</time>
    </rtept>
    <rtept lat="41.01380000" lon="-121.689290">
      <ele>977.00000</ele>
      <time>2009-12-31T23:30:32Z</time>
    </rtept>
    <rtept lat="41.01371000" lon="-121.689310">
      <ele>974.00000</ele>
      <time>2009-12-31T23:30:36Z</time>
    </rtept>
    <rtept lat="41.01366000" lon="-121.689410">
      <ele>973.00000</ele>
      <time>2009-12-31T23:30:39Z</time>
    </rtept>
    <rtept lat="41.01363000" lon="-121.689480">
      <ele>973.00000</ele>
      <time>2009-12-31T23:30:42Z</time>
    </rtept>
    <rtept lat="41.01357000" lon="-121.689550">
      <ele>972.00000</ele>
      <time>2009-12-31T23:30:45Z</time>
    </rtept>
    <rtept lat="41.01348000" lon="-121.689590">
      <ele>970.00000</ele>
      <time>2009-12-31T23:30:49Z</time>
    </rtept>
    <rtept lat="41.01341000" lon="-121.689700">
      <ele>971.00000</ele>
      <time>2009-12-31T23:30:53Z</time>
    </rtept>
    <rtept lat="41.01308000" lon="-121.690490">
      <ele>967.00000</ele>
      <time>2009-12-31T23:31:21Z</time>
    </rtept>
    <rtept lat="41.01302000" lon="-121.690600">
      <ele>965.00000</ele>
      <time>2009-12-31T23:31:25Z</time>
    </rtept>
    <rtept lat="41.01300000" lon="-121.690690">
      <ele>964.00000</ele>
      <time>2009-12-31T23:31:27Z</time>
    </rtept>
    <rtept lat="41.01300000" lon="-121.690760">
      <ele>965.00000</ele>
      <time>2009-12-31T23:31:30Z</time>
    </rtept>
    <rtept lat="41.01309000" lon="-121.691090">
      <ele>969.00000</ele>
      <time>2009-12-31T23:31:40Z</time>
    </rtept>
    <rtept lat="41.01323000" lon="-121.691440">
      <ele>971.00000</ele>
      <time>2009-12-31T23:31:52Z</time>
    </rtept>
    <rtept lat="41.01329000" lon="-121.691740">
      <ele>969.00000</ele>
      <time>2009-12-31T23:32:02Z</time>
    </rtept>
    <rtept lat="41.01335000" lon="-121.692160">
      <ele>969.00000</ele>
      <time>2009-12-31T23:32:14Z</time>
    </rtept>
    <rtept lat="41.01340000" lon="-121.692550">
      <ele>970.00000</ele>
      <time>2009-12-31T23:32:26Z</time>
    </rtept>
    <rtept lat="41.01343000" lon="-121.692850">
      <ele>968.00000</ele>
      <time>2009-12-31T23:32:36Z</time>
    </rtept>
    <rtept lat="41.01344000" lon="-121.693090">
      <ele>966.00000</ele>
      <time>2009-12-31T23:32:43Z</time>
    </rtept>
    <rtept lat="41.01340000" lon="-121.693300">
      <ele>964.00000</ele>
      <time>2009-12-31T23:32:49Z</time>
    </rtept>
    <rtept lat="41.01339000" lon="-121.693470">
      <ele>964.00000</ele>
      <time>2009-12-31T23:32:54Z</time>
    </rtept>
    <rtept lat="41.01341000" lon="-121.693730">
      <ele>965.00000</ele>
      <time>2009-12-31T23:33:02Z</time>
    </rtept>
    <rtept lat="41.01343000" lon="-121.693980">
      <ele>965.00000</ele>
      <time>2009-12-31T23:33:10Z</time>
    </rtept>
    <rtept lat="41.01345000" lon="-121.694300">
      <ele>967.00000</ele>
      <time>2009-12-31T23:33:20Z</time>
    </rtept>
    <rtept lat="41.01346000" lon="-121.694400">
      <ele>968.00000</ele>
      <time>2009-12-31T23:33:23Z</time>
    </rtept>
    <rtept lat="41.01340000" lon="-121.694610">
      <ele>968.00000</ele>
      <time>2009-12-31T23:33:30Z</time>
    </rtept>
    <rtept lat="41.01339000" lon="-121.694740">
      <ele>969.00000</ele>
      <time>2009-12-31T23:33:33Z</time>
    </rtept>
    <rtept lat="41.01334000" lon="-121.694860">
      <ele>968.00000</ele>
      <time>2009-12-31T23:33:38Z</time>
    </rtept>
    <rtept lat="41.01325000" lon="-121.694930">
      <ele>968.00000</ele>
      <time>2009-12-31T23:33:42Z</time>
    </rtept>
    <rtept lat="41.01314000" lon="-121.694960">
      <ele>968.00000</ele>
      <time>2009-12-31T23:33:46Z</time>
    </rtept>
    <rtept lat="41.01309000" lon="-121.695080">
      <ele>968.00000</ele>
      <time>2009-12-31T23:33:50Z</time>
    </rtept>
    <rtept lat="41.01309000" lon="-121.695230">
      <ele>969.00000</ele>
      <time>2009-12-31T23:33:55Z</time>
    </rtept>
    <rtept lat="41.01306000" lon="-121.695320">
      <ele>970.00000</ele>
      <time>2009-12-31T23:33:58Z</time>
    </rtept>
    <rtept lat="41.01292000" lon="-121.695410">
      <ele>971.00000</ele>
      <time>2009-12-31T23:34:04Z</time>
    </rtept>
    <rtept lat="41.01277000" lon="-121.695610">
      <ele>972.00000</ele>
      <time>2009-12-31T23:34:13Z</time>
    </rtept>
    <rtept lat="41.01270000" lon="-121.695680">
      <ele>971.00000</ele>
      <time>2009-12-31T23:34:16Z</time>
    </rtept>
    <rtept lat="41.01265000" lon="-121.695820">
      <ele>971.00000</ele>
      <time>2009-12-31T23:34:21Z</time>
    </rtept>
    <rtept lat="41.01266000" lon="-121.696030">
      <ele>971.00000</ele>
      <time>2009-12-31T23:34:27Z</time>
    </rtept>
    <rtept lat="41.01271000" lon="-121.696240">
      <ele>971.00000</ele>
      <time>2009-12-31T23:34:34Z</time>
    </rtept>
    <rtept lat="41.01270000" lon="-121.696410">
      <ele>972.00000</ele>
      <time>2009-12-31T23:34:39Z</time>
    </rtept>
    <rtept lat="41.01261000" lon="-121.696590">
      <ele>976.00000</ele>
      <time>2009-12-31T23:34:46Z</time>
    </rtept>
    <rtept lat="41.01256000" lon="-121.696740">
      <ele>978.00000</ele>
      <time>2009-12-31T23:34:50Z</time>
    </rtept>
    <rtept lat="41.01251000" lon="-121.696970">
      <ele>980.00000</ele>
      <time>2009-12-31T23:34:58Z</time>
    </rtept>
    <rtept lat="41.01248000" lon="-121.697120">
      <ele>979.00000</ele>
      <time>2009-12-31T23:35:02Z</time>
    </rtept>
    <rtept lat="41.01248000" lon="-121.697360">
      <ele>980.00000</ele>
      <time>2009-12-31T23:35:10Z</time>
    </rtept>
    <rtept lat="41.01243000" lon="-121.697630">
      <ele>982.00000</ele>
      <time>2009-12-31T23:35:18Z</time>
    </rtept>
    <rtept lat="41.01237000" lon="-121.697790">
      <ele>982.00000</ele>
      <time>2009-12-31T23:35:23Z</time>
    </rtept>
    <rtept lat="41.01235000" lon="-121.697940">
      <ele>982.00000</ele>
      <time>2009-12-31T23:35:28Z</time>
    </rtept>
    <rtept lat="41.01230000" lon="-121.698090">
      <ele>982.00000</ele>
      <time>2009-12-31T23:35:33Z</time>
    </rtept>
    <rtept lat="41.01228000" lon="-121.698200">
      <ele>982.00000</ele>
      <time>2009-12-31T23:35:36Z</time>
    </rtept>
    <rtept lat="41.01232000" lon="-121.698370">
      <ele>982.00000</ele>
      <time>2009-12-31T23:35:42Z</time>
    </rtept>
    <rtept lat="41.01233000" lon="-121.698500">
      <ele>982.00000</ele>
      <time>2009-12-31T23:35:46Z</time>
    </rtept>
    <rtept lat="41.01232000" lon="-121.698610">
      <ele>982.00000</ele>
      <time>2009-12-31T23:35:49Z</time>
    </rtept>
    <rtept lat="41.01226000" lon="-121.698690">
      <ele>982.00000</ele>
      <time>2009-12-31T23:35:52Z</time>
    </rtept>
    <rtept lat="41.01220000" lon="-121.698800">
      <ele>982.00000</ele>
      <time>2009-12-31T23:35:57Z</time>
    </rtept>
    <rtept lat="41.01220000" lon="-121.698900">
      <ele>981.00000</ele>
      <time>2009-12-31T23:36:00Z</time>
    </rtept>
    <rtept lat="41.01223000" lon="-121.699040">
      <ele>980.00000</ele>
      <time>2009-12-31T23:36:04Z</time>
    </rtept>
    <rtept lat="41.01225000" lon="-121.699220">
      <ele>979.00000</ele>
      <time>2009-12-31T23:36:10Z</time>
    </rtept>
    <rtept lat="41.01234000" lon="-121.699360">
      <ele>976.00000</ele>
      <time>2009-12-31T23:36:15Z</time>
    </rtept>
    <rtept lat="41.01258000" lon="-121.699510">
      <ele>972.00000</ele>
      <time>2009-12-31T23:36:26Z</time>
    </rtept>
    <rtept lat="41.01274000" lon="-121.699540">
      <ele>971.00000</ele>
      <time>2009-12-31T23:36:32Z</time>
    </rtept>
    <rtept lat="41.01283000" lon="-121.699510">
      <ele>970.00000</ele>
      <time>2009-12-31T23:36:36Z</time>
    </rtept>
    <rtept lat="41.01314000" lon="-121.699250">
      <ele>969.00000</ele>
      <time>2009-12-31T23:36:51Z</time>
    </rtept>
    <rtept lat="41.01328000" lon="-121.699140">
      <ele>969.00000</ele>
      <time>2009-12-31T23:36:57Z</time>
    </rtept>
    <rtept lat="41.01349000" lon="-121.698830">
      <ele>972.00000</ele>
      <time>2009-12-31T23:37:10Z</time>
    </rtept>
    <rtept lat="41.01357000" lon="-121.698780">
      <ele>971.00000</ele>
      <time>2009-12-31T23:37:13Z</time>
    </rtept>
    <rtept lat="41.01365000" lon="-121.698810">
      <ele>970.00000</ele>
      <time>2009-12-31T23:37:17Z</time>
    </rtept>
    <rtept lat="41.01390000" lon="-121.698920">
      <ele>965.00000</ele>
      <time>2009-12-31T23:37:27Z</time>
    </rtept>
    <rtept lat="41.01399000" lon="-121.699030">
      <ele>964.00000</ele>
      <time>2009-12-31T23:37:32Z</time>
    </rtept>
    <rtept lat="41.01408000" lon="-121.699220">
      <ele>962.00000</ele>
      <time>2009-12-31T23:37:39Z</time>
    </rtept>
    <rtept lat="41.01409000" lon="-121.699240">
      <ele>962.00000</ele>
      <time>2009-12-31T23:37:39Z</time>
    </rtept>
    <rtept lat="41.01411000" lon="-121.699370">
      <ele>960.00000</ele>
      <time>2009-12-31T23:37:43Z</time>
    </rtept>
    <rtept lat="41.01417000" lon="-121.699500">
      <ele>959.00000</ele>
      <time>2009-12-31T23:37:48Z</time>
    </rtept>
    <rtept lat="41.01421000" lon="-121.699590">
      <ele>957.00000</ele>
      <time>2009-12-31T23:37:51Z</time>
    </rtept>
    <rtept lat="41.01424000" lon="-121.699660">
      <ele>956.00000</ele>
      <time>2009-12-31T23:37:54Z</time>
    </rtept>
    <rtept lat="41.01431000" lon="-121.699680">
      <ele>955.00000</ele>
      <time>2009-12-31T23:37:57Z</time>
    </rtept>
    <rtept lat="41.01439000" lon="-121.699650">
      <ele>955.00000</ele>
      <time>2009-12-31T23:38:00Z</time>
    </rtept>
    <rtept lat="41.01445000" lon="-121.699580">
      <ele>956.00000</ele>
      <time>2009-12-31T23:38:03Z</time>
    </rtept>
    <rtept lat="41.01454000" lon="-121.699430">
      <ele>956.00000</ele>
      <time>2009-12-31T23:38:09Z</time>
    </rtept>
    <rtept lat="41.01458000" lon="-121.699400">
      <ele>956.00000</ele>
      <time>2009-12-31T23:38:11Z</time>
    </rtept>
    <rtept lat="41.01467000" lon="-121.699370">
      <ele>955.00000</ele>
      <time>2009-12-31T23:38:14Z</time>
    </rtept>
    <rtept lat="41.01477000" lon="-121.699250">
      <ele>955.00000</ele>
      <time>2009-12-31T23:38:20Z</time>
    </rtept>
    <rtept lat="41.01482000" lon="-121.699210">
      <ele>955.00000</ele>
      <time>2009-12-31T23:38:22Z</time>
    </rtept>
    <rtept lat="41.01491000" lon="-121.699210">
      <ele>955.00000</ele>
      <time>2009-12-31T23:38:26Z</time>
    </rtept>
    <rtept lat="41.01496000" lon="-121.699240">
      <ele>955.00000</ele>
      <time>2009-12-31T23:38:28Z</time>
    </rtept>
    <rtept lat="41.01502000" lon="-121.699320">
      <ele>954.00000</ele>
      <time>2009-12-31T23:38:31Z</time>
    </rtept>
    <rtept lat="41.01506000" lon="-121.699490">
      <ele>952.00000</ele>
      <time>2009-12-31T23:38:37Z</time>
    </rtept>
    <rtept lat="41.01517000" lon="-121.699800">
      <ele>949.00000</ele>
      <time>2009-12-31T23:38:47Z</time>
    </rtept>
    <rtept lat="41.01519000" lon="-121.700020">
      <ele>948.00000</ele>
      <time>2009-12-31T23:38:54Z</time>
    </rtept>
    <rtept lat="41.01514000" lon="-121.700080">
      <ele>948.00000</ele>
      <time>2009-12-31T23:38:56Z</time>
    </rtept>
    <rtept lat="41.01514000" lon="-121.700190">
      <ele>946.00000</ele>
      <time>2009-12-31T23:39:00Z</time>
    </rtept>
    <rtept lat="41.01519000" lon="-121.700510">
      <ele>941.00000</ele>
      <time>2009-12-31T23:39:10Z</time>
    </rtept>
    <rtept lat="41.01523000" lon="-121.700640">
      <ele>938.00000</ele>
      <time>2009-12-31T23:39:14Z</time>
    </rtept>
    <rtept lat="41.01523000" lon="-121.700730">
      <ele>937.00000</ele>
      <time>2009-12-31T23:39:17Z</time>
    </rtept>
    <rtept lat="41.01522000" lon="-121.700860">
      <ele>935.00000</ele>
      <time>2009-12-31T23:39:21Z</time>
    </rtept>
    <rtept lat="41.01523000" lon="-121.701000">
      <ele>933.00000</ele>
      <time>2009-12-31T23:39:25Z</time>
    </rtept>
    <rtept lat="41.01527000" lon="-121.701190">
      <ele>930.00000</ele>
      <time>2009-12-31T23:39:31Z</time>
    </rtept>
    <rtept lat="41.01533000" lon="-121.701300">
      <ele>930.00000</ele>
      <time>2009-12-31T23:39:35Z</time>
    </rtept>
    <rtept lat="41.01545000" lon="-121.701410">
      <ele>931.00000</ele>
      <time>2009-12-31T23:39:41Z</time>
    </rtept>
    <rtept lat="41.01554000" lon="-121.701470">
      <ele>932.00000</ele>
      <time>2009-12-31T23:39:45Z</time>
    </rtept>
    <rtept lat="41.01561000" lon="-121.701560">
      <ele>932.00000</ele>
      <time>2009-12-31T23:39:49Z</time>
    </rtept>
    <rtept lat="41.01565000" lon="-121.701660">
      <ele>931.00000</ele>
      <time>2009-12-31T23:39:52Z</time>
    </rtept>
    <rtept lat="41.01567000" lon="-121.701790">
      <ele>929.00000</ele>
      <time>2009-12-31T23:39:56Z</time>
    </rtept>
    <rtept lat="41.01572000" lon="-121.701910">
      <ele>927.00000</ele>
      <time>2009-12-31T23:40:00Z</time>
    </rtept>
    <rtept lat="41.01578000" lon="-121.702010">
      <ele>926.00000</ele>
      <time>2009-12-31T23:40:04Z</time>
    </rtept>
    <rtept lat="41.01579000" lon="-121.702110">
      <ele>924.00000</ele>
      <time>2009-12-31T23:40:07Z</time>
    </rtept>
    <rtept lat="41.01584000" lon="-121.702210">
      <ele>924.00000</ele>
      <time>2009-12-31T23:40:11Z</time>
    </rtept>
    <rtept lat="41.01596000" lon="-121.702280">
      <ele>926.00000</ele>
      <time>2009-12-31T23:40:16Z</time>
    </rtept>
    <rtept lat="41.01601000" lon="-121.702370">
      <ele>925.00000</ele>
      <time>2009-12-31T23:40:19Z</time>
    </rtept>
    <rtept lat="41.01604000" lon="-121.702550">
      <ele>922.00000</ele>
      <time>2009-12-31T23:40:25Z</time>
    </rtept>
    <rtept lat="41.01609000" lon="-121.702720">
      <ele>920.00000</ele>
      <time>2009-12-31T23:40:30Z</time>
    </rtept>
    <rtept lat="41.01614000" lon="-121.702920">
      <ele>919.00000</ele>
      <time>2009-12-31T23:40:37Z</time>
    </rtept>
    <rtept lat="41.01618000" lon="-121.703110">
      <ele>918.00000</ele>
      <time>2009-12-31T23:40:43Z</time>
    </rtept>
    <rtept lat="41.01619000" lon="-121.703240">
      <ele>917.00000</ele>
      <time>2009-12-31T23:40:47Z</time>
    </rtept>
    <rtept lat="41.01608000" lon="-121.703620">
      <ele>914.00000</ele>
      <time>2009-12-31T23:40:59Z</time>
    </rtept>
    <rtept lat="41.01608000" lon="-121.703760">
      <ele>914.00000</ele>
      <time>2009-12-31T23:41:03Z</time>
    </rtept>
    <rtept lat="41.01605000" lon="-121.703870">
      <ele>914.00000</ele>
      <time>2009-12-31T23:41:07Z</time>
    </rtept>
    <rtept lat="41.01597000" lon="-121.704000">
      <ele>913.00000</ele>
      <time>2009-12-31T23:41:12Z</time>
    </rtept>
    <rtept lat="41.01597000" lon="-121.704070">
      <ele>913.00000</ele>
      <time>2009-12-31T23:41:14Z</time>
    </rtept>
    <rtept lat="41.01598000" lon="-121.704140">
      <ele>914.00000</ele>
      <time>2009-12-31T23:41:16Z</time>
    </rtept>
    <rtept lat="41.01603000" lon="-121.704130">
      <ele>914.00000</ele>
      <time>2009-12-31T23:41:18Z</time>
    </rtept>
    <rtept lat="41.01609000" lon="-121.704080">
      <ele>914.00000</ele>
      <time>2009-12-31T23:41:21Z</time>
    </rtept>
    <rtept lat="41.01615000" lon="-121.703990">
      <ele>915.00000</ele>
      <time>2009-12-31T23:41:25Z</time>
    </rtept>
    <rtept lat="41.01621000" lon="-121.703920">
      <ele>915.00000</ele>
      <time>2009-12-31T23:41:28Z</time>
    </rtept>
    <rtept lat="41.01627000" lon="-121.703870">
      <ele>916.00000</ele>
      <time>2009-12-31T23:41:31Z</time>
    </rtept>
    <rtept lat="41.01632000" lon="-121.703870">
      <ele>917.00000</ele>
      <time>2009-12-31T23:41:33Z</time>
    </rtept>
    <rtept lat="41.01635000" lon="-121.703900">
      <ele>917.00000</ele>
      <time>2009-12-31T23:41:34Z</time>
    </rtept>
    <rtept lat="41.01636000" lon="-121.704010">
      <ele>916.00000</ele>
      <time>2009-12-31T23:41:37Z</time>
    </rtept>
    <rtept lat="41.01641000" lon="-121.704150">
      <ele>914.00000</ele>
      <time>2009-12-31T23:41:42Z</time>
    </rtept>
    <rtept lat="41.01647000" lon="-121.704270">
      <ele>912.00000</ele>
      <time>2009-12-31T23:41:47Z</time>
    </rtept>
    <rtept lat="41.01662000" lon="-121.704480">
      <ele>907.00000</ele>
      <time>2009-12-31T23:41:55Z</time>
    </rtept>
    <rtept lat="41.01678000" lon="-121.704600">
      <ele>905.00000</ele>
      <time>2009-12-31T23:42:03Z</time>
    </rtept>
    <rtept lat="41.01690000" lon="-121.704680">
      <ele>903.00000</ele>
      <time>2009-12-31T23:42:08Z</time>
    </rtept>
    <rtept lat="41.01704000" lon="-121.704720">
      <ele>901.00000</ele>
      <time>2009-12-31T23:42:14Z</time>
    </rtept>
    <rtept lat="41.01716000" lon="-121.704650">
      <ele>902.00000</ele>
      <time>2009-12-31T23:42:19Z</time>
    </rtept>
    <rtept lat="41.01736000" lon="-121.704480">
      <ele>906.00000</ele>
      <time>2009-12-31T23:42:28Z</time>
    </rtept>
    <rtept lat="41.01754000" lon="-121.704290">
      <ele>907.00000</ele>
      <time>2009-12-31T23:42:38Z</time>
    </rtept>
    <rtept lat="41.01758000" lon="-121.704130">
      <ele>909.00000</ele>
      <time>2009-12-31T23:42:43Z</time>
    </rtept>
    <rtept lat="41.01761000" lon="-121.704040">
      <ele>909.00000</ele>
      <time>2009-12-31T23:42:46Z</time>
    </rtept>
    <rtept lat="41.01764000" lon="-121.704000">
      <ele>909.00000</ele>
      <time>2009-12-31T23:42:47Z</time>
    </rtept>
    <rtept lat="41.01768000" lon="-121.704010">
      <ele>908.00000</ele>
      <time>2009-12-31T23:42:49Z</time>
    </rtept>
    <rtept lat="41.01774000" lon="-121.704160">
      <ele>905.00000</ele>
      <time>2009-12-31T23:42:54Z</time>
    </rtept>
    <rtept lat="41.01779000" lon="-121.704230">
      <ele>904.00000</ele>
      <time>2009-12-31T23:42:57Z</time>
    </rtept>
    <rtept lat="41.01789000" lon="-121.704280">
      <ele>905.00000</ele>
      <time>2009-12-31T23:43:01Z</time>
    </rtept>
    <rtept lat="41.01796000" lon="-121.704320">
      <ele>906.00000</ele>
      <time>2009-12-31T23:43:04Z</time>
    </rtept>
    <rtept lat="41.01797000" lon="-121.704390">
      <ele>906.00000</ele>
      <time>2009-12-31T23:43:07Z</time>
    </rtept>
    <rtept lat="41.01796000" lon="-121.704470">
      <ele>906.00000</ele>
      <time>2009-12-31T23:43:09Z</time>
    </rtept>
    <rtept lat="41.01791000" lon="-121.704550">
      <ele>905.00000</ele>
      <time>2009-12-31T23:43:12Z</time>
    </rtept>
    <rtept lat="41.01783000" lon="-121.704560">
      <ele>904.00000</ele>
      <time>2009-12-31T23:43:15Z</time>
    </rtept>
    <rtept lat="41.01775000" lon="-121.704590">
      <ele>903.00000</ele>
      <time>2009-12-31T23:43:19Z</time>
    </rtept>
    <rtept lat="41.01765000" lon="-121.704680">
      <ele>903.00000</ele>
      <time>2009-12-31T23:43:24Z</time>
    </rtept>
    <rtept lat="41.01762000" lon="-121.704750">
      <ele>902.00000</ele>
      <time>2009-12-31T23:43:26Z</time>
    </rtept>
    <rtept lat="41.01756000" lon="-121.704860">
      <ele>901.00000</ele>
      <time>2009-12-31T23:43:30Z</time>
    </rtept>
    <rtept lat="41.01750000" lon="-121.704980">
      <ele>899.00000</ele>
      <time>2009-12-31T23:43:34Z</time>
    </rtept>
    <rtept lat="41.01747000" lon="-121.705110">
      <ele>896.00000</ele>
      <time>2009-12-31T23:43:39Z</time>
    </rtept>
    <rtept lat="41.01747000" lon="-121.705370">
      <ele>893.00000</ele>
      <time>2009-12-31T23:43:46Z</time>
    </rtept>
    <rtept lat="41.01744000" lon="-121.705690">
      <ele>889.00000</ele>
      <time>2009-12-31T23:43:56Z</time>
    </rtept>
    <rtept lat="41.01744000" lon="-121.706110">
      <ele>886.00000</ele>
      <time>2009-12-31T23:44:09Z</time>
    </rtept>
    <rtept lat="41.01748000" lon="-121.706310">
      <ele>886.00000</ele>
      <time>2009-12-31T23:44:15Z</time>
    </rtept>
    <rtept lat="41.01753000" lon="-121.706380">
      <ele>887.00000</ele>
      <time>2009-12-31T23:44:18Z</time>
    </rtept>
    <rtept lat="41.01759000" lon="-121.706390">
      <ele>887.00000</ele>
      <time>2009-12-31T23:44:20Z</time>
    </rtept>
    <rtept lat="41.01765000" lon="-121.706380">
      <ele>888.00000</ele>
      <time>2009-12-31T23:44:23Z</time>
    </rtept>
    <rtept lat="41.01771000" lon="-121.706360">
      <ele>889.00000</ele>
      <time>2009-12-31T23:44:25Z</time>
    </rtept>
    <rtept lat="41.01776000" lon="-121.706360">
      <ele>889.00000</ele>
      <time>2009-12-31T23:44:27Z</time>
    </rtept>
    <rtept lat="41.01778000" lon="-121.706420">
      <ele>889.00000</ele>
      <time>2009-12-31T23:44:29Z</time>
    </rtept>
    <rtept lat="41.01778000" lon="-121.706460">
      <ele>889.00000</ele>
      <time>2009-12-31T23:44:30Z</time>
    </rtept>
    <rtept lat="41.01775000" lon="-121.706540">
      <ele>888.00000</ele>
      <time>2009-12-31T23:44:33Z</time>
    </rtept>
    <rtept lat="41.01768000" lon="-121.706690">
      <ele>886.00000</ele>
      <time>2009-12-31T23:44:39Z</time>
    </rtept>
    <rtept lat="41.01762000" lon="-121.706800">
      <ele>884.00000</ele>
      <time>2009-12-31T23:44:43Z</time>
    </rtept>
    <rtept lat="41.01758000" lon="-121.706840">
      <ele>883.00000</ele>
      <time>2009-12-31T23:44:45Z</time>
    </rtept>
    <rtept lat="41.01752000" lon="-121.706880">
      <ele>882.00000</ele>
      <time>2009-12-31T23:44:47Z</time>
    </rtept>
    <rtept lat="41.01750000" lon="-121.706910">
      <ele>881.00000</ele>
      <time>2009-12-31T23:44:49Z</time>
    </rtept>
    <rtept lat="41.01750000" lon="-121.706970">
      <ele>880.00000</ele>
      <time>2009-12-31T23:44:50Z</time>
    </rtept>
    <rtept lat="41.01755000" lon="-121.707040">
      <ele>879.00000</ele>
      <time>2009-12-31T23:44:53Z</time>
    </rtept>
    <rtept lat="41.01768000" lon="-121.707100">
      <ele>878.00000</ele>
      <time>2009-12-31T23:44:59Z</time>
    </rtept>
    <rtept lat="41.01819000" lon="-121.706990">
      <ele>886.00000</ele>
      <time>2009-12-31T23:45:19Z</time>
    </rtept>
    <rtept lat="41.01835000" lon="-121.707010">
      <ele>887.00000</ele>
      <time>2009-12-31T23:45:26Z</time>
    </rtept>
    <rtept lat="41.01849000" lon="-121.707050">
      <ele>887.00000</ele>
      <time>2009-12-31T23:45:32Z</time>
    </rtept>
    <rtept lat="41.01854000" lon="-121.707080">
      <ele>887.00000</ele>
      <time>2009-12-31T23:45:34Z</time>
    </rtept>
    <rtept lat="41.01866000" lon="-121.707220">
      <ele>886.00000</ele>
      <time>2009-12-31T23:45:40Z</time>
    </rtept>
    <rtept lat="41.01885000" lon="-121.707380">
      <ele>888.00000</ele>
      <time>2009-12-31T23:45:49Z</time>
    </rtept>
    <rtept lat="41.01901000" lon="-121.707470">
      <ele>890.00000</ele>
      <time>2009-12-31T23:45:56Z</time>
    </rtept>
    <rtept lat="41.01911000" lon="-121.707490">
      <ele>891.00000</ele>
      <time>2009-12-31T23:46:00Z</time>
    </rtept>
    <rtept lat="41.01917000" lon="-121.707520">
      <ele>892.00000</ele>
      <time>2009-12-31T23:46:03Z</time>
    </rtept>
    <rtept lat="41.01919000" lon="-121.707610">
      <ele>890.00000</ele>
      <time>2009-12-31T23:46:06Z</time>
    </rtept>
    <rtept lat="41.01919000" lon="-121.707700">
      <ele>888.00000</ele>
      <time>2009-12-31T23:46:08Z</time>
    </rtept>
    <rtept lat="41.01925000" lon="-121.707790">
      <ele>886.00000</ele>
      <time>2009-12-31T23:46:12Z</time>
    </rtept>
    <rtept lat="41.01934000" lon="-121.707840">
      <ele>886.00000</ele>
      <time>2009-12-31T23:46:16Z</time>
    </rtept>
    <rtept lat="41.01951000" lon="-121.707830">
      <ele>887.00000</ele>
      <time>2009-12-31T23:46:23Z</time>
    </rtept>
    <rtept lat="41.01968000" lon="-121.707820">
      <ele>888.00000</ele>
      <time>2009-12-31T23:46:30Z</time>
    </rtept>
    <rtept lat="41.01981000" lon="-121.707850">
      <ele>889.00000</ele>
      <time>2009-12-31T23:46:35Z</time>
    </rtept>
    <rtept lat="41.01991000" lon="-121.707910">
      <ele>889.00000</ele>
      <time>2009-12-31T23:46:39Z</time>
    </rtept>
    <rtept lat="41.02000000" lon="-121.707930">
      <ele>891.00000</ele>
      <time>2009-12-31T23:46:43Z</time>
    </rtept>
    <rtept lat="41.02010000" lon="-121.708060">
      <ele>891.00000</ele>
      <time>2009-12-31T23:46:48Z</time>
    </rtept>
    <rtept lat="41.02036000" lon="-121.708320">
      <ele>891.00000</ele>
      <time>2009-12-31T23:47:01Z</time>
    </rtept>
    <rtept lat="41.02040000" lon="-121.708360">
      <ele>890.00000</ele>
      <time>2009-12-31T23:47:03Z</time>
    </rtept>
    <rtept lat="41.02046000" lon="-121.708330">
      <ele>892.00000</ele>
      <time>2009-12-31T23:47:06Z</time>
    </rtept>
    <rtept lat="41.02053000" lon="-121.708280">
      <ele>894.00000</ele>
      <time>2009-12-31T23:47:09Z</time>
    </rtept>
    <rtept lat="41.02065000" lon="-121.708230">
      <ele>898.00000</ele>
      <time>2009-12-31T23:47:14Z</time>
    </rtept>
    <rtept lat="41.02092000" lon="-121.708220">
      <ele>900.00000</ele>
      <time>2009-12-31T23:47:25Z</time>
    </rtept>
    <rtept lat="41.02117000" lon="-121.708220">
      <ele>901.00000</ele>
      <time>2009-12-31T23:47:35Z</time>
    </rtept>
    <rtept lat="41.02132000" lon="-121.708250">
      <ele>902.00000</ele>
      <time>2009-12-31T23:47:41Z</time>
    </rtept>
    <rtept lat="41.02151000" lon="-121.708300">
      <ele>905.00000</ele>
      <time>2009-12-31T23:47:49Z</time>
    </rtept>
    <rtept lat="41.02164000" lon="-121.708360">
      <ele>906.00000</ele>
      <time>2009-12-31T23:47:54Z</time>
    </rtept>
    <rtept lat="41.02178000" lon="-121.708430">
      <ele>908.00000</ele>
      <time>2009-12-31T23:48:00Z</time>
    </rtept>
    <rtept lat="41.02190000" lon="-121.708550">
      <ele>907.00000</ele>
      <time>2009-12-31T23:48:06Z</time>
    </rtept>
    <rtept lat="41.02199000" lon="-121.708630">
      <ele>908.00000</ele>
      <time>2009-12-31T23:48:11Z</time>
    </rtept>
    <rtept lat="41.02203000" lon="-121.708770">
      <ele>908.00000</ele>
      <time>2009-12-31T23:48:15Z</time>
    </rtept>
    <rtept lat="41.02208000" lon="-121.708910">
      <ele>908.00000</ele>
      <time>2009-12-31T23:48:20Z</time>
    </rtept>
    <rtept lat="41.02217000" lon="-121.709030">
      <ele>912.00000</ele>
      <time>2009-12-31T23:48:25Z</time>
    </rtept>
    <rtept lat="41.02221000" lon="-121.709100">
      <ele>913.00000</ele>
      <time>2009-12-31T23:48:28Z</time>
    </rtept>
    <rtept lat="41.02221000" lon="-121.709180">
      <ele>913.00000</ele>
      <time>2009-12-31T23:48:30Z</time>
    </rtept>
    <rtept lat="41.02220000" lon="-121.709330">
      <ele>910.00000</ele>
      <time>2009-12-31T23:48:35Z</time>
    </rtept>
    <rtept lat="41.02219000" lon="-121.709480">
      <ele>908.00000</ele>
      <time>2009-12-31T23:48:39Z</time>
    </rtept>
    <rtept lat="41.02223000" lon="-121.709640">
      <ele>910.00000</ele>
      <time>2009-12-31T23:48:44Z</time>
    </rtept>
    <rtept lat="41.02228000" lon="-121.709740">
      <ele>913.00000</ele>
      <time>2009-12-31T23:48:48Z</time>
    </rtept>
    <rtept lat="41.02229000" lon="-121.709920">
      <ele>914.00000</ele>
      <time>2009-12-31T23:48:53Z</time>
    </rtept>
    <rtept lat="41.02229000" lon="-121.710310">
      <ele>911.00000</ele>
      <time>2009-12-31T23:49:05Z</time>
    </rtept>
    <rtept lat="41.02230000" lon="-121.710730">
      <ele>913.00000</ele>
      <time>2009-12-31T23:49:18Z</time>
    </rtept>
    <rtept lat="41.02230000" lon="-121.711000">
      <ele>915.00000</ele>
      <time>2009-12-31T23:49:26Z</time>
    </rtept>
    <rtept lat="41.02229000" lon="-121.711230">
      <ele>917.00000</ele>
      <time>2009-12-31T23:49:33Z</time>
    </rtept>
    <rtept lat="41.02221000" lon="-121.711400">
      <ele>915.00000</ele>
      <time>2009-12-31T23:49:39Z</time>
    </rtept>
    <rtept lat="41.02219000" lon="-121.711540">
      <ele>913.00000</ele>
      <time>2009-12-31T23:49:43Z</time>
    </rtept>
    <rtept lat="41.02218000" lon="-121.711680">
      <ele>911.00000</ele>
      <time>2009-12-31T23:49:48Z</time>
    </rtept>
    <rtept lat="41.02221000" lon="-121.711860">
      <ele>909.00000</ele>
      <time>2009-12-31T23:49:53Z</time>
    </rtept>
    <rtept lat="41.02220000" lon="-121.712020">
      <ele>905.00000</ele>
      <time>2009-12-31T23:49:58Z</time>
    </rtept>
    <rtept lat="41.02224000" lon="-121.712180">
      <ele>903.00000</ele>
      <time>2009-12-31T23:50:03Z</time>
    </rtept>
    <rtept lat="41.02234000" lon="-121.712290">
      <ele>906.00000</ele>
      <time>2009-12-31T23:50:08Z</time>
    </rtept>
    <rtept lat="41.02247000" lon="-121.712370">
      <ele>912.00000</ele>
      <time>2009-12-31T23:50:14Z</time>
    </rtept>
    <rtept lat="41.02271000" lon="-121.712470">
      <ele>923.00000</ele>
      <time>2009-12-31T23:50:24Z</time>
    </rtept>
    <rtept lat="41.02287000" lon="-121.712570">
      <ele>927.00000</ele>
      <time>2009-12-31T23:50:31Z</time>
    </rtept>
    <rtept lat="41.02303000" lon="-121.712770">
      <ele>926.00000</ele>
      <time>2009-12-31T23:50:40Z</time>
    </rtept>
    <rtept lat="41.02323000" lon="-121.713030">
      <ele>921.00000</ele>
      <time>2009-12-31T23:50:51Z</time>
    </rtept>
    <rtept lat="41.02338000" lon="-121.713170">
      <ele>920.00000</ele>
      <time>2009-12-31T23:50:59Z</time>
    </rtept>
    <rtept lat="41.02355000" lon="-121.713170">
      <ele>924.00000</ele>
      <time>2009-12-31T23:51:05Z</time>
    </rtept>
    <rtept lat="41.02370000" lon="-121.713140">
      <ele>927.00000</ele>
      <time>2009-12-31T23:51:11Z</time>
    </rtept>
    <rtept lat="41.02391000" lon="-121.713100">
      <ele>929.00000</ele>
      <time>2009-12-31T23:51:20Z</time>
    </rtept>
    <rtept lat="41.02399000" lon="-121.713090">
      <ele>928.00000</ele>
      <time>2009-12-31T23:51:23Z</time>
    </rtept>
    <rtept lat="41.02407000" lon="-121.713100">
      <ele>927.00000</ele>
      <time>2009-12-31T23:51:26Z</time>
    </rtept>
    <rtept lat="41.02419000" lon="-121.713190">
      <ele>924.00000</ele>
      <time>2009-12-31T23:51:32Z</time>
    </rtept>
    <rtept lat="41.02439000" lon="-121.713260">
      <ele>921.00000</ele>
      <time>2009-12-31T23:51:40Z</time>
    </rtept>
    <rtept lat="41.02455000" lon="-121.713390">
      <ele>920.00000</ele>
      <time>2009-12-31T23:51:48Z</time>
    </rtept>
    <rtept lat="41.02462000" lon="-121.713480">
      <ele>919.00000</ele>
      <time>2009-12-31T23:51:52Z</time>
    </rtept>
    <rtept lat="41.02473000" lon="-121.713520">
      <ele>920.00000</ele>
      <time>2009-12-31T23:51:56Z</time>
    </rtept>
    <rtept lat="41.02489000" lon="-121.713530">
      <ele>922.00000</ele>
      <time>2009-12-31T23:52:03Z</time>
    </rtept>
    <rtept lat="41.02501000" lon="-121.713530">
      <ele>925.00000</ele>
      <time>2009-12-31T23:52:07Z</time>
    </rtept>
    <rtept lat="41.02508000" lon="-121.713560">
      <ele>924.00000</ele>
      <time>2009-12-31T23:52:10Z</time>
    </rtept>
    <rtept lat="41.02507000" lon="-121.713730">
      <ele>923.00000</ele>
      <time>2009-12-31T23:52:15Z</time>
    </rtept>
    <rtept lat="41.02506000" lon="-121.713760">
      <ele>923.00000</ele>
      <time>2009-12-31T23:52:16Z</time>
    </rtept>
    <rtept lat="41.02503000" lon="-121.713810">
      <ele>922.00000</ele>
      <time>2009-12-31T23:52:18Z</time>
    </rtept>
    <rtept lat="41.02492000" lon="-121.713910">
      <ele>920.00000</ele>
      <time>2009-12-31T23:52:24Z</time>
    </rtept>
    <rtept lat="41.02494000" lon="-121.713930">
      <ele>921.00000</ele>
      <time>2009-12-31T23:52:25Z</time>
    </rtept>
    <rtept lat="41.02495000" lon="-121.713950">
      <ele>922.00000</ele>
      <time>2009-12-31T23:52:25Z</time>
    </rtept>
    <rtept lat="41.02498000" lon="-121.713960">
      <ele>923.00000</ele>
      <time>2009-12-31T23:52:27Z</time>
    </rtept>
    <rtept lat="41.02505000" lon="-121.713930">
      <ele>924.00000</ele>
      <time>2009-12-31T23:52:30Z</time>
    </rtept>
    <rtept lat="41.02508000" lon="-121.713930">
      <ele>925.00000</ele>
      <time>2009-12-31T23:52:31Z</time>
    </rtept>
    <rtept lat="41.02510000" lon="-121.713960">
      <ele>927.00000</ele>
      <time>2009-12-31T23:52:32Z</time>
    </rtept>
    <rtept lat="41.02503000" lon="-121.714010">
      <ele>926.00000</ele>
      <time>2009-12-31T23:52:35Z</time>
    </rtept>
    <rtept lat="41.02496000" lon="-121.714050">
      <ele>926.00000</ele>
      <time>2009-12-31T23:52:38Z</time>
    </rtept>
    <rtept lat="41.02486000" lon="-121.714110">
      <ele>926.00000</ele>
      <time>2009-12-31T23:52:43Z</time>
    </rtept>
    <rtept lat="41.02479000" lon="-121.714200">
      <ele>928.00000</ele>
      <time>2009-12-31T23:52:47Z</time>
    </rtept>
    <rtept lat="41.02473000" lon="-121.714270">
      <ele>930.00000</ele>
      <time>2009-12-31T23:52:50Z</time>
    </rtept>
    <rtept lat="41.02456000" lon="-121.714300">
      <ele>934.00000</ele>
      <time>2009-12-31T23:52:57Z</time>
    </rtept>
    <rtept lat="41.02439000" lon="-121.714330">
      <ele>936.00000</ele>
      <time>2009-12-31T23:53:03Z</time>
    </rtept>
    <rtept lat="41.02411000" lon="-121.714170">
      <ele>925.00000</ele>
      <time>2009-12-31T23:53:16Z</time>
    </rtept>
    <rtept lat="41.02397000" lon="-121.714220">
      <ele>925.00000</ele>
      <time>2009-12-31T23:53:21Z</time>
    </rtept>
    <rtept lat="41.02386000" lon="-121.714200">
      <ele>924.00000</ele>
      <time>2009-12-31T23:53:26Z</time>
    </rtept>
    <rtept lat="41.02379000" lon="-121.714270">
      <ele>926.00000</ele>
      <time>2009-12-31T23:53:29Z</time>
    </rtept>
    <rtept lat="41.02369000" lon="-121.714390">
      <ele>929.00000</ele>
      <time>2009-12-31T23:53:35Z</time>
    </rtept>
    <rtept lat="41.02367000" lon="-121.714460">
      <ele>932.00000</ele>
      <time>2009-12-31T23:53:37Z</time>
    </rtept>
    <rtept lat="41.02368000" lon="-121.714590">
      <ele>937.00000</ele>
      <time>2009-12-31T23:53:41Z</time>
    </rtept>
    <rtept lat="41.02365000" lon="-121.714630">
      <ele>939.00000</ele>
      <time>2009-12-31T23:53:43Z</time>
    </rtept>
    <rtept lat="41.02335000" lon="-121.714580">
      <ele>943.00000</ele>
      <time>2009-12-31T23:53:55Z</time>
    </rtept>
    <rtept lat="41.02312000" lon="-121.714530">
      <ele>947.00000</ele>
      <time>2009-12-31T23:54:04Z</time>
    </rtept>
    <rtept lat="41.02305000" lon="-121.714570">
      <ele>949.00000</ele>
      <time>2009-12-31T23:54:07Z</time>
    </rtept>
    <rtept lat="41.02291000" lon="-121.714710">
      <ele>952.00000</ele>
      <time>2009-12-31T23:54:14Z</time>
    </rtept>
    <rtept lat="41.02289000" lon="-121.714790">
      <ele>954.00000</ele>
      <time>2009-12-31T23:54:17Z</time>
    </rtept>
    <rtept lat="41.02291000" lon="-121.714870">
      <ele>955.00000</ele>
      <time>2009-12-31T23:54:19Z</time>
    </rtept>
    <rtept lat="41.02296000" lon="-121.714950">
      <ele>957.00000</ele>
      <time>2009-12-31T23:54:22Z</time>
    </rtept>
    <rtept lat="41.02303000" lon="-121.715000">
      <ele>957.00000</ele>
      <time>2009-12-31T23:54:26Z</time>
    </rtept>
    <rtept lat="41.02313000" lon="-121.715050">
      <ele>958.00000</ele>
      <time>2009-12-31T23:54:30Z</time>
    </rtept>
    <rtept lat="41.02323000" lon="-121.715070">
      <ele>958.00000</ele>
      <time>2009-12-31T23:54:34Z</time>
    </rtept>
    <rtept lat="41.02343000" lon="-121.715060">
      <ele>956.00000</ele>
      <time>2009-12-31T23:54:42Z</time>
    </rtept>
    <rtept lat="41.02358000" lon="-121.715050">
      <ele>953.00000</ele>
      <time>2009-12-31T23:54:48Z</time>
    </rtept>
    <rtept lat="41.02372000" lon="-121.715080">
      <ele>952.00000</ele>
      <time>2009-12-31T23:54:54Z</time>
    </rtept>
    <rtept lat="41.02381000" lon="-121.715160">
      <ele>953.00000</ele>
      <time>2009-12-31T23:54:58Z</time>
    </rtept>
    <rtept lat="41.02392000" lon="-121.715310">
      <ele>953.00000</ele>
      <time>2009-12-31T23:55:04Z</time>
    </rtept>
    <rtept lat="41.02400000" lon="-121.715350">
      <ele>953.00000</ele>
      <time>2009-12-31T23:55:08Z</time>
    </rtept>
    <rtept lat="41.02405000" lon="-121.715320">
      <ele>953.00000</ele>
      <time>2009-12-31T23:55:10Z</time>
    </rtept>
    <rtept lat="41.02416000" lon="-121.715200">
      <ele>952.00000</ele>
      <time>2009-12-31T23:55:16Z</time>
    </rtept>
    <rtept lat="41.02422000" lon="-121.715150">
      <ele>952.00000</ele>
      <time>2009-12-31T23:55:19Z</time>
    </rtept>
    <rtept lat="41.02434000" lon="-121.715200">
      <ele>953.00000</ele>
      <time>2009-12-31T23:55:24Z</time>
    </rtept>
    <rtept lat="41.02440000" lon="-121.715300">
      <ele>953.00000</ele>
      <time>2009-12-31T23:55:27Z</time>
    </rtept>
    <rtept lat="41.02444000" lon="-121.715430">
      <ele>953.00000</ele>
      <time>2009-12-31T23:55:32Z</time>
    </rtept>
    <rtept lat="41.02445000" lon="-121.715720">
      <ele>953.00000</ele>
      <time>2009-12-31T23:55:40Z</time>
    </rtept>
    <rtept lat="41.02448000" lon="-121.715780">
      <ele>953.00000</ele>
      <time>2009-12-31T23:55:43Z</time>
    </rtept>
    <rtept lat="41.02454000" lon="-121.715870">
      <ele>954.00000</ele>
      <time>2009-12-31T23:55:46Z</time>
    </rtept>
    <rtept lat="41.02477000" lon="-121.715970">
      <ele>958.00000</ele>
      <time>2009-12-31T23:55:56Z</time>
    </rtept>
    <rtept lat="41.02487000" lon="-121.716040">
      <ele>960.00000</ele>
      <time>2009-12-31T23:56:00Z</time>
    </rtept>
    <rtept lat="41.02498000" lon="-121.716120">
      <ele>961.00000</ele>
      <time>2009-12-31T23:56:05Z</time>
    </rtept>
    <rtept lat="41.02507000" lon="-121.716230">
      <ele>963.00000</ele>
      <time>2009-12-31T23:56:10Z</time>
    </rtept>
    <rtept lat="41.02512000" lon="-121.716390">
      <ele>964.00000</ele>
      <time>2009-12-31T23:56:16Z</time>
    </rtept>
    <rtept lat="41.02519000" lon="-121.716620">
      <ele>965.00000</ele>
      <time>2009-12-31T23:56:23Z</time>
    </rtept>
    <rtept lat="41.02528000" lon="-121.716840">
      <ele>967.00000</ele>
      <time>2009-12-31T23:56:31Z</time>
    </rtept>
    <rtept lat="41.02538000" lon="-121.716970">
      <ele>968.00000</ele>
      <time>2009-12-31T23:56:36Z</time>
    </rtept>
    <rtept lat="41.02553000" lon="-121.717090">
      <ele>970.00000</ele>
      <time>2009-12-31T23:56:43Z</time>
    </rtept>
    <rtept lat="41.02571000" lon="-121.717210">
      <ele>972.00000</ele>
      <time>2009-12-31T23:56:51Z</time>
    </rtept>
    <rtept lat="41.02602000" lon="-121.717510">
      <ele>979.00000</ele>
      <time>2009-12-31T23:57:07Z</time>
    </rtept>
    <rtept lat="41.02615000" lon="-121.717600">
      <ele>982.00000</ele>
      <time>2009-12-31T23:57:13Z</time>
    </rtept>
    <rtept lat="41.02625000" lon="-121.717810">
      <ele>984.00000</ele>
      <time>2009-12-31T23:57:20Z</time>
    </rtept>
    <rtept lat="41.02627000" lon="-121.717910">
      <ele>984.00000</ele>
      <time>2009-12-31T23:57:23Z</time>
    </rtept>
    <rtept lat="41.02628000" lon="-121.718020">
      <ele>985.00000</ele>
      <time>2009-12-31T23:57:27Z</time>
    </rtept>
    <rtept lat="41.02626000" lon="-121.718090">
      <ele>985.00000</ele>
      <time>2009-12-31T23:57:29Z</time>
    </rtept>
    <rtept lat="41.02623000" lon="-121.718110">
      <ele>985.00000</ele>
      <time>2009-12-31T23:57:30Z</time>
    </rtept>
    <rtept lat="41.02613000" lon="-121.718110">
      <ele>984.00000</ele>
      <time>2009-12-31T23:57:34Z</time>
    </rtept>
    <rtept lat="41.02601000" lon="-121.718150">
      <ele>984.00000</ele>
      <time>2009-12-31T23:57:39Z</time>
    </rtept>
    <rtept lat="41.02595000" lon="-121.718190">
      <ele>984.00000</ele>
      <time>2009-12-31T23:57:42Z</time>
    </rtept>
    <rtept lat="41.02580000" lon="-121.718220">
      <ele>985.00000</ele>
      <time>2009-12-31T23:57:48Z</time>
    </rtept>
    <rtept lat="41.02569000" lon="-121.718270">
      <ele>986.00000</ele>
      <time>2009-12-31T23:57:53Z</time>
    </rtept>
    <rtept lat="41.02555000" lon="-121.718330">
      <ele>987.00000</ele>
      <time>2009-12-31T23:57:58Z</time>
    </rtept>
    <rtept lat="41.02534000" lon="-121.718540">
      <ele>989.00000</ele>
      <time>2009-12-31T23:58:09Z</time>
    </rtept>
    <rtept lat="41.02526000" lon="-121.718580">
      <ele>989.00000</ele>
      <time>2009-12-31T23:58:12Z</time>
    </rtept>
    <rtept lat="41.02505000" lon="-121.718570">
      <ele>989.00000</ele>
      <time>2009-12-31T23:58:21Z</time>
    </rtept>
    <rtept lat="41.02496000" lon="-121.718590">
      <ele>989.00000</ele>
      <time>2009-12-31T23:58:24Z</time>
    </rtept>
    <rtept lat="41.02489000" lon="-121.718680">
      <ele>991.00000</ele>
      <time>2009-12-31T23:58:28Z</time>
    </rtept>
    <rtept lat="41.02474000" lon="-121.718930">
      <ele>996.00000</ele>
      <time>2009-12-31T23:58:38Z</time>
    </rtept>
    <rtept lat="41.02456000" lon="-121.719090">
      <ele>1000.0000</ele>
      <time>2009-12-31T23:58:47Z</time>
    </rtept>
    <rtept lat="41.02452000" lon="-121.719190">
      <ele>1002.0000</ele>
      <time>2009-12-31T23:58:50Z</time>
    </rtept>
    <rtept lat="41.02447000" lon="-121.719340">
      <ele>1005.0000</ele>
      <time>2009-12-31T23:58:55Z</time>
    </rtept>
    <rtept lat="41.02441000" lon="-121.719470">
      <ele>1007.0000</ele>
      <time>2009-12-31T23:59:00Z</time>
    </rtept>
    <rtept lat="41.02427000" lon="-121.719670">
      <ele>1009.0000</ele>
      <time>2009-12-31T23:59:08Z</time>
    </rtept>
    <rtept lat="41.02416000" lon="-121.719770">
      <ele>1009.0000</ele>
      <time>2009-12-31T23:59:13Z</time>
    </rtept>
    <rtept lat="41.02404000" lon="-121.719800">
      <ele>1008.0000</ele>
      <time>2009-12-31T23:59:18Z</time>
    </rtept>
    <rtept lat="41.02378000" lon="-121.719820">
      <ele>1008.0000</ele>
      <time>2009-12-31T23:59:28Z</time>
    </rtept>
    <rtept lat="41.02364000" lon="-121.719870">
      <ele>1009.0000</ele>
      <time>2009-12-31T23:59:34Z</time>
    </rtept>
    <rtept lat="41.02346000" lon="-121.719960">
      <ele>1009.0000</ele>
      <time>2009-12-31T23:59:42Z</time>
    </rtept>
    <rtept lat="41.02335000" lon="-121.720090">
      <ele>1010.0000</ele>
      <time>2009-12-31T23:59:48Z</time>
    </rtept>
    <rtept lat="41.02324000" lon="-121.720280">
      <ele>1011.0000</ele>
      <time>2009-12-31T23:59:55Z</time>
    </rtept>
    <rtept lat="41.02320000" lon="-121.720370">
      <ele>1011.0000</ele>
      <time>2009-12-31T23:59:58Z</time>
    </rtept>
    <rtept lat="41.02318000" lon="-121.720470">
      <ele>1010.0000</ele>
      <time>2010-01-01T00:00:01Z</time>
    </rtept>
    <rtept lat="41.02319000" lon="-121.720570">
      <ele>1010.0000</ele>
      <time>2010-01-01T00:00:04Z</time>
    </rtept>
    <rtept lat="41.02324000" lon="-121.720670">
      <ele>1009.0000</ele>
      <time>2010-01-01T00:00:08Z</time>
    </rtept>
    <rtept lat="41.02331000" lon="-121.720790">
      <ele>1009.0000</ele>
      <time>2010-01-01T00:00:13Z</time>
    </rtept>
    <rtept lat="41.02342000" lon="-121.720830">
      <ele>1009.0000</ele>
      <time>2010-01-01T00:00:17Z</time>
    </rtept>
    <rtept lat="41.02357000" lon="-121.720800">
      <ele>1010.0000</ele>
      <time>2010-01-01T00:00:23Z</time>
    </rtept>
    <rtept lat="41.02372000" lon="-121.720780">
      <ele>1010.0000</ele>
      <time>2010-01-01T00:00:29Z</time>
    </rtept>
    <rtept lat="41.02380000" lon="-121.720750">
      <ele>1009.0000</ele>
      <time>2010-01-01T00:00:33Z</time>
    </rtept>
    <rtept lat="41.02388000" lon="-121.720660">
      <ele>1009.0000</ele>
      <time>2010-01-01T00:00:37Z</time>
    </rtept>
    <rtept lat="41.02397000" lon="-121.720630">
      <ele>1010.0000</ele>
      <time>2010-01-01T00:00:41Z</time>
    </rtept>
    <rtept lat="41.02408000" lon="-121.720610">
      <ele>1010.0000</ele>
      <time>2010-01-01T00:00:45Z</time>
    </rtept>
    <rtept lat="41.02421000" lon="-121.720660">
      <ele>1011.0000</ele>
      <time>2010-01-01T00:00:50Z</time>
    </rtept>
    <rtept lat="41.02433000" lon="-121.720740">
      <ele>1012.0000</ele>
      <time>2010-01-01T00:00:56Z</time>
    </rtept>
    <rtept lat="41.02440000" lon="-121.720760">
      <ele>1014.0000</ele>
      <time>2010-01-01T00:00:59Z</time>
    </rtept>
    <rtept lat="41.02455000" lon="-121.720760">
      <ele>1016.0000</ele>
      <time>2010-01-01T00:01:05Z</time>
    </rtept>
    <rtept lat="41.02471000" lon="-121.720800">
      <ele>1018.0000</ele>
      <time>2010-01-01T00:01:11Z</time>
    </rtept>
    <rtept lat="41.02486000" lon="-121.720870">
      <ele>1018.0000</ele>
      <time>2010-01-01T00:01:18Z</time>
    </rtept>
    <rtept lat="41.02497000" lon="-121.720920">
      <ele>1018.0000</ele>
      <time>2010-01-01T00:01:22Z</time>
    </rtept>
    <rtept lat="41.02534000" lon="-121.720980">
      <ele>1024.0000</ele>
      <time>2010-01-01T00:01:37Z</time>
    </rtept>
    <rtept lat="41.02541000" lon="-121.720950">
      <ele>1025.0000</ele>
      <time>2010-01-01T00:01:40Z</time>
    </rtept>
    <rtept lat="41.02549000" lon="-121.720970">
      <ele>1026.0000</ele>
      <time>2010-01-01T00:01:43Z</time>
    </rtept>
    <rtept lat="41.02564000" lon="-121.721090">
      <ele>1027.0000</ele>
      <time>2010-01-01T00:01:50Z</time>
    </rtept>
    <rtept lat="41.02585000" lon="-121.721100">
      <ele>1029.0000</ele>
      <time>2010-01-01T00:01:59Z</time>
    </rtept>
    <rtept lat="41.02591000" lon="-121.721150">
      <ele>1029.0000</ele>
      <time>2010-01-01T00:02:02Z</time>
    </rtept>
    <rtept lat="41.02595000" lon="-121.721340">
      <ele>1027.0000</ele>
      <time>2010-01-01T00:02:08Z</time>
    </rtept>
    <rtept lat="41.02602000" lon="-121.721590">
      <ele>1025.0000</ele>
      <time>2010-01-01T00:02:16Z</time>
    </rtept>
    <rtept lat="41.02613000" lon="-121.722090">
      <ele>1025.0000</ele>
      <time>2010-01-01T00:02:31Z</time>
    </rtept>
    <rtept lat="41.02615000" lon="-121.722250">
      <ele>1026.0000</ele>
      <time>2010-01-01T00:02:36Z</time>
    </rtept>
    <rtept lat="41.02612000" lon="-121.722520">
      <ele>1026.0000</ele>
      <time>2010-01-01T00:02:45Z</time>
    </rtept>
    <rtept lat="41.02618000" lon="-121.722780">
      <ele>1027.0000</ele>
      <time>2010-01-01T00:02:53Z</time>
    </rtept>
    <rtept lat="41.02624000" lon="-121.723100">
      <ele>1029.0000</ele>
      <time>2010-01-01T00:03:03Z</time>
    </rtept>
    <rtept lat="41.02637000" lon="-121.723480">
      <ele>1036.0000</ele>
      <time>2010-01-01T00:03:15Z</time>
    </rtept>
    <rtept lat="41.02635000" lon="-121.723750">
      <ele>1039.0000</ele>
      <time>2010-01-01T00:03:23Z</time>
    </rtept>
    <rtept lat="41.02635000" lon="-121.723900">
      <ele>1041.0000</ele>
      <time>2010-01-01T00:03:28Z</time>
    </rtept>
    <rtept lat="41.02627000" lon="-121.724040">
      <ele>1043.0000</ele>
      <time>2010-01-01T00:03:33Z</time>
    </rtept>
    <rtept lat="41.02624000" lon="-121.724240">
      <ele>1045.0000</ele>
      <time>2010-01-01T00:03:39Z</time>
    </rtept>
    <rtept lat="41.02620000" lon="-121.724330">
      <ele>1045.0000</ele>
      <time>2010-01-01T00:03:43Z</time>
    </rtept>
    <rtept lat="41.02620000" lon="-121.724460">
      <ele>1046.0000</ele>
      <time>2010-01-01T00:03:47Z</time>
    </rtept>
    <rtept lat="41.02627000" lon="-121.724820">
      <ele>1051.0000</ele>
      <time>2010-01-01T00:03:58Z</time>
    </rtept>
    <rtept lat="41.02626000" lon="-121.724990">
      <ele>1053.0000</ele>
      <time>2010-01-01T00:04:03Z</time>
    </rtept>
    <rtept lat="41.02625000" lon="-121.725150">
      <ele>1055.0000</ele>
      <time>2010-01-01T00:04:08Z</time>
    </rtept>
    <rtept lat="41.02621000" lon="-121.725300">
      <ele>1057.0000</ele>
      <time>2010-01-01T00:04:13Z</time>
    </rtept>
    <rtept lat="41.02619000" lon="-121.725330">
      <ele>1058.0000</ele>
      <time>2010-01-01T00:04:14Z</time>
    </rtept>
    <rtept lat="41.02615000" lon="-121.725480">
      <ele>1060.0000</ele>
      <time>2010-01-01T00:04:19Z</time>
    </rtept>
    <rtept lat="41.02610000" lon="-121.725600">
      <ele>1063.0000</ele>
      <time>2010-01-01T00:04:23Z</time>
    </rtept>
    <rtept lat="41.02605000" lon="-121.725690">
      <ele>1065.0000</ele>
      <time>2010-01-01T00:04:26Z</time>
    </rtept>
    <rtept lat="41.02592000" lon="-121.725750">
      <ele>1067.0000</ele>
      <time>2010-01-01T00:04:32Z</time>
    </rtept>
    <rtept lat="41.02582000" lon="-121.725670">
      <ele>1066.0000</ele>
      <time>2010-01-01T00:04:36Z</time>
    </rtept>
    <rtept lat="41.02570000" lon="-121.725660">
      <ele>1065.0000</ele>
      <time>2010-01-01T00:04:41Z</time>
    </rtept>
    <rtept lat="41.02557000" lon="-121.725670">
      <ele>1065.0000</ele>
      <time>2010-01-01T00:04:46Z</time>
    </rtept>
    <rtept lat="41.02550000" lon="-121.725690">
      <ele>1066.0000</ele>
      <time>2010-01-01T00:04:49Z</time>
    </rtept>
    <rtept lat="41.02546000" lon="-121.725740">
      <ele>1067.0000</ele>
      <time>2010-01-01T00:04:51Z</time>
    </rtept>
    <rtept lat="41.02540000" lon="-121.725750">
      <ele>1068.0000</ele>
      <time>2010-01-01T00:04:54Z</time>
    </rtept>
    <rtept lat="41.02531000" lon="-121.725710">
      <ele>1068.0000</ele>
      <time>2010-01-01T00:04:58Z</time>
    </rtept>
    <rtept lat="41.02522000" lon="-121.725590">
      <ele>1067.0000</ele>
      <time>2010-01-01T00:05:03Z</time>
    </rtept>
    <rtept lat="41.02470000" lon="-121.725340">
      <ele>1073.0000</ele>
      <time>2010-01-01T00:05:25Z</time>
    </rtept>
    <rtept lat="41.02451000" lon="-121.725310">
      <ele>1075.0000</ele>
      <time>2010-01-01T00:05:33Z</time>
    </rtept>
    <rtept lat="41.02437000" lon="-121.725240">
      <ele>1076.0000</ele>
      <time>2010-01-01T00:05:38Z</time>
    </rtept>
    <rtept lat="41.02418000" lon="-121.725180">
      <ele>1079.0000</ele>
      <time>2010-01-01T00:05:46Z</time>
    </rtept>
    <rtept lat="41.02383000" lon="-121.725170">
      <ele>1080.0000</ele>
      <time>2010-01-01T00:06:00Z</time>
    </rtept>
    <rtept lat="41.02365000" lon="-121.725210">
      <ele>1081.0000</ele>
      <time>2010-01-01T00:06:08Z</time>
    </rtept>
    <rtept lat="41.02358000" lon="-121.725220">
      <ele>1080.0000</ele>
      <time>2010-01-01T00:06:10Z</time>
    </rtept>
    <rtept lat="41.02343000" lon="-121.725230">
      <ele>1079.0000</ele>
      <time>2010-01-01T00:06:16Z</time>
    </rtept>
    <rtept lat="41.02335000" lon="-121.725280">
      <ele>1079.0000</ele>
      <time>2010-01-01T00:06:20Z</time>
    </rtept>
    <rtept lat="41.02329000" lon="-121.725390">
      <ele>1078.0000</ele>
      <time>2010-01-01T00:06:24Z</time>
    </rtept>
    <rtept lat="41.02325000" lon="-121.725700">
      <ele>1080.0000</ele>
      <time>2010-01-01T00:06:34Z</time>
    </rtept>
    <rtept lat="41.02327000" lon="-121.725910">
      <ele>1083.0000</ele>
      <time>2010-01-01T00:06:40Z</time>
    </rtept>
    <rtept lat="41.02329000" lon="-121.726010">
      <ele>1086.0000</ele>
      <time>2010-01-01T00:06:43Z</time>
    </rtept>
    <rtept lat="41.02326000" lon="-121.726220">
      <ele>1089.0000</ele>
      <time>2010-01-01T00:06:50Z</time>
    </rtept>
    <rtept lat="41.02321000" lon="-121.726510">
      <ele>1094.0000</ele>
      <time>2010-01-01T00:06:59Z</time>
    </rtept>
    <rtept lat="41.02320000" lon="-121.726730">
      <ele>1098.0000</ele>
      <time>2010-01-01T00:07:05Z</time>
    </rtept>
    <rtept lat="41.02321000" lon="-121.726890">
      <ele>1101.0000</ele>
      <time>2010-01-01T00:07:10Z</time>
    </rtept>
    <rtept lat="41.02314000" lon="-121.727100">
      <ele>1100.0000</ele>
      <time>2010-01-01T00:07:17Z</time>
    </rtept>
    <rtept lat="41.02311000" lon="-121.727280">
      <ele>1102.0000</ele>
      <time>2010-01-01T00:07:23Z</time>
    </rtept>
    <rtept lat="41.02303000" lon="-121.727430">
      <ele>1101.0000</ele>
      <time>2010-01-01T00:07:28Z</time>
    </rtept>
    <rtept lat="41.02293000" lon="-121.727680">
      <ele>1101.0000</ele>
      <time>2010-01-01T00:07:37Z</time>
    </rtept>
    <rtept lat="41.02290000" lon="-121.727780">
      <ele>1101.0000</ele>
      <time>2010-01-01T00:07:40Z</time>
    </rtept>
    <rtept lat="41.02289000" lon="-121.727990">
      <ele>1101.0000</ele>
      <time>2010-01-01T00:07:46Z</time>
    </rtept>
    <rtept lat="41.02290000" lon="-121.728180">
      <ele>1100.0000</ele>
      <time>2010-01-01T00:07:52Z</time>
    </rtept>
    <rtept lat="41.02296000" lon="-121.728400">
      <ele>1099.0000</ele>
      <time>2010-01-01T00:07:59Z</time>
    </rtept>
    <rtept lat="41.02302000" lon="-121.728570">
      <ele>1097.0000</ele>
      <time>2010-01-01T00:08:05Z</time>
    </rtept>
    <rtept lat="41.02311000" lon="-121.728680">
      <ele>1097.0000</ele>
      <time>2010-01-01T00:08:10Z</time>
    </rtept>
    <rtept lat="41.02320000" lon="-121.728730">
      <ele>1098.0000</ele>
      <time>2010-01-01T00:08:14Z</time>
    </rtept>
    <rtept lat="41.02335000" lon="-121.728760">
      <ele>1101.0000</ele>
      <time>2010-01-01T00:08:20Z</time>
    </rtept>
    <rtept lat="41.02352000" lon="-121.728830">
      <ele>1102.0000</ele>
      <time>2010-01-01T00:08:27Z</time>
    </rtept>
    <rtept lat="41.02370000" lon="-121.728930">
      <ele>1103.0000</ele>
      <time>2010-01-01T00:08:35Z</time>
    </rtept>
    <rtept lat="41.02381000" lon="-121.729000">
      <ele>1104.0000</ele>
      <time>2010-01-01T00:08:39Z</time>
    </rtept>
    <rtept lat="41.02396000" lon="-121.729230">
      <ele>1105.0000</ele>
      <time>2010-01-01T00:08:49Z</time>
    </rtept>
    <rtept lat="41.02414000" lon="-121.729480">
      <ele>1107.0000</ele>
      <time>2010-01-01T00:08:59Z</time>
    </rtept>
    <rtept lat="41.02418000" lon="-121.729590">
      <ele>1107.0000</ele>
      <time>2010-01-01T00:09:03Z</time>
    </rtept>
    <rtept lat="41.02418000" lon="-121.729680">
      <ele>1107.0000</ele>
      <time>2010-01-01T00:09:05Z</time>
    </rtept>
    <rtept lat="41.02418000" lon="-121.729710">
      <ele>1107.0000</ele>
      <time>2010-01-01T00:09:06Z</time>
    </rtept>
    <rtept lat="41.02417000" lon="-121.729860">
      <ele>1107.0000</ele>
      <time>2010-01-01T00:09:11Z</time>
    </rtept>
    <rtept lat="41.02415000" lon="-121.729980">
      <ele>1107.0000</ele>
      <time>2010-01-01T00:09:15Z</time>
    </rtept>
    <rtept lat="41.02412000" lon="-121.730460">
      <ele>1109.0000</ele>
      <time>2010-01-01T00:09:29Z</time>
    </rtept>
    <rtept lat="41.02414000" lon="-121.730660">
      <ele>1109.0000</ele>
      <time>2010-01-01T00:09:35Z</time>
    </rtept>
    <rtept lat="41.02417000" lon="-121.730800">
      <ele>1109.0000</ele>
      <time>2010-01-01T00:09:40Z</time>
    </rtept>
    <rtept lat="41.02420000" lon="-121.730840">
      <ele>1109.0000</ele>
      <time>2010-01-01T00:09:41Z</time>
    </rtept>
    <rtept lat="41.02429000" lon="-121.730870">
      <ele>1111.0000</ele>
      <time>2010-01-01T00:09:45Z</time>
    </rtept>
    <rtept lat="41.02447000" lon="-121.730900">
      <ele>1115.0000</ele>
      <time>2010-01-01T00:09:52Z</time>
    </rtept>
    <rtept lat="41.02458000" lon="-121.730940">
      <ele>1117.0000</ele>
      <time>2010-01-01T00:09:57Z</time>
    </rtept>
    <rtept lat="41.02471000" lon="-121.731000">
      <ele>1118.0000</ele>
      <time>2010-01-01T00:10:02Z</time>
    </rtept>
    <rtept lat="41.02518000" lon="-121.731140">
      <ele>1122.0000</ele>
      <time>2010-01-01T00:10:22Z</time>
    </rtept>
    <rtept lat="41.02563000" lon="-121.731140">
      <ele>1126.0000</ele>
      <time>2010-01-01T00:10:40Z</time>
    </rtept>
    <rtept lat="41.02576000" lon="-121.731150">
      <ele>1127.0000</ele>
      <time>2010-01-01T00:10:45Z</time>
    </rtept>
    <rtept lat="41.02589000" lon="-121.731210">
      <ele>1127.0000</ele>
      <time>2010-01-01T00:10:50Z</time>
    </rtept>
    <rtept lat="41.02634000" lon="-121.731510">
      <ele>1130.0000</ele>
      <time>2010-01-01T00:11:11Z</time>
    </rtept>
    <rtept lat="41.02654000" lon="-121.731600">
      <ele>1132.0000</ele>
      <time>2010-01-01T00:11:19Z</time>
    </rtept>
    <rtept lat="41.02672000" lon="-121.731710">
      <ele>1133.0000</ele>
      <time>2010-01-01T00:11:27Z</time>
    </rtept>
    <rtept lat="41.02682000" lon="-121.731710">
      <ele>1134.0000</ele>
      <time>2010-01-01T00:11:31Z</time>
    </rtept>
    <rtept lat="41.02695000" lon="-121.731740">
      <ele>1136.0000</ele>
      <time>2010-01-01T00:11:36Z</time>
    </rtept>
    <rtept lat="41.02709000" lon="-121.731800">
      <ele>1138.0000</ele>
      <time>2010-01-01T00:11:42Z</time>
    </rtept>
    <rtept lat="41.02727000" lon="-121.731920">
      <ele>1139.0000</ele>
      <time>2010-01-01T00:11:50Z</time>
    </rtept>
    <rtept lat="41.02748000" lon="-121.732010">
      <ele>1142.0000</ele>
      <time>2010-01-01T00:11:59Z</time>
    </rtept>
    <rtept lat="41.02760000" lon="-121.732120">
      <ele>1143.0000</ele>
      <time>2010-01-01T00:12:05Z</time>
    </rtept>
    <rtept lat="41.02774000" lon="-121.732300">
      <ele>1144.0000</ele>
      <time>2010-01-01T00:12:13Z</time>
    </rtept>
    <rtept lat="41.02786000" lon="-121.732400">
      <ele>1147.0000</ele>
      <time>2010-01-01T00:12:18Z</time>
    </rtept>
    <rtept lat="41.02803000" lon="-121.732550">
      <ele>1152.0000</ele>
      <time>2010-01-01T00:12:27Z</time>
    </rtept>
    <rtept lat="41.02809000" lon="-121.732720">
      <ele>1152.0000</ele>
      <time>2010-01-01T00:12:32Z</time>
    </rtept>
    <rtept lat="41.02818000" lon="-121.732880">
      <ele>1153.0000</ele>
      <time>2010-01-01T00:12:38Z</time>
    </rtept>
    <rtept lat="41.02833000" lon="-121.733110">
      <ele>1154.0000</ele>
      <time>2010-01-01T00:12:47Z</time>
    </rtept>
    <rtept lat="41.02845000" lon="-121.733320">
      <ele>1154.0000</ele>
      <time>2010-01-01T00:12:55Z</time>
    </rtept>
    <rtept lat="41.02858000" lon="-121.733520">
      <ele>1157.0000</ele>
      <time>2010-01-01T00:13:03Z</time>
    </rtept>
    <rtept lat="41.02883000" lon="-121.734030">
      <ele>1162.0000</ele>
      <time>2010-01-01T00:13:22Z</time>
    </rtept>
    <rtept lat="41.02883000" lon="-121.734270">
      <ele>1161.0000</ele>
      <time>2010-01-01T00:13:29Z</time>
    </rtept>
    <rtept lat="41.02891000" lon="-121.734480">
      <ele>1163.0000</ele>
      <time>2010-01-01T00:13:36Z</time>
    </rtept>
    <rtept lat="41.02898000" lon="-121.734660">
      <ele>1164.0000</ele>
      <time>2010-01-01T00:13:42Z</time>
    </rtept>
    <rtept lat="41.02909000" lon="-121.734860">
      <ele>1167.0000</ele>
      <time>2010-01-01T00:13:50Z</time>
    </rtept>
    <rtept lat="41.02919000" lon="-121.734940">
      <ele>1169.0000</ele>
      <time>2010-01-01T00:13:54Z</time>
    </rtept>
    <rtept lat="41.02931000" lon="-121.735040">
      <ele>1171.0000</ele>
      <time>2010-01-01T00:14:00Z</time>
    </rtept>
    <rtept lat="41.02945000" lon="-121.735210">
      <ele>1174.0000</ele>
      <time>2010-01-01T00:14:08Z</time>
    </rtept>
    <rtept lat="41.02947000" lon="-121.735260">
      <ele>1174.0000</ele>
      <time>2010-01-01T00:14:09Z</time>
    </rtept>
    <rtept lat="41.02936000" lon="-121.735340">
      <ele>1173.0000</ele>
      <time>2010-01-01T00:14:14Z</time>
    </rtept>
    <rtept lat="41.02929000" lon="-121.735480">
      <ele>1174.0000</ele>
      <time>2010-01-01T00:14:19Z</time>
    </rtept>
    <rtept lat="41.02923000" lon="-121.735720">
      <ele>1175.0000</ele>
      <time>2010-01-01T00:14:27Z</time>
    </rtept>
    <rtept lat="41.02922000" lon="-121.736280">
      <ele>1182.0000</ele>
      <time>2010-01-01T00:14:44Z</time>
    </rtept>
    <rtept lat="41.02925000" lon="-121.736520">
      <ele>1186.0000</ele>
      <time>2010-01-01T00:14:51Z</time>
    </rtept>
    <rtept lat="41.02929000" lon="-121.736800">
      <ele>1190.0000</ele>
      <time>2010-01-01T00:15:00Z</time>
    </rtept>
    <rtept lat="41.02925000" lon="-121.736840">
      <ele>1191.0000</ele>
      <time>2010-01-01T00:15:02Z</time>
    </rtept>
    <rtept lat="41.02919000" lon="-121.736860">
      <ele>1190.0000</ele>
      <time>2010-01-01T00:15:04Z</time>
    </rtept>
    <rtept lat="41.02913000" lon="-121.736830">
      <ele>1189.0000</ele>
      <time>2010-01-01T00:15:07Z</time>
    </rtept>
    <rtept lat="41.02903000" lon="-121.736800">
      <ele>1187.0000</ele>
      <time>2010-01-01T00:15:11Z</time>
    </rtept>
    <rtept lat="41.02887000" lon="-121.736780">
      <ele>1184.0000</ele>
      <time>2010-01-01T00:15:18Z</time>
    </rtept>
    <rtept lat="41.02879000" lon="-121.736790">
      <ele>1182.0000</ele>
      <time>2010-01-01T00:15:21Z</time>
    </rtept>
    <rtept lat="41.02874000" lon="-121.736840">
      <ele>1182.0000</ele>
      <time>2010-01-01T00:15:23Z</time>
    </rtept>
    <rtept lat="41.02871000" lon="-121.736970">
      <ele>1183.0000</ele>
      <time>2010-01-01T00:15:27Z</time>
    </rtept>
    <rtept lat="41.02875000" lon="-121.737170">
      <ele>1186.0000</ele>
      <time>2010-01-01T00:15:34Z</time>
    </rtept>
    <rtept lat="41.02890000" lon="-121.737550">
      <ele>1192.0000</ele>
      <time>2010-01-01T00:15:47Z</time>
    </rtept>
    <rtept lat="41.02901000" lon="-121.737870">
      <ele>1197.0000</ele>
      <time>2010-01-01T00:15:57Z</time>
    </rtept>
    <rtept lat="41.02898000" lon="-121.737960">
      <ele>1197.0000</ele>
      <time>2010-01-01T00:16:00Z</time>
    </rtept>
    <rtept lat="41.02882000" lon="-121.737920">
      <ele>1195.0000</ele>
      <time>2010-01-01T00:16:07Z</time>
    </rtept>
    <rtept lat="41.02877000" lon="-121.738020">
      <ele>1195.0000</ele>
      <time>2010-01-01T00:16:10Z</time>
    </rtept>
    <rtept lat="41.02872000" lon="-121.738130">
      <ele>1195.0000</ele>
      <time>2010-01-01T00:16:14Z</time>
    </rtept>
    <rtept lat="41.02869000" lon="-121.738290">
      <ele>1196.0000</ele>
      <time>2010-01-01T00:16:19Z</time>
    </rtept>
    <rtept lat="41.02865000" lon="-121.738650">
      <ele>1203.0000</ele>
      <time>2010-01-01T00:16:30Z</time>
    </rtept>
    <rtept lat="41.02857000" lon="-121.738830">
      <ele>1205.0000</ele>
      <time>2010-01-01T00:16:36Z</time>
    </rtept>
    <rtept lat="41.02846000" lon="-121.738910">
      <ele>1205.0000</ele>
      <time>2010-01-01T00:16:41Z</time>
    </rtept>
    <rtept lat="41.02824000" lon="-121.739160">
      <ele>1203.0000</ele>
      <time>2010-01-01T00:16:53Z</time>
    </rtept>
    <rtept lat="41.02813000" lon="-121.739300">
      <ele>1203.0000</ele>
      <time>2010-01-01T00:16:59Z</time>
    </rtept>
    <rtept lat="41.02808000" lon="-121.739480">
      <ele>1205.0000</ele>
      <time>2010-01-01T00:17:05Z</time>
    </rtept>
    <rtept lat="41.02804000" lon="-121.739730">
      <ele>1207.0000</ele>
      <time>2010-01-01T00:17:13Z</time>
    </rtept>
    <rtept lat="41.02803000" lon="-121.739990">
      <ele>1209.0000</ele>
      <time>2010-01-01T00:17:21Z</time>
    </rtept>
    <rtept lat="41.02805000" lon="-121.740400">
      <ele>1208.0000</ele>
      <time>2010-01-01T00:17:33Z</time>
    </rtept>
    <rtept lat="41.02822000" lon="-121.740940">
      <ele>1213.0000</ele>
      <time>2010-01-01T00:17:51Z</time>
    </rtept>
    <rtept lat="41.02837000" lon="-121.741250">
      <ele>1218.0000</ele>
      <time>2010-01-01T00:18:02Z</time>
    </rtept>
    <rtept lat="41.02848000" lon="-121.741600">
      <ele>1221.0000</ele>
      <time>2010-01-01T00:18:13Z</time>
    </rtept>
    <rtept lat="41.02857000" lon="-121.742020">
      <ele>1225.0000</ele>
      <time>2010-01-01T00:18:26Z</time>
    </rtept>
    <rtept lat="41.02862000" lon="-121.742340">
      <ele>1227.0000</ele>
      <time>2010-01-01T00:18:36Z</time>
    </rtept>
    <rtept lat="41.02866000" lon="-121.742550">
      <ele>1227.0000</ele>
      <time>2010-01-01T00:18:43Z</time>
    </rtept>
    <rtept lat="41.02872000" lon="-121.742900">
      <ele>1230.0000</ele>
      <time>2010-01-01T00:18:54Z</time>
    </rtept>
    <rtept lat="41.02871000" lon="-121.743390">
      <ele>1232.0000</ele>
      <time>2010-01-01T00:19:08Z</time>
    </rtept>
    <rtept lat="41.02874000" lon="-121.743730">
      <ele>1233.0000</ele>
      <time>2010-01-01T00:19:19Z</time>
    </rtept>
    <rtept lat="41.02882000" lon="-121.744180">
      <ele>1238.0000</ele>
      <time>2010-01-01T00:19:33Z</time>
    </rtept>
    <rtept lat="41.02881000" lon="-121.744390">
      <ele>1240.0000</ele>
      <time>2010-01-01T00:19:39Z</time>
    </rtept>
    <rtept lat="41.02872000" lon="-121.744570">
      <ele>1239.0000</ele>
      <time>2010-01-01T00:19:46Z</time>
    </rtept>
    <rtept lat="41.02868000" lon="-121.744790">
      <ele>1238.0000</ele>
      <time>2010-01-01T00:19:52Z</time>
    </rtept>
    <rtept lat="41.02863000" lon="-121.745020">
      <ele>1236.0000</ele>
      <time>2010-01-01T00:20:00Z</time>
    </rtept>
    <rtept lat="41.02862000" lon="-121.745260">
      <ele>1237.0000</ele>
      <time>2010-01-01T00:20:07Z</time>
    </rtept>
    <rtept lat="41.02863000" lon="-121.745770">
      <ele>1237.0000</ele>
      <time>2010-01-01T00:20:22Z</time>
    </rtept>
    <rtept lat="41.02866000" lon="-121.746010">
      <ele>1236.0000</ele>
      <time>2010-01-01T00:20:30Z</time>
    </rtept>
    <rtept lat="41.02893000" lon="-121.746600">
      <ele>1240.0000</ele>
      <time>2010-01-01T00:20:51Z</time>
    </rtept>
    <rtept lat="41.02920000" lon="-121.747160">
      <ele>1246.0000</ele>
      <time>2010-01-01T00:21:11Z</time>
    </rtept>
    <rtept lat="41.02945000" lon="-121.747620">
      <ele>1246.0000</ele>
      <time>2010-01-01T00:21:28Z</time>
    </rtept>
    <rtept lat="41.02955000" lon="-121.747780">
      <ele>1246.0000</ele>
      <time>2010-01-01T00:21:34Z</time>
    </rtept>
    <rtept lat="41.02970000" lon="-121.747880">
      <ele>1248.0000</ele>
      <time>2010-01-01T00:21:41Z</time>
    </rtept>
    <rtept lat="41.02984000" lon="-121.747920">
      <ele>1253.0000</ele>
      <time>2010-01-01T00:21:46Z</time>
    </rtept>
    <rtept lat="41.02996000" lon="-121.747960">
      <ele>1256.0000</ele>
      <time>2010-01-01T00:21:51Z</time>
    </rtept>
    <rtept lat="41.03012000" lon="-121.748030">
      <ele>1260.0000</ele>
      <time>2010-01-01T00:21:58Z</time>
    </rtept>
    <rtept lat="41.03021000" lon="-121.748130">
      <ele>1262.0000</ele>
      <time>2010-01-01T00:22:03Z</time>
    </rtept>
    <rtept lat="41.03020000" lon="-121.748440">
      <ele>1256.0000</ele>
      <time>2010-01-01T00:22:12Z</time>
    </rtept>
    <rtept lat="41.03026000" lon="-121.748870">
      <ele>1254.0000</ele>
      <time>2010-01-01T00:22:25Z</time>
    </rtept>
    <rtept lat="41.03031000" lon="-121.749130">
      <ele>1256.0000</ele>
      <time>2010-01-01T00:22:34Z</time>
    </rtept>
    <rtept lat="41.03042000" lon="-121.749480">
      <ele>1257.0000</ele>
      <time>2010-01-01T00:22:45Z</time>
    </rtept>
    <rtept lat="41.03053000" lon="-121.749720">
      <ele>1258.0000</ele>
      <time>2010-01-01T00:22:53Z</time>
    </rtept>
    <rtept lat="41.03063000" lon="-121.749890">
      <ele>1258.0000</ele>
      <time>2010-01-01T00:23:00Z</time>
    </rtept>
    <rtept lat="41.03082000" lon="-121.750060">
      <ele>1262.0000</ele>
      <time>2010-01-01T00:23:09Z</time>
    </rtept>
    <rtept lat="41.03096000" lon="-121.750140">
      <ele>1264.0000</ele>
      <time>2010-01-01T00:23:15Z</time>
    </rtept>
    <rtept lat="41.03121000" lon="-121.750280">
      <ele>1266.0000</ele>
      <time>2010-01-01T00:23:26Z</time>
    </rtept>
    <rtept lat="41.03147000" lon="-121.750350">
      <ele>1269.0000</ele>
      <time>2010-01-01T00:23:37Z</time>
    </rtept>
    <rtept lat="41.03178000" lon="-121.750360">
      <ele>1276.0000</ele>
      <time>2010-01-01T00:23:49Z</time>
    </rtept>
    <rtept lat="41.03189000" lon="-121.750330">
      <ele>1279.0000</ele>
      <time>2010-01-01T00:23:54Z</time>
    </rtept>
    <rtept lat="41.03199000" lon="-121.750360">
      <ele>1280.0000</ele>
      <time>2010-01-01T00:23:58Z</time>
    </rtept>
    <rtept lat="41.03207000" lon="-121.750510">
      <ele>1281.0000</ele>
      <time>2010-01-01T00:24:03Z</time>
    </rtept>
    <rtept lat="41.03204000" lon="-121.750610">
      <ele>1281.0000</ele>
      <time>2010-01-01T00:24:07Z</time>
    </rtept>
    <rtept lat="41.03193000" lon="-121.750770">
      <ele>1279.0000</ele>
      <time>2010-01-01T00:24:13Z</time>
    </rtept>
    <rtept lat="41.03182000" lon="-121.751180">
      <ele>1280.0000</ele>
      <time>2010-01-01T00:24:26Z</time>
    </rtept>
    <rtept lat="41.03174000" lon="-121.751500">
      <ele>1282.0000</ele>
      <time>2010-01-01T00:24:36Z</time>
    </rtept>
    <rtept lat="41.03167000" lon="-121.751840">
      <ele>1285.0000</ele>
      <time>2010-01-01T00:24:47Z</time>
    </rtept>
    <rtept lat="41.03164000" lon="-121.752060">
      <ele>1287.0000</ele>
      <time>2010-01-01T00:24:54Z</time>
    </rtept>
    <rtept lat="41.03155000" lon="-121.752420">
      <ele>1284.0000</ele>
      <time>2010-01-01T00:25:05Z</time>
    </rtept>
    <rtept lat="41.03153000" lon="-121.752660">
      <ele>1283.0000</ele>
      <time>2010-01-01T00:25:13Z</time>
    </rtept>
    <rtept lat="41.03156000" lon="-121.752960">
      <ele>1284.0000</ele>
      <time>2010-01-01T00:25:22Z</time>
    </rtept>
    <rtept lat="41.03161000" lon="-121.753140">
      <ele>1285.0000</ele>
      <time>2010-01-01T00:25:27Z</time>
    </rtept>
    <rtept lat="41.03166000" lon="-121.753280">
      <ele>1285.0000</ele>
      <time>2010-01-01T00:25:32Z</time>
    </rtept>
    <rtept lat="41.03176000" lon="-121.753390">
      <ele>1287.0000</ele>
      <time>2010-01-01T00:25:37Z</time>
    </rtept>
    <rtept lat="41.03186000" lon="-121.753450">
      <ele>1289.0000</ele>
      <time>2010-01-01T00:25:42Z</time>
    </rtept>
    <rtept lat="41.03207000" lon="-121.753540">
      <ele>1292.0000</ele>
      <time>2010-01-01T00:25:51Z</time>
    </rtept>
    <rtept lat="41.03222000" lon="-121.753640">
      <ele>1294.0000</ele>
      <time>2010-01-01T00:25:57Z</time>
    </rtept>
    <rtept lat="41.03232000" lon="-121.753620">
      <ele>1295.0000</ele>
      <time>2010-01-01T00:26:01Z</time>
    </rtept>
    <rtept lat="41.03256000" lon="-121.753520">
      <ele>1299.0000</ele>
      <time>2010-01-01T00:26:11Z</time>
    </rtept>
    <rtept lat="41.03279000" lon="-121.753470">
      <ele>1300.0000</ele>
      <time>2010-01-01T00:26:21Z</time>
    </rtept>
    <rtept lat="41.03296000" lon="-121.753560">
      <ele>1300.0000</ele>
      <time>2010-01-01T00:26:28Z</time>
    </rtept>
    <rtept lat="41.03318000" lon="-121.753750">
      <ele>1301.0000</ele>
      <time>2010-01-01T00:26:39Z</time>
    </rtept>
    <rtept lat="41.03330000" lon="-121.754050">
      <ele>1302.0000</ele>
      <time>2010-01-01T00:26:49Z</time>
    </rtept>
    <rtept lat="41.03328000" lon="-121.754230">
      <ele>1302.0000</ele>
      <time>2010-01-01T00:26:54Z</time>
    </rtept>
    <rtept lat="41.03327000" lon="-121.754510">
      <ele>1302.0000</ele>
      <time>2010-01-01T00:27:03Z</time>
    </rtept>
    <rtept lat="41.03327000" lon="-121.754710">
      <ele>1302.0000</ele>
      <time>2010-01-01T00:27:09Z</time>
    </rtept>
    <rtept lat="41.03335000" lon="-121.755000">
      <ele>1305.0000</ele>
      <time>2010-01-01T00:27:18Z</time>
    </rtept>
    <rtept lat="41.03337000" lon="-121.755430">
      <ele>1311.0000</ele>
      <time>2010-01-01T00:27:31Z</time>
    </rtept>
    <rtept lat="41.03331000" lon="-121.755680">
      <ele>1313.0000</ele>
      <time>2010-01-01T00:27:39Z</time>
    </rtept>
    <rtept lat="41.03315000" lon="-121.756010">
      <ele>1313.0000</ele>
      <time>2010-01-01T00:27:51Z</time>
    </rtept>
    <rtept lat="41.03311000" lon="-121.756250">
      <ele>1314.0000</ele>
      <time>2010-01-01T00:27:58Z</time>
    </rtept>
    <rtept lat="41.03311000" lon="-121.756430">
      <ele>1314.0000</ele>
      <time>2010-01-01T00:28:04Z</time>
    </rtept>
    <rtept lat="41.03324000" lon="-121.756700">
      <ele>1314.0000</ele>
      <time>2010-01-01T00:28:13Z</time>
    </rtept>
    <rtept lat="41.03341000" lon="-121.757050">
      <ele>1316.0000</ele>
      <time>2010-01-01T00:28:26Z</time>
    </rtept>
    <rtept lat="41.03360000" lon="-121.757350">
      <ele>1318.0000</ele>
      <time>2010-01-01T00:28:38Z</time>
    </rtept>
    <rtept lat="41.03378000" lon="-121.757530">
      <ele>1321.0000</ele>
      <time>2010-01-01T00:28:47Z</time>
    </rtept>
    <rtept lat="41.03401000" lon="-121.757730">
      <ele>1322.0000</ele>
      <time>2010-01-01T00:28:58Z</time>
    </rtept>
    <rtept lat="41.03421000" lon="-121.757850">
      <ele>1325.0000</ele>
      <time>2010-01-01T00:29:07Z</time>
    </rtept>
    <rtept lat="41.03436000" lon="-121.757900">
      <ele>1327.0000</ele>
      <time>2010-01-01T00:29:13Z</time>
    </rtept>
    <rtept lat="41.03459000" lon="-121.757900">
      <ele>1331.0000</ele>
      <time>2010-01-01T00:29:22Z</time>
    </rtept>
    <rtept lat="41.03482000" lon="-121.757880">
      <ele>1332.0000</ele>
      <time>2010-01-01T00:29:31Z</time>
    </rtept>
    <rtept lat="41.03501000" lon="-121.757830">
      <ele>1332.0000</ele>
      <time>2010-01-01T00:29:39Z</time>
    </rtept>
    <rtept lat="41.03533000" lon="-121.757690">
      <ele>1336.0000</ele>
      <time>2010-01-01T00:29:53Z</time>
    </rtept>
    <rtept lat="41.03593000" lon="-121.757330">
      <ele>1343.0000</ele>
      <time>2010-01-01T00:30:19Z</time>
    </rtept>
    <rtept lat="41.03609000" lon="-121.757230">
      <ele>1343.0000</ele>
      <time>2010-01-01T00:30:26Z</time>
    </rtept>
    <rtept lat="41.03629000" lon="-121.756860">
      <ele>1351.0000</ele>
      <time>2010-01-01T00:30:40Z</time>
    </rtept>
    <rtept lat="41.03670000" lon="-121.756450">
      <ele>1357.0000</ele>
      <time>2010-01-01T00:31:00Z</time>
    </rtept>
    <rtept lat="41.03708000" lon="-121.756350">
      <ele>1357.0000</ele>
      <time>2010-01-01T00:31:16Z</time>
    </rtept>
    <rtept lat="41.03753000" lon="-121.756000">
      <ele>1366.0000</ele>
      <time>2010-01-01T00:31:37Z</time>
    </rtept>
    <rtept lat="41.03763000" lon="-121.755910">
      <ele>1369.0000</ele>
      <time>2010-01-01T00:31:42Z</time>
    </rtept>
    <rtept lat="41.03787000" lon="-121.755680">
      <ele>1374.0000</ele>
      <time>2010-01-01T00:31:53Z</time>
    </rtept>
    <rtept lat="41.03795000" lon="-121.755560">
      <ele>1375.0000</ele>
      <time>2010-01-01T00:31:58Z</time>
    </rtept>
    <rtept lat="41.03794000" lon="-121.755490">
      <ele>1376.0000</ele>
      <time>2010-01-01T00:32:00Z</time>
    </rtept>
    <rtept lat="41.03777000" lon="-121.755420">
      <ele>1379.0000</ele>
      <time>2010-01-01T00:32:07Z</time>
    </rtept>
    <rtept lat="41.03774000" lon="-121.755300">
      <ele>1380.0000</ele>
      <time>2010-01-01T00:32:11Z</time>
    </rtept>
    <rtept lat="41.03781000" lon="-121.755240">
      <ele>1381.0000</ele>
      <time>2010-01-01T00:32:15Z</time>
    </rtept>
    <rtept lat="41.03791000" lon="-121.755160">
      <ele>1381.0000</ele>
      <time>2010-01-01T00:32:19Z</time>
    </rtept>
    <rtept lat="41.03803000" lon="-121.755010">
      <ele>1382.0000</ele>
      <time>2010-01-01T00:32:26Z</time>
    </rtept>
    <rtept lat="41.03807000" lon="-121.754870">
      <ele>1383.0000</ele>
      <time>2010-01-01T00:32:30Z</time>
    </rtept>
    <rtept lat="41.03809000" lon="-121.754630">
      <ele>1383.0000</ele>
      <time>2010-01-01T00:32:38Z</time>
    </rtept>
    <rtept lat="41.03821000" lon="-121.754320">
      <ele>1383.0000</ele>
      <time>2010-01-01T00:32:48Z</time>
    </rtept>
    <rtept lat="41.03826000" lon="-121.754160">
      <ele>1384.0000</ele>
      <time>2010-01-01T00:32:53Z</time>
    </rtept>
    <rtept lat="41.03822000" lon="-121.753980">
      <ele>1387.0000</ele>
      <time>2010-01-01T00:32:59Z</time>
    </rtept>
    <rtept lat="41.03825000" lon="-121.753890">
      <ele>1388.0000</ele>
      <time>2010-01-01T00:33:02Z</time>
    </rtept>
    <rtept lat="41.03832000" lon="-121.753780">
      <ele>1389.0000</ele>
      <time>2010-01-01T00:33:06Z</time>
    </rtept>
    <rtept lat="41.03833000" lon="-121.753630">
      <ele>1390.0000</ele>
      <time>2010-01-01T00:33:11Z</time>
    </rtept>
    <rtept lat="41.03821000" lon="-121.753430">
      <ele>1390.0000</ele>
      <time>2010-01-01T00:33:19Z</time>
    </rtept>
    <rtept lat="41.03812000" lon="-121.753400">
      <ele>1390.0000</ele>
      <time>2010-01-01T00:33:22Z</time>
    </rtept>
    <rtept lat="41.03803000" lon="-121.753400">
      <ele>1389.0000</ele>
      <time>2010-01-01T00:33:26Z</time>
    </rtept>
    <rtept lat="41.03800000" lon="-121.753340">
      <ele>1389.0000</ele>
      <time>2010-01-01T00:33:28Z</time>
    </rtept>
    <rtept lat="41.03803000" lon="-121.753280">
      <ele>1389.0000</ele>
      <time>2010-01-01T00:33:30Z</time>
    </rtept>
    <rtept lat="41.03807000" lon="-121.753110">
      <ele>1389.0000</ele>
      <time>2010-01-01T00:33:36Z</time>
    </rtept>
    <rtept lat="41.03820000" lon="-121.752820">
      <ele>1385.0000</ele>
      <time>2010-01-01T00:33:46Z</time>
    </rtept>
    <rtept lat="41.03817000" lon="-121.752720">
      <ele>1385.0000</ele>
      <time>2010-01-01T00:33:49Z</time>
    </rtept>
    <rtept lat="41.03811000" lon="-121.752610">
      <ele>1384.0000</ele>
      <time>2010-01-01T00:33:53Z</time>
    </rtept>
    <rtept lat="41.03802000" lon="-121.752550">
      <ele>1385.0000</ele>
      <time>2010-01-01T00:33:57Z</time>
    </rtept>
    <rtept lat="41.03798000" lon="-121.752420">
      <ele>1385.0000</ele>
      <time>2010-01-01T00:34:02Z</time>
    </rtept>
    <rtept lat="41.03795000" lon="-121.752240">
      <ele>1385.0000</ele>
      <time>2010-01-01T00:34:07Z</time>
    </rtept>
    <rtept lat="41.03788000" lon="-121.752030">
      <ele>1387.0000</ele>
      <time>2010-01-01T00:34:14Z</time>
    </rtept>
    <rtept lat="41.03785000" lon="-121.751840">
      <ele>1390.0000</ele>
      <time>2010-01-01T00:34:20Z</time>
    </rtept>
    <rtept lat="41.03783000" lon="-121.751650">
      <ele>1392.0000</ele>
      <time>2010-01-01T00:34:26Z</time>
    </rtept>
    <rtept lat="41.03784000" lon="-121.751420">
      <ele>1394.0000</ele>
      <time>2010-01-01T00:34:33Z</time>
    </rtept>
    <rtept lat="41.03789000" lon="-121.751160">
      <ele>1396.0000</ele>
      <time>2010-01-01T00:34:41Z</time>
    </rtept>
    <rtept lat="41.03793000" lon="-121.750960">
      <ele>1397.0000</ele>
      <time>2010-01-01T00:34:47Z</time>
    </rtept>
    <rtept lat="41.03800000" lon="-121.750820">
      <ele>1398.0000</ele>
      <time>2010-01-01T00:34:52Z</time>
    </rtept>
    <rtept lat="41.03814000" lon="-121.750590">
      <ele>1399.0000</ele>
      <time>2010-01-01T00:35:01Z</time>
    </rtept>
    <rtept lat="41.03828000" lon="-121.750440">
      <ele>1399.0000</ele>
      <time>2010-01-01T00:35:08Z</time>
    </rtept>
    <rtept lat="41.03848000" lon="-121.750290">
      <ele>1397.0000</ele>
      <time>2010-01-01T00:35:17Z</time>
    </rtept>
    <rtept lat="41.03867000" lon="-121.750170">
      <ele>1396.0000</ele>
      <time>2010-01-01T00:35:26Z</time>
    </rtept>
    <rtept lat="41.03904000" lon="-121.749900">
      <ele>1395.0000</ele>
      <time>2010-01-01T00:35:43Z</time>
    </rtept>
    <rtept lat="41.03928000" lon="-121.749620">
      <ele>1400.0000</ele>
      <time>2010-01-01T00:35:56Z</time>
    </rtept>
    <rtept lat="41.03936000" lon="-121.749360">
      <ele>1403.0000</ele>
      <time>2010-01-01T00:36:04Z</time>
    </rtept>
    <rtept lat="41.03939000" lon="-121.749080">
      <ele>1405.0000</ele>
      <time>2010-01-01T00:36:13Z</time>
    </rtept>
    <rtept lat="41.03936000" lon="-121.748740">
      <ele>1405.0000</ele>
      <time>2010-01-01T00:36:23Z</time>
    </rtept>
    <rtept lat="41.03942000" lon="-121.748440">
      <ele>1405.0000</ele>
      <time>2010-01-01T00:36:32Z</time>
    </rtept>
    <rtept lat="41.03944000" lon="-121.748220">
      <ele>1405.0000</ele>
      <time>2010-01-01T00:36:39Z</time>
    </rtept>
    <rtept lat="41.03947000" lon="-121.748050">
      <ele>1404.0000</ele>
      <time>2010-01-01T00:36:44Z</time>
    </rtept>
    <rtept lat="41.03952000" lon="-121.747920">
      <ele>1403.0000</ele>
      <time>2010-01-01T00:36:49Z</time>
    </rtept>
    <rtept lat="41.03976000" lon="-121.747770">
      <ele>1400.0000</ele>
      <time>2010-01-01T00:36:59Z</time>
    </rtept>
    <rtept lat="41.04001000" lon="-121.747750">
      <ele>1398.0000</ele>
      <time>2010-01-01T00:37:09Z</time>
    </rtept>
    <rtept lat="41.04036000" lon="-121.747740">
      <ele>1399.0000</ele>
      <time>2010-01-01T00:37:23Z</time>
    </rtept>
    <rtept lat="41.04050000" lon="-121.747750">
      <ele>1400.0000</ele>
      <time>2010-01-01T00:37:29Z</time>
    </rtept>
    <rtept lat="41.04058000" lon="-121.747700">
      <ele>1400.0000</ele>
      <time>2010-01-01T00:37:32Z</time>
    </rtept>
    <rtept lat="41.04075000" lon="-121.747540">
      <ele>1400.0000</ele>
      <time>2010-01-01T00:37:41Z</time>
    </rtept>
    <rtept lat="41.04097000" lon="-121.747490">
      <ele>1402.0000</ele>
      <time>2010-01-01T00:37:50Z</time>
    </rtept>
    <rtept lat="41.04119000" lon="-121.747470">
      <ele>1403.0000</ele>
      <time>2010-01-01T00:37:59Z</time>
    </rtept>
    <rtept lat="41.04135000" lon="-121.747430">
      <ele>1403.0000</ele>
      <time>2010-01-01T00:38:05Z</time>
    </rtept>
    <rtept lat="41.04148000" lon="-121.747370">
      <ele>1403.0000</ele>
      <time>2010-01-01T00:38:11Z</time>
    </rtept>
    <rtept lat="41.04155000" lon="-121.747270">
      <ele>1403.0000</ele>
      <time>2010-01-01T00:38:15Z</time>
    </rtept>
    <rtept lat="41.04169000" lon="-121.747170">
      <ele>1404.0000</ele>
      <time>2010-01-01T00:38:21Z</time>
    </rtept>
    <rtept lat="41.04180000" lon="-121.747090">
      <ele>1405.0000</ele>
      <time>2010-01-01T00:38:26Z</time>
    </rtept>
    <rtept lat="41.04208000" lon="-121.747090">
      <ele>1405.0000</ele>
      <time>2010-01-01T00:38:37Z</time>
    </rtept>
    <rtept lat="41.04236000" lon="-121.747080">
      <ele>1406.0000</ele>
      <time>2010-01-01T00:38:49Z</time>
    </rtept>
    <rtept lat="41.04277000" lon="-121.746910">
      <ele>1410.0000</ele>
      <time>2010-01-01T00:39:06Z</time>
    </rtept>
    <rtept lat="41.04290000" lon="-121.746920">
      <ele>1410.0000</ele>
      <time>2010-01-01T00:39:11Z</time>
    </rtept>
    <rtept lat="41.04313000" lon="-121.746960">
      <ele>1411.0000</ele>
      <time>2010-01-01T00:39:20Z</time>
    </rtept>
    <rtept lat="41.04330000" lon="-121.747160">
      <ele>1414.0000</ele>
      <time>2010-01-01T00:39:29Z</time>
    </rtept>
    <rtept lat="41.04335000" lon="-121.747270">
      <ele>1415.0000</ele>
      <time>2010-01-01T00:39:33Z</time>
    </rtept>
    <rtept lat="41.04337000" lon="-121.747340">
      <ele>1416.0000</ele>
      <time>2010-01-01T00:39:35Z</time>
    </rtept>
    <rtept lat="41.04336000" lon="-121.747480">
      <ele>1417.0000</ele>
      <time>2010-01-01T00:39:40Z</time>
    </rtept>
    <rtept lat="41.04332000" lon="-121.747640">
      <ele>1417.0000</ele>
      <time>2010-01-01T00:39:45Z</time>
    </rtept>
    <rtept lat="41.04337000" lon="-121.748080">
      <ele>1421.0000</ele>
      <time>2010-01-01T00:39:58Z</time>
    </rtept>
    <rtept lat="41.04336000" lon="-121.748480">
      <ele>1418.0000</ele>
      <time>2010-01-01T00:40:10Z</time>
    </rtept>
    <rtept lat="41.04341000" lon="-121.748760">
      <ele>1418.0000</ele>
      <time>2010-01-01T00:40:19Z</time>
    </rtept>
    <rtept lat="41.04348000" lon="-121.749020">
      <ele>1418.0000</ele>
      <time>2010-01-01T00:40:27Z</time>
    </rtept>
    <rtept lat="41.04360000" lon="-121.749270">
      <ele>1422.0000</ele>
      <time>2010-01-01T00:40:36Z</time>
    </rtept>
    <rtept lat="41.04363000" lon="-121.749900">
      <ele>1429.0000</ele>
      <time>2010-01-01T00:40:55Z</time>
    </rtept>
    <rtept lat="41.04346000" lon="-121.750330">
      <ele>1429.0000</ele>
      <time>2010-01-01T00:41:10Z</time>
    </rtept>
    <rtept lat="41.04343000" lon="-121.750680">
      <ele>1430.0000</ele>
      <time>2010-01-01T00:41:21Z</time>
    </rtept>
    <rtept lat="41.04339000" lon="-121.751010">
      <ele>1428.0000</ele>
      <time>2010-01-01T00:41:31Z</time>
    </rtept>
    <rtept lat="41.04341000" lon="-121.751170">
      <ele>1426.0000</ele>
      <time>2010-01-01T00:41:36Z</time>
    </rtept>
    <rtept lat="41.04345000" lon="-121.751360">
      <ele>1424.0000</ele>
      <time>2010-01-01T00:41:42Z</time>
    </rtept>
    <rtept lat="41.04354000" lon="-121.751480">
      <ele>1423.0000</ele>
      <time>2010-01-01T00:41:47Z</time>
    </rtept>
    <rtept lat="41.04377000" lon="-121.751730">
      <ele>1426.0000</ele>
      <time>2010-01-01T00:41:59Z</time>
    </rtept>
    <rtept lat="41.04390000" lon="-121.751890">
      <ele>1428.0000</ele>
      <time>2010-01-01T00:42:06Z</time>
    </rtept>
    <rtept lat="41.04399000" lon="-121.752120">
      <ele>1432.0000</ele>
      <time>2010-01-01T00:42:14Z</time>
    </rtept>
    <rtept lat="41.04406000" lon="-121.752360">
      <ele>1434.0000</ele>
      <time>2010-01-01T00:42:21Z</time>
    </rtept>
    <rtept lat="41.04410000" lon="-121.752700">
      <ele>1432.0000</ele>
      <time>2010-01-01T00:42:32Z</time>
    </rtept>
    <rtept lat="41.04413000" lon="-121.753040">
      <ele>1432.0000</ele>
      <time>2010-01-01T00:42:42Z</time>
    </rtept>
    <rtept lat="41.04408000" lon="-121.753360">
      <ele>1429.0000</ele>
      <time>2010-01-01T00:42:52Z</time>
    </rtept>
    <rtept lat="41.04411000" lon="-121.753660">
      <ele>1430.0000</ele>
      <time>2010-01-01T00:43:01Z</time>
    </rtept>
    <rtept lat="41.04429000" lon="-121.754100">
      <ele>1435.0000</ele>
      <time>2010-01-01T00:43:16Z</time>
    </rtept>
    <rtept lat="41.04445000" lon="-121.754360">
      <ele>1440.0000</ele>
      <time>2010-01-01T00:43:26Z</time>
    </rtept>
    <rtept lat="41.04454000" lon="-121.754530">
      <ele>1442.0000</ele>
      <time>2010-01-01T00:43:33Z</time>
    </rtept>
    <rtept lat="41.04463000" lon="-121.754730">
      <ele>1442.0000</ele>
      <time>2010-01-01T00:43:40Z</time>
    </rtept>
    <rtept lat="41.04477000" lon="-121.754980">
      <ele>1444.0000</ele>
      <time>2010-01-01T00:43:49Z</time>
    </rtept>
    <rtept lat="41.04487000" lon="-121.755190">
      <ele>1446.0000</ele>
      <time>2010-01-01T00:43:56Z</time>
    </rtept>
    <rtept lat="41.04504000" lon="-121.755430">
      <ele>1449.0000</ele>
      <time>2010-01-01T00:44:06Z</time>
    </rtept>
    <rtept lat="41.04514000" lon="-121.755650">
      <ele>1449.0000</ele>
      <time>2010-01-01T00:44:14Z</time>
    </rtept>
    <rtept lat="41.04527000" lon="-121.755840">
      <ele>1449.0000</ele>
      <time>2010-01-01T00:44:22Z</time>
    </rtept>
    <rtept lat="41.04543000" lon="-121.756220">
      <ele>1455.0000</ele>
      <time>2010-01-01T00:44:35Z</time>
    </rtept>
    <rtept lat="41.04553000" lon="-121.756440">
      <ele>1457.0000</ele>
      <time>2010-01-01T00:44:43Z</time>
    </rtept>
    <rtept lat="41.04556000" lon="-121.756700">
      <ele>1455.0000</ele>
      <time>2010-01-01T00:44:51Z</time>
    </rtept>
    <rtept lat="41.04552000" lon="-121.756910">
      <ele>1451.0000</ele>
      <time>2010-01-01T00:44:57Z</time>
    </rtept>
    <rtept lat="41.04545000" lon="-121.757190">
      <ele>1446.0000</ele>
      <time>2010-01-01T00:45:06Z</time>
    </rtept>
    <rtept lat="41.04540000" lon="-121.757320">
      <ele>1444.0000</ele>
      <time>2010-01-01T00:45:11Z</time>
    </rtept>
    <rtept lat="41.04524000" lon="-121.757390">
      <ele>1442.0000</ele>
      <time>2010-01-01T00:45:17Z</time>
    </rtept>
    <rtept lat="41.04517000" lon="-121.757770">
      <ele>1440.0000</ele>
      <time>2010-01-01T00:45:29Z</time>
    </rtept>
    <rtept lat="41.04514000" lon="-121.758220">
      <ele>1441.0000</ele>
      <time>2010-01-01T00:45:43Z</time>
    </rtept>
    <rtept lat="41.04514000" lon="-121.758440">
      <ele>1441.0000</ele>
      <time>2010-01-01T00:45:49Z</time>
    </rtept>
    <rtept lat="41.04526000" lon="-121.758760">
      <ele>1443.0000</ele>
      <time>2010-01-01T00:46:00Z</time>
    </rtept>
    <rtept lat="41.04535000" lon="-121.759020">
      <ele>1445.0000</ele>
      <time>2010-01-01T00:46:09Z</time>
    </rtept>
    <rtept lat="41.04539000" lon="-121.759270">
      <ele>1445.0000</ele>
      <time>2010-01-01T00:46:17Z</time>
    </rtept>
    <rtept lat="41.04533000" lon="-121.759490">
      <ele>1443.0000</ele>
      <time>2010-01-01T00:46:24Z</time>
    </rtept>
    <rtept lat="41.04538000" lon="-121.759750">
      <ele>1443.0000</ele>
      <time>2010-01-01T00:46:32Z</time>
    </rtept>
    <rtept lat="41.04565000" lon="-121.760250">
      <ele>1446.0000</ele>
      <time>2010-01-01T00:46:50Z</time>
    </rtept>
    <rtept lat="41.04582000" lon="-121.760430">
      <ele>1451.0000</ele>
      <time>2010-01-01T00:46:59Z</time>
    </rtept>
    <rtept lat="41.04600000" lon="-121.760660">
      <ele>1458.0000</ele>
      <time>2010-01-01T00:47:09Z</time>
    </rtept>
    <rtept lat="41.04612000" lon="-121.760830">
      <ele>1462.0000</ele>
      <time>2010-01-01T00:47:16Z</time>
    </rtept>
    <rtept lat="41.04630000" lon="-121.761040">
      <ele>1463.0000</ele>
      <time>2010-01-01T00:47:26Z</time>
    </rtept>
    <rtept lat="41.04644000" lon="-121.761280">
      <ele>1461.0000</ele>
      <time>2010-01-01T00:47:35Z</time>
    </rtept>
    <rtept lat="41.04652000" lon="-121.761450">
      <ele>1460.0000</ele>
      <time>2010-01-01T00:47:41Z</time>
    </rtept>
    <rtept lat="41.04660000" lon="-121.761490">
      <ele>1460.0000</ele>
      <time>2010-01-01T00:47:44Z</time>
    </rtept>
    <rtept lat="41.04687000" lon="-121.761790">
      <ele>1459.0000</ele>
      <time>2010-01-01T00:47:58Z</time>
    </rtept>
    <rtept lat="41.04700000" lon="-121.761950">
      <ele>1459.0000</ele>
      <time>2010-01-01T00:48:05Z</time>
    </rtept>
    <rtept lat="41.04715000" lon="-121.762100">
      <ele>1461.0000</ele>
      <time>2010-01-01T00:48:13Z</time>
    </rtept>
    <rtept lat="41.04730000" lon="-121.762350">
      <ele>1464.0000</ele>
      <time>2010-01-01T00:48:23Z</time>
    </rtept>
    <rtept lat="41.04746000" lon="-121.762580">
      <ele>1466.0000</ele>
      <time>2010-01-01T00:48:32Z</time>
    </rtept>
    <rtept lat="41.04766000" lon="-121.762870">
      <ele>1469.0000</ele>
      <time>2010-01-01T00:48:44Z</time>
    </rtept>
    <rtept lat="41.04787000" lon="-121.763080">
      <ele>1473.0000</ele>
      <time>2010-01-01T00:48:54Z</time>
    </rtept>
    <rtept lat="41.04812000" lon="-121.763450">
      <ele>1476.0000</ele>
      <time>2010-01-01T00:49:09Z</time>
    </rtept>
    <rtept lat="41.04824000" lon="-121.763580">
      <ele>1478.0000</ele>
      <time>2010-01-01T00:49:16Z</time>
    </rtept>
    <rtept lat="41.04833000" lon="-121.763810">
      <ele>1478.0000</ele>
      <time>2010-01-01T00:49:23Z</time>
    </rtept>
    <rtept lat="41.04869000" lon="-121.764340">
      <ele>1479.0000</ele>
      <time>2010-01-01T00:49:45Z</time>
    </rtept>
    <rtept lat="41.04883000" lon="-121.764500">
      <ele>1483.0000</ele>
      <time>2010-01-01T00:49:52Z</time>
    </rtept>
    <rtept lat="41.04896000" lon="-121.764650">
      <ele>1488.0000</ele>
      <time>2010-01-01T00:49:59Z</time>
    </rtept>
    <rtept lat="41.04896000" lon="-121.764920">
      <ele>1485.0000</ele>
      <time>2010-01-01T00:50:07Z</time>
    </rtept>
    <rtept lat="41.04900000" lon="-121.765150">
      <ele>1484.0000</ele>
      <time>2010-01-01T00:50:15Z</time>
    </rtept>
    <rtept lat="41.04912000" lon="-121.765410">
      <ele>1486.0000</ele>
      <time>2010-01-01T00:50:24Z</time>
    </rtept>
    <rtept lat="41.04929000" lon="-121.765860">
      <ele>1489.0000</ele>
      <time>2010-01-01T00:50:39Z</time>
    </rtept>
    <rtept lat="41.04955000" lon="-121.766340">
      <ele>1496.0000</ele>
      <time>2010-01-01T00:50:57Z</time>
    </rtept>
    <rtept lat="41.04972000" lon="-121.766740">
      <ele>1500.0000</ele>
      <time>2010-01-01T00:51:11Z</time>
    </rtept>
    <rtept lat="41.04981000" lon="-121.766970">
      <ele>1500.0000</ele>
      <time>2010-01-01T00:51:19Z</time>
    </rtept>
    <rtept lat="41.04987000" lon="-121.767330">
      <ele>1500.0000</ele>
      <time>2010-01-01T00:51:30Z</time>
    </rtept>
    <rtept lat="41.04989000" lon="-121.767490">
      <ele>1499.0000</ele>
      <time>2010-01-01T00:51:35Z</time>
    </rtept>
    <rtept lat="41.04987000" lon="-121.767620">
      <ele>1499.0000</ele>
      <time>2010-01-01T00:51:39Z</time>
    </rtept>
    <rtept lat="41.04982000" lon="-121.767890">
      <ele>1500.0000</ele>
      <time>2010-01-01T00:51:47Z</time>
    </rtept>
    <rtept lat="41.04975000" lon="-121.768530">
      <ele>1504.0000</ele>
      <time>2010-01-01T00:52:06Z</time>
    </rtept>
    <rtept lat="41.04967000" lon="-121.768790">
      <ele>1504.0000</ele>
      <time>2010-01-01T00:52:15Z</time>
    </rtept>
    <rtept lat="41.04966000" lon="-121.768970">
      <ele>1505.0000</ele>
      <time>2010-01-01T00:52:20Z</time>
    </rtept>
    <rtept lat="41.04968000" lon="-121.769190">
      <ele>1507.0000</ele>
      <time>2010-01-01T00:52:27Z</time>
    </rtept>
    <rtept lat="41.04964000" lon="-121.769460">
      <ele>1509.0000</ele>
      <time>2010-01-01T00:52:35Z</time>
    </rtept>
    <rtept lat="41.04964000" lon="-121.769730">
      <ele>1512.0000</ele>
      <time>2010-01-01T00:52:44Z</time>
    </rtept>
    <rtept lat="41.04962000" lon="-121.769930">
      <ele>1513.0000</ele>
      <time>2010-01-01T00:52:50Z</time>
    </rtept>
    <rtept lat="41.04957000" lon="-121.770270">
      <ele>1513.0000</ele>
      <time>2010-01-01T00:53:00Z</time>
    </rtept>
    <rtept lat="41.04945000" lon="-121.770580">
      <ele>1514.0000</ele>
      <time>2010-01-01T00:53:11Z</time>
    </rtept>
    <rtept lat="41.04932000" lon="-121.770880">
      <ele>1511.0000</ele>
      <time>2010-01-01T00:53:21Z</time>
    </rtept>
    <rtept lat="41.04912000" lon="-121.771040">
      <ele>1509.0000</ele>
      <time>2010-01-01T00:53:30Z</time>
    </rtept>
    <rtept lat="41.04887000" lon="-121.771040">
      <ele>1509.0000</ele>
      <time>2010-01-01T00:53:40Z</time>
    </rtept>
    <rtept lat="41.04872000" lon="-121.771030">
      <ele>1512.0000</ele>
      <time>2010-01-01T00:53:46Z</time>
    </rtept>
    <rtept lat="41.04822000" lon="-121.770690">
      <ele>1520.0000</ele>
      <time>2010-01-01T00:54:09Z</time>
    </rtept>
    <rtept lat="41.04793000" lon="-121.770520">
      <ele>1523.0000</ele>
      <time>2010-01-01T00:54:22Z</time>
    </rtept>
    <rtept lat="41.04776000" lon="-121.770420">
      <ele>1526.0000</ele>
      <time>2010-01-01T00:54:29Z</time>
    </rtept>
    <rtept lat="41.04768000" lon="-121.770360">
      <ele>1528.0000</ele>
      <time>2010-01-01T00:54:33Z</time>
    </rtept>
    <rtept lat="41.04759000" lon="-121.770270">
      <ele>1529.0000</ele>
      <time>2010-01-01T00:54:37Z</time>
    </rtept>
    <rtept lat="41.04730000" lon="-121.770070">
      <ele>1531.0000</ele>
      <time>2010-01-01T00:54:50Z</time>
    </rtept>
    <rtept lat="41.04703000" lon="-121.769910">
      <ele>1533.0000</ele>
      <time>2010-01-01T00:55:02Z</time>
    </rtept>
    <rtept lat="41.04676000" lon="-121.769840">
      <ele>1533.0000</ele>
      <time>2010-01-01T00:55:13Z</time>
    </rtept>
    <rtept lat="41.04652000" lon="-121.769840">
      <ele>1533.0000</ele>
      <time>2010-01-01T00:55:23Z</time>
    </rtept>
    <rtept lat="41.04634000" lon="-121.769890">
      <ele>1536.0000</ele>
      <time>2010-01-01T00:55:30Z</time>
    </rtept>
    <rtept lat="41.04614000" lon="-121.770080">
      <ele>1542.0000</ele>
      <time>2010-01-01T00:55:40Z</time>
    </rtept>
    <rtept lat="41.04603000" lon="-121.770260">
      <ele>1545.0000</ele>
      <time>2010-01-01T00:55:47Z</time>
    </rtept>
    <rtept lat="41.04568000" lon="-121.770410">
      <ele>1543.0000</ele>
      <time>2010-01-01T00:56:02Z</time>
    </rtept>
    <rtept lat="41.04559000" lon="-121.770590">
      <ele>1544.0000</ele>
      <time>2010-01-01T00:56:08Z</time>
    </rtept>
    <rtept lat="41.04559000" lon="-121.771030">
      <ele>1546.0000</ele>
      <time>2010-01-01T00:56:22Z</time>
    </rtept>
    <rtept lat="41.04560000" lon="-121.771240">
      <ele>1548.0000</ele>
      <time>2010-01-01T00:56:28Z</time>
    </rtept>
    <rtept lat="41.04557000" lon="-121.771460">
      <ele>1548.0000</ele>
      <time>2010-01-01T00:56:35Z</time>
    </rtept>
    <rtept lat="41.04555000" lon="-121.771640">
      <ele>1548.0000</ele>
      <time>2010-01-01T00:56:40Z</time>
    </rtept>
    <rtept lat="41.04553000" lon="-121.771860">
      <ele>1547.0000</ele>
      <time>2010-01-01T00:56:47Z</time>
    </rtept>
    <rtept lat="41.04568000" lon="-121.771920">
      <ele>1548.0000</ele>
      <time>2010-01-01T00:56:53Z</time>
    </rtept>
    <rtept lat="41.04580000" lon="-121.771880">
      <ele>1549.0000</ele>
      <time>2010-01-01T00:56:58Z</time>
    </rtept>
    <rtept lat="41.04591000" lon="-121.771810">
      <ele>1550.0000</ele>
      <time>2010-01-01T00:57:03Z</time>
    </rtept>
    <rtept lat="41.04605000" lon="-121.771750">
      <ele>1551.0000</ele>
      <time>2010-01-01T00:57:09Z</time>
    </rtept>
    <rtept lat="41.04619000" lon="-121.771690">
      <ele>1552.0000</ele>
      <time>2010-01-01T00:57:15Z</time>
    </rtept>
    <rtept lat="41.04632000" lon="-121.771750">
      <ele>1554.0000</ele>
      <time>2010-01-01T00:57:20Z</time>
    </rtept>
    <rtept lat="41.04646000" lon="-121.771800">
      <ele>1555.0000</ele>
      <time>2010-01-01T00:57:26Z</time>
    </rtept>
    <rtept lat="41.04662000" lon="-121.771800">
      <ele>1554.0000</ele>
      <time>2010-01-01T00:57:32Z</time>
    </rtept>
    <rtept lat="41.04682000" lon="-121.771810">
      <ele>1554.0000</ele>
      <time>2010-01-01T00:57:40Z</time>
    </rtept>
    <rtept lat="41.04701000" lon="-121.771930">
      <ele>1555.0000</ele>
      <time>2010-01-01T00:57:49Z</time>
    </rtept>
    <rtept lat="41.04723000" lon="-121.772190">
      <ele>1557.0000</ele>
      <time>2010-01-01T00:58:01Z</time>
    </rtept>
    <rtept lat="41.04735000" lon="-121.772290">
      <ele>1557.0000</ele>
      <time>2010-01-01T00:58:06Z</time>
    </rtept>
    <rtept lat="41.04753000" lon="-121.772350">
      <ele>1556.0000</ele>
      <time>2010-01-01T00:58:14Z</time>
    </rtept>
    <rtept lat="41.04771000" lon="-121.772360">
      <ele>1554.0000</ele>
      <time>2010-01-01T00:58:21Z</time>
    </rtept>
    <rtept lat="41.04788000" lon="-121.772460">
      <ele>1553.0000</ele>
      <time>2010-01-01T00:58:28Z</time>
    </rtept>
    <rtept lat="41.04803000" lon="-121.772610">
      <ele>1554.0000</ele>
      <time>2010-01-01T00:58:36Z</time>
    </rtept>
    <rtept lat="41.04816000" lon="-121.772730">
      <ele>1552.0000</ele>
      <time>2010-01-01T00:58:42Z</time>
    </rtept>
    <rtept lat="41.04840000" lon="-121.773000">
      <ele>1551.0000</ele>
      <time>2010-01-01T00:58:55Z</time>
    </rtept>
    <rtept lat="41.04856000" lon="-121.773150">
      <ele>1551.0000</ele>
      <time>2010-01-01T00:59:03Z</time>
    </rtept>
    <rtept lat="41.04876000" lon="-121.773430">
      <ele>1555.0000</ele>
      <time>2010-01-01T00:59:14Z</time>
    </rtept>
    <rtept lat="41.04891000" lon="-121.773620">
      <ele>1558.0000</ele>
      <time>2010-01-01T00:59:23Z</time>
    </rtept>
    <rtept lat="41.04933000" lon="-121.773970">
      <ele>1551.0000</ele>
      <time>2010-01-01T00:59:43Z</time>
    </rtept>
    <rtept lat="41.04949000" lon="-121.774090">
      <ele>1551.0000</ele>
      <time>2010-01-01T00:59:50Z</time>
    </rtept>
    <rtept lat="41.04968000" lon="-121.774150">
      <ele>1550.0000</ele>
      <time>2010-01-01T00:59:58Z</time>
    </rtept>
    <rtept lat="41.04993000" lon="-121.774100">
      <ele>1550.0000</ele>
      <time>2010-01-01T01:00:08Z</time>
    </rtept>
    <rtept lat="41.05017000" lon="-121.774090">
      <ele>1549.0000</ele>
      <time>2010-01-01T01:00:17Z</time>
    </rtept>
    <rtept lat="41.05055000" lon="-121.774150">
      <ele>1548.0000</ele>
      <time>2010-01-01T01:00:33Z</time>
    </rtept>
    <rtept lat="41.05089000" lon="-121.774180">
      <ele>1548.0000</ele>
      <time>2010-01-01T01:00:46Z</time>
    </rtept>
    <rtept lat="41.05095000" lon="-121.774180">
      <ele>1548.0000</ele>
      <time>2010-01-01T01:00:49Z</time>
    </rtept>
    <rtept lat="41.05123000" lon="-121.774240">
      <ele>1547.0000</ele>
      <time>2010-01-01T01:01:00Z</time>
    </rtept>
    <rtept lat="41.05152000" lon="-121.774360">
      <ele>1543.0000</ele>
      <time>2010-01-01T01:01:12Z</time>
    </rtept>
    <rtept lat="41.05183000" lon="-121.774430">
      <ele>1540.0000</ele>
      <time>2010-01-01T01:01:25Z</time>
    </rtept>
    <rtept lat="41.05237000" lon="-121.774610">
      <ele>1539.0000</ele>
      <time>2010-01-01T01:01:47Z</time>
    </rtept>
    <rtept lat="41.05261000" lon="-121.774670">
      <ele>1538.0000</ele>
      <time>2010-01-01T01:01:57Z</time>
    </rtept>
    <rtept lat="41.05277000" lon="-121.774700">
      <ele>1536.0000</ele>
      <time>2010-01-01T01:02:03Z</time>
    </rtept>
    <rtept lat="41.05294000" lon="-121.774580">
      <ele>1534.0000</ele>
      <time>2010-01-01T01:02:11Z</time>
    </rtept>
    <rtept lat="41.05323000" lon="-121.774380">
      <ele>1531.0000</ele>
      <time>2010-01-01T01:02:24Z</time>
    </rtept>
    <rtept lat="41.05335000" lon="-121.774300">
      <ele>1530.0000</ele>
      <time>2010-01-01T01:02:30Z</time>
    </rtept>
    <rtept lat="41.05348000" lon="-121.774260">
      <ele>1529.0000</ele>
      <time>2010-01-01T01:02:35Z</time>
    </rtept>
    <rtept lat="41.05358000" lon="-121.774260">
      <ele>1529.0000</ele>
      <time>2010-01-01T01:02:39Z</time>
    </rtept>
    <rtept lat="41.05375000" lon="-121.774310">
      <ele>1527.0000</ele>
      <time>2010-01-01T01:02:46Z</time>
    </rtept>
    <rtept lat="41.05392000" lon="-121.774350">
      <ele>1526.0000</ele>
      <time>2010-01-01T01:02:53Z</time>
    </rtept>
    <rtept lat="41.05410000" lon="-121.774450">
      <ele>1526.0000</ele>
      <time>2010-01-01T01:03:01Z</time>
    </rtept>
    <rtept lat="41.05423000" lon="-121.774530">
      <ele>1525.0000</ele>
      <time>2010-01-01T01:03:06Z</time>
    </rtept>
    <rtept lat="41.05447000" lon="-121.774700">
      <ele>1522.0000</ele>
      <time>2010-01-01T01:03:17Z</time>
    </rtept>
    <rtept lat="41.05475000" lon="-121.774890">
      <ele>1519.0000</ele>
      <time>2010-01-01T01:03:30Z</time>
    </rtept>
    <rtept lat="41.05498000" lon="-121.775070">
      <ele>1519.0000</ele>
      <time>2010-01-01T01:03:41Z</time>
    </rtept>
    <rtept lat="41.05529000" lon="-121.775260">
      <ele>1514.0000</ele>
      <time>2010-01-01T01:03:54Z</time>
    </rtept>
    <rtept lat="41.05549000" lon="-121.775580">
      <ele>1511.0000</ele>
      <time>2010-01-01T01:04:07Z</time>
    </rtept>
    <rtept lat="41.05570000" lon="-121.775850">
      <ele>1508.0000</ele>
      <time>2010-01-01T01:04:18Z</time>
    </rtept>
    <rtept lat="41.05585000" lon="-121.776000">
      <ele>1508.0000</ele>
      <time>2010-01-01T01:04:26Z</time>
    </rtept>
    <rtept lat="41.05589000" lon="-121.776020">
      <ele>1508.0000</ele>
      <time>2010-01-01T01:04:28Z</time>
    </rtept>
    <rtept lat="41.05590000" lon="-121.776030">
      <ele>1508.0000</ele>
      <time>2010-01-01T01:04:28Z</time>
    </rtept>
    <rtept lat="41.05608000" lon="-121.776100">
      <ele>1509.0000</ele>
      <time>2010-01-01T01:04:36Z</time>
    </rtept>
    <rtept lat="41.05614000" lon="-121.776150">
      <ele>1510.0000</ele>
      <time>2010-01-01T01:04:39Z</time>
    </rtept>
    <rtept lat="41.05622000" lon="-121.776480">
      <ele>1509.0000</ele>
      <time>2010-01-01T01:04:49Z</time>
    </rtept>
    <rtept lat="41.05623000" lon="-121.776680">
      <ele>1508.0000</ele>
      <time>2010-01-01T01:04:55Z</time>
    </rtept>
    <rtept lat="41.05630000" lon="-121.776990">
      <ele>1508.0000</ele>
      <time>2010-01-01T01:05:05Z</time>
    </rtept>
    <rtept lat="41.05634000" lon="-121.777150">
      <ele>1507.0000</ele>
      <time>2010-01-01T01:05:10Z</time>
    </rtept>
    <rtept lat="41.05661000" lon="-121.777360">
      <ele>1512.0000</ele>
      <time>2010-01-01T01:05:22Z</time>
    </rtept>
    <rtept lat="41.05669000" lon="-121.777430">
      <ele>1514.0000</ele>
      <time>2010-01-01T01:05:26Z</time>
    </rtept>
    <rtept lat="41.05681000" lon="-121.777670">
      <ele>1517.0000</ele>
      <time>2010-01-01T01:05:35Z</time>
    </rtept>
    <rtept lat="41.05686000" lon="-121.777870">
      <ele>1518.0000</ele>
      <time>2010-01-01T01:05:41Z</time>
    </rtept>
    <rtept lat="41.05686000" lon="-121.778070">
      <ele>1516.0000</ele>
      <time>2010-01-01T01:05:47Z</time>
    </rtept>
    <rtept lat="41.05702000" lon="-121.778380">
      <ele>1515.0000</ele>
      <time>2010-01-01T01:05:59Z</time>
    </rtept>
    <rtept lat="41.05719000" lon="-121.778970">
      <ele>1502.0000</ele>
      <time>2010-01-01T01:06:18Z</time>
    </rtept>
    <rtept lat="41.05736000" lon="-121.779250">
      <ele>1501.0000</ele>
      <time>2010-01-01T01:06:29Z</time>
    </rtept>
    <rtept lat="41.05751000" lon="-121.779540">
      <ele>1501.0000</ele>
      <time>2010-01-01T01:06:39Z</time>
    </rtept>
    <rtept lat="41.05760000" lon="-121.779940">
      <ele>1500.0000</ele>
      <time>2010-01-01T01:06:52Z</time>
    </rtept>
    <rtept lat="41.05765000" lon="-121.780230">
      <ele>1499.0000</ele>
      <time>2010-01-01T01:07:01Z</time>
    </rtept>
    <rtept lat="41.05789000" lon="-121.780620">
      <ele>1502.0000</ele>
      <time>2010-01-01T01:07:16Z</time>
    </rtept>
    <rtept lat="41.05799000" lon="-121.780910">
      <ele>1503.0000</ele>
      <time>2010-01-01T01:07:26Z</time>
    </rtept>
    <rtept lat="41.05807000" lon="-121.781220">
      <ele>1502.0000</ele>
      <time>2010-01-01T01:07:36Z</time>
    </rtept>
    <rtept lat="41.05815000" lon="-121.781600">
      <ele>1499.0000</ele>
      <time>2010-01-01T01:07:47Z</time>
    </rtept>
    <rtept lat="41.05824000" lon="-121.781940">
      <ele>1498.0000</ele>
      <time>2010-01-01T01:07:58Z</time>
    </rtept>
    <rtept lat="41.05826000" lon="-121.782580">
      <ele>1494.0000</ele>
      <time>2010-01-01T01:08:18Z</time>
    </rtept>
    <rtept lat="41.05822000" lon="-121.782960">
      <ele>1489.0000</ele>
      <time>2010-01-01T01:08:29Z</time>
    </rtept>
    <rtept lat="41.05827000" lon="-121.783240">
      <ele>1486.0000</ele>
      <time>2010-01-01T01:08:38Z</time>
    </rtept>
    <rtept lat="41.05834000" lon="-121.783530">
      <ele>1483.0000</ele>
      <time>2010-01-01T01:08:47Z</time>
    </rtept>
    <rtept lat="41.05841000" lon="-121.783720">
      <ele>1480.0000</ele>
      <time>2010-01-01T01:08:53Z</time>
    </rtept>
    <rtept lat="41.05854000" lon="-121.783990">
      <ele>1476.0000</ele>
      <time>2010-01-01T01:09:03Z</time>
    </rtept>
    <rtept lat="41.05864000" lon="-121.784140">
      <ele>1474.0000</ele>
      <time>2010-01-01T01:09:09Z</time>
    </rtept>
    <rtept lat="41.05882000" lon="-121.784270">
      <ele>1473.0000</ele>
      <time>2010-01-01T01:09:17Z</time>
    </rtept>
    <rtept lat="41.05894000" lon="-121.784510">
      <ele>1472.0000</ele>
      <time>2010-01-01T01:09:26Z</time>
    </rtept>
    <rtept lat="41.05907000" lon="-121.784690">
      <ele>1470.0000</ele>
      <time>2010-01-01T01:09:34Z</time>
    </rtept>
    <rtept lat="41.05918000" lon="-121.784770">
      <ele>1469.0000</ele>
      <time>2010-01-01T01:09:39Z</time>
    </rtept>
    <rtept lat="41.05928000" lon="-121.784800">
      <ele>1468.0000</ele>
      <time>2010-01-01T01:09:43Z</time>
    </rtept>
    <rtept lat="41.05952000" lon="-121.784920">
      <ele>1465.0000</ele>
      <time>2010-01-01T01:09:53Z</time>
    </rtept>
    <rtept lat="41.05966000" lon="-121.785000">
      <ele>1462.0000</ele>
      <time>2010-01-01T01:09:59Z</time>
    </rtept>
    <rtept lat="41.05976000" lon="-121.785030">
      <ele>1462.0000</ele>
      <time>2010-01-01T01:10:03Z</time>
    </rtept>
    <rtept lat="41.06007000" lon="-121.785160">
      <ele>1464.0000</ele>
      <time>2010-01-01T01:10:16Z</time>
    </rtept>
    <rtept lat="41.06014000" lon="-121.785190">
      <ele>1464.0000</ele>
      <time>2010-01-01T01:10:19Z</time>
    </rtept>
    <rtept lat="41.06033000" lon="-121.785230">
      <ele>1466.0000</ele>
      <time>2010-01-01T01:10:27Z</time>
    </rtept>
    <rtept lat="41.06045000" lon="-121.785270">
      <ele>1468.0000</ele>
      <time>2010-01-01T01:10:32Z</time>
    </rtept>
    <rtept lat="41.06051000" lon="-121.785340">
      <ele>1470.0000</ele>
      <time>2010-01-01T01:10:35Z</time>
    </rtept>
    <rtept lat="41.06052000" lon="-121.785460">
      <ele>1472.0000</ele>
      <time>2010-01-01T01:10:39Z</time>
    </rtept>
    <rtept lat="41.06043000" lon="-121.785630">
      <ele>1474.0000</ele>
      <time>2010-01-01T01:10:45Z</time>
    </rtept>
    <rtept lat="41.06036000" lon="-121.785840">
      <ele>1476.0000</ele>
      <time>2010-01-01T01:10:52Z</time>
    </rtept>
    <rtept lat="41.06033000" lon="-121.786030">
      <ele>1477.0000</ele>
      <time>2010-01-01T01:10:58Z</time>
    </rtept>
    <rtept lat="41.06036000" lon="-121.786160">
      <ele>1479.0000</ele>
      <time>2010-01-01T01:11:02Z</time>
    </rtept>
    <rtept lat="41.06045000" lon="-121.786430">
      <ele>1484.0000</ele>
      <time>2010-01-01T01:11:11Z</time>
    </rtept>
    <rtept lat="41.06063000" lon="-121.786660">
      <ele>1492.0000</ele>
      <time>2010-01-01T01:11:21Z</time>
    </rtept>
    <rtept lat="41.06075000" lon="-121.786780">
      <ele>1495.0000</ele>
      <time>2010-01-01T01:11:27Z</time>
    </rtept>
    <rtept lat="41.06083000" lon="-121.786860">
      <ele>1497.0000</ele>
      <time>2010-01-01T01:11:31Z</time>
    </rtept>
    <rtept lat="41.06095000" lon="-121.786970">
      <ele>1500.0000</ele>
      <time>2010-01-01T01:11:37Z</time>
    </rtept>
    <rtept lat="41.06105000" lon="-121.787140">
      <ele>1501.0000</ele>
      <time>2010-01-01T01:11:43Z</time>
    </rtept>
    <rtept lat="41.06120000" lon="-121.787280">
      <ele>1503.0000</ele>
      <time>2010-01-01T01:11:50Z</time>
    </rtept>
    <rtept lat="41.06137000" lon="-121.787410">
      <ele>1508.0000</ele>
      <time>2010-01-01T01:11:58Z</time>
    </rtept>
    <rtept lat="41.06153000" lon="-121.787570">
      <ele>1512.0000</ele>
      <time>2010-01-01T01:12:06Z</time>
    </rtept>
    <rtept lat="41.06172000" lon="-121.787720">
      <ele>1515.0000</ele>
      <time>2010-01-01T01:12:15Z</time>
    </rtept>
    <rtept lat="41.06215000" lon="-121.787850">
      <ele>1515.0000</ele>
      <time>2010-01-01T01:12:33Z</time>
    </rtept>
    <rtept lat="41.06240000" lon="-121.787830">
      <ele>1515.0000</ele>
      <time>2010-01-01T01:12:43Z</time>
    </rtept>
    <rtept lat="41.06270000" lon="-121.787730">
      <ele>1515.0000</ele>
      <time>2010-01-01T01:12:55Z</time>
    </rtept>
    <rtept lat="41.06299000" lon="-121.787530">
      <ele>1516.0000</ele>
      <time>2010-01-01T01:13:08Z</time>
    </rtept>
    <rtept lat="41.06323000" lon="-121.787380">
      <ele>1519.0000</ele>
      <time>2010-01-01T01:13:19Z</time>
    </rtept>
    <rtept lat="41.06337000" lon="-121.787230">
      <ele>1521.0000</ele>
      <time>2010-01-01T01:13:26Z</time>
    </rtept>
    <rtept lat="41.06353000" lon="-121.787120">
      <ele>1522.0000</ele>
      <time>2010-01-01T01:13:33Z</time>
    </rtept>
    <rtept lat="41.06406000" lon="-121.787070">
      <ele>1522.0000</ele>
      <time>2010-01-01T01:13:55Z</time>
    </rtept>
    <rtept lat="41.06425000" lon="-121.787180">
      <ele>1521.0000</ele>
      <time>2010-01-01T01:14:03Z</time>
    </rtept>
    <rtept lat="41.06444000" lon="-121.787160">
      <ele>1520.0000</ele>
      <time>2010-01-01T01:14:11Z</time>
    </rtept>
    <rtept lat="41.06456000" lon="-121.787210">
      <ele>1520.0000</ele>
      <time>2010-01-01T01:14:16Z</time>
    </rtept>
    <rtept lat="41.06476000" lon="-121.787390">
      <ele>1516.0000</ele>
      <time>2010-01-01T01:14:25Z</time>
    </rtept>
    <rtept lat="41.06491000" lon="-121.787450">
      <ele>1518.0000</ele>
      <time>2010-01-01T01:14:32Z</time>
    </rtept>
    <rtept lat="41.06544000" lon="-121.787790">
      <ele>1523.0000</ele>
      <time>2010-01-01T01:14:55Z</time>
    </rtept>
    <rtept lat="41.06578000" lon="-121.787960">
      <ele>1523.0000</ele>
      <time>2010-01-01T01:15:10Z</time>
    </rtept>
    <rtept lat="41.06596000" lon="-121.787960">
      <ele>1523.0000</ele>
      <time>2010-01-01T01:15:17Z</time>
    </rtept>
    <rtept lat="41.06620000" lon="-121.788000">
      <ele>1522.0000</ele>
      <time>2010-01-01T01:15:27Z</time>
    </rtept>
    <rtept lat="41.06635000" lon="-121.788010">
      <ele>1520.0000</ele>
      <time>2010-01-01T01:15:33Z</time>
    </rtept>
    <rtept lat="41.06645000" lon="-121.788050">
      <ele>1519.0000</ele>
      <time>2010-01-01T01:15:37Z</time>
    </rtept>
    <rtept lat="41.06655000" lon="-121.788250">
      <ele>1516.0000</ele>
      <time>2010-01-01T01:15:44Z</time>
    </rtept>
    <rtept lat="41.06677000" lon="-121.788560">
      <ele>1515.0000</ele>
      <time>2010-01-01T01:15:57Z</time>
    </rtept>
    <rtept lat="41.06694000" lon="-121.788740">
      <ele>1516.0000</ele>
      <time>2010-01-01T01:16:06Z</time>
    </rtept>
    <rtept lat="41.06698000" lon="-121.788890">
      <ele>1516.0000</ele>
      <time>2010-01-01T01:16:10Z</time>
    </rtept>
    <rtept lat="41.06708000" lon="-121.788950">
      <ele>1518.0000</ele>
      <time>2010-01-01T01:16:15Z</time>
    </rtept>
    <rtept lat="41.06721000" lon="-121.789130">
      <ele>1521.0000</ele>
      <time>2010-01-01T01:16:22Z</time>
    </rtept>
    <rtept lat="41.06736000" lon="-121.789320">
      <ele>1523.0000</ele>
      <time>2010-01-01T01:16:31Z</time>
    </rtept>
    <rtept lat="41.06743000" lon="-121.789500">
      <ele>1524.0000</ele>
      <time>2010-01-01T01:16:37Z</time>
    </rtept>
    <rtept lat="41.06745000" lon="-121.789650">
      <ele>1525.0000</ele>
      <time>2010-01-01T01:16:41Z</time>
    </rtept>
    <rtept lat="41.06750000" lon="-121.789740">
      <ele>1526.0000</ele>
      <time>2010-01-01T01:16:45Z</time>
    </rtept>
    <rtept lat="41.06758000" lon="-121.789920">
      <ele>1527.0000</ele>
      <time>2010-01-01T01:16:51Z</time>
    </rtept>
    <rtept lat="41.06778000" lon="-121.790090">
      <ele>1528.0000</ele>
      <time>2010-01-01T01:17:00Z</time>
    </rtept>
    <rtept lat="41.06801000" lon="-121.790310">
      <ele>1530.0000</ele>
      <time>2010-01-01T01:17:12Z</time>
    </rtept>
    <rtept lat="41.06822000" lon="-121.790600">
      <ele>1532.0000</ele>
      <time>2010-01-01T01:17:24Z</time>
    </rtept>
    <rtept lat="41.06849000" lon="-121.791240">
      <ele>1533.0000</ele>
      <time>2010-01-01T01:17:46Z</time>
    </rtept>
    <rtept lat="41.06855000" lon="-121.791600">
      <ele>1534.0000</ele>
      <time>2010-01-01T01:17:57Z</time>
    </rtept>
    <rtept lat="41.06859000" lon="-121.791820">
      <ele>1534.0000</ele>
      <time>2010-01-01T01:18:04Z</time>
    </rtept>
    <rtept lat="41.06866000" lon="-121.792000">
      <ele>1535.0000</ele>
      <time>2010-01-01T01:18:10Z</time>
    </rtept>
    <rtept lat="41.06899000" lon="-121.792320">
      <ele>1535.0000</ele>
      <time>2010-01-01T01:18:27Z</time>
    </rtept>
    <rtept lat="41.06921000" lon="-121.792440">
      <ele>1536.0000</ele>
      <time>2010-01-01T01:18:36Z</time>
    </rtept>
    <rtept lat="41.06941000" lon="-121.792560">
      <ele>1539.0000</ele>
      <time>2010-01-01T01:18:45Z</time>
    </rtept>
    <rtept lat="41.06958000" lon="-121.792710">
      <ele>1542.0000</ele>
      <time>2010-01-01T01:18:53Z</time>
    </rtept>
    <rtept lat="41.06982000" lon="-121.792890">
      <ele>1545.0000</ele>
      <time>2010-01-01T01:19:04Z</time>
    </rtept>
    <rtept lat="41.07014000" lon="-121.793010">
      <ele>1548.0000</ele>
      <time>2010-01-01T01:19:17Z</time>
    </rtept>
    <rtept lat="41.07071000" lon="-121.793330">
      <ele>1555.0000</ele>
      <time>2010-01-01T01:19:42Z</time>
    </rtept>
    <rtept lat="41.07087000" lon="-121.793450">
      <ele>1556.0000</ele>
      <time>2010-01-01T01:19:49Z</time>
    </rtept>
    <rtept lat="41.07097000" lon="-121.793540">
      <ele>1557.0000</ele>
      <time>2010-01-01T01:19:54Z</time>
    </rtept>
    <rtept lat="41.07106000" lon="-121.793650">
      <ele>1559.0000</ele>
      <time>2010-01-01T01:19:59Z</time>
    </rtept>
    <rtept lat="41.07117000" lon="-121.793790">
      <ele>1561.0000</ele>
      <time>2010-01-01T01:20:05Z</time>
    </rtept>
    <rtept lat="41.07141000" lon="-121.794310">
      <ele>1563.0000</ele>
      <time>2010-01-01T01:20:24Z</time>
    </rtept>
    <rtept lat="41.07155000" lon="-121.794780">
      <ele>1560.0000</ele>
      <time>2010-01-01T01:20:39Z</time>
    </rtept>
    <rtept lat="41.07160000" lon="-121.795180">
      <ele>1560.0000</ele>
      <time>2010-01-01T01:20:51Z</time>
    </rtept>
    <rtept lat="41.07161000" lon="-121.795410">
      <ele>1561.0000</ele>
      <time>2010-01-01T01:20:58Z</time>
    </rtept>
    <rtept lat="41.07164000" lon="-121.795650">
      <ele>1561.0000</ele>
      <time>2010-01-01T01:21:06Z</time>
    </rtept>
    <rtept lat="41.07166000" lon="-121.796120">
      <ele>1556.0000</ele>
      <time>2010-01-01T01:21:20Z</time>
    </rtept>
    <rtept lat="41.07170000" lon="-121.796260">
      <ele>1557.0000</ele>
      <time>2010-01-01T01:21:24Z</time>
    </rtept>
    <rtept lat="41.07185000" lon="-121.796620">
      <ele>1560.0000</ele>
      <time>2010-01-01T01:21:37Z</time>
    </rtept>
    <rtept lat="41.07222000" lon="-121.797030">
      <ele>1566.0000</ele>
      <time>2010-01-01T01:21:56Z</time>
    </rtept>
    <rtept lat="41.07262000" lon="-121.797440">
      <ele>1568.0000</ele>
      <time>2010-01-01T01:22:16Z</time>
    </rtept>
    <rtept lat="41.07273000" lon="-121.797580">
      <ele>1569.0000</ele>
      <time>2010-01-01T01:22:22Z</time>
    </rtept>
    <rtept lat="41.07301000" lon="-121.798170">
      <ele>1568.0000</ele>
      <time>2010-01-01T01:22:43Z</time>
    </rtept>
    <rtept lat="41.07328000" lon="-121.798660">
      <ele>1571.0000</ele>
      <time>2010-01-01T01:23:02Z</time>
    </rtept>
    <rtept lat="41.07352000" lon="-121.798910">
      <ele>1573.0000</ele>
      <time>2010-01-01T01:23:14Z</time>
    </rtept>
    <rtept lat="41.07374000" lon="-121.799170">
      <ele>1575.0000</ele>
      <time>2010-01-01T01:23:26Z</time>
    </rtept>
    <rtept lat="41.07390000" lon="-121.799310">
      <ele>1577.0000</ele>
      <time>2010-01-01T01:23:33Z</time>
    </rtept>
    <rtept lat="41.07404000" lon="-121.799410">
      <ele>1579.0000</ele>
      <time>2010-01-01T01:23:40Z</time>
    </rtept>
    <rtept lat="41.07431000" lon="-121.799680">
      <ele>1584.0000</ele>
      <time>2010-01-01T01:23:53Z</time>
    </rtept>
    <rtept lat="41.07495000" lon="-121.800260">
      <ele>1597.0000</ele>
      <time>2010-01-01T01:24:24Z</time>
    </rtept>
    <rtept lat="41.07516000" lon="-121.800560">
      <ele>1598.0000</ele>
      <time>2010-01-01T01:24:37Z</time>
    </rtept>
    <rtept lat="41.07530000" lon="-121.800750">
      <ele>1599.0000</ele>
      <time>2010-01-01T01:24:45Z</time>
    </rtept>
    <rtept lat="41.07556000" lon="-121.801310">
      <ele>1596.0000</ele>
      <time>2010-01-01T01:25:04Z</time>
    </rtept>
    <rtept lat="41.07562000" lon="-121.801490">
      <ele>1594.0000</ele>
      <time>2010-01-01T01:25:10Z</time>
    </rtept>
    <rtept lat="41.07564000" lon="-121.801540">
      <ele>1593.0000</ele>
      <time>2010-01-01T01:25:12Z</time>
    </rtept>
    <rtept lat="41.07573000" lon="-121.801660">
      <ele>1593.0000</ele>
      <time>2010-01-01T01:25:17Z</time>
    </rtept>
    <rtept lat="41.07592000" lon="-121.801850">
      <ele>1597.0000</ele>
      <time>2010-01-01T01:25:27Z</time>
    </rtept>
    <rtept lat="41.07605000" lon="-121.801920">
      <ele>1601.0000</ele>
      <time>2010-01-01T01:25:32Z</time>
    </rtept>
    <rtept lat="41.07616000" lon="-121.801950">
      <ele>1604.0000</ele>
      <time>2010-01-01T01:25:37Z</time>
    </rtept>
    <rtept lat="41.07643000" lon="-121.802070">
      <ele>1609.0000</ele>
      <time>2010-01-01T01:25:48Z</time>
    </rtept>
    <rtept lat="41.07660000" lon="-121.802050">
      <ele>1610.0000</ele>
      <time>2010-01-01T01:25:55Z</time>
    </rtept>
    <rtept lat="41.07684000" lon="-121.801970">
      <ele>1611.0000</ele>
      <time>2010-01-01T01:26:05Z</time>
    </rtept>
    <rtept lat="41.07707000" lon="-121.801810">
      <ele>1609.0000</ele>
      <time>2010-01-01T01:26:15Z</time>
    </rtept>
    <rtept lat="41.07717000" lon="-121.801720">
      <ele>1609.0000</ele>
      <time>2010-01-01T01:26:20Z</time>
    </rtept>
    <rtept lat="41.07724000" lon="-121.801650">
      <ele>1609.0000</ele>
      <time>2010-01-01T01:26:24Z</time>
    </rtept>
    <rtept lat="41.07746000" lon="-121.801310">
      <ele>1615.0000</ele>
      <time>2010-01-01T01:26:37Z</time>
    </rtept>
    <rtept lat="41.07773000" lon="-121.800950">
      <ele>1620.0000</ele>
      <time>2010-01-01T01:26:53Z</time>
    </rtept>
    <rtept lat="41.07794000" lon="-121.800770">
      <ele>1624.0000</ele>
      <time>2010-01-01T01:27:03Z</time>
    </rtept>
    <rtept lat="41.07820000" lon="-121.800570">
      <ele>1624.0000</ele>
      <time>2010-01-01T01:27:15Z</time>
    </rtept>
    <rtept lat="41.07888000" lon="-121.799850">
      <ele>1630.0000</ele>
      <time>2010-01-01T01:27:49Z</time>
    </rtept>
    <rtept lat="41.07898000" lon="-121.799750">
      <ele>1632.0000</ele>
      <time>2010-01-01T01:27:54Z</time>
    </rtept>
    <rtept lat="41.07910000" lon="-121.799480">
      <ele>1635.0000</ele>
      <time>2010-01-01T01:28:04Z</time>
    </rtept>
    <rtept lat="41.07928000" lon="-121.799250">
      <ele>1636.0000</ele>
      <time>2010-01-01T01:28:14Z</time>
    </rtept>
    <rtept lat="41.07941000" lon="-121.799110">
      <ele>1638.0000</ele>
      <time>2010-01-01T01:28:21Z</time>
    </rtept>
    <rtept lat="41.07957000" lon="-121.799040">
      <ele>1639.0000</ele>
      <time>2010-01-01T01:28:27Z</time>
    </rtept>
    <rtept lat="41.07966000" lon="-121.798970">
      <ele>1641.0000</ele>
      <time>2010-01-01T01:28:32Z</time>
    </rtept>
    <rtept lat="41.07975000" lon="-121.798850">
      <ele>1644.0000</ele>
      <time>2010-01-01T01:28:37Z</time>
    </rtept>
    <rtept lat="41.08007000" lon="-121.798630">
      <ele>1645.0000</ele>
      <time>2010-01-01T01:28:51Z</time>
    </rtept>
    <rtept lat="41.08037000" lon="-121.798480">
      <ele>1645.0000</ele>
      <time>2010-01-01T01:29:04Z</time>
    </rtept>
    <rtept lat="41.08061000" lon="-121.798410">
      <ele>1644.0000</ele>
      <time>2010-01-01T01:29:14Z</time>
    </rtept>
    <rtept lat="41.08075000" lon="-121.798360">
      <ele>1643.0000</ele>
      <time>2010-01-01T01:29:20Z</time>
    </rtept>
    <rtept lat="41.08103000" lon="-121.798250">
      <ele>1640.0000</ele>
      <time>2010-01-01T01:29:31Z</time>
    </rtept>
    <rtept lat="41.08140000" lon="-121.797980">
      <ele>1641.0000</ele>
      <time>2010-01-01T01:29:48Z</time>
    </rtept>
    <rtept lat="41.08147000" lon="-121.797930">
      <ele>1644.0000</ele>
      <time>2010-01-01T01:29:51Z</time>
    </rtept>
    <rtept lat="41.08169000" lon="-121.797970">
      <ele>1648.0000</ele>
      <time>2010-01-01T01:30:00Z</time>
    </rtept>
    <rtept lat="41.08184000" lon="-121.798030">
      <ele>1646.0000</ele>
      <time>2010-01-01T01:30:07Z</time>
    </rtept>
    <rtept lat="41.08196000" lon="-121.798130">
      <ele>1641.0000</ele>
      <time>2010-01-01T01:30:12Z</time>
    </rtept>
    <rtept lat="41.08204000" lon="-121.798160">
      <ele>1641.0000</ele>
      <time>2010-01-01T01:30:16Z</time>
    </rtept>
    <rtept lat="41.08235000" lon="-121.798240">
      <ele>1640.0000</ele>
      <time>2010-01-01T01:30:28Z</time>
    </rtept>
    <rtept lat="41.08254000" lon="-121.798270">
      <ele>1640.0000</ele>
      <time>2010-01-01T01:30:36Z</time>
    </rtept>
    <rtept lat="41.08278000" lon="-121.798420">
      <ele>1637.0000</ele>
      <time>2010-01-01T01:30:46Z</time>
    </rtept>
    <rtept lat="41.08302000" lon="-121.798470">
      <ele>1639.0000</ele>
      <time>2010-01-01T01:30:56Z</time>
    </rtept>
    <rtept lat="41.08338000" lon="-121.798580">
      <ele>1640.0000</ele>
      <time>2010-01-01T01:31:11Z</time>
    </rtept>
    <rtept lat="41.08352000" lon="-121.798670">
      <ele>1637.0000</ele>
      <time>2010-01-01T01:31:17Z</time>
    </rtept>
    <rtept lat="41.08369000" lon="-121.798720">
      <ele>1637.0000</ele>
      <time>2010-01-01T01:31:24Z</time>
    </rtept>
    <rtept lat="41.08389000" lon="-121.798690">
      <ele>1638.0000</ele>
      <time>2010-01-01T01:31:32Z</time>
    </rtept>
    <rtept lat="41.08427000" lon="-121.798530">
      <ele>1644.0000</ele>
      <time>2010-01-01T01:31:48Z</time>
    </rtept>
    <rtept lat="41.08452000" lon="-121.798480">
      <ele>1647.0000</ele>
      <time>2010-01-01T01:31:58Z</time>
    </rtept>
    <rtept lat="41.08466000" lon="-121.798470">
      <ele>1649.0000</ele>
      <time>2010-01-01T01:32:04Z</time>
    </rtept>
    <rtept lat="41.08484000" lon="-121.798550">
      <ele>1650.0000</ele>
      <time>2010-01-01T01:32:11Z</time>
    </rtept>
    <rtept lat="41.08493000" lon="-121.798660">
      <ele>1649.0000</ele>
      <time>2010-01-01T01:32:16Z</time>
    </rtept>
    <rtept lat="41.08500000" lon="-121.798700">
      <ele>1650.0000</ele>
      <time>2010-01-01T01:32:19Z</time>
    </rtept>
    <rtept lat="41.08515000" lon="-121.798640">
      <ele>1655.0000</ele>
      <time>2010-01-01T01:32:26Z</time>
    </rtept>
    <rtept lat="41.08530000" lon="-121.798650">
      <ele>1659.0000</ele>
      <time>2010-01-01T01:32:32Z</time>
    </rtept>
    <rtept lat="41.08562000" lon="-121.798850">
      <ele>1663.0000</ele>
      <time>2010-01-01T01:32:46Z</time>
    </rtept>
    <rtept lat="41.08571000" lon="-121.798930">
      <ele>1664.0000</ele>
      <time>2010-01-01T01:32:50Z</time>
    </rtept>
    <rtept lat="41.08574000" lon="-121.798960">
      <ele>1664.0000</ele>
      <time>2010-01-01T01:32:52Z</time>
    </rtept>
    <rtept lat="41.08584000" lon="-121.799040">
      <ele>1665.0000</ele>
      <time>2010-01-01T01:32:56Z</time>
    </rtept>
    <rtept lat="41.08591000" lon="-121.799160">
      <ele>1665.0000</ele>
      <time>2010-01-01T01:33:01Z</time>
    </rtept>
    <rtept lat="41.08602000" lon="-121.799270">
      <ele>1665.0000</ele>
      <time>2010-01-01T01:33:06Z</time>
    </rtept>
    <rtept lat="41.08616000" lon="-121.799290">
      <ele>1666.0000</ele>
      <time>2010-01-01T01:33:12Z</time>
    </rtept>
    <rtept lat="41.08621000" lon="-121.799140">
      <ele>1667.0000</ele>
      <time>2010-01-01T01:33:17Z</time>
    </rtept>
    <rtept lat="41.08627000" lon="-121.799090">
      <ele>1668.0000</ele>
      <time>2010-01-01T01:33:20Z</time>
    </rtept>
    <rtept lat="41.08635000" lon="-121.799130">
      <ele>1668.0000</ele>
      <time>2010-01-01T01:33:23Z</time>
    </rtept>
    <rtept lat="41.08646000" lon="-121.799240">
      <ele>1668.0000</ele>
      <time>2010-01-01T01:33:29Z</time>
    </rtept>
    <rtept lat="41.08665000" lon="-121.799230">
      <ele>1669.0000</ele>
      <time>2010-01-01T01:33:36Z</time>
    </rtept>
    <rtept lat="41.08686000" lon="-121.799160">
      <ele>1671.0000</ele>
      <time>2010-01-01T01:33:45Z</time>
    </rtept>
    <rtept lat="41.08699000" lon="-121.799150">
      <ele>1672.0000</ele>
      <time>2010-01-01T01:33:50Z</time>
    </rtept>
    <rtept lat="41.08712000" lon="-121.799180">
      <ele>1673.0000</ele>
      <time>2010-01-01T01:33:56Z</time>
    </rtept>
    <rtept lat="41.08726000" lon="-121.799280">
      <ele>1674.0000</ele>
      <time>2010-01-01T01:34:02Z</time>
    </rtept>
    <rtept lat="41.08731000" lon="-121.799400">
      <ele>1674.0000</ele>
      <time>2010-01-01T01:34:06Z</time>
    </rtept>
    <rtept lat="41.08734000" lon="-121.799930">
      <ele>1672.0000</ele>
      <time>2010-01-01T01:34:22Z</time>
    </rtept>
    <rtept lat="41.08737000" lon="-121.800130">
      <ele>1671.0000</ele>
      <time>2010-01-01T01:34:28Z</time>
    </rtept>
    <rtept lat="41.08745000" lon="-121.800260">
      <ele>1671.0000</ele>
      <time>2010-01-01T01:34:33Z</time>
    </rtept>
    <rtept lat="41.08752000" lon="-121.800540">
      <ele>1669.0000</ele>
      <time>2010-01-01T01:34:42Z</time>
    </rtept>
    <rtept lat="41.08756000" lon="-121.800690">
      <ele>1667.0000</ele>
      <time>2010-01-01T01:34:47Z</time>
    </rtept>
    <rtept lat="41.08769000" lon="-121.800750">
      <ele>1666.0000</ele>
      <time>2010-01-01T01:34:53Z</time>
    </rtept>
    <rtept lat="41.08798000" lon="-121.800920">
      <ele>1664.0000</ele>
      <time>2010-01-01T01:35:05Z</time>
    </rtept>
    <rtept lat="41.08827000" lon="-121.801080">
      <ele>1661.0000</ele>
      <time>2010-01-01T01:35:18Z</time>
    </rtept>
    <rtept lat="41.08857000" lon="-121.801180">
      <ele>1659.0000</ele>
      <time>2010-01-01T01:35:30Z</time>
    </rtept>
    <rtept lat="41.08870000" lon="-121.801310">
      <ele>1658.0000</ele>
      <time>2010-01-01T01:35:37Z</time>
    </rtept>
    <rtept lat="41.08889000" lon="-121.801560">
      <ele>1658.0000</ele>
      <time>2010-01-01T01:35:47Z</time>
    </rtept>
    <rtept lat="41.08906000" lon="-121.801630">
      <ele>1656.0000</ele>
      <time>2010-01-01T01:35:55Z</time>
    </rtept>
    <rtept lat="41.08924000" lon="-121.801690">
      <ele>1654.0000</ele>
      <time>2010-01-01T01:36:02Z</time>
    </rtept>
    <rtept lat="41.08962000" lon="-121.801740">
      <ele>1653.0000</ele>
      <time>2010-01-01T01:36:17Z</time>
    </rtept>
    <rtept lat="41.08986000" lon="-121.801610">
      <ele>1655.0000</ele>
      <time>2010-01-01T01:36:28Z</time>
    </rtept>
    <rtept lat="41.09027000" lon="-121.801120">
      <ele>1654.0000</ele>
      <time>2010-01-01T01:36:50Z</time>
    </rtept>
    <rtept lat="41.09036000" lon="-121.801030">
      <ele>1655.0000</ele>
      <time>2010-01-01T01:36:54Z</time>
    </rtept>
    <rtept lat="41.09044000" lon="-121.801010">
      <ele>1656.0000</ele>
      <time>2010-01-01T01:36:58Z</time>
    </rtept>
    <rtept lat="41.09053000" lon="-121.801020">
      <ele>1657.0000</ele>
      <time>2010-01-01T01:37:01Z</time>
    </rtept>
    <rtept lat="41.09057000" lon="-121.801030">
      <ele>1657.0000</ele>
      <time>2010-01-01T01:37:03Z</time>
    </rtept>
    <rtept lat="41.09064000" lon="-121.801060">
      <ele>1659.0000</ele>
      <time>2010-01-01T01:37:06Z</time>
    </rtept>
    <rtept lat="41.09075000" lon="-121.801100">
      <ele>1661.0000</ele>
      <time>2010-01-01T01:37:10Z</time>
    </rtept>
    <rtept lat="41.09093000" lon="-121.801200">
      <ele>1665.0000</ele>
      <time>2010-01-01T01:37:18Z</time>
    </rtept>
    <rtept lat="41.09098000" lon="-121.801190">
      <ele>1665.0000</ele>
      <time>2010-01-01T01:37:20Z</time>
    </rtept>
    <rtept lat="41.09107000" lon="-121.801170">
      <ele>1667.0000</ele>
      <time>2010-01-01T01:37:24Z</time>
    </rtept>
    <rtept lat="41.09119000" lon="-121.801060">
      <ele>1668.0000</ele>
      <time>2010-01-01T01:37:30Z</time>
    </rtept>
    <rtept lat="41.09125000" lon="-121.801040">
      <ele>1669.0000</ele>
      <time>2010-01-01T01:37:32Z</time>
    </rtept>
    <rtept lat="41.09131000" lon="-121.801060">
      <ele>1670.0000</ele>
      <time>2010-01-01T01:37:35Z</time>
    </rtept>
    <rtept lat="41.09139000" lon="-121.801020">
      <ele>1671.0000</ele>
      <time>2010-01-01T01:37:38Z</time>
    </rtept>
    <rtept lat="41.09152000" lon="-121.800890">
      <ele>1672.0000</ele>
      <time>2010-01-01T01:37:45Z</time>
    </rtept>
    <rtept lat="41.09159000" lon="-121.800860">
      <ele>1673.0000</ele>
      <time>2010-01-01T01:37:47Z</time>
    </rtept>
    <rtept lat="41.09174000" lon="-121.800840">
      <ele>1675.0000</ele>
      <time>2010-01-01T01:37:53Z</time>
    </rtept>
    <rtept lat="41.09181000" lon="-121.800850">
      <ele>1675.0000</ele>
      <time>2010-01-01T01:37:56Z</time>
    </rtept>
    <rtept lat="41.09195000" lon="-121.800830">
      <ele>1677.0000</ele>
      <time>2010-01-01T01:38:02Z</time>
    </rtept>
    <rtept lat="41.09201000" lon="-121.800760">
      <ele>1677.0000</ele>
      <time>2010-01-01T01:38:05Z</time>
    </rtept>
    <rtept lat="41.09211000" lon="-121.800580">
      <ele>1677.0000</ele>
      <time>2010-01-01T01:38:12Z</time>
    </rtept>
    <rtept lat="41.09217000" lon="-121.800480">
      <ele>1677.0000</ele>
      <time>2010-01-01T01:38:16Z</time>
    </rtept>
    <rtept lat="41.09228000" lon="-121.800400">
      <ele>1678.0000</ele>
      <time>2010-01-01T01:38:21Z</time>
    </rtept>
    <rtept lat="41.09237000" lon="-121.800350">
      <ele>1679.0000</ele>
      <time>2010-01-01T01:38:25Z</time>
    </rtept>
    <rtept lat="41.09253000" lon="-121.800310">
      <ele>1680.0000</ele>
      <time>2010-01-01T01:38:31Z</time>
    </rtept>
    <rtept lat="41.09263000" lon="-121.800310">
      <ele>1680.0000</ele>
      <time>2010-01-01T01:38:35Z</time>
    </rtept>
    <rtept lat="41.09271000" lon="-121.800300">
      <ele>1680.0000</ele>
      <time>2010-01-01T01:38:38Z</time>
    </rtept>
    <rtept lat="41.09275000" lon="-121.800270">
      <ele>1680.0000</ele>
      <time>2010-01-01T01:38:40Z</time>
    </rtept>
    <rtept lat="41.09280000" lon="-121.800200">
      <ele>1679.0000</ele>
      <time>2010-01-01T01:38:43Z</time>
    </rtept>
    <rtept lat="41.09292000" lon="-121.800120">
      <ele>1677.0000</ele>
      <time>2010-01-01T01:38:49Z</time>
    </rtept>
    <rtept lat="41.09297000" lon="-121.800120">
      <ele>1677.0000</ele>
      <time>2010-01-01T01:38:51Z</time>
    </rtept>
    <rtept lat="41.09301000" lon="-121.800130">
      <ele>1677.0000</ele>
      <time>2010-01-01T01:38:52Z</time>
    </rtept>
    <rtept lat="41.09307000" lon="-121.800180">
      <ele>1678.0000</ele>
      <time>2010-01-01T01:38:55Z</time>
    </rtept>
    <rtept lat="41.09310000" lon="-121.800240">
      <ele>1679.0000</ele>
      <time>2010-01-01T01:38:57Z</time>
    </rtept>
    <rtept lat="41.09313000" lon="-121.800250">
      <ele>1679.0000</ele>
      <time>2010-01-01T01:38:58Z</time>
    </rtept>
    <rtept lat="41.09316000" lon="-121.800240">
      <ele>1679.0000</ele>
      <time>2010-01-01T01:39:00Z</time>
    </rtept>
    <rtept lat="41.09320000" lon="-121.800150">
      <ele>1678.0000</ele>
      <time>2010-01-01T01:39:03Z</time>
    </rtept>
    <rtept lat="41.09323000" lon="-121.800140">
      <ele>1678.0000</ele>
      <time>2010-01-01T01:39:04Z</time>
    </rtept>
    <rtept lat="41.09329000" lon="-121.800100">
      <ele>1677.0000</ele>
      <time>2010-01-01T01:39:07Z</time>
    </rtept>
    <rtept lat="41.09332000" lon="-121.800030">
      <ele>1677.0000</ele>
      <time>2010-01-01T01:39:09Z</time>
    </rtept>
    <rtept lat="41.09330000" lon="-121.799910">
      <ele>1675.0000</ele>
      <time>2010-01-01T01:39:13Z</time>
    </rtept>
    <rtept lat="41.09339000" lon="-121.799780">
      <ele>1674.0000</ele>
      <time>2010-01-01T01:39:18Z</time>
    </rtept>
    <rtept lat="41.09343000" lon="-121.799720">
      <ele>1674.0000</ele>
      <time>2010-01-01T01:39:21Z</time>
    </rtept>
    <rtept lat="41.09343000" lon="-121.799640">
      <ele>1673.0000</ele>
      <time>2010-01-01T01:39:23Z</time>
    </rtept>
    <rtept lat="41.09341000" lon="-121.799520">
      <ele>1672.0000</ele>
      <time>2010-01-01T01:39:27Z</time>
    </rtept>
    <rtept lat="41.09341000" lon="-121.799420">
      <ele>1672.0000</ele>
      <time>2010-01-01T01:39:30Z</time>
    </rtept>
    <rtept lat="41.09344000" lon="-121.799350">
      <ele>1672.0000</ele>
      <time>2010-01-01T01:39:32Z</time>
    </rtept>
    <rtept lat="41.09348000" lon="-121.799310">
      <ele>1673.0000</ele>
      <time>2010-01-01T01:39:34Z</time>
    </rtept>
    <rtept lat="41.09354000" lon="-121.799280">
      <ele>1674.0000</ele>
      <time>2010-01-01T01:39:37Z</time>
    </rtept>
    <rtept lat="41.09362000" lon="-121.799270">
      <ele>1676.0000</ele>
      <time>2010-01-01T01:39:40Z</time>
    </rtept>
    <rtept lat="41.09376000" lon="-121.799320">
      <ele>1680.0000</ele>
      <time>2010-01-01T01:39:46Z</time>
    </rtept>
    <rtept lat="41.09385000" lon="-121.799330">
      <ele>1682.0000</ele>
      <time>2010-01-01T01:39:49Z</time>
    </rtept>
    <rtept lat="41.09414000" lon="-121.799250">
      <ele>1686.0000</ele>
      <time>2010-01-01T01:40:01Z</time>
    </rtept>
    <rtept lat="41.09428000" lon="-121.799260">
      <ele>1686.0000</ele>
      <time>2010-01-01T01:40:07Z</time>
    </rtept>
    <rtept lat="41.09442000" lon="-121.799270">
      <ele>1685.0000</ele>
      <time>2010-01-01T01:40:12Z</time>
    </rtept>
    <rtept lat="41.09456000" lon="-121.799290">
      <ele>1684.0000</ele>
      <time>2010-01-01T01:40:18Z</time>
    </rtept>
    <rtept lat="41.09467000" lon="-121.799370">
      <ele>1684.0000</ele>
      <time>2010-01-01T01:40:23Z</time>
    </rtept>
    <rtept lat="41.09477000" lon="-121.799490">
      <ele>1685.0000</ele>
      <time>2010-01-01T01:40:29Z</time>
    </rtept>
    <rtept lat="41.09484000" lon="-121.799580">
      <ele>1686.0000</ele>
      <time>2010-01-01T01:40:32Z</time>
    </rtept>
    <rtept lat="41.09490000" lon="-121.799600">
      <ele>1686.0000</ele>
      <time>2010-01-01T01:40:35Z</time>
    </rtept>
    <rtept lat="41.09494000" lon="-121.799570">
      <ele>1685.0000</ele>
      <time>2010-01-01T01:40:37Z</time>
    </rtept>
    <rtept lat="41.09498000" lon="-121.799490">
      <ele>1683.0000</ele>
      <time>2010-01-01T01:40:40Z</time>
    </rtept>
    <rtept lat="41.09506000" lon="-121.799450">
      <ele>1682.0000</ele>
      <time>2010-01-01T01:40:43Z</time>
    </rtept>
    <rtept lat="41.09511000" lon="-121.799460">
      <ele>1683.0000</ele>
      <time>2010-01-01T01:40:45Z</time>
    </rtept>
    <rtept lat="41.09515000" lon="-121.799420">
      <ele>1683.0000</ele>
      <time>2010-01-01T01:40:47Z</time>
    </rtept>
    <rtept lat="41.09517000" lon="-121.799350">
      <ele>1682.0000</ele>
      <time>2010-01-01T01:40:49Z</time>
    </rtept>
    <rtept lat="41.09521000" lon="-121.799280">
      <ele>1682.0000</ele>
      <time>2010-01-01T01:40:52Z</time>
    </rtept>
    <rtept lat="41.09525000" lon="-121.799090">
      <ele>1681.0000</ele>
      <time>2010-01-01T01:40:58Z</time>
    </rtept>
    <rtept lat="41.09527000" lon="-121.799040">
      <ele>1681.0000</ele>
      <time>2010-01-01T01:41:00Z</time>
    </rtept>
    <rtept lat="41.09533000" lon="-121.798830">
      <ele>1682.0000</ele>
      <time>2010-01-01T01:41:06Z</time>
    </rtept>
    <rtept lat="41.09544000" lon="-121.798590">
      <ele>1682.0000</ele>
      <time>2010-01-01T01:41:15Z</time>
    </rtept>
    <rtept lat="41.09553000" lon="-121.798430">
      <ele>1682.0000</ele>
      <time>2010-01-01T01:41:21Z</time>
    </rtept>
    <rtept lat="41.09561000" lon="-121.798270">
      <ele>1681.0000</ele>
      <time>2010-01-01T01:41:27Z</time>
    </rtept>
    <rtept lat="41.09568000" lon="-121.798140">
      <ele>1680.0000</ele>
      <time>2010-01-01T01:41:32Z</time>
    </rtept>
    <rtept lat="41.09574000" lon="-121.798130">
      <ele>1681.0000</ele>
      <time>2010-01-01T01:41:34Z</time>
    </rtept>
    <rtept lat="41.09586000" lon="-121.798100">
      <ele>1683.0000</ele>
      <time>2010-01-01T01:41:39Z</time>
    </rtept>
    <rtept lat="41.09589000" lon="-121.798020">
      <ele>1682.0000</ele>
      <time>2010-01-01T01:41:42Z</time>
    </rtept>
    <rtept lat="41.09595000" lon="-121.797920">
      <ele>1681.0000</ele>
      <time>2010-01-01T01:41:45Z</time>
    </rtept>
    <rtept lat="41.09600000" lon="-121.797860">
      <ele>1680.0000</ele>
      <time>2010-01-01T01:41:48Z</time>
    </rtept>
    <rtept lat="41.09609000" lon="-121.797860">
      <ele>1681.0000</ele>
      <time>2010-01-01T01:41:52Z</time>
    </rtept>
    <rtept lat="41.09612000" lon="-121.797830">
      <ele>1681.0000</ele>
      <time>2010-01-01T01:41:53Z</time>
    </rtept>
    <rtept lat="41.09613000" lon="-121.797770">
      <ele>1680.0000</ele>
      <time>2010-01-01T01:41:55Z</time>
    </rtept>
    <rtept lat="41.09612000" lon="-121.797650">
      <ele>1679.0000</ele>
      <time>2010-01-01T01:41:59Z</time>
    </rtept>
    <rtept lat="41.09613000" lon="-121.797620">
      <ele>1678.0000</ele>
      <time>2010-01-01T01:42:00Z</time>
    </rtept>
    <rtept lat="41.09616000" lon="-121.797550">
      <ele>1677.0000</ele>
      <time>2010-01-01T01:42:02Z</time>
    </rtept>
    <rtept lat="41.09626000" lon="-121.797530">
      <ele>1678.0000</ele>
      <time>2010-01-01T01:42:06Z</time>
    </rtept>
    <rtept lat="41.09636000" lon="-121.797520">
      <ele>1678.0000</ele>
      <time>2010-01-01T01:42:10Z</time>
    </rtept>
    <rtept lat="41.09652000" lon="-121.797560">
      <ele>1679.0000</ele>
      <time>2010-01-01T01:42:17Z</time>
    </rtept>
    <rtept lat="41.09658000" lon="-121.797560">
      <ele>1679.0000</ele>
      <time>2010-01-01T01:42:19Z</time>
    </rtept>
    <rtept lat="41.09662000" lon="-121.797550">
      <ele>1679.0000</ele>
      <time>2010-01-01T01:42:21Z</time>
    </rtept>
    <rtept lat="41.09674000" lon="-121.797420">
      <ele>1678.0000</ele>
      <time>2010-01-01T01:42:27Z</time>
    </rtept>
    <rtept lat="41.09688000" lon="-121.797370">
      <ele>1679.0000</ele>
      <time>2010-01-01T01:42:33Z</time>
    </rtept>
    <rtept lat="41.09692000" lon="-121.797330">
      <ele>1678.0000</ele>
      <time>2010-01-01T01:42:35Z</time>
    </rtept>
    <rtept lat="41.09698000" lon="-121.797290">
      <ele>1677.0000</ele>
      <time>2010-01-01T01:42:37Z</time>
    </rtept>
    <rtept lat="41.09705000" lon="-121.797280">
      <ele>1677.0000</ele>
      <time>2010-01-01T01:42:40Z</time>
    </rtept>
    <rtept lat="41.09726000" lon="-121.797280">
      <ele>1675.0000</ele>
      <time>2010-01-01T01:42:49Z</time>
    </rtept>
    <rtept lat="41.09737000" lon="-121.797290">
      <ele>1674.0000</ele>
      <time>2010-01-01T01:42:53Z</time>
    </rtept>
    <rtept lat="41.09744000" lon="-121.797260">
      <ele>1672.0000</ele>
      <time>2010-01-01T01:42:56Z</time>
    </rtept>
    <rtept lat="41.09752000" lon="-121.797180">
      <ele>1670.0000</ele>
      <time>2010-01-01T01:43:00Z</time>
    </rtept>
    <rtept lat="41.09765000" lon="-121.796900">
      <ele>1665.0000</ele>
      <time>2010-01-01T01:43:10Z</time>
    </rtept>
    <rtept lat="41.09769000" lon="-121.796750">
      <ele>1663.0000</ele>
      <time>2010-01-01T01:43:15Z</time>
    </rtept>
    <rtept lat="41.09768000" lon="-121.796600">
      <ele>1662.0000</ele>
      <time>2010-01-01T01:43:19Z</time>
    </rtept>
    <rtept lat="41.09771000" lon="-121.796450">
      <ele>1661.0000</ele>
      <time>2010-01-01T01:43:24Z</time>
    </rtept>
    <rtept lat="41.09775000" lon="-121.796300">
      <ele>1660.0000</ele>
      <time>2010-01-01T01:43:29Z</time>
    </rtept>
    <rtept lat="41.09777000" lon="-121.796200">
      <ele>1659.0000</ele>
      <time>2010-01-01T01:43:32Z</time>
    </rtept>
    <rtept lat="41.09776000" lon="-121.796120">
      <ele>1658.0000</ele>
      <time>2010-01-01T01:43:34Z</time>
    </rtept>
    <rtept lat="41.09776000" lon="-121.795960">
      <ele>1655.0000</ele>
      <time>2010-01-01T01:43:39Z</time>
    </rtept>
    <rtept lat="41.09775000" lon="-121.795780">
      <ele>1653.0000</ele>
      <time>2010-01-01T01:43:45Z</time>
    </rtept>
    <rtept lat="41.09772000" lon="-121.795700">
      <ele>1652.0000</ele>
      <time>2010-01-01T01:43:47Z</time>
    </rtept>
    <rtept lat="41.09775000" lon="-121.795520">
      <ele>1651.0000</ele>
      <time>2010-01-01T01:43:53Z</time>
    </rtept>
    <rtept lat="41.09780000" lon="-121.795440">
      <ele>1651.0000</ele>
      <time>2010-01-01T01:43:56Z</time>
    </rtept>
    <rtept lat="41.09787000" lon="-121.795440">
      <ele>1652.0000</ele>
      <time>2010-01-01T01:43:59Z</time>
    </rtept>
    <rtept lat="41.09803000" lon="-121.795460">
      <ele>1654.0000</ele>
      <time>2010-01-01T01:44:05Z</time>
    </rtept>
    <rtept lat="41.09811000" lon="-121.795450">
      <ele>1654.0000</ele>
      <time>2010-01-01T01:44:08Z</time>
    </rtept>
    <rtept lat="41.09819000" lon="-121.795300">
      <ele>1654.0000</ele>
      <time>2010-01-01T01:44:14Z</time>
    </rtept>
    <rtept lat="41.09824000" lon="-121.795080">
      <ele>1654.0000</ele>
      <time>2010-01-01T01:44:21Z</time>
    </rtept>
    <rtept lat="41.09826000" lon="-121.794930">
      <ele>1654.0000</ele>
      <time>2010-01-01T01:44:26Z</time>
    </rtept>
    <rtept lat="41.09836000" lon="-121.794580">
      <ele>1656.0000</ele>
      <time>2010-01-01T01:44:37Z</time>
    </rtept>
    <rtept lat="41.09841000" lon="-121.794250">
      <ele>1657.0000</ele>
      <time>2010-01-01T01:44:47Z</time>
    </rtept>
    <rtept lat="41.09846000" lon="-121.793860">
      <ele>1661.0000</ele>
      <time>2010-01-01T01:44:59Z</time>
    </rtept>
    <rtept lat="41.09849000" lon="-121.793750">
      <ele>1663.0000</ele>
      <time>2010-01-01T01:45:02Z</time>
    </rtept>
    <rtept lat="41.09848000" lon="-121.793680">
      <ele>1663.0000</ele>
      <time>2010-01-01T01:45:05Z</time>
    </rtept>
    <rtept lat="41.09820000" lon="-121.793500">
      <ele>1662.0000</ele>
      <time>2010-01-01T01:45:17Z</time>
    </rtept>
    <rtept lat="41.09810000" lon="-121.793400">
      <ele>1660.0000</ele>
      <time>2010-01-01T01:45:22Z</time>
    </rtept>
    <rtept lat="41.09808000" lon="-121.793260">
      <ele>1660.0000</ele>
      <time>2010-01-01T01:45:26Z</time>
    </rtept>
    <rtept lat="41.09812000" lon="-121.793060">
      <ele>1663.0000</ele>
      <time>2010-01-01T01:45:33Z</time>
    </rtept>
    <rtept lat="41.09819000" lon="-121.792750">
      <ele>1666.0000</ele>
      <time>2010-01-01T01:45:42Z</time>
    </rtept>
    <rtept lat="41.09821000" lon="-121.792520">
      <ele>1667.0000</ele>
      <time>2010-01-01T01:45:49Z</time>
    </rtept>
    <rtept lat="41.09823000" lon="-121.792390">
      <ele>1667.0000</ele>
      <time>2010-01-01T01:45:53Z</time>
    </rtept>
    <rtept lat="41.09827000" lon="-121.792140">
      <ele>1667.0000</ele>
      <time>2010-01-01T01:46:01Z</time>
    </rtept>
    <rtept lat="41.09832000" lon="-121.791620">
      <ele>1669.0000</ele>
      <time>2010-01-01T01:46:17Z</time>
    </rtept>
    <rtept lat="41.09827000" lon="-121.791370">
      <ele>1670.0000</ele>
      <time>2010-01-01T01:46:25Z</time>
    </rtept>
    <rtept lat="41.09823000" lon="-121.790950">
      <ele>1669.0000</ele>
      <time>2010-01-01T01:46:37Z</time>
    </rtept>
    <rtept lat="41.09824000" lon="-121.790730">
      <ele>1668.0000</ele>
      <time>2010-01-01T01:46:44Z</time>
    </rtept>
    <rtept lat="41.09827000" lon="-121.790520">
      <ele>1668.0000</ele>
      <time>2010-01-01T01:46:51Z</time>
    </rtept>
    <rtept lat="41.09834000" lon="-121.790320">
      <ele>1669.0000</ele>
      <time>2010-01-01T01:46:57Z</time>
    </rtept>
    <rtept lat="41.09843000" lon="-121.790150">
      <ele>1668.0000</ele>
      <time>2010-01-01T01:47:03Z</time>
    </rtept>
    <rtept lat="41.09859000" lon="-121.789870">
      <ele>1667.0000</ele>
      <time>2010-01-01T01:47:14Z</time>
    </rtept>
    <rtept lat="41.09887000" lon="-121.789430">
      <ele>1666.0000</ele>
      <time>2010-01-01T01:47:31Z</time>
    </rtept>
    <rtept lat="41.09894000" lon="-121.789350">
      <ele>1665.0000</ele>
      <time>2010-01-01T01:47:35Z</time>
    </rtept>
    <rtept lat="41.09907000" lon="-121.789280">
      <ele>1663.0000</ele>
      <time>2010-01-01T01:47:41Z</time>
    </rtept>
    <rtept lat="41.09921000" lon="-121.789240">
      <ele>1662.0000</ele>
      <time>2010-01-01T01:47:46Z</time>
    </rtept>
    <rtept lat="41.09933000" lon="-121.789250">
      <ele>1661.0000</ele>
      <time>2010-01-01T01:47:51Z</time>
    </rtept>
    <rtept lat="41.09935000" lon="-121.789310">
      <ele>1662.0000</ele>
      <time>2010-01-01T01:47:53Z</time>
    </rtept>
    <rtept lat="41.09942000" lon="-121.789490">
      <ele>1663.0000</ele>
      <time>2010-01-01T01:47:59Z</time>
    </rtept>
    <rtept lat="41.09948000" lon="-121.789660">
      <ele>1665.0000</ele>
      <time>2010-01-01T01:48:05Z</time>
    </rtept>
    <rtept lat="41.09960000" lon="-121.789880">
      <ele>1666.0000</ele>
      <time>2010-01-01T01:48:13Z</time>
    </rtept>
    <rtept lat="41.09970000" lon="-121.789990">
      <ele>1667.0000</ele>
      <time>2010-01-01T01:48:18Z</time>
    </rtept>
    <rtept lat="41.09986000" lon="-121.790060">
      <ele>1662.0000</ele>
      <time>2010-01-01T01:48:25Z</time>
    </rtept>
    <rtept lat="41.09997000" lon="-121.790190">
      <ele>1659.0000</ele>
      <time>2010-01-01T01:48:31Z</time>
    </rtept>
    <rtept lat="41.10010000" lon="-121.790250">
      <ele>1658.0000</ele>
      <time>2010-01-01T01:48:37Z</time>
    </rtept>
    <rtept lat="41.10028000" lon="-121.790260">
      <ele>1655.0000</ele>
      <time>2010-01-01T01:48:44Z</time>
    </rtept>
    <rtept lat="41.10031000" lon="-121.790250">
      <ele>1655.0000</ele>
      <time>2010-01-01T01:48:45Z</time>
    </rtept>
    <rtept lat="41.10035000" lon="-121.790170">
      <ele>1654.0000</ele>
      <time>2010-01-01T01:48:48Z</time>
    </rtept>
    <rtept lat="41.10035000" lon="-121.790000">
      <ele>1651.0000</ele>
      <time>2010-01-01T01:48:53Z</time>
    </rtept>
    <rtept lat="41.10040000" lon="-121.789830">
      <ele>1649.0000</ele>
      <time>2010-01-01T01:48:59Z</time>
    </rtept>
    <rtept lat="41.10047000" lon="-121.789650">
      <ele>1648.0000</ele>
      <time>2010-01-01T01:49:05Z</time>
    </rtept>
    <rtept lat="41.10050000" lon="-121.789500">
      <ele>1647.0000</ele>
      <time>2010-01-01T01:49:09Z</time>
    </rtept>
    <rtept lat="41.10054000" lon="-121.789390">
      <ele>1647.0000</ele>
      <time>2010-01-01T01:49:13Z</time>
    </rtept>
    <rtept lat="41.10079000" lon="-121.789010">
      <ele>1644.0000</ele>
      <time>2010-01-01T01:49:28Z</time>
    </rtept>
    <rtept lat="41.10090000" lon="-121.788780">
      <ele>1639.0000</ele>
      <time>2010-01-01T01:49:36Z</time>
    </rtept>
    <rtept lat="41.10103000" lon="-121.788530">
      <ele>1635.0000</ele>
      <time>2010-01-01T01:49:46Z</time>
    </rtept>
    <rtept lat="41.10113000" lon="-121.788390">
      <ele>1635.0000</ele>
      <time>2010-01-01T01:49:51Z</time>
    </rtept>
    <rtept lat="41.10147000" lon="-121.788180">
      <ele>1636.0000</ele>
      <time>2010-01-01T01:50:06Z</time>
    </rtept>
    <rtept lat="41.10161000" lon="-121.788060">
      <ele>1636.0000</ele>
      <time>2010-01-01T01:50:13Z</time>
    </rtept>
    <rtept lat="41.10193000" lon="-121.787950">
      <ele>1634.0000</ele>
      <time>2010-01-01T01:50:26Z</time>
    </rtept>
    <rtept lat="41.10203000" lon="-121.787760">
      <ele>1631.0000</ele>
      <time>2010-01-01T01:50:33Z</time>
    </rtept>
    <rtept lat="41.10210000" lon="-121.787420">
      <ele>1626.0000</ele>
      <time>2010-01-01T01:50:44Z</time>
    </rtept>
    <rtept lat="41.10218000" lon="-121.787110">
      <ele>1623.0000</ele>
      <time>2010-01-01T01:50:54Z</time>
    </rtept>
    <rtept lat="41.10226000" lon="-121.786950">
      <ele>1622.0000</ele>
      <time>2010-01-01T01:51:00Z</time>
    </rtept>
    <rtept lat="41.10235000" lon="-121.786860">
      <ele>1622.0000</ele>
      <time>2010-01-01T01:51:04Z</time>
    </rtept>
    <rtept lat="41.10247000" lon="-121.786820">
      <ele>1623.0000</ele>
      <time>2010-01-01T01:51:09Z</time>
    </rtept>
    <rtept lat="41.10258000" lon="-121.786800">
      <ele>1624.0000</ele>
      <time>2010-01-01T01:51:14Z</time>
    </rtept>
    <rtept lat="41.10272000" lon="-121.786660">
      <ele>1624.0000</ele>
      <time>2010-01-01T01:51:21Z</time>
    </rtept>
    <rtept lat="41.10283000" lon="-121.786610">
      <ele>1624.0000</ele>
      <time>2010-01-01T01:51:25Z</time>
    </rtept>
    <rtept lat="41.10298000" lon="-121.786610">
      <ele>1624.0000</ele>
      <time>2010-01-01T01:51:31Z</time>
    </rtept>
    <rtept lat="41.10314000" lon="-121.786720">
      <ele>1624.0000</ele>
      <time>2010-01-01T01:51:38Z</time>
    </rtept>
    <rtept lat="41.10334000" lon="-121.786910">
      <ele>1621.0000</ele>
      <time>2010-01-01T01:51:48Z</time>
    </rtept>
    <rtept lat="41.10352000" lon="-121.786990">
      <ele>1616.0000</ele>
      <time>2010-01-01T01:51:56Z</time>
    </rtept>
    <rtept lat="41.10367000" lon="-121.786990">
      <ele>1612.0000</ele>
      <time>2010-01-01T01:52:02Z</time>
    </rtept>
    <rtept lat="41.10394000" lon="-121.787060">
      <ele>1607.0000</ele>
      <time>2010-01-01T01:52:13Z</time>
    </rtept>
    <rtept lat="41.10409000" lon="-121.787050">
      <ele>1604.0000</ele>
      <time>2010-01-01T01:52:19Z</time>
    </rtept>
    <rtept lat="41.10425000" lon="-121.787000">
      <ele>1602.0000</ele>
      <time>2010-01-01T01:52:25Z</time>
    </rtept>
    <rtept lat="41.10453000" lon="-121.786870">
      <ele>1601.0000</ele>
      <time>2010-01-01T01:52:37Z</time>
    </rtept>
    <rtept lat="41.10479000" lon="-121.786800">
      <ele>1605.0000</ele>
      <time>2010-01-01T01:52:48Z</time>
    </rtept>
    <rtept lat="41.10500000" lon="-121.786700">
      <ele>1609.0000</ele>
      <time>2010-01-01T01:52:57Z</time>
    </rtept>
    <rtept lat="41.10511000" lon="-121.786500">
      <ele>1612.0000</ele>
      <time>2010-01-01T01:53:04Z</time>
    </rtept>
    <rtept lat="41.10511000" lon="-121.786180">
      <ele>1609.0000</ele>
      <time>2010-01-01T01:53:14Z</time>
    </rtept>
    <rtept lat="41.10520000" lon="-121.785830">
      <ele>1606.0000</ele>
      <time>2010-01-01T01:53:25Z</time>
    </rtept>
    <rtept lat="41.10536000" lon="-121.785310">
      <ele>1602.0000</ele>
      <time>2010-01-01T01:53:42Z</time>
    </rtept>
    <rtept lat="41.10552000" lon="-121.784980">
      <ele>1604.0000</ele>
      <time>2010-01-01T01:53:54Z</time>
    </rtept>
    <rtept lat="41.10569000" lon="-121.784680">
      <ele>1605.0000</ele>
      <time>2010-01-01T01:54:05Z</time>
    </rtept>
    <rtept lat="41.10582000" lon="-121.784580">
      <ele>1605.0000</ele>
      <time>2010-01-01T01:54:11Z</time>
    </rtept>
    <rtept lat="41.10603000" lon="-121.784490">
      <ele>1604.0000</ele>
      <time>2010-01-01T01:54:20Z</time>
    </rtept>
    <rtept lat="41.10622000" lon="-121.784440">
      <ele>1602.0000</ele>
      <time>2010-01-01T01:54:28Z</time>
    </rtept>
    <rtept lat="41.10645000" lon="-121.784450">
      <ele>1598.0000</ele>
      <time>2010-01-01T01:54:37Z</time>
    </rtept>
    <rtept lat="41.10661000" lon="-121.784510">
      <ele>1597.0000</ele>
      <time>2010-01-01T01:54:44Z</time>
    </rtept>
    <rtept lat="41.10678000" lon="-121.784510">
      <ele>1596.0000</ele>
      <time>2010-01-01T01:54:51Z</time>
    </rtept>
    <rtept lat="41.10696000" lon="-121.784510">
      <ele>1596.0000</ele>
      <time>2010-01-01T01:54:58Z</time>
    </rtept>
    <rtept lat="41.10705000" lon="-121.784460">
      <ele>1594.0000</ele>
      <time>2010-01-01T01:55:02Z</time>
    </rtept>
    <rtept lat="41.10715000" lon="-121.784400">
      <ele>1592.0000</ele>
      <time>2010-01-01T01:55:06Z</time>
    </rtept>
    <rtept lat="41.10723000" lon="-121.784380">
      <ele>1590.0000</ele>
      <time>2010-01-01T01:55:09Z</time>
    </rtept>
    <rtept lat="41.10744000" lon="-121.784480">
      <ele>1587.0000</ele>
      <time>2010-01-01T01:55:18Z</time>
    </rtept>
    <rtept lat="41.10757000" lon="-121.784610">
      <ele>1586.0000</ele>
      <time>2010-01-01T01:55:25Z</time>
    </rtept>
    <rtept lat="41.10762000" lon="-121.784760">
      <ele>1588.0000</ele>
      <time>2010-01-01T01:55:30Z</time>
    </rtept>
    <rtept lat="41.10774000" lon="-121.784860">
      <ele>1587.0000</ele>
      <time>2010-01-01T01:55:35Z</time>
    </rtept>
    <rtept lat="41.10788000" lon="-121.784800">
      <ele>1585.0000</ele>
      <time>2010-01-01T01:55:41Z</time>
    </rtept>
    <rtept lat="41.10801000" lon="-121.784780">
      <ele>1584.0000</ele>
      <time>2010-01-01T01:55:47Z</time>
    </rtept>
    <rtept lat="41.10815000" lon="-121.784780">
      <ele>1583.0000</ele>
      <time>2010-01-01T01:55:52Z</time>
    </rtept>
    <rtept lat="41.10824000" lon="-121.784840">
      <ele>1583.0000</ele>
      <time>2010-01-01T01:55:56Z</time>
    </rtept>
    <rtept lat="41.10839000" lon="-121.785080">
      <ele>1581.0000</ele>
      <time>2010-01-01T01:56:06Z</time>
    </rtept>
    <rtept lat="41.10847000" lon="-121.785290">
      <ele>1580.0000</ele>
      <time>2010-01-01T01:56:13Z</time>
    </rtept>
    <rtept lat="41.10852000" lon="-121.785450">
      <ele>1578.0000</ele>
      <time>2010-01-01T01:56:18Z</time>
    </rtept>
    <rtept lat="41.10852000" lon="-121.785660">
      <ele>1579.0000</ele>
      <time>2010-01-01T01:56:24Z</time>
    </rtept>
    <rtept lat="41.10851000" lon="-121.785940">
      <ele>1580.0000</ele>
      <time>2010-01-01T01:56:33Z</time>
    </rtept>
    <rtept lat="41.10850000" lon="-121.786090">
      <ele>1581.0000</ele>
      <time>2010-01-01T01:56:37Z</time>
    </rtept>
    <rtept lat="41.10840000" lon="-121.786210">
      <ele>1583.0000</ele>
      <time>2010-01-01T01:56:43Z</time>
    </rtept>
    <rtept lat="41.10838000" lon="-121.786330">
      <ele>1584.0000</ele>
      <time>2010-01-01T01:56:46Z</time>
    </rtept>
    <rtept lat="41.10842000" lon="-121.786550">
      <ele>1582.0000</ele>
      <time>2010-01-01T01:56:53Z</time>
    </rtept>
    <rtept lat="41.10836000" lon="-121.786790">
      <ele>1583.0000</ele>
      <time>2010-01-01T01:57:01Z</time>
    </rtept>
    <rtept lat="41.10839000" lon="-121.786930">
      <ele>1582.0000</ele>
      <time>2010-01-01T01:57:05Z</time>
    </rtept>
    <rtept lat="41.10852000" lon="-121.787090">
      <ele>1579.0000</ele>
      <time>2010-01-01T01:57:12Z</time>
    </rtept>
    <rtept lat="41.10863000" lon="-121.787200">
      <ele>1577.0000</ele>
      <time>2010-01-01T01:57:18Z</time>
    </rtept>
    <rtept lat="41.10878000" lon="-121.787290">
      <ele>1576.0000</ele>
      <time>2010-01-01T01:57:24Z</time>
    </rtept>
    <rtept lat="41.10911000" lon="-121.787260">
      <ele>1572.0000</ele>
      <time>2010-01-01T01:57:38Z</time>
    </rtept>
    <rtept lat="41.10924000" lon="-121.787380">
      <ele>1574.0000</ele>
      <time>2010-01-01T01:57:44Z</time>
    </rtept>
    <rtept lat="41.10935000" lon="-121.787490">
      <ele>1575.0000</ele>
      <time>2010-01-01T01:57:49Z</time>
    </rtept>
    <rtept lat="41.10947000" lon="-121.787440">
      <ele>1574.0000</ele>
      <time>2010-01-01T01:57:54Z</time>
    </rtept>
    <rtept lat="41.10973000" lon="-121.787190">
      <ele>1570.0000</ele>
      <time>2010-01-01T01:58:07Z</time>
    </rtept>
    <rtept lat="41.10993000" lon="-121.786870">
      <ele>1568.0000</ele>
      <time>2010-01-01T01:58:20Z</time>
    </rtept>
    <rtept lat="41.11005000" lon="-121.786540">
      <ele>1563.0000</ele>
      <time>2010-01-01T01:58:31Z</time>
    </rtept>
    <rtept lat="41.11021000" lon="-121.786460">
      <ele>1563.0000</ele>
      <time>2010-01-01T01:58:38Z</time>
    </rtept>
    <rtept lat="41.11029000" lon="-121.786360">
      <ele>1563.0000</ele>
      <time>2010-01-01T01:58:42Z</time>
    </rtept>
    <rtept lat="41.11042000" lon="-121.786030">
      <ele>1564.0000</ele>
      <time>2010-01-01T01:58:53Z</time>
    </rtept>
    <rtept lat="41.11046000" lon="-121.785430">
      <ele>1559.0000</ele>
      <time>2010-01-01T01:59:12Z</time>
    </rtept>
    <rtept lat="41.11057000" lon="-121.785200">
      <ele>1560.0000</ele>
      <time>2010-01-01T01:59:20Z</time>
    </rtept>
    <rtept lat="41.11075000" lon="-121.784910">
      <ele>1561.0000</ele>
      <time>2010-01-01T01:59:31Z</time>
    </rtept>
    <rtept lat="41.11082000" lon="-121.784840">
      <ele>1562.0000</ele>
      <time>2010-01-01T01:59:35Z</time>
    </rtept>
    <rtept lat="41.11088000" lon="-121.784760">
      <ele>1562.0000</ele>
      <time>2010-01-01T01:59:38Z</time>
    </rtept>
    <rtept lat="41.11106000" lon="-121.784590">
      <ele>1563.0000</ele>
      <time>2010-01-01T01:59:47Z</time>
    </rtept>
    <rtept lat="41.11124000" lon="-121.784130">
      <ele>1558.0000</ele>
      <time>2010-01-01T02:00:03Z</time>
    </rtept>
    <rtept lat="41.11128000" lon="-121.784080">
      <ele>1558.0000</ele>
      <time>2010-01-01T02:00:05Z</time>
    </rtept>
    <rtept lat="41.11138000" lon="-121.783950">
      <ele>1557.0000</ele>
      <time>2010-01-01T02:00:10Z</time>
    </rtept>
    <rtept lat="41.11158000" lon="-121.783750">
      <ele>1558.0000</ele>
      <time>2010-01-01T02:00:20Z</time>
    </rtept>
    <rtept lat="41.11178000" lon="-121.783690">
      <ele>1561.0000</ele>
      <time>2010-01-01T02:00:29Z</time>
    </rtept>
    <rtept lat="41.11202000" lon="-121.783580">
      <ele>1565.0000</ele>
      <time>2010-01-01T02:00:39Z</time>
    </rtept>
    <rtept lat="41.11227000" lon="-121.783390">
      <ele>1569.0000</ele>
      <time>2010-01-01T02:00:50Z</time>
    </rtept>
    <rtept lat="41.11260000" lon="-121.783090">
      <ele>1571.0000</ele>
      <time>2010-01-01T02:01:06Z</time>
    </rtept>
    <rtept lat="41.11269000" lon="-121.782960">
      <ele>1570.0000</ele>
      <time>2010-01-01T02:01:12Z</time>
    </rtept>
    <rtept lat="41.11270000" lon="-121.782700">
      <ele>1568.0000</ele>
      <time>2010-01-01T02:01:19Z</time>
    </rtept>
    <rtept lat="41.11273000" lon="-121.782340">
      <ele>1568.0000</ele>
      <time>2010-01-01T02:01:30Z</time>
    </rtept>
    <rtept lat="41.11280000" lon="-121.781990">
      <ele>1569.0000</ele>
      <time>2010-01-01T02:01:41Z</time>
    </rtept>
    <rtept lat="41.11299000" lon="-121.781670">
      <ele>1569.0000</ele>
      <time>2010-01-01T02:01:54Z</time>
    </rtept>
    <rtept lat="41.11323000" lon="-121.781330">
      <ele>1572.0000</ele>
      <time>2010-01-01T02:02:08Z</time>
    </rtept>
    <rtept lat="41.11336000" lon="-121.781030">
      <ele>1574.0000</ele>
      <time>2010-01-01T02:02:18Z</time>
    </rtept>
    <rtept lat="41.11344000" lon="-121.780650">
      <ele>1577.0000</ele>
      <time>2010-01-01T02:02:30Z</time>
    </rtept>
    <rtept lat="41.11358000" lon="-121.780420">
      <ele>1579.0000</ele>
      <time>2010-01-01T02:02:39Z</time>
    </rtept>
    <rtept lat="41.11366000" lon="-121.780210">
      <ele>1580.0000</ele>
      <time>2010-01-01T02:02:46Z</time>
    </rtept>
    <rtept lat="41.11364000" lon="-121.779830">
      <ele>1577.0000</ele>
      <time>2010-01-01T02:02:57Z</time>
    </rtept>
    <rtept lat="41.11356000" lon="-121.779270">
      <ele>1580.0000</ele>
      <time>2010-01-01T02:03:15Z</time>
    </rtept>
    <rtept lat="41.11345000" lon="-121.779130">
      <ele>1582.0000</ele>
      <time>2010-01-01T02:03:21Z</time>
    </rtept>
    <rtept lat="41.11333000" lon="-121.778960">
      <ele>1583.0000</ele>
      <time>2010-01-01T02:03:28Z</time>
    </rtept>
    <rtept lat="41.11330000" lon="-121.778750">
      <ele>1584.0000</ele>
      <time>2010-01-01T02:03:34Z</time>
    </rtept>
    <rtept lat="41.11332000" lon="-121.778560">
      <ele>1586.0000</ele>
      <time>2010-01-01T02:03:40Z</time>
    </rtept>
    <rtept lat="41.11337000" lon="-121.778170">
      <ele>1586.0000</ele>
      <time>2010-01-01T02:03:52Z</time>
    </rtept>
    <rtept lat="41.11345000" lon="-121.777830">
      <ele>1585.0000</ele>
      <time>2010-01-01T02:04:03Z</time>
    </rtept>
    <rtept lat="41.11352000" lon="-121.777600">
      <ele>1585.0000</ele>
      <time>2010-01-01T02:04:10Z</time>
    </rtept>
    <rtept lat="41.11356000" lon="-121.777470">
      <ele>1585.0000</ele>
      <time>2010-01-01T02:04:14Z</time>
    </rtept>
    <rtept lat="41.11362000" lon="-121.777340">
      <ele>1585.0000</ele>
      <time>2010-01-01T02:04:19Z</time>
    </rtept>
    <rtept lat="41.11370000" lon="-121.777130">
      <ele>1587.0000</ele>
      <time>2010-01-01T02:04:26Z</time>
    </rtept>
    <rtept lat="41.11386000" lon="-121.776850">
      <ele>1592.0000</ele>
      <time>2010-01-01T02:04:37Z</time>
    </rtept>
    <rtept lat="41.11395000" lon="-121.776660">
      <ele>1595.0000</ele>
      <time>2010-01-01T02:04:43Z</time>
    </rtept>
    <rtept lat="41.11397000" lon="-121.776420">
      <ele>1595.0000</ele>
      <time>2010-01-01T02:04:51Z</time>
    </rtept>
    <rtept lat="41.11398000" lon="-121.776120">
      <ele>1594.0000</ele>
      <time>2010-01-01T02:05:00Z</time>
    </rtept>
    <rtept lat="41.11406000" lon="-121.775800">
      <ele>1597.0000</ele>
      <time>2010-01-01T02:05:10Z</time>
    </rtept>
    <rtept lat="41.11412000" lon="-121.775650">
      <ele>1598.0000</ele>
      <time>2010-01-01T02:05:15Z</time>
    </rtept>
    <rtept lat="41.11422000" lon="-121.775600">
      <ele>1599.0000</ele>
      <time>2010-01-01T02:05:19Z</time>
    </rtept>
    <rtept lat="41.11438000" lon="-121.775600">
      <ele>1599.0000</ele>
      <time>2010-01-01T02:05:26Z</time>
    </rtept>
    <rtept lat="41.11457000" lon="-121.775670">
      <ele>1599.0000</ele>
      <time>2010-01-01T02:05:34Z</time>
    </rtept>
    <rtept lat="41.11471000" lon="-121.775630">
      <ele>1598.0000</ele>
      <time>2010-01-01T02:05:39Z</time>
    </rtept>
    <rtept lat="41.11484000" lon="-121.775510">
      <ele>1596.0000</ele>
      <time>2010-01-01T02:05:46Z</time>
    </rtept>
    <rtept lat="41.11500000" lon="-121.775240">
      <ele>1594.0000</ele>
      <time>2010-01-01T02:05:56Z</time>
    </rtept>
    <rtept lat="41.11510000" lon="-121.775070">
      <ele>1592.0000</ele>
      <time>2010-01-01T02:06:03Z</time>
    </rtept>
    <rtept lat="41.11529000" lon="-121.775090">
      <ele>1588.0000</ele>
      <time>2010-01-01T02:06:10Z</time>
    </rtept>
    <rtept lat="41.11546000" lon="-121.775140">
      <ele>1586.0000</ele>
      <time>2010-01-01T02:06:17Z</time>
    </rtept>
    <rtept lat="41.11562000" lon="-121.775360">
      <ele>1584.0000</ele>
      <time>2010-01-01T02:06:26Z</time>
    </rtept>
    <rtept lat="41.11579000" lon="-121.775520">
      <ele>1582.0000</ele>
      <time>2010-01-01T02:06:35Z</time>
    </rtept>
    <rtept lat="41.11605000" lon="-121.775880">
      <ele>1578.0000</ele>
      <time>2010-01-01T02:06:50Z</time>
    </rtept>
    <rtept lat="41.11609000" lon="-121.775940">
      <ele>1578.0000</ele>
      <time>2010-01-01T02:06:52Z</time>
    </rtept>
    <rtept lat="41.11626000" lon="-121.776190">
      <ele>1577.0000</ele>
      <time>2010-01-01T02:07:02Z</time>
    </rtept>
    <rtept lat="41.11644000" lon="-121.776420">
      <ele>1577.0000</ele>
      <time>2010-01-01T02:07:12Z</time>
    </rtept>
    <rtept lat="41.11655000" lon="-121.776510">
      <ele>1577.0000</ele>
      <time>2010-01-01T02:07:18Z</time>
    </rtept>
    <rtept lat="41.11692000" lon="-121.776590">
      <ele>1570.0000</ele>
      <time>2010-01-01T02:07:33Z</time>
    </rtept>
    <rtept lat="41.11729000" lon="-121.776730">
      <ele>1567.0000</ele>
      <time>2010-01-01T02:07:48Z</time>
    </rtept>
    <rtept lat="41.11762000" lon="-121.776720">
      <ele>1565.0000</ele>
      <time>2010-01-01T02:08:01Z</time>
    </rtept>
    <rtept lat="41.11784000" lon="-121.776760">
      <ele>1564.0000</ele>
      <time>2010-01-01T02:08:10Z</time>
    </rtept>
    <rtept lat="41.11822000" lon="-121.776920">
      <ele>1562.0000</ele>
      <time>2010-01-01T02:08:26Z</time>
    </rtept>
    <rtept lat="41.11837000" lon="-121.777010">
      <ele>1561.0000</ele>
      <time>2010-01-01T02:08:33Z</time>
    </rtept>
    <rtept lat="41.11850000" lon="-121.777000">
      <ele>1559.0000</ele>
      <time>2010-01-01T02:08:38Z</time>
    </rtept>
    <rtept lat="41.11873000" lon="-121.776880">
      <ele>1556.0000</ele>
      <time>2010-01-01T02:08:48Z</time>
    </rtept>
    <rtept lat="41.11879000" lon="-121.776860">
      <ele>1556.0000</ele>
      <time>2010-01-01T02:08:50Z</time>
    </rtept>
    <rtept lat="41.11886000" lon="-121.776480">
      <ele>1555.0000</ele>
      <time>2010-01-01T02:09:02Z</time>
    </rtept>
    <rtept lat="41.11895000" lon="-121.776180">
      <ele>1556.0000</ele>
      <time>2010-01-01T02:09:12Z</time>
    </rtept>
    <rtept lat="41.11909000" lon="-121.775790">
      <ele>1558.0000</ele>
      <time>2010-01-01T02:09:25Z</time>
    </rtept>
    <rtept lat="41.11914000" lon="-121.775620">
      <ele>1558.0000</ele>
      <time>2010-01-01T02:09:30Z</time>
    </rtept>
    <rtept lat="41.11926000" lon="-121.775510">
      <ele>1560.0000</ele>
      <time>2010-01-01T02:09:36Z</time>
    </rtept>
    <rtept lat="41.11938000" lon="-121.775450">
      <ele>1561.0000</ele>
      <time>2010-01-01T02:09:41Z</time>
    </rtept>
    <rtept lat="41.11944000" lon="-121.775460">
      <ele>1562.0000</ele>
      <time>2010-01-01T02:09:44Z</time>
    </rtept>
    <rtept lat="41.11950000" lon="-121.775460">
      <ele>1563.0000</ele>
      <time>2010-01-01T02:09:46Z</time>
    </rtept>
    <rtept lat="41.11960000" lon="-121.775520">
      <ele>1564.0000</ele>
      <time>2010-01-01T02:09:50Z</time>
    </rtept>
    <rtept lat="41.11970000" lon="-121.775730">
      <ele>1565.0000</ele>
      <time>2010-01-01T02:09:58Z</time>
    </rtept>
    <rtept lat="41.11991000" lon="-121.775920">
      <ele>1565.0000</ele>
      <time>2010-01-01T02:10:08Z</time>
    </rtept>
    <rtept lat="41.12008000" lon="-121.776160">
      <ele>1566.0000</ele>
      <time>2010-01-01T02:10:18Z</time>
    </rtept>
    <rtept lat="41.12018000" lon="-121.776210">
      <ele>1567.0000</ele>
      <time>2010-01-01T02:10:22Z</time>
    </rtept>
    <rtept lat="41.12052000" lon="-121.776210">
      <ele>1572.0000</ele>
      <time>2010-01-01T02:10:36Z</time>
    </rtept>
    <rtept lat="41.12062000" lon="-121.776280">
      <ele>1574.0000</ele>
      <time>2010-01-01T02:10:40Z</time>
    </rtept>
    <rtept lat="41.12077000" lon="-121.776500">
      <ele>1575.0000</ele>
      <time>2010-01-01T02:10:49Z</time>
    </rtept>
    <rtept lat="41.12086000" lon="-121.776510">
      <ele>1576.0000</ele>
      <time>2010-01-01T02:10:53Z</time>
    </rtept>
    <rtept lat="41.12098000" lon="-121.776550">
      <ele>1578.0000</ele>
      <time>2010-01-01T02:10:58Z</time>
    </rtept>
    <rtept lat="41.12110000" lon="-121.776570">
      <ele>1581.0000</ele>
      <time>2010-01-01T02:11:03Z</time>
    </rtept>
    <rtept lat="41.12119000" lon="-121.776600">
      <ele>1582.0000</ele>
      <time>2010-01-01T02:11:07Z</time>
    </rtept>
    <rtept lat="41.12130000" lon="-121.776660">
      <ele>1583.0000</ele>
      <time>2010-01-01T02:11:11Z</time>
    </rtept>
    <rtept lat="41.12136000" lon="-121.776780">
      <ele>1584.0000</ele>
      <time>2010-01-01T02:11:16Z</time>
    </rtept>
    <rtept lat="41.12173000" lon="-121.777410">
      <ele>1590.0000</ele>
      <time>2010-01-01T02:11:40Z</time>
    </rtept>
    <rtept lat="41.12188000" lon="-121.777750">
      <ele>1591.0000</ele>
      <time>2010-01-01T02:11:52Z</time>
    </rtept>
    <rtept lat="41.12207000" lon="-121.778020">
      <ele>1591.0000</ele>
      <time>2010-01-01T02:12:03Z</time>
    </rtept>
    <rtept lat="41.12233000" lon="-121.778380">
      <ele>1590.0000</ele>
      <time>2010-01-01T02:12:18Z</time>
    </rtept>
    <rtept lat="41.12280000" lon="-121.778600">
      <ele>1594.0000</ele>
      <time>2010-01-01T02:12:38Z</time>
    </rtept>
    <rtept lat="41.12299000" lon="-121.778700">
      <ele>1592.0000</ele>
      <time>2010-01-01T02:12:46Z</time>
    </rtept>
    <rtept lat="41.12314000" lon="-121.778700">
      <ele>1591.0000</ele>
      <time>2010-01-01T02:12:52Z</time>
    </rtept>
    <rtept lat="41.12331000" lon="-121.778660">
      <ele>1589.0000</ele>
      <time>2010-01-01T02:12:59Z</time>
    </rtept>
    <rtept lat="41.12356000" lon="-121.778540">
      <ele>1587.0000</ele>
      <time>2010-01-01T02:13:09Z</time>
    </rtept>
    <rtept lat="41.12371000" lon="-121.778400">
      <ele>1588.0000</ele>
      <time>2010-01-01T02:13:17Z</time>
    </rtept>
    <rtept lat="41.12387000" lon="-121.778140">
      <ele>1589.0000</ele>
      <time>2010-01-01T02:13:27Z</time>
    </rtept>
    <rtept lat="41.12434000" lon="-121.777650">
      <ele>1587.0000</ele>
      <time>2010-01-01T02:13:51Z</time>
    </rtept>
    <rtept lat="41.12447000" lon="-121.777490">
      <ele>1587.0000</ele>
      <time>2010-01-01T02:13:58Z</time>
    </rtept>
    <rtept lat="41.12452000" lon="-121.777330">
      <ele>1591.0000</ele>
      <time>2010-01-01T02:14:03Z</time>
    </rtept>
    <rtept lat="41.12466000" lon="-121.777110">
      <ele>1593.0000</ele>
      <time>2010-01-01T02:14:12Z</time>
    </rtept>
    <rtept lat="41.12477000" lon="-121.776990">
      <ele>1593.0000</ele>
      <time>2010-01-01T02:14:18Z</time>
    </rtept>
    <rtept lat="41.12491000" lon="-121.776960">
      <ele>1590.0000</ele>
      <time>2010-01-01T02:14:23Z</time>
    </rtept>
    <rtept lat="41.12520000" lon="-121.776800">
      <ele>1587.0000</ele>
      <time>2010-01-01T02:14:36Z</time>
    </rtept>
    <rtept lat="41.12535000" lon="-121.776750">
      <ele>1585.0000</ele>
      <time>2010-01-01T02:14:42Z</time>
    </rtept>
    <rtept lat="41.12545000" lon="-121.776560">
      <ele>1587.0000</ele>
      <time>2010-01-01T02:14:49Z</time>
    </rtept>
    <rtept lat="41.12563000" lon="-121.776280">
      <ele>1592.0000</ele>
      <time>2010-01-01T02:15:00Z</time>
    </rtept>
    <rtept lat="41.12586000" lon="-121.776140">
      <ele>1593.0000</ele>
      <time>2010-01-01T02:15:10Z</time>
    </rtept>
    <rtept lat="41.12597000" lon="-121.775920">
      <ele>1594.0000</ele>
      <time>2010-01-01T02:15:18Z</time>
    </rtept>
    <rtept lat="41.12608000" lon="-121.775320">
      <ele>1594.0000</ele>
      <time>2010-01-01T02:15:37Z</time>
    </rtept>
    <rtept lat="41.12610000" lon="-121.775150">
      <ele>1594.0000</ele>
      <time>2010-01-01T02:15:42Z</time>
    </rtept>
    <rtept lat="41.12610000" lon="-121.775090">
      <ele>1594.0000</ele>
      <time>2010-01-01T02:15:44Z</time>
    </rtept>
    <rtept lat="41.12607000" lon="-121.774480">
      <ele>1594.0000</ele>
      <time>2010-01-01T02:16:02Z</time>
    </rtept>
    <rtept lat="41.12607000" lon="-121.774080">
      <ele>1597.0000</ele>
      <time>2010-01-01T02:16:14Z</time>
    </rtept>
    <rtept lat="41.12608000" lon="-121.773520">
      <ele>1599.0000</ele>
      <time>2010-01-01T02:16:31Z</time>
    </rtept>
    <rtept lat="41.12620000" lon="-121.773150">
      <ele>1602.0000</ele>
      <time>2010-01-01T02:16:43Z</time>
    </rtept>
    <rtept lat="41.12624000" lon="-121.772950">
      <ele>1604.0000</ele>
      <time>2010-01-01T02:16:50Z</time>
    </rtept>
    <rtept lat="41.12639000" lon="-121.772770">
      <ele>1607.0000</ele>
      <time>2010-01-01T02:16:58Z</time>
    </rtept>
    <rtept lat="41.12652000" lon="-121.772650">
      <ele>1610.0000</ele>
      <time>2010-01-01T02:17:04Z</time>
    </rtept>
    <rtept lat="41.12680000" lon="-121.772640">
      <ele>1612.0000</ele>
      <time>2010-01-01T02:17:15Z</time>
    </rtept>
    <rtept lat="41.12716000" lon="-121.772710">
      <ele>1613.0000</ele>
      <time>2010-01-01T02:17:30Z</time>
    </rtept>
    <rtept lat="41.12755000" lon="-121.772660">
      <ele>1614.0000</ele>
      <time>2010-01-01T02:17:45Z</time>
    </rtept>
    <rtept lat="41.12787000" lon="-121.772730">
      <ele>1617.0000</ele>
      <time>2010-01-01T02:17:58Z</time>
    </rtept>
    <rtept lat="41.12825000" lon="-121.772780">
      <ele>1624.0000</ele>
      <time>2010-01-01T02:18:14Z</time>
    </rtept>
    <rtept lat="41.12849000" lon="-121.772740">
      <ele>1628.0000</ele>
      <time>2010-01-01T02:18:23Z</time>
    </rtept>
    <rtept lat="41.12868000" lon="-121.772800">
      <ele>1630.0000</ele>
      <time>2010-01-01T02:18:31Z</time>
    </rtept>
    <rtept lat="41.12876000" lon="-121.772840">
      <ele>1631.0000</ele>
      <time>2010-01-01T02:18:35Z</time>
    </rtept>
    <rtept lat="41.12891000" lon="-121.772890">
      <ele>1633.0000</ele>
      <time>2010-01-01T02:18:41Z</time>
    </rtept>
    <rtept lat="41.12911000" lon="-121.773050">
      <ele>1634.0000</ele>
      <time>2010-01-01T02:18:50Z</time>
    </rtept>
    <rtept lat="41.12932000" lon="-121.773100">
      <ele>1635.0000</ele>
      <time>2010-01-01T02:18:59Z</time>
    </rtept>
    <rtept lat="41.12960000" lon="-121.773120">
      <ele>1637.0000</ele>
      <time>2010-01-01T02:19:10Z</time>
    </rtept>
    <rtept lat="41.12979000" lon="-121.773140">
      <ele>1637.0000</ele>
      <time>2010-01-01T02:19:18Z</time>
    </rtept>
    <rtept lat="41.12995000" lon="-121.773260">
      <ele>1634.0000</ele>
      <time>2010-01-01T02:19:25Z</time>
    </rtept>
    <rtept lat="41.13009000" lon="-121.773360">
      <ele>1633.0000</ele>
      <time>2010-01-01T02:19:31Z</time>
    </rtept>
    <rtept lat="41.13024000" lon="-121.773470">
      <ele>1632.0000</ele>
      <time>2010-01-01T02:19:38Z</time>
    </rtept>
    <rtept lat="41.13030000" lon="-121.773520">
      <ele>1632.0000</ele>
      <time>2010-01-01T02:19:41Z</time>
    </rtept>
    <rtept lat="41.13046000" lon="-121.773590">
      <ele>1630.0000</ele>
      <time>2010-01-01T02:19:48Z</time>
    </rtept>
    <rtept lat="41.13071000" lon="-121.773630">
      <ele>1627.0000</ele>
      <time>2010-01-01T02:19:58Z</time>
    </rtept>
    <rtept lat="41.13091000" lon="-121.773510">
      <ele>1628.0000</ele>
      <time>2010-01-01T02:20:07Z</time>
    </rtept>
    <rtept lat="41.13110000" lon="-121.773470">
      <ele>1624.0000</ele>
      <time>2010-01-01T02:20:14Z</time>
    </rtept>
    <rtept lat="41.13120000" lon="-121.773230">
      <ele>1625.0000</ele>
      <time>2010-01-01T02:20:23Z</time>
    </rtept>
    <rtept lat="41.13125000" lon="-121.773130">
      <ele>1624.0000</ele>
      <time>2010-01-01T02:20:26Z</time>
    </rtept>
    <rtept lat="41.13139000" lon="-121.773160">
      <ele>1616.0000</ele>
      <time>2010-01-01T02:20:32Z</time>
    </rtept>
    <rtept lat="41.13152000" lon="-121.773140">
      <ele>1611.0000</ele>
      <time>2010-01-01T02:20:37Z</time>
    </rtept>
    <rtept lat="41.13167000" lon="-121.773030">
      <ele>1608.0000</ele>
      <time>2010-01-01T02:20:44Z</time>
    </rtept>
    <rtept lat="41.13179000" lon="-121.772740">
      <ele>1612.0000</ele>
      <time>2010-01-01T02:20:54Z</time>
    </rtept>
    <rtept lat="41.13191000" lon="-121.772570">
      <ele>1611.0000</ele>
      <time>2010-01-01T02:21:01Z</time>
    </rtept>
    <rtept lat="41.13207000" lon="-121.772320">
      <ele>1610.0000</ele>
      <time>2010-01-01T02:21:11Z</time>
    </rtept>
    <rtept lat="41.13222000" lon="-121.772230">
      <ele>1606.0000</ele>
      <time>2010-01-01T02:21:17Z</time>
    </rtept>
    <rtept lat="41.13241000" lon="-121.772200">
      <ele>1605.0000</ele>
      <time>2010-01-01T02:21:25Z</time>
    </rtept>
    <rtept lat="41.13261000" lon="-121.772240">
      <ele>1601.0000</ele>
      <time>2010-01-01T02:21:33Z</time>
    </rtept>
    <rtept lat="41.13273000" lon="-121.772240">
      <ele>1600.0000</ele>
      <time>2010-01-01T02:21:38Z</time>
    </rtept>
    <rtept lat="41.13297000" lon="-121.771960">
      <ele>1600.0000</ele>
      <time>2010-01-01T02:21:51Z</time>
    </rtept>
    <rtept lat="41.13311000" lon="-121.771820">
      <ele>1599.0000</ele>
      <time>2010-01-01T02:21:58Z</time>
    </rtept>
    <rtept lat="41.13331000" lon="-121.771720">
      <ele>1597.0000</ele>
      <time>2010-01-01T02:22:06Z</time>
    </rtept>
    <rtept lat="41.13352000" lon="-121.771700">
      <ele>1598.0000</ele>
      <time>2010-01-01T02:22:15Z</time>
    </rtept>
    <rtept lat="41.13374000" lon="-121.771750">
      <ele>1596.0000</ele>
      <time>2010-01-01T02:22:24Z</time>
    </rtept>
    <rtept lat="41.13379000" lon="-121.771700">
      <ele>1597.0000</ele>
      <time>2010-01-01T02:22:26Z</time>
    </rtept>
    <rtept lat="41.13383000" lon="-121.771570">
      <ele>1600.0000</ele>
      <time>2010-01-01T02:22:30Z</time>
    </rtept>
    <rtept lat="41.13395000" lon="-121.771610">
      <ele>1599.0000</ele>
      <time>2010-01-01T02:22:35Z</time>
    </rtept>
    <rtept lat="41.13415000" lon="-121.771780">
      <ele>1594.0000</ele>
      <time>2010-01-01T02:22:45Z</time>
    </rtept>
    <rtept lat="41.13446000" lon="-121.771830">
      <ele>1591.0000</ele>
      <time>2010-01-01T02:22:57Z</time>
    </rtept>
    <rtept lat="41.13489000" lon="-121.771760">
      <ele>1586.0000</ele>
      <time>2010-01-01T02:23:15Z</time>
    </rtept>
    <rtept lat="41.13524000" lon="-121.771770">
      <ele>1575.0000</ele>
      <time>2010-01-01T02:23:29Z</time>
    </rtept>
    <rtept lat="41.13541000" lon="-121.771730">
      <ele>1571.0000</ele>
      <time>2010-01-01T02:23:36Z</time>
    </rtept>
    <rtept lat="41.13561000" lon="-121.771560">
      <ele>1571.0000</ele>
      <time>2010-01-01T02:23:45Z</time>
    </rtept>
    <rtept lat="41.13569000" lon="-121.771420">
      <ele>1572.0000</ele>
      <time>2010-01-01T02:23:51Z</time>
    </rtept>
    <rtept lat="41.13591000" lon="-121.771210">
      <ele>1570.0000</ele>
      <time>2010-01-01T02:24:01Z</time>
    </rtept>
    <rtept lat="41.13605000" lon="-121.771060">
      <ele>1570.0000</ele>
      <time>2010-01-01T02:24:09Z</time>
    </rtept>
    <rtept lat="41.13611000" lon="-121.771070">
      <ele>1568.0000</ele>
      <time>2010-01-01T02:24:11Z</time>
    </rtept>
    <rtept lat="41.13621000" lon="-121.771070">
      <ele>1568.0000</ele>
      <time>2010-01-01T02:24:15Z</time>
    </rtept>
    <rtept lat="41.13635000" lon="-121.771160">
      <ele>1567.0000</ele>
      <time>2010-01-01T02:24:21Z</time>
    </rtept>
    <rtept lat="41.13643000" lon="-121.771170">
      <ele>1566.0000</ele>
      <time>2010-01-01T02:24:24Z</time>
    </rtept>
    <rtept lat="41.13655000" lon="-121.771080">
      <ele>1567.0000</ele>
      <time>2010-01-01T02:24:30Z</time>
    </rtept>
    <rtept lat="41.13668000" lon="-121.771070">
      <ele>1565.0000</ele>
      <time>2010-01-01T02:24:35Z</time>
    </rtept>
    <rtept lat="41.13687000" lon="-121.771090">
      <ele>1561.0000</ele>
      <time>2010-01-01T02:24:43Z</time>
    </rtept>
    <rtept lat="41.13718000" lon="-121.771220">
      <ele>1555.0000</ele>
      <time>2010-01-01T02:24:56Z</time>
    </rtept>
    <rtept lat="41.13740000" lon="-121.771220">
      <ele>1552.0000</ele>
      <time>2010-01-01T02:25:05Z</time>
    </rtept>
    <rtept lat="41.13753000" lon="-121.771310">
      <ele>1550.0000</ele>
      <time>2010-01-01T02:25:10Z</time>
    </rtept>
    <rtept lat="41.13763000" lon="-121.771440">
      <ele>1549.0000</ele>
      <time>2010-01-01T02:25:16Z</time>
    </rtept>
    <rtept lat="41.13779000" lon="-121.771520">
      <ele>1548.0000</ele>
      <time>2010-01-01T02:25:23Z</time>
    </rtept>
    <rtept lat="41.13799000" lon="-121.771800">
      <ele>1544.0000</ele>
      <time>2010-01-01T02:25:35Z</time>
    </rtept>
    <rtept lat="41.13812000" lon="-121.771890">
      <ele>1543.0000</ele>
      <time>2010-01-01T02:25:40Z</time>
    </rtept>
    <rtept lat="41.13822000" lon="-121.771850">
      <ele>1546.0000</ele>
      <time>2010-01-01T02:25:45Z</time>
    </rtept>
    <rtept lat="41.13840000" lon="-121.771690">
      <ele>1550.0000</ele>
      <time>2010-01-01T02:25:53Z</time>
    </rtept>
    <rtept lat="41.13892000" lon="-121.771620">
      <ele>1552.0000</ele>
      <time>2010-01-01T02:26:14Z</time>
    </rtept>
    <rtept lat="41.13913000" lon="-121.771690">
      <ele>1550.0000</ele>
      <time>2010-01-01T02:26:23Z</time>
    </rtept>
    <rtept lat="41.13928000" lon="-121.771750">
      <ele>1547.0000</ele>
      <time>2010-01-01T02:26:29Z</time>
    </rtept>
    <rtept lat="41.13943000" lon="-121.771620">
      <ele>1547.0000</ele>
      <time>2010-01-01T02:26:36Z</time>
    </rtept>
    <rtept lat="41.13964000" lon="-121.771290">
      <ele>1551.0000</ele>
      <time>2010-01-01T02:26:49Z</time>
    </rtept>
    <rtept lat="41.14010000" lon="-121.771010">
      <ele>1548.0000</ele>
      <time>2010-01-01T02:27:10Z</time>
    </rtept>
    <rtept lat="41.14031000" lon="-121.771050">
      <ele>1547.0000</ele>
      <time>2010-01-01T02:27:18Z</time>
    </rtept>
    <rtept lat="41.14062000" lon="-121.771270">
      <ele>1545.0000</ele>
      <time>2010-01-01T02:27:32Z</time>
    </rtept>
    <rtept lat="41.14084000" lon="-121.771430">
      <ele>1543.0000</ele>
      <time>2010-01-01T02:27:42Z</time>
    </rtept>
    <rtept lat="41.14105000" lon="-121.771700">
      <ele>1540.0000</ele>
      <time>2010-01-01T02:27:54Z</time>
    </rtept>
    <rtept lat="41.14128000" lon="-121.771930">
      <ele>1539.0000</ele>
      <time>2010-01-01T02:28:05Z</time>
    </rtept>
    <rtept lat="41.14135000" lon="-121.772070">
      <ele>1538.0000</ele>
      <time>2010-01-01T02:28:10Z</time>
    </rtept>
    <rtept lat="41.14154000" lon="-121.772410">
      <ele>1535.0000</ele>
      <time>2010-01-01T02:28:23Z</time>
    </rtept>
    <rtept lat="41.14165000" lon="-121.772520">
      <ele>1533.0000</ele>
      <time>2010-01-01T02:28:29Z</time>
    </rtept>
    <rtept lat="41.14177000" lon="-121.772690">
      <ele>1531.0000</ele>
      <time>2010-01-01T02:28:36Z</time>
    </rtept>
    <rtept lat="41.14186000" lon="-121.772850">
      <ele>1530.0000</ele>
      <time>2010-01-01T02:28:42Z</time>
    </rtept>
    <rtept lat="41.14196000" lon="-121.773200">
      <ele>1528.0000</ele>
      <time>2010-01-01T02:28:53Z</time>
    </rtept>
    <rtept lat="41.14199000" lon="-121.773480">
      <ele>1527.0000</ele>
      <time>2010-01-01T02:29:02Z</time>
    </rtept>
    <rtept lat="41.14209000" lon="-121.773810">
      <ele>1527.0000</ele>
      <time>2010-01-01T02:29:12Z</time>
    </rtept>
    <rtept lat="41.14214000" lon="-121.773920">
      <ele>1527.0000</ele>
      <time>2010-01-01T02:29:16Z</time>
    </rtept>
    <rtept lat="41.14233000" lon="-121.774330">
      <ele>1522.0000</ele>
      <time>2010-01-01T02:29:31Z</time>
    </rtept>
    <rtept lat="41.14254000" lon="-121.774610">
      <ele>1520.0000</ele>
      <time>2010-01-01T02:29:43Z</time>
    </rtept>
    <rtept lat="41.14295000" lon="-121.775000">
      <ele>1527.0000</ele>
      <time>2010-01-01T02:30:03Z</time>
    </rtept>
    <rtept lat="41.14305000" lon="-121.775280">
      <ele>1524.0000</ele>
      <time>2010-01-01T02:30:12Z</time>
    </rtept>
    <rtept lat="41.14322000" lon="-121.775510">
      <ele>1524.0000</ele>
      <time>2010-01-01T02:30:22Z</time>
    </rtept>
    <rtept lat="41.14345000" lon="-121.775720">
      <ele>1525.0000</ele>
      <time>2010-01-01T02:30:33Z</time>
    </rtept>
    <rtept lat="41.14362000" lon="-121.775850">
      <ele>1524.0000</ele>
      <time>2010-01-01T02:30:41Z</time>
    </rtept>
    <rtept lat="41.14378000" lon="-121.775880">
      <ele>1526.0000</ele>
      <time>2010-01-01T02:30:47Z</time>
    </rtept>
    <rtept lat="41.14401000" lon="-121.775970">
      <ele>1529.0000</ele>
      <time>2010-01-01T02:30:57Z</time>
    </rtept>
    <rtept lat="41.14422000" lon="-121.776210">
      <ele>1530.0000</ele>
      <time>2010-01-01T02:31:08Z</time>
    </rtept>
    <rtept lat="41.14435000" lon="-121.776470">
      <ele>1530.0000</ele>
      <time>2010-01-01T02:31:17Z</time>
    </rtept>
    <rtept lat="41.14448000" lon="-121.776600">
      <ele>1531.0000</ele>
      <time>2010-01-01T02:31:24Z</time>
    </rtept>
    <rtept lat="41.14479000" lon="-121.776690">
      <ele>1535.0000</ele>
      <time>2010-01-01T02:31:37Z</time>
    </rtept>
    <rtept lat="41.14503000" lon="-121.776840">
      <ele>1533.0000</ele>
      <time>2010-01-01T02:31:47Z</time>
    </rtept>
    <rtept lat="41.14573000" lon="-121.776870">
      <ele>1541.0000</ele>
      <time>2010-01-01T02:32:15Z</time>
    </rtept>
    <rtept lat="41.14591000" lon="-121.776810">
      <ele>1549.0000</ele>
      <time>2010-01-01T02:32:23Z</time>
    </rtept>
    <rtept lat="41.14629000" lon="-121.776600">
      <ele>1559.0000</ele>
      <time>2010-01-01T02:32:39Z</time>
    </rtept>
    <rtept lat="41.14650000" lon="-121.776400">
      <ele>1563.0000</ele>
      <time>2010-01-01T02:32:50Z</time>
    </rtept>
    <rtept lat="41.14677000" lon="-121.776140">
      <ele>1570.0000</ele>
      <time>2010-01-01T02:33:03Z</time>
    </rtept>
    <rtept lat="41.14722000" lon="-121.775950">
      <ele>1576.0000</ele>
      <time>2010-01-01T02:33:22Z</time>
    </rtept>
    <rtept lat="41.14742000" lon="-121.775610">
      <ele>1578.0000</ele>
      <time>2010-01-01T02:33:35Z</time>
    </rtept>
    <rtept lat="41.14748000" lon="-121.775340">
      <ele>1581.0000</ele>
      <time>2010-01-01T02:33:43Z</time>
    </rtept>
    <rtept lat="41.14762000" lon="-121.774730">
      <ele>1584.0000</ele>
      <time>2010-01-01T02:34:03Z</time>
    </rtept>
    <rtept lat="41.14768000" lon="-121.774280">
      <ele>1586.0000</ele>
      <time>2010-01-01T02:34:16Z</time>
    </rtept>
    <rtept lat="41.14766000" lon="-121.773870">
      <ele>1587.0000</ele>
      <time>2010-01-01T02:34:29Z</time>
    </rtept>
    <rtept lat="41.14774000" lon="-121.773660">
      <ele>1588.0000</ele>
      <time>2010-01-01T02:34:36Z</time>
    </rtept>
    <rtept lat="41.14791000" lon="-121.773410">
      <ele>1589.0000</ele>
      <time>2010-01-01T02:34:46Z</time>
    </rtept>
    <rtept lat="41.14811000" lon="-121.773260">
      <ele>1589.0000</ele>
      <time>2010-01-01T02:34:55Z</time>
    </rtept>
    <rtept lat="41.14860000" lon="-121.773040">
      <ele>1591.0000</ele>
      <time>2010-01-01T02:35:16Z</time>
    </rtept>
    <rtept lat="41.14874000" lon="-121.773060">
      <ele>1592.0000</ele>
      <time>2010-01-01T02:35:22Z</time>
    </rtept>
    <rtept lat="41.14881000" lon="-121.773170">
      <ele>1593.0000</ele>
      <time>2010-01-01T02:35:26Z</time>
    </rtept>
    <rtept lat="41.14890000" lon="-121.773650">
      <ele>1598.0000</ele>
      <time>2010-01-01T02:35:41Z</time>
    </rtept>
    <rtept lat="41.14890000" lon="-121.773940">
      <ele>1599.0000</ele>
      <time>2010-01-01T02:35:49Z</time>
    </rtept>
    <rtept lat="41.14887000" lon="-121.774470">
      <ele>1598.0000</ele>
      <time>2010-01-01T02:36:06Z</time>
    </rtept>
    <rtept lat="41.14892000" lon="-121.774640">
      <ele>1599.0000</ele>
      <time>2010-01-01T02:36:11Z</time>
    </rtept>
    <rtept lat="41.14899000" lon="-121.774750">
      <ele>1600.0000</ele>
      <time>2010-01-01T02:36:15Z</time>
    </rtept>
    <rtept lat="41.14908000" lon="-121.774710">
      <ele>1601.0000</ele>
      <time>2010-01-01T02:36:19Z</time>
    </rtept>
    <rtept lat="41.14914000" lon="-121.774550">
      <ele>1601.0000</ele>
      <time>2010-01-01T02:36:25Z</time>
    </rtept>
    <rtept lat="41.14926000" lon="-121.774470">
      <ele>1602.0000</ele>
      <time>2010-01-01T02:36:30Z</time>
    </rtept>
    <rtept lat="41.14945000" lon="-121.774430">
      <ele>1604.0000</ele>
      <time>2010-01-01T02:36:38Z</time>
    </rtept>
    <rtept lat="41.14956000" lon="-121.774350">
      <ele>1605.0000</ele>
      <time>2010-01-01T02:36:43Z</time>
    </rtept>
    <rtept lat="41.14970000" lon="-121.774090">
      <ele>1607.0000</ele>
      <time>2010-01-01T02:36:52Z</time>
    </rtept>
    <rtept lat="41.14985000" lon="-121.773920">
      <ele>1609.0000</ele>
      <time>2010-01-01T02:37:00Z</time>
    </rtept>
    <rtept lat="41.15001000" lon="-121.773610">
      <ele>1610.0000</ele>
      <time>2010-01-01T02:37:12Z</time>
    </rtept>
    <rtept lat="41.15013000" lon="-121.773470">
      <ele>1610.0000</ele>
      <time>2010-01-01T02:37:18Z</time>
    </rtept>
    <rtept lat="41.15029000" lon="-121.773390">
      <ele>1612.0000</ele>
      <time>2010-01-01T02:37:25Z</time>
    </rtept>
    <rtept lat="41.15068000" lon="-121.772960">
      <ele>1613.0000</ele>
      <time>2010-01-01T02:37:45Z</time>
    </rtept>
    <rtept lat="41.15109000" lon="-121.772680">
      <ele>1622.0000</ele>
      <time>2010-01-01T02:38:03Z</time>
    </rtept>
    <rtept lat="41.15109000" lon="-121.772690">
      <ele>1622.0000</ele>
      <time>2010-01-01T02:38:04Z</time>
    </rtept>
    <rtept lat="41.15113000" lon="-121.772660">
      <ele>1622.0000</ele>
      <time>2010-01-01T02:38:06Z</time>
    </rtept>
    <rtept lat="41.15127000" lon="-121.772580">
      <ele>1623.0000</ele>
      <time>2010-01-01T02:38:12Z</time>
    </rtept>
    <rtept lat="41.15149000" lon="-121.772740">
      <ele>1627.0000</ele>
      <time>2010-01-01T02:38:22Z</time>
    </rtept>
    <rtept lat="41.15159000" lon="-121.772600">
      <ele>1628.0000</ele>
      <time>2010-01-01T02:38:28Z</time>
    </rtept>
    <rtept lat="41.15173000" lon="-121.772490">
      <ele>1631.0000</ele>
      <time>2010-01-01T02:38:34Z</time>
    </rtept>
    <rtept lat="41.15190000" lon="-121.772390">
      <ele>1634.0000</ele>
      <time>2010-01-01T02:38:42Z</time>
    </rtept>
    <rtept lat="41.15208000" lon="-121.772390">
      <ele>1637.0000</ele>
      <time>2010-01-01T02:38:49Z</time>
    </rtept>
    <rtept lat="41.15222000" lon="-121.772450">
      <ele>1640.0000</ele>
      <time>2010-01-01T02:38:55Z</time>
    </rtept>
    <rtept lat="41.15240000" lon="-121.772580">
      <ele>1641.0000</ele>
      <time>2010-01-01T02:39:03Z</time>
    </rtept>
    <rtept lat="41.15251000" lon="-121.772740">
      <ele>1644.0000</ele>
      <time>2010-01-01T02:39:09Z</time>
    </rtept>
    <rtept lat="41.15272000" lon="-121.773270">
      <ele>1655.0000</ele>
      <time>2010-01-01T02:39:27Z</time>
    </rtept>
    <rtept lat="41.15282000" lon="-121.773460">
      <ele>1659.0000</ele>
      <time>2010-01-01T02:39:34Z</time>
    </rtept>
    <rtept lat="41.15294000" lon="-121.773680">
      <ele>1662.0000</ele>
      <time>2010-01-01T02:39:43Z</time>
    </rtept>
    <rtept lat="41.15313000" lon="-121.773950">
      <ele>1662.0000</ele>
      <time>2010-01-01T02:39:54Z</time>
    </rtept>
    <rtept lat="41.15336000" lon="-121.774080">
      <ele>1659.0000</ele>
      <time>2010-01-01T02:40:04Z</time>
    </rtept>
    <rtept lat="41.15367000" lon="-121.774180">
      <ele>1652.0000</ele>
      <time>2010-01-01T02:40:17Z</time>
    </rtept>
    <rtept lat="41.15379000" lon="-121.774240">
      <ele>1649.0000</ele>
      <time>2010-01-01T02:40:22Z</time>
    </rtept>
    <rtept lat="41.15426000" lon="-121.774250">
      <ele>1643.0000</ele>
      <time>2010-01-01T02:40:40Z</time>
    </rtept>
    <rtept lat="41.15436000" lon="-121.774210">
      <ele>1642.0000</ele>
      <time>2010-01-01T02:40:45Z</time>
    </rtept>
    <rtept lat="41.15449000" lon="-121.774080">
      <ele>1641.0000</ele>
      <time>2010-01-01T02:40:51Z</time>
    </rtept>
    <rtept lat="41.15463000" lon="-121.774010">
      <ele>1638.0000</ele>
      <time>2010-01-01T02:40:57Z</time>
    </rtept>
    <rtept lat="41.15480000" lon="-121.774050">
      <ele>1637.0000</ele>
      <time>2010-01-01T02:41:04Z</time>
    </rtept>
    <rtept lat="41.15490000" lon="-121.773980">
      <ele>1637.0000</ele>
      <time>2010-01-01T02:41:09Z</time>
    </rtept>
    <rtept lat="41.15507000" lon="-121.774020">
      <ele>1637.0000</ele>
      <time>2010-01-01T02:41:15Z</time>
    </rtept>
    <rtept lat="41.15533000" lon="-121.773990">
      <ele>1639.0000</ele>
      <time>2010-01-01T02:41:26Z</time>
    </rtept>
    <rtept lat="41.15556000" lon="-121.774160">
      <ele>1638.0000</ele>
      <time>2010-01-01T02:41:36Z</time>
    </rtept>
    <rtept lat="41.15570000" lon="-121.774140">
      <ele>1637.0000</ele>
      <time>2010-01-01T02:41:42Z</time>
    </rtept>
    <rtept lat="41.15578000" lon="-121.774030">
      <ele>1637.0000</ele>
      <time>2010-01-01T02:41:47Z</time>
    </rtept>
    <rtept lat="41.15603000" lon="-121.774160">
      <ele>1631.0000</ele>
      <time>2010-01-01T02:41:57Z</time>
    </rtept>
    <rtept lat="41.15618000" lon="-121.774150">
      <ele>1628.0000</ele>
      <time>2010-01-01T02:42:03Z</time>
    </rtept>
    <rtept lat="41.15632000" lon="-121.774080">
      <ele>1627.0000</ele>
      <time>2010-01-01T02:42:09Z</time>
    </rtept>
    <rtept lat="41.15642000" lon="-121.774020">
      <ele>1627.0000</ele>
      <time>2010-01-01T02:42:14Z</time>
    </rtept>
    <rtept lat="41.15652000" lon="-121.773990">
      <ele>1627.0000</ele>
      <time>2010-01-01T02:42:18Z</time>
    </rtept>
    <rtept lat="41.15663000" lon="-121.773990">
      <ele>1627.0000</ele>
      <time>2010-01-01T02:42:22Z</time>
    </rtept>
    <rtept lat="41.15705000" lon="-121.774290">
      <ele>1617.0000</ele>
      <time>2010-01-01T02:42:41Z</time>
    </rtept>
    <rtept lat="41.15736000" lon="-121.774360">
      <ele>1617.0000</ele>
      <time>2010-01-01T02:42:54Z</time>
    </rtept>
    <rtept lat="41.15752000" lon="-121.774470">
      <ele>1616.0000</ele>
      <time>2010-01-01T02:43:01Z</time>
    </rtept>
    <rtept lat="41.15772000" lon="-121.774740">
      <ele>1617.0000</ele>
      <time>2010-01-01T02:43:13Z</time>
    </rtept>
    <rtept lat="41.15784000" lon="-121.774910">
      <ele>1617.0000</ele>
      <time>2010-01-01T02:43:20Z</time>
    </rtept>
    <rtept lat="41.15792000" lon="-121.775230">
      <ele>1616.0000</ele>
      <time>2010-01-01T02:43:30Z</time>
    </rtept>
    <rtept lat="41.15800000" lon="-121.775370">
      <ele>1616.0000</ele>
      <time>2010-01-01T02:43:35Z</time>
    </rtept>
    <rtept lat="41.15802000" lon="-121.775490">
      <ele>1615.0000</ele>
      <time>2010-01-01T02:43:39Z</time>
    </rtept>
    <rtept lat="41.15799000" lon="-121.775630">
      <ele>1613.0000</ele>
      <time>2010-01-01T02:43:43Z</time>
    </rtept>
    <rtept lat="41.15803000" lon="-121.775800">
      <ele>1612.0000</ele>
      <time>2010-01-01T02:43:49Z</time>
    </rtept>
    <rtept lat="41.15809000" lon="-121.775920">
      <ele>1612.0000</ele>
      <time>2010-01-01T02:43:53Z</time>
    </rtept>
    <rtept lat="41.15829000" lon="-121.776190">
      <ele>1611.0000</ele>
      <time>2010-01-01T02:44:04Z</time>
    </rtept>
    <rtept lat="41.15839000" lon="-121.776260">
      <ele>1612.0000</ele>
      <time>2010-01-01T02:44:09Z</time>
    </rtept>
    <rtept lat="41.15886000" lon="-121.776420">
      <ele>1614.0000</ele>
      <time>2010-01-01T02:44:28Z</time>
    </rtept>
    <rtept lat="41.15911000" lon="-121.776650">
      <ele>1612.0000</ele>
      <time>2010-01-01T02:44:40Z</time>
    </rtept>
    <rtept lat="41.15925000" lon="-121.776820">
      <ele>1610.0000</ele>
      <time>2010-01-01T02:44:48Z</time>
    </rtept>
    <rtept lat="41.15936000" lon="-121.777140">
      <ele>1607.0000</ele>
      <time>2010-01-01T02:44:59Z</time>
    </rtept>
    <rtept lat="41.15949000" lon="-121.777340">
      <ele>1603.0000</ele>
      <time>2010-01-01T02:45:07Z</time>
    </rtept>
    <rtept lat="41.15961000" lon="-121.777420">
      <ele>1602.0000</ele>
      <time>2010-01-01T02:45:12Z</time>
    </rtept>
    <rtept lat="41.15975000" lon="-121.777570">
      <ele>1602.0000</ele>
      <time>2010-01-01T02:45:19Z</time>
    </rtept>
    <rtept lat="41.15974000" lon="-121.777860">
      <ele>1599.0000</ele>
      <time>2010-01-01T02:45:28Z</time>
    </rtept>
    <rtept lat="41.15974000" lon="-121.778090">
      <ele>1595.0000</ele>
      <time>2010-01-01T02:45:35Z</time>
    </rtept>
    <rtept lat="41.15977000" lon="-121.778290">
      <ele>1593.0000</ele>
      <time>2010-01-01T02:45:41Z</time>
    </rtept>
    <rtept lat="41.15986000" lon="-121.778530">
      <ele>1594.0000</ele>
      <time>2010-01-01T02:45:49Z</time>
    </rtept>
    <rtept lat="41.16021000" lon="-121.778810">
      <ele>1604.0000</ele>
      <time>2010-01-01T02:46:05Z</time>
    </rtept>
    <rtept lat="41.16075000" lon="-121.778760">
      <ele>1614.0000</ele>
      <time>2010-01-01T02:46:27Z</time>
    </rtept>
    <rtept lat="41.16100000" lon="-121.778830">
      <ele>1615.0000</ele>
      <time>2010-01-01T02:46:37Z</time>
    </rtept>
    <rtept lat="41.16173000" lon="-121.778780">
      <ele>1619.0000</ele>
      <time>2010-01-01T02:47:07Z</time>
    </rtept>
    <rtept lat="41.16197000" lon="-121.778960">
      <ele>1617.0000</ele>
      <time>2010-01-01T02:47:18Z</time>
    </rtept>
    <rtept lat="41.16217000" lon="-121.779190">
      <ele>1616.0000</ele>
      <time>2010-01-01T02:47:28Z</time>
    </rtept>
    <rtept lat="41.16245000" lon="-121.779360">
      <ele>1617.0000</ele>
      <time>2010-01-01T02:47:41Z</time>
    </rtept>
    <rtept lat="41.16255000" lon="-121.779490">
      <ele>1616.0000</ele>
      <time>2010-01-01T02:47:46Z</time>
    </rtept>
    <rtept lat="41.16259000" lon="-121.779650">
      <ele>1613.0000</ele>
      <time>2010-01-01T02:47:51Z</time>
    </rtept>
    <rtept lat="41.16257000" lon="-121.779710">
      <ele>1612.0000</ele>
      <time>2010-01-01T02:47:53Z</time>
    </rtept>
    <rtept lat="41.16255000" lon="-121.779760">
      <ele>1610.0000</ele>
      <time>2010-01-01T02:47:55Z</time>
    </rtept>
    <rtept lat="41.16256000" lon="-121.779820">
      <ele>1608.0000</ele>
      <time>2010-01-01T02:47:57Z</time>
    </rtept>
    <rtept lat="41.16259000" lon="-121.779830">
      <ele>1608.0000</ele>
      <time>2010-01-01T02:47:58Z</time>
    </rtept>
    <rtept lat="41.16272000" lon="-121.779970">
      <ele>1607.0000</ele>
      <time>2010-01-01T02:48:05Z</time>
    </rtept>
    <rtept lat="41.16280000" lon="-121.780100">
      <ele>1605.0000</ele>
      <time>2010-01-01T02:48:10Z</time>
    </rtept>
    <rtept lat="41.16286000" lon="-121.780220">
      <ele>1604.0000</ele>
      <time>2010-01-01T02:48:14Z</time>
    </rtept>
    <rtept lat="41.16290000" lon="-121.780250">
      <ele>1604.0000</ele>
      <time>2010-01-01T02:48:16Z</time>
    </rtept>
    <rtept lat="41.16297000" lon="-121.780320">
      <ele>1605.0000</ele>
      <time>2010-01-01T02:48:19Z</time>
    </rtept>
    <rtept lat="41.16306000" lon="-121.780350">
      <ele>1607.0000</ele>
      <time>2010-01-01T02:48:23Z</time>
    </rtept>
    <rtept lat="41.16315000" lon="-121.780350">
      <ele>1605.0000</ele>
      <time>2010-01-01T02:48:27Z</time>
    </rtept>
    <rtept lat="41.16324000" lon="-121.780270">
      <ele>1605.0000</ele>
      <time>2010-01-01T02:48:31Z</time>
    </rtept>
    <rtept lat="41.16333000" lon="-121.780230">
      <ele>1604.0000</ele>
      <time>2010-01-01T02:48:35Z</time>
    </rtept>
    <rtept lat="41.16343000" lon="-121.780210">
      <ele>1602.0000</ele>
      <time>2010-01-01T02:48:39Z</time>
    </rtept>
    <rtept lat="41.16360000" lon="-121.780120">
      <ele>1602.0000</ele>
      <time>2010-01-01T02:48:46Z</time>
    </rtept>
    <rtept lat="41.16375000" lon="-121.779970">
      <ele>1606.0000</ele>
      <time>2010-01-01T02:48:54Z</time>
    </rtept>
    <rtept lat="41.16419000" lon="-121.780140">
      <ele>1609.0000</ele>
      <time>2010-01-01T02:49:12Z</time>
    </rtept>
    <rtept lat="41.16423000" lon="-121.780210">
      <ele>1608.0000</ele>
      <time>2010-01-01T02:49:15Z</time>
    </rtept>
    <rtept lat="41.16428000" lon="-121.780230">
      <ele>1608.0000</ele>
      <time>2010-01-01T02:49:17Z</time>
    </rtept>
    <rtept lat="41.16444000" lon="-121.780210">
      <ele>1608.0000</ele>
      <time>2010-01-01T02:49:23Z</time>
    </rtept>
    <rtept lat="41.16444000" lon="-121.780200">
      <ele>1608.0000</ele>
      <time>2010-01-01T02:49:24Z</time>
    </rtept>
    <rtept lat="41.16497000" lon="-121.780120">
      <ele>1616.0000</ele>
      <time>2010-01-01T02:49:45Z</time>
    </rtept>
    <rtept lat="41.16509000" lon="-121.780080">
      <ele>1617.0000</ele>
      <time>2010-01-01T02:49:50Z</time>
    </rtept>
    <rtept lat="41.16515000" lon="-121.779930">
      <ele>1620.0000</ele>
      <time>2010-01-01T02:49:55Z</time>
    </rtept>
    <rtept lat="41.16545000" lon="-121.779630">
      <ele>1621.0000</ele>
      <time>2010-01-01T02:50:10Z</time>
    </rtept>
    <rtept lat="41.16556000" lon="-121.779600">
      <ele>1621.0000</ele>
      <time>2010-01-01T02:50:15Z</time>
    </rtept>
    <rtept lat="41.16599000" lon="-121.779490">
      <ele>1623.0000</ele>
      <time>2010-01-01T02:50:32Z</time>
    </rtept>
    <rtept lat="41.16616000" lon="-121.779520">
      <ele>1625.0000</ele>
      <time>2010-01-01T02:50:39Z</time>
    </rtept>
    <rtept lat="41.16631000" lon="-121.779650">
      <ele>1625.0000</ele>
      <time>2010-01-01T02:50:46Z</time>
    </rtept>
    <rtept lat="41.16644000" lon="-121.779860">
      <ele>1623.0000</ele>
      <time>2010-01-01T02:50:54Z</time>
    </rtept>
    <rtept lat="41.16663000" lon="-121.780090">
      <ele>1624.0000</ele>
      <time>2010-01-01T02:51:05Z</time>
    </rtept>
    <rtept lat="41.16674000" lon="-121.780340">
      <ele>1618.0000</ele>
      <time>2010-01-01T02:51:13Z</time>
    </rtept>
    <rtept lat="41.16704000" lon="-121.780750">
      <ele>1612.0000</ele>
      <time>2010-01-01T02:51:31Z</time>
    </rtept>
    <rtept lat="41.16713000" lon="-121.780760">
      <ele>1617.0000</ele>
      <time>2010-01-01T02:51:34Z</time>
    </rtept>
    <rtept lat="41.16732000" lon="-121.780860">
      <ele>1625.0000</ele>
      <time>2010-01-01T02:51:42Z</time>
    </rtept>
    <rtept lat="41.16735000" lon="-121.780980">
      <ele>1623.0000</ele>
      <time>2010-01-01T02:51:46Z</time>
    </rtept>
    <rtept lat="41.16736000" lon="-121.781090">
      <ele>1621.0000</ele>
      <time>2010-01-01T02:51:50Z</time>
    </rtept>
    <rtept lat="41.16742000" lon="-121.781190">
      <ele>1623.0000</ele>
      <time>2010-01-01T02:51:53Z</time>
    </rtept>
    <rtept lat="41.16745000" lon="-121.781230">
      <ele>1624.0000</ele>
      <time>2010-01-01T02:51:55Z</time>
    </rtept>
    <rtept lat="41.16742000" lon="-121.781380">
      <ele>1620.0000</ele>
      <time>2010-01-01T02:52:00Z</time>
    </rtept>
    <rtept lat="41.16743000" lon="-121.781470">
      <ele>1618.0000</ele>
      <time>2010-01-01T02:52:03Z</time>
    </rtept>
    <rtept lat="41.16746000" lon="-121.781490">
      <ele>1620.0000</ele>
      <time>2010-01-01T02:52:04Z</time>
    </rtept>
    <rtept lat="41.16747000" lon="-121.781640">
      <ele>1617.0000</ele>
      <time>2010-01-01T02:52:08Z</time>
    </rtept>
    <rtept lat="41.16755000" lon="-121.781850">
      <ele>1613.0000</ele>
      <time>2010-01-01T02:52:15Z</time>
    </rtept>
    <rtept lat="41.16767000" lon="-121.781970">
      <ele>1614.0000</ele>
      <time>2010-01-01T02:52:22Z</time>
    </rtept>
    <rtept lat="41.16776000" lon="-121.782080">
      <ele>1615.0000</ele>
      <time>2010-01-01T02:52:26Z</time>
    </rtept>
    <rtept lat="41.16782000" lon="-121.782360">
      <ele>1608.0000</ele>
      <time>2010-01-01T02:52:35Z</time>
    </rtept>
    <rtept lat="41.16786000" lon="-121.782410">
      <ele>1607.0000</ele>
      <time>2010-01-01T02:52:37Z</time>
    </rtept>
    <rtept lat="41.16813000" lon="-121.782360">
      <ele>1616.0000</ele>
      <time>2010-01-01T02:52:48Z</time>
    </rtept>
    <rtept lat="41.16823000" lon="-121.782370">
      <ele>1617.0000</ele>
      <time>2010-01-01T02:52:52Z</time>
    </rtept>
    <rtept lat="41.16836000" lon="-121.782420">
      <ele>1617.0000</ele>
      <time>2010-01-01T02:52:58Z</time>
    </rtept>
    <rtept lat="41.16849000" lon="-121.782410">
      <ele>1621.0000</ele>
      <time>2010-01-01T02:53:03Z</time>
    </rtept>
    <rtept lat="41.16867000" lon="-121.782320">
      <ele>1628.0000</ele>
      <time>2010-01-01T02:53:11Z</time>
    </rtept>
    <rtept lat="41.16876000" lon="-121.782320">
      <ele>1630.0000</ele>
      <time>2010-01-01T02:53:14Z</time>
    </rtept>
    <rtept lat="41.16883000" lon="-121.782380">
      <ele>1629.0000</ele>
      <time>2010-01-01T02:53:18Z</time>
    </rtept>
    <rtept lat="41.16887000" lon="-121.782480">
      <ele>1628.0000</ele>
      <time>2010-01-01T02:53:21Z</time>
    </rtept>
    <rtept lat="41.16898000" lon="-121.782590">
      <ele>1628.0000</ele>
      <time>2010-01-01T02:53:26Z</time>
    </rtept>
    <rtept lat="41.16914000" lon="-121.782670">
      <ele>1632.0000</ele>
      <time>2010-01-01T02:53:33Z</time>
    </rtept>
    <rtept lat="41.16920000" lon="-121.782730">
      <ele>1632.0000</ele>
      <time>2010-01-01T02:53:36Z</time>
    </rtept>
    <rtept lat="41.16922000" lon="-121.782830">
      <ele>1632.0000</ele>
      <time>2010-01-01T02:53:39Z</time>
    </rtept>
    <rtept lat="41.16906000" lon="-121.783080">
      <ele>1625.0000</ele>
      <time>2010-01-01T02:53:49Z</time>
    </rtept>
    <rtept lat="41.16909000" lon="-121.783290">
      <ele>1628.0000</ele>
      <time>2010-01-01T02:53:56Z</time>
    </rtept>
    <rtept lat="41.16907000" lon="-121.783440">
      <ele>1628.0000</ele>
      <time>2010-01-01T02:54:00Z</time>
    </rtept>
    <rtept lat="41.16916000" lon="-121.783620">
      <ele>1630.0000</ele>
      <time>2010-01-01T02:54:07Z</time>
    </rtept>
    <rtept lat="41.16919000" lon="-121.783700">
      <ele>1631.0000</ele>
      <time>2010-01-01T02:54:10Z</time>
    </rtept>
    <rtept lat="41.16913000" lon="-121.783810">
      <ele>1628.0000</ele>
      <time>2010-01-01T02:54:14Z</time>
    </rtept>
    <rtept lat="41.16898000" lon="-121.783930">
      <ele>1622.0000</ele>
      <time>2010-01-01T02:54:21Z</time>
    </rtept>
    <rtept lat="41.16889000" lon="-121.784060">
      <ele>1618.0000</ele>
      <time>2010-01-01T02:54:26Z</time>
    </rtept>
    <rtept lat="41.16886000" lon="-121.784140">
      <ele>1616.0000</ele>
      <time>2010-01-01T02:54:29Z</time>
    </rtept>
    <rtept lat="41.16888000" lon="-121.784200">
      <ele>1616.0000</ele>
      <time>2010-01-01T02:54:31Z</time>
    </rtept>
    <rtept lat="41.16903000" lon="-121.784280">
      <ele>1620.0000</ele>
      <time>2010-01-01T02:54:37Z</time>
    </rtept>
    <rtept lat="41.16908000" lon="-121.784400">
      <ele>1619.0000</ele>
      <time>2010-01-01T02:54:41Z</time>
    </rtept>
    <rtept lat="41.16908000" lon="-121.784520">
      <ele>1617.0000</ele>
      <time>2010-01-01T02:54:45Z</time>
    </rtept>
    <rtept lat="41.16907000" lon="-121.784720">
      <ele>1613.0000</ele>
      <time>2010-01-01T02:54:51Z</time>
    </rtept>
    <rtept lat="41.16905000" lon="-121.784820">
      <ele>1611.0000</ele>
      <time>2010-01-01T02:54:54Z</time>
    </rtept>
    <rtept lat="41.16901000" lon="-121.784980">
      <ele>1607.0000</ele>
      <time>2010-01-01T02:54:59Z</time>
    </rtept>
    <rtept lat="41.16898000" lon="-121.785150">
      <ele>1604.0000</ele>
      <time>2010-01-01T02:55:04Z</time>
    </rtept>
    <rtept lat="41.16902000" lon="-121.785260">
      <ele>1603.0000</ele>
      <time>2010-01-01T02:55:08Z</time>
    </rtept>
    <rtept lat="41.16906000" lon="-121.785350">
      <ele>1602.0000</ele>
      <time>2010-01-01T02:55:11Z</time>
    </rtept>
    <rtept lat="41.16923000" lon="-121.785500">
      <ele>1602.0000</ele>
      <time>2010-01-01T02:55:19Z</time>
    </rtept>
    <rtept lat="41.16935000" lon="-121.785500">
      <ele>1604.0000</ele>
      <time>2010-01-01T02:55:24Z</time>
    </rtept>
    <rtept lat="41.16942000" lon="-121.785380">
      <ele>1607.0000</ele>
      <time>2010-01-01T02:55:29Z</time>
    </rtept>
    <rtept lat="41.16951000" lon="-121.785280">
      <ele>1610.0000</ele>
      <time>2010-01-01T02:55:33Z</time>
    </rtept>
    <rtept lat="41.16969000" lon="-121.785240">
      <ele>1614.0000</ele>
      <time>2010-01-01T02:55:41Z</time>
    </rtept>
    <rtept lat="41.16981000" lon="-121.785250">
      <ele>1615.0000</ele>
      <time>2010-01-01T02:55:46Z</time>
    </rtept>
    <rtept lat="41.17009000" lon="-121.785240">
      <ele>1617.0000</ele>
      <time>2010-01-01T02:55:57Z</time>
    </rtept>
    <rtept lat="41.17016000" lon="-121.785240">
      <ele>1618.0000</ele>
      <time>2010-01-01T02:56:00Z</time>
    </rtept>
    <rtept lat="41.17025000" lon="-121.785320">
      <ele>1617.0000</ele>
      <time>2010-01-01T02:56:04Z</time>
    </rtept>
    <rtept lat="41.17037000" lon="-121.785560">
      <ele>1614.0000</ele>
      <time>2010-01-01T02:56:13Z</time>
    </rtept>
    <rtept lat="41.17047000" lon="-121.785890">
      <ele>1610.0000</ele>
      <time>2010-01-01T02:56:23Z</time>
    </rtept>
    <rtept lat="41.17049000" lon="-121.786070">
      <ele>1609.0000</ele>
      <time>2010-01-01T02:56:29Z</time>
    </rtept>
    <rtept lat="41.17044000" lon="-121.786390">
      <ele>1607.0000</ele>
      <time>2010-01-01T02:56:39Z</time>
    </rtept>
    <rtept lat="41.17046000" lon="-121.786560">
      <ele>1609.0000</ele>
      <time>2010-01-01T02:56:44Z</time>
    </rtept>
    <rtept lat="41.17042000" lon="-121.786700">
      <ele>1610.0000</ele>
      <time>2010-01-01T02:56:48Z</time>
    </rtept>
    <rtept lat="41.17031000" lon="-121.786760">
      <ele>1608.0000</ele>
      <time>2010-01-01T02:56:53Z</time>
    </rtept>
    <rtept lat="41.17021000" lon="-121.786770">
      <ele>1605.0000</ele>
      <time>2010-01-01T02:56:57Z</time>
    </rtept>
    <rtept lat="41.17008000" lon="-121.786780">
      <ele>1602.0000</ele>
      <time>2010-01-01T02:57:02Z</time>
    </rtept>
    <rtept lat="41.17000000" lon="-121.786880">
      <ele>1600.0000</ele>
      <time>2010-01-01T02:57:07Z</time>
    </rtept>
    <rtept lat="41.16998000" lon="-121.787050">
      <ele>1600.0000</ele>
      <time>2010-01-01T02:57:12Z</time>
    </rtept>
    <rtept lat="41.17000000" lon="-121.787210">
      <ele>1600.0000</ele>
      <time>2010-01-01T02:57:17Z</time>
    </rtept>
    <rtept lat="41.16997000" lon="-121.787380">
      <ele>1599.0000</ele>
      <time>2010-01-01T02:57:22Z</time>
    </rtept>
    <rtept lat="41.16991000" lon="-121.787530">
      <ele>1597.0000</ele>
      <time>2010-01-01T02:57:27Z</time>
    </rtept>
    <rtept lat="41.16991000" lon="-121.787740">
      <ele>1595.0000</ele>
      <time>2010-01-01T02:57:34Z</time>
    </rtept>
    <rtept lat="41.16987000" lon="-121.787920">
      <ele>1592.0000</ele>
      <time>2010-01-01T02:57:39Z</time>
    </rtept>
    <rtept lat="41.16980000" lon="-121.788000">
      <ele>1589.0000</ele>
      <time>2010-01-01T02:57:43Z</time>
    </rtept>
    <rtept lat="41.16975000" lon="-121.788090">
      <ele>1587.0000</ele>
      <time>2010-01-01T02:57:46Z</time>
    </rtept>
    <rtept lat="41.16974000" lon="-121.788260">
      <ele>1585.0000</ele>
      <time>2010-01-01T02:57:51Z</time>
    </rtept>
    <rtept lat="41.16981000" lon="-121.788380">
      <ele>1585.0000</ele>
      <time>2010-01-01T02:57:56Z</time>
    </rtept>
    <rtept lat="41.16989000" lon="-121.788560">
      <ele>1585.0000</ele>
      <time>2010-01-01T02:58:02Z</time>
    </rtept>
    <rtept lat="41.16991000" lon="-121.788690">
      <ele>1583.0000</ele>
      <time>2010-01-01T02:58:06Z</time>
    </rtept>
    <rtept lat="41.17000000" lon="-121.788800">
      <ele>1583.0000</ele>
      <time>2010-01-01T02:58:11Z</time>
    </rtept>
    <rtept lat="41.17020000" lon="-121.789110">
      <ele>1581.0000</ele>
      <time>2010-01-01T02:58:23Z</time>
    </rtept>
    <rtept lat="41.17026000" lon="-121.789240">
      <ele>1581.0000</ele>
      <time>2010-01-01T02:58:28Z</time>
    </rtept>
    <rtept lat="41.17031000" lon="-121.789400">
      <ele>1580.0000</ele>
      <time>2010-01-01T02:58:33Z</time>
    </rtept>
    <rtept lat="41.17043000" lon="-121.789500">
      <ele>1580.0000</ele>
      <time>2010-01-01T02:58:39Z</time>
    </rtept>
    <rtept lat="41.17052000" lon="-121.789500">
      <ele>1580.0000</ele>
      <time>2010-01-01T02:58:43Z</time>
    </rtept>
    <rtept lat="41.17067000" lon="-121.789480">
      <ele>1582.0000</ele>
      <time>2010-01-01T02:58:49Z</time>
    </rtept>
    <rtept lat="41.17077000" lon="-121.789450">
      <ele>1583.0000</ele>
      <time>2010-01-01T02:58:53Z</time>
    </rtept>
    <rtept lat="41.17087000" lon="-121.789470">
      <ele>1585.0000</ele>
      <time>2010-01-01T02:58:57Z</time>
    </rtept>
    <rtept lat="41.17091000" lon="-121.789740">
      <ele>1587.0000</ele>
      <time>2010-01-01T02:59:05Z</time>
    </rtept>
    <rtept lat="41.17095000" lon="-121.789890">
      <ele>1587.0000</ele>
      <time>2010-01-01T02:59:10Z</time>
    </rtept>
    <rtept lat="41.17095000" lon="-121.789990">
      <ele>1587.0000</ele>
      <time>2010-01-01T02:59:13Z</time>
    </rtept>
    <rtept lat="41.17089000" lon="-121.790030">
      <ele>1585.0000</ele>
      <time>2010-01-01T02:59:16Z</time>
    </rtept>
    <rtept lat="41.17081000" lon="-121.790180">
      <ele>1582.0000</ele>
      <time>2010-01-01T02:59:21Z</time>
    </rtept>
    <rtept lat="41.17070000" lon="-121.790220">
      <ele>1579.0000</ele>
      <time>2010-01-01T02:59:26Z</time>
    </rtept>
    <rtept lat="41.17052000" lon="-121.790210">
      <ele>1575.0000</ele>
      <time>2010-01-01T02:59:33Z</time>
    </rtept>
    <rtept lat="41.17044000" lon="-121.790220">
      <ele>1573.0000</ele>
      <time>2010-01-01T02:59:36Z</time>
    </rtept>
    <rtept lat="41.17041000" lon="-121.790310">
      <ele>1571.0000</ele>
      <time>2010-01-01T02:59:39Z</time>
    </rtept>
    <rtept lat="41.17040000" lon="-121.790780">
      <ele>1563.0000</ele>
      <time>2010-01-01T02:59:53Z</time>
    </rtept>
    <rtept lat="41.17046000" lon="-121.790900">
      <ele>1562.0000</ele>
      <time>2010-01-01T02:59:58Z</time>
    </rtept>
    <rtept lat="41.17055000" lon="-121.791000">
      <ele>1563.0000</ele>
      <time>2010-01-01T03:00:02Z</time>
    </rtept>
    <rtept lat="41.17060000" lon="-121.791130">
      <ele>1564.0000</ele>
      <time>2010-01-01T03:00:07Z</time>
    </rtept>
    <rtept lat="41.17075000" lon="-121.791260">
      <ele>1570.0000</ele>
      <time>2010-01-01T03:00:14Z</time>
    </rtept>
    <rtept lat="41.17078000" lon="-121.791340">
      <ele>1571.0000</ele>
      <time>2010-01-01T03:00:16Z</time>
    </rtept>
    <rtept lat="41.17078000" lon="-121.791640">
      <ele>1567.0000</ele>
      <time>2010-01-01T03:00:26Z</time>
    </rtept>
    <rtept lat="41.17082000" lon="-121.791730">
      <ele>1568.0000</ele>
      <time>2010-01-01T03:00:29Z</time>
    </rtept>
    <rtept lat="41.17095000" lon="-121.791900">
      <ele>1569.0000</ele>
      <time>2010-01-01T03:00:36Z</time>
    </rtept>
    <rtept lat="41.17102000" lon="-121.791950">
      <ele>1569.0000</ele>
      <time>2010-01-01T03:00:39Z</time>
    </rtept>
    <rtept lat="41.17104000" lon="-121.792060">
      <ele>1570.0000</ele>
      <time>2010-01-01T03:00:43Z</time>
    </rtept>
    <rtept lat="41.17116000" lon="-121.792210">
      <ele>1570.0000</ele>
      <time>2010-01-01T03:00:49Z</time>
    </rtept>
    <rtept lat="41.17128000" lon="-121.792420">
      <ele>1570.0000</ele>
      <time>2010-01-01T03:00:57Z</time>
    </rtept>
    <rtept lat="41.17136000" lon="-121.792630">
      <ele>1570.0000</ele>
      <time>2010-01-01T03:01:04Z</time>
    </rtept>
    <rtept lat="41.17157000" lon="-121.792920">
      <ele>1570.0000</ele>
      <time>2010-01-01T03:01:16Z</time>
    </rtept>
    <rtept lat="41.17180000" lon="-121.793150">
      <ele>1570.0000</ele>
      <time>2010-01-01T03:01:28Z</time>
    </rtept>
    <rtept lat="41.17185000" lon="-121.793370">
      <ele>1569.0000</ele>
      <time>2010-01-01T03:01:35Z</time>
    </rtept>
    <rtept lat="41.17182000" lon="-121.793550">
      <ele>1567.0000</ele>
      <time>2010-01-01T03:01:40Z</time>
    </rtept>
    <rtept lat="41.17181000" lon="-121.793770">
      <ele>1565.0000</ele>
      <time>2010-01-01T03:01:47Z</time>
    </rtept>
    <rtept lat="41.17168000" lon="-121.794290">
      <ele>1566.0000</ele>
      <time>2010-01-01T03:02:03Z</time>
    </rtept>
    <rtept lat="41.17166000" lon="-121.794470">
      <ele>1568.0000</ele>
      <time>2010-01-01T03:02:09Z</time>
    </rtept>
    <rtept lat="41.17174000" lon="-121.794700">
      <ele>1569.0000</ele>
      <time>2010-01-01T03:02:17Z</time>
    </rtept>
    <rtept lat="41.17175000" lon="-121.794750">
      <ele>1569.0000</ele>
      <time>2010-01-01T03:02:18Z</time>
    </rtept>
    <rtept lat="41.17173000" lon="-121.794880">
      <ele>1569.0000</ele>
      <time>2010-01-01T03:02:22Z</time>
    </rtept>
    <rtept lat="41.17166000" lon="-121.794980">
      <ele>1569.0000</ele>
      <time>2010-01-01T03:02:26Z</time>
    </rtept>
    <rtept lat="41.17157000" lon="-121.795250">
      <ele>1571.0000</ele>
      <time>2010-01-01T03:02:35Z</time>
    </rtept>
    <rtept lat="41.17145000" lon="-121.795550">
      <ele>1574.0000</ele>
      <time>2010-01-01T03:02:45Z</time>
    </rtept>
    <rtept lat="41.17140000" lon="-121.795710">
      <ele>1575.0000</ele>
      <time>2010-01-01T03:02:51Z</time>
    </rtept>
    <rtept lat="41.17134000" lon="-121.795930">
      <ele>1575.0000</ele>
      <time>2010-01-01T03:02:58Z</time>
    </rtept>
    <rtept lat="41.17134000" lon="-121.796080">
      <ele>1576.0000</ele>
      <time>2010-01-01T03:03:02Z</time>
    </rtept>
    <rtept lat="41.17141000" lon="-121.796370">
      <ele>1578.0000</ele>
      <time>2010-01-01T03:03:11Z</time>
    </rtept>
    <rtept lat="41.17144000" lon="-121.796440">
      <ele>1577.0000</ele>
      <time>2010-01-01T03:03:14Z</time>
    </rtept>
    <rtept lat="41.17145000" lon="-121.796530">
      <ele>1577.0000</ele>
      <time>2010-01-01T03:03:17Z</time>
    </rtept>
    <rtept lat="41.17143000" lon="-121.796620">
      <ele>1577.0000</ele>
      <time>2010-01-01T03:03:19Z</time>
    </rtept>
    <rtept lat="41.17138000" lon="-121.796680">
      <ele>1576.0000</ele>
      <time>2010-01-01T03:03:22Z</time>
    </rtept>
    <rtept lat="41.17120000" lon="-121.796830">
      <ele>1575.0000</ele>
      <time>2010-01-01T03:03:31Z</time>
    </rtept>
    <rtept lat="41.17114000" lon="-121.796900">
      <ele>1575.0000</ele>
      <time>2010-01-01T03:03:34Z</time>
    </rtept>
    <rtept lat="41.17111000" lon="-121.797010">
      <ele>1574.0000</ele>
      <time>2010-01-01T03:03:37Z</time>
    </rtept>
    <rtept lat="41.17111000" lon="-121.797100">
      <ele>1573.0000</ele>
      <time>2010-01-01T03:03:40Z</time>
    </rtept>
    <rtept lat="41.17117000" lon="-121.797180">
      <ele>1573.0000</ele>
      <time>2010-01-01T03:03:43Z</time>
    </rtept>
    <rtept lat="41.17126000" lon="-121.797220">
      <ele>1574.0000</ele>
      <time>2010-01-01T03:03:47Z</time>
    </rtept>
    <rtept lat="41.17135000" lon="-121.797300">
      <ele>1574.0000</ele>
      <time>2010-01-01T03:03:52Z</time>
    </rtept>
    <rtept lat="41.17140000" lon="-121.797390">
      <ele>1575.0000</ele>
      <time>2010-01-01T03:03:55Z</time>
    </rtept>
    <rtept lat="41.17144000" lon="-121.797570">
      <ele>1576.0000</ele>
      <time>2010-01-01T03:04:01Z</time>
    </rtept>
    <rtept lat="41.17138000" lon="-121.797860">
      <ele>1576.0000</ele>
      <time>2010-01-01T03:04:10Z</time>
    </rtept>
    <rtept lat="41.17132000" lon="-121.798070">
      <ele>1576.0000</ele>
      <time>2010-01-01T03:04:16Z</time>
    </rtept>
    <rtept lat="41.17123000" lon="-121.798300">
      <ele>1575.0000</ele>
      <time>2010-01-01T03:04:24Z</time>
    </rtept>
    <rtept lat="41.17112000" lon="-121.798620">
      <ele>1574.0000</ele>
      <time>2010-01-01T03:04:35Z</time>
    </rtept>
    <rtept lat="41.17104000" lon="-121.798800">
      <ele>1575.0000</ele>
      <time>2010-01-01T03:04:41Z</time>
    </rtept>
    <rtept lat="41.17100000" lon="-121.798940">
      <ele>1577.0000</ele>
      <time>2010-01-01T03:04:46Z</time>
    </rtept>
    <rtept lat="41.17087000" lon="-121.799240">
      <ele>1577.0000</ele>
      <time>2010-01-01T03:04:56Z</time>
    </rtept>
    <rtept lat="41.17079000" lon="-121.799370">
      <ele>1577.0000</ele>
      <time>2010-01-01T03:05:01Z</time>
    </rtept>
    <rtept lat="41.17069000" lon="-121.799510">
      <ele>1575.0000</ele>
      <time>2010-01-01T03:05:07Z</time>
    </rtept>
    <rtept lat="41.17065000" lon="-121.799630">
      <ele>1575.0000</ele>
      <time>2010-01-01T03:05:11Z</time>
    </rtept>
    <rtept lat="41.17065000" lon="-121.799800">
      <ele>1577.0000</ele>
      <time>2010-01-01T03:05:16Z</time>
    </rtept>
    <rtept lat="41.17063000" lon="-121.799950">
      <ele>1577.0000</ele>
      <time>2010-01-01T03:05:21Z</time>
    </rtept>
    <rtept lat="41.17063000" lon="-121.800080">
      <ele>1577.0000</ele>
      <time>2010-01-01T03:05:25Z</time>
    </rtept>
    <rtept lat="41.17070000" lon="-121.800220">
      <ele>1577.0000</ele>
      <time>2010-01-01T03:05:30Z</time>
    </rtept>
    <rtept lat="41.17076000" lon="-121.800260">
      <ele>1578.0000</ele>
      <time>2010-01-01T03:05:32Z</time>
    </rtept>
    <rtept lat="41.17086000" lon="-121.800240">
      <ele>1580.0000</ele>
      <time>2010-01-01T03:05:36Z</time>
    </rtept>
    <rtept lat="41.17091000" lon="-121.800250">
      <ele>1581.0000</ele>
      <time>2010-01-01T03:05:38Z</time>
    </rtept>
    <rtept lat="41.17101000" lon="-121.800350">
      <ele>1582.0000</ele>
      <time>2010-01-01T03:05:43Z</time>
    </rtept>
    <rtept lat="41.17119000" lon="-121.800450">
      <ele>1581.0000</ele>
      <time>2010-01-01T03:05:51Z</time>
    </rtept>
    <rtept lat="41.17136000" lon="-121.800500">
      <ele>1581.0000</ele>
      <time>2010-01-01T03:05:58Z</time>
    </rtept>
    <rtept lat="41.17168000" lon="-121.800990">
      <ele>1587.0000</ele>
      <time>2010-01-01T03:06:18Z</time>
    </rtept>
    <rtept lat="41.17189000" lon="-121.801100">
      <ele>1588.0000</ele>
      <time>2010-01-01T03:06:27Z</time>
    </rtept>
    <rtept lat="41.17205000" lon="-121.801110">
      <ele>1587.0000</ele>
      <time>2010-01-01T03:06:33Z</time>
    </rtept>
    <rtept lat="41.17213000" lon="-121.801150">
      <ele>1588.0000</ele>
      <time>2010-01-01T03:06:37Z</time>
    </rtept>
    <rtept lat="41.17226000" lon="-121.801290">
      <ele>1589.0000</ele>
      <time>2010-01-01T03:06:43Z</time>
    </rtept>
    <rtept lat="41.17239000" lon="-121.801470">
      <ele>1590.0000</ele>
      <time>2010-01-01T03:06:51Z</time>
    </rtept>
    <rtept lat="41.17252000" lon="-121.801680">
      <ele>1591.0000</ele>
      <time>2010-01-01T03:06:59Z</time>
    </rtept>
    <rtept lat="41.17260000" lon="-121.801950">
      <ele>1598.0000</ele>
      <time>2010-01-01T03:07:08Z</time>
    </rtept>
    <rtept lat="41.17269000" lon="-121.802150">
      <ele>1601.0000</ele>
      <time>2010-01-01T03:07:15Z</time>
    </rtept>
    <rtept lat="41.17269000" lon="-121.802450">
      <ele>1604.0000</ele>
      <time>2010-01-01T03:07:24Z</time>
    </rtept>
    <rtept lat="41.17266000" lon="-121.802720">
      <ele>1603.0000</ele>
      <time>2010-01-01T03:07:32Z</time>
    </rtept>
    <rtept lat="41.17264000" lon="-121.802960">
      <ele>1603.0000</ele>
      <time>2010-01-01T03:07:39Z</time>
    </rtept>
    <rtept lat="41.17264000" lon="-121.803350">
      <ele>1601.0000</ele>
      <time>2010-01-01T03:07:51Z</time>
    </rtept>
    <rtept lat="41.17263000" lon="-121.803540">
      <ele>1601.0000</ele>
      <time>2010-01-01T03:07:57Z</time>
    </rtept>
    <rtept lat="41.17254000" lon="-121.803770">
      <ele>1602.0000</ele>
      <time>2010-01-01T03:08:05Z</time>
    </rtept>
    <rtept lat="41.17250000" lon="-121.803970">
      <ele>1601.0000</ele>
      <time>2010-01-01T03:08:11Z</time>
    </rtept>
    <rtept lat="41.17243000" lon="-121.804110">
      <ele>1602.0000</ele>
      <time>2010-01-01T03:08:16Z</time>
    </rtept>
    <rtept lat="41.17238000" lon="-121.804250">
      <ele>1601.0000</ele>
      <time>2010-01-01T03:08:21Z</time>
    </rtept>
    <rtept lat="41.17238000" lon="-121.804340">
      <ele>1600.0000</ele>
      <time>2010-01-01T03:08:23Z</time>
    </rtept>
    <rtept lat="41.17242000" lon="-121.804520">
      <ele>1596.0000</ele>
      <time>2010-01-01T03:08:29Z</time>
    </rtept>
    <rtept lat="41.17244000" lon="-121.804660">
      <ele>1594.0000</ele>
      <time>2010-01-01T03:08:33Z</time>
    </rtept>
    <rtept lat="41.17240000" lon="-121.804780">
      <ele>1593.0000</ele>
      <time>2010-01-01T03:08:37Z</time>
    </rtept>
    <rtept lat="41.17236000" lon="-121.805220">
      <ele>1589.0000</ele>
      <time>2010-01-01T03:08:51Z</time>
    </rtept>
    <rtept lat="41.17239000" lon="-121.805670">
      <ele>1591.0000</ele>
      <time>2010-01-01T03:09:04Z</time>
    </rtept>
    <rtept lat="41.17245000" lon="-121.805820">
      <ele>1591.0000</ele>
      <time>2010-01-01T03:09:09Z</time>
    </rtept>
    <rtept lat="41.17287000" lon="-121.806750">
      <ele>1583.0000</ele>
      <time>2010-01-01T03:09:42Z</time>
    </rtept>
    <rtept lat="41.17295000" lon="-121.806980">
      <ele>1582.0000</ele>
      <time>2010-01-01T03:09:50Z</time>
    </rtept>
    <rtept lat="41.17298000" lon="-121.807210">
      <ele>1583.0000</ele>
      <time>2010-01-01T03:09:57Z</time>
    </rtept>
    <rtept lat="41.17299000" lon="-121.807600">
      <ele>1582.0000</ele>
      <time>2010-01-01T03:10:08Z</time>
    </rtept>
    <rtept lat="41.17293000" lon="-121.807970">
      <ele>1582.0000</ele>
      <time>2010-01-01T03:10:20Z</time>
    </rtept>
    <rtept lat="41.17283000" lon="-121.808320">
      <ele>1581.0000</ele>
      <time>2010-01-01T03:10:31Z</time>
    </rtept>
    <rtept lat="41.17245000" lon="-121.809360">
      <ele>1584.0000</ele>
      <time>2010-01-01T03:11:06Z</time>
    </rtept>
    <rtept lat="41.17229000" lon="-121.809850">
      <ele>1576.0000</ele>
      <time>2010-01-01T03:11:22Z</time>
    </rtept>
    <rtept lat="41.17207000" lon="-121.810290">
      <ele>1577.0000</ele>
      <time>2010-01-01T03:11:38Z</time>
    </rtept>
    <rtept lat="41.17200000" lon="-121.810600">
      <ele>1574.0000</ele>
      <time>2010-01-01T03:11:48Z</time>
    </rtept>
    <rtept lat="41.17175000" lon="-121.811230">
      <ele>1568.0000</ele>
      <time>2010-01-01T03:12:09Z</time>
    </rtept>
    <rtept lat="41.17162000" lon="-121.811470">
      <ele>1569.0000</ele>
      <time>2010-01-01T03:12:18Z</time>
    </rtept>
    <rtept lat="41.17152000" lon="-121.811580">
      <ele>1570.0000</ele>
      <time>2010-01-01T03:12:23Z</time>
    </rtept>
    <rtept lat="41.17137000" lon="-121.811700">
      <ele>1573.0000</ele>
      <time>2010-01-01T03:12:30Z</time>
    </rtept>
    <rtept lat="41.17116000" lon="-121.811830">
      <ele>1570.0000</ele>
      <time>2010-01-01T03:12:39Z</time>
    </rtept>
    <rtept lat="41.17110000" lon="-121.811900">
      <ele>1569.0000</ele>
      <time>2010-01-01T03:12:43Z</time>
    </rtept>
    <rtept lat="41.17104000" lon="-121.811980">
      <ele>1568.0000</ele>
      <time>2010-01-01T03:12:46Z</time>
    </rtept>
    <rtept lat="41.17095000" lon="-121.812210">
      <ele>1563.0000</ele>
      <time>2010-01-01T03:12:54Z</time>
    </rtept>
    <rtept lat="41.17083000" lon="-121.812380">
      <ele>1561.0000</ele>
      <time>2010-01-01T03:13:01Z</time>
    </rtept>
    <rtept lat="41.17062000" lon="-121.812630">
      <ele>1562.0000</ele>
      <time>2010-01-01T03:13:12Z</time>
    </rtept>
    <rtept lat="41.17042000" lon="-121.812930">
      <ele>1565.0000</ele>
      <time>2010-01-01T03:13:24Z</time>
    </rtept>
    <rtept lat="41.17033000" lon="-121.813100">
      <ele>1564.0000</ele>
      <time>2010-01-01T03:13:31Z</time>
    </rtept>
    <rtept lat="41.17026000" lon="-121.813270">
      <ele>1564.0000</ele>
      <time>2010-01-01T03:13:36Z</time>
    </rtept>
    <rtept lat="41.17021000" lon="-121.813430">
      <ele>1564.0000</ele>
      <time>2010-01-01T03:13:42Z</time>
    </rtept>
    <rtept lat="41.17021000" lon="-121.813600">
      <ele>1563.0000</ele>
      <time>2010-01-01T03:13:47Z</time>
    </rtept>
    <rtept lat="41.17018000" lon="-121.813770">
      <ele>1567.0000</ele>
      <time>2010-01-01T03:13:52Z</time>
    </rtept>
    <rtept lat="41.17015000" lon="-121.813860">
      <ele>1570.0000</ele>
      <time>2010-01-01T03:13:55Z</time>
    </rtept>
    <rtept lat="41.17013000" lon="-121.813940">
      <ele>1571.0000</ele>
      <time>2010-01-01T03:13:57Z</time>
    </rtept>
    <rtept lat="41.17021000" lon="-121.814150">
      <ele>1568.0000</ele>
      <time>2010-01-01T03:14:05Z</time>
    </rtept>
    <rtept lat="41.17030000" lon="-121.814590">
      <ele>1561.0000</ele>
      <time>2010-01-01T03:14:18Z</time>
    </rtept>
    <rtept lat="41.17030000" lon="-121.814810">
      <ele>1561.0000</ele>
      <time>2010-01-01T03:14:25Z</time>
    </rtept>
    <rtept lat="41.17047000" lon="-121.815450">
      <ele>1559.0000</ele>
      <time>2010-01-01T03:14:45Z</time>
    </rtept>
    <rtept lat="41.17057000" lon="-121.816490">
      <ele>1563.0000</ele>
      <time>2010-01-01T03:15:17Z</time>
    </rtept>
    <rtept lat="41.17062000" lon="-121.816700">
      <ele>1562.0000</ele>
      <time>2010-01-01T03:15:24Z</time>
    </rtept>
    <rtept lat="41.17065000" lon="-121.816880">
      <ele>1560.0000</ele>
      <time>2010-01-01T03:15:29Z</time>
    </rtept>
    <rtept lat="41.17061000" lon="-121.817310">
      <ele>1557.0000</ele>
      <time>2010-01-01T03:15:42Z</time>
    </rtept>
    <rtept lat="41.17051000" lon="-121.817560">
      <ele>1557.0000</ele>
      <time>2010-01-01T03:15:51Z</time>
    </rtept>
    <rtept lat="41.17037000" lon="-121.817840">
      <ele>1559.0000</ele>
      <time>2010-01-01T03:16:01Z</time>
    </rtept>
    <rtept lat="41.17026000" lon="-121.818320">
      <ele>1565.0000</ele>
      <time>2010-01-01T03:16:16Z</time>
    </rtept>
    <rtept lat="41.17015000" lon="-121.818780">
      <ele>1565.0000</ele>
      <time>2010-01-01T03:16:31Z</time>
    </rtept>
    <rtept lat="41.17011000" lon="-121.819210">
      <ele>1565.0000</ele>
      <time>2010-01-01T03:16:44Z</time>
    </rtept>
    <rtept lat="41.17013000" lon="-121.819290">
      <ele>1566.0000</ele>
      <time>2010-01-01T03:16:46Z</time>
    </rtept>
    <rtept lat="41.17020000" lon="-121.819410">
      <ele>1566.0000</ele>
      <time>2010-01-01T03:16:51Z</time>
    </rtept>
    <rtept lat="41.17057000" lon="-121.819790">
      <ele>1566.0000</ele>
      <time>2010-01-01T03:17:09Z</time>
    </rtept>
    <rtept lat="41.17068000" lon="-121.819980">
      <ele>1566.0000</ele>
      <time>2010-01-01T03:17:17Z</time>
    </rtept>
    <rtept lat="41.17086000" lon="-121.820180">
      <ele>1565.0000</ele>
      <time>2010-01-01T03:17:26Z</time>
    </rtept>
    <rtept lat="41.17094000" lon="-121.820340">
      <ele>1564.0000</ele>
      <time>2010-01-01T03:17:32Z</time>
    </rtept>
    <rtept lat="41.17099000" lon="-121.820670">
      <ele>1567.0000</ele>
      <time>2010-01-01T03:17:42Z</time>
    </rtept>
    <rtept lat="41.17101000" lon="-121.820830">
      <ele>1569.0000</ele>
      <time>2010-01-01T03:17:47Z</time>
    </rtept>
    <rtept lat="41.17106000" lon="-121.821000">
      <ele>1571.0000</ele>
      <time>2010-01-01T03:17:52Z</time>
    </rtept>
    <rtept lat="41.17120000" lon="-121.821140">
      <ele>1570.0000</ele>
      <time>2010-01-01T03:17:59Z</time>
    </rtept>
    <rtept lat="41.17128000" lon="-121.821290">
      <ele>1570.0000</ele>
      <time>2010-01-01T03:18:05Z</time>
    </rtept>
    <rtept lat="41.17137000" lon="-121.821350">
      <ele>1570.0000</ele>
      <time>2010-01-01T03:18:09Z</time>
    </rtept>
    <rtept lat="41.17150000" lon="-121.821370">
      <ele>1570.0000</ele>
      <time>2010-01-01T03:18:14Z</time>
    </rtept>
    <rtept lat="41.17166000" lon="-121.821490">
      <ele>1571.0000</ele>
      <time>2010-01-01T03:18:22Z</time>
    </rtept>
    <rtept lat="41.17180000" lon="-121.821530">
      <ele>1572.0000</ele>
      <time>2010-01-01T03:18:27Z</time>
    </rtept>
    <rtept lat="41.17231000" lon="-121.821740">
      <ele>1574.0000</ele>
      <time>2010-01-01T03:18:49Z</time>
    </rtept>
    <rtept lat="41.17284000" lon="-121.822150">
      <ele>1582.0000</ele>
      <time>2010-01-01T03:19:13Z</time>
    </rtept>
    <rtept lat="41.17308000" lon="-121.822360">
      <ele>1584.0000</ele>
      <time>2010-01-01T03:19:25Z</time>
    </rtept>
    <rtept lat="41.17340000" lon="-121.822520">
      <ele>1587.0000</ele>
      <time>2010-01-01T03:19:38Z</time>
    </rtept>
    <rtept lat="41.17351000" lon="-121.822690">
      <ele>1589.0000</ele>
      <time>2010-01-01T03:19:45Z</time>
    </rtept>
    <rtept lat="41.17376000" lon="-121.823140">
      <ele>1592.0000</ele>
      <time>2010-01-01T03:20:02Z</time>
    </rtept>
    <rtept lat="41.17380000" lon="-121.823150">
      <ele>1593.0000</ele>
      <time>2010-01-01T03:20:04Z</time>
    </rtept>
    <rtept lat="41.17395000" lon="-121.823060">
      <ele>1594.0000</ele>
      <time>2010-01-01T03:20:10Z</time>
    </rtept>
    <rtept lat="41.17415000" lon="-121.822870">
      <ele>1594.0000</ele>
      <time>2010-01-01T03:20:20Z</time>
    </rtept>
    <rtept lat="41.17471000" lon="-121.822240">
      <ele>1597.0000</ele>
      <time>2010-01-01T03:20:49Z</time>
    </rtept>
    <rtept lat="41.17482000" lon="-121.822220">
      <ele>1599.0000</ele>
      <time>2010-01-01T03:20:54Z</time>
    </rtept>
    <rtept lat="41.17490000" lon="-121.822160">
      <ele>1600.0000</ele>
      <time>2010-01-01T03:20:58Z</time>
    </rtept>
    <rtept lat="41.17507000" lon="-121.821940">
      <ele>1600.0000</ele>
      <time>2010-01-01T03:21:07Z</time>
    </rtept>
    <rtept lat="41.17530000" lon="-121.821820">
      <ele>1602.0000</ele>
      <time>2010-01-01T03:21:17Z</time>
    </rtept>
    <rtept lat="41.17545000" lon="-121.821800">
      <ele>1603.0000</ele>
      <time>2010-01-01T03:21:23Z</time>
    </rtept>
    <rtept lat="41.17562000" lon="-121.821850">
      <ele>1604.0000</ele>
      <time>2010-01-01T03:21:30Z</time>
    </rtept>
    <rtept lat="41.17579000" lon="-121.821970">
      <ele>1606.0000</ele>
      <time>2010-01-01T03:21:38Z</time>
    </rtept>
    <rtept lat="41.17589000" lon="-121.822060">
      <ele>1608.0000</ele>
      <time>2010-01-01T03:21:43Z</time>
    </rtept>
    <rtept lat="41.17607000" lon="-121.822300">
      <ele>1612.0000</ele>
      <time>2010-01-01T03:21:53Z</time>
    </rtept>
    <rtept lat="41.17621000" lon="-121.822580">
      <ele>1615.0000</ele>
      <time>2010-01-01T03:22:03Z</time>
    </rtept>
    <rtept lat="41.17632000" lon="-121.822720">
      <ele>1616.0000</ele>
      <time>2010-01-01T03:22:09Z</time>
    </rtept>
    <rtept lat="41.17650000" lon="-121.822810">
      <ele>1616.0000</ele>
      <time>2010-01-01T03:22:17Z</time>
    </rtept>
    <rtept lat="41.17677000" lon="-121.823000">
      <ele>1616.0000</ele>
      <time>2010-01-01T03:22:29Z</time>
    </rtept>
    <rtept lat="41.17688000" lon="-121.823140">
      <ele>1618.0000</ele>
      <time>2010-01-01T03:22:35Z</time>
    </rtept>
    <rtept lat="41.17696000" lon="-121.823300">
      <ele>1619.0000</ele>
      <time>2010-01-01T03:22:41Z</time>
    </rtept>
    <rtept lat="41.17703000" lon="-121.823360">
      <ele>1619.0000</ele>
      <time>2010-01-01T03:22:44Z</time>
    </rtept>
    <rtept lat="41.17719000" lon="-121.823450">
      <ele>1618.0000</ele>
      <time>2010-01-01T03:22:51Z</time>
    </rtept>
    <rtept lat="41.17736000" lon="-121.823540">
      <ele>1617.0000</ele>
      <time>2010-01-01T03:22:58Z</time>
    </rtept>
    <rtept lat="41.17755000" lon="-121.823580">
      <ele>1617.0000</ele>
      <time>2010-01-01T03:23:06Z</time>
    </rtept>
    <rtept lat="41.17773000" lon="-121.823530">
      <ele>1615.0000</ele>
      <time>2010-01-01T03:23:13Z</time>
    </rtept>
    <rtept lat="41.17792000" lon="-121.823600">
      <ele>1616.0000</ele>
      <time>2010-01-01T03:23:21Z</time>
    </rtept>
    <rtept lat="41.17816000" lon="-121.823760">
      <ele>1617.0000</ele>
      <time>2010-01-01T03:23:32Z</time>
    </rtept>
    <rtept lat="41.17844000" lon="-121.823890">
      <ele>1619.0000</ele>
      <time>2010-01-01T03:23:44Z</time>
    </rtept>
    <rtept lat="41.17903000" lon="-121.823880">
      <ele>1615.0000</ele>
      <time>2010-01-01T03:24:08Z</time>
    </rtept>
    <rtept lat="41.17921000" lon="-121.823920">
      <ele>1615.0000</ele>
      <time>2010-01-01T03:24:15Z</time>
    </rtept>
    <rtept lat="41.17937000" lon="-121.824050">
      <ele>1617.0000</ele>
      <time>2010-01-01T03:24:22Z</time>
    </rtept>
    <rtept lat="41.17946000" lon="-121.824220">
      <ele>1618.0000</ele>
      <time>2010-01-01T03:24:29Z</time>
    </rtept>
    <rtept lat="41.17951000" lon="-121.824350">
      <ele>1617.0000</ele>
      <time>2010-01-01T03:24:33Z</time>
    </rtept>
    <rtept lat="41.17954000" lon="-121.824570">
      <ele>1616.0000</ele>
      <time>2010-01-01T03:24:40Z</time>
    </rtept>
    <rtept lat="41.17954000" lon="-121.824940">
      <ele>1620.0000</ele>
      <time>2010-01-01T03:24:51Z</time>
    </rtept>
    <rtept lat="41.17954000" lon="-121.825450">
      <ele>1623.0000</ele>
      <time>2010-01-01T03:25:06Z</time>
    </rtept>
    <rtept lat="41.17948000" lon="-121.825620">
      <ele>1624.0000</ele>
      <time>2010-01-01T03:25:12Z</time>
    </rtept>
    <rtept lat="41.17932000" lon="-121.825880">
      <ele>1625.0000</ele>
      <time>2010-01-01T03:25:22Z</time>
    </rtept>
    <rtept lat="41.17931000" lon="-121.826010">
      <ele>1623.0000</ele>
      <time>2010-01-01T03:25:26Z</time>
    </rtept>
    <rtept lat="41.17928000" lon="-121.826080">
      <ele>1623.0000</ele>
      <time>2010-01-01T03:25:28Z</time>
    </rtept>
    <rtept lat="41.17921000" lon="-121.826210">
      <ele>1623.0000</ele>
      <time>2010-01-01T03:25:33Z</time>
    </rtept>
    <rtept lat="41.17900000" lon="-121.826540">
      <ele>1623.0000</ele>
      <time>2010-01-01T03:25:46Z</time>
    </rtept>
    <rtept lat="41.17874000" lon="-121.826860">
      <ele>1625.0000</ele>
      <time>2010-01-01T03:26:00Z</time>
    </rtept>
    <rtept lat="41.17857000" lon="-121.827030">
      <ele>1625.0000</ele>
      <time>2010-01-01T03:26:09Z</time>
    </rtept>
    <rtept lat="41.17836000" lon="-121.827190">
      <ele>1625.0000</ele>
      <time>2010-01-01T03:26:19Z</time>
    </rtept>
    <rtept lat="41.17806000" lon="-121.827610">
      <ele>1622.0000</ele>
      <time>2010-01-01T03:26:36Z</time>
    </rtept>
    <rtept lat="41.17796000" lon="-121.827800">
      <ele>1622.0000</ele>
      <time>2010-01-01T03:26:43Z</time>
    </rtept>
    <rtept lat="41.17794000" lon="-121.827960">
      <ele>1621.0000</ele>
      <time>2010-01-01T03:26:48Z</time>
    </rtept>
    <rtept lat="41.17795000" lon="-121.827960">
      <ele>1621.0000</ele>
      <time>2010-01-01T03:26:48Z</time>
    </rtept>
    <rtept lat="41.17794000" lon="-121.828020">
      <ele>1621.0000</ele>
      <time>2010-01-01T03:26:50Z</time>
    </rtept>
    <rtept lat="41.17796000" lon="-121.828220">
      <ele>1618.0000</ele>
      <time>2010-01-01T03:26:56Z</time>
    </rtept>
    <rtept lat="41.17804000" lon="-121.828390">
      <ele>1614.0000</ele>
      <time>2010-01-01T03:27:02Z</time>
    </rtept>
    <rtept lat="41.17805000" lon="-121.828500">
      <ele>1613.0000</ele>
      <time>2010-01-01T03:27:06Z</time>
    </rtept>
    <rtept lat="41.17802000" lon="-121.828620">
      <ele>1614.0000</ele>
      <time>2010-01-01T03:27:09Z</time>
    </rtept>
    <rtept lat="41.17793000" lon="-121.828800">
      <ele>1617.0000</ele>
      <time>2010-01-01T03:27:16Z</time>
    </rtept>
    <rtept lat="41.17780000" lon="-121.828980">
      <ele>1620.0000</ele>
      <time>2010-01-01T03:27:24Z</time>
    </rtept>
    <rtept lat="41.17777000" lon="-121.829080">
      <ele>1620.0000</ele>
      <time>2010-01-01T03:27:27Z</time>
    </rtept>
    <rtept lat="41.17774000" lon="-121.829360">
      <ele>1619.0000</ele>
      <time>2010-01-01T03:27:35Z</time>
    </rtept>
    <rtept lat="41.17771000" lon="-121.829470">
      <ele>1619.0000</ele>
      <time>2010-01-01T03:27:39Z</time>
    </rtept>
    <rtept lat="41.17769000" lon="-121.829650">
      <ele>1618.0000</ele>
      <time>2010-01-01T03:27:44Z</time>
    </rtept>
    <rtept lat="41.17766000" lon="-121.829790">
      <ele>1619.0000</ele>
      <time>2010-01-01T03:27:49Z</time>
    </rtept>
    <rtept lat="41.17759000" lon="-121.829860">
      <ele>1621.0000</ele>
      <time>2010-01-01T03:27:52Z</time>
    </rtept>
    <rtept lat="41.17740000" lon="-121.830120">
      <ele>1626.0000</ele>
      <time>2010-01-01T03:28:03Z</time>
    </rtept>
    <rtept lat="41.17718000" lon="-121.830410">
      <ele>1629.0000</ele>
      <time>2010-01-01T03:28:16Z</time>
    </rtept>
    <rtept lat="41.17703000" lon="-121.830730">
      <ele>1630.0000</ele>
      <time>2010-01-01T03:28:27Z</time>
    </rtept>
    <rtept lat="41.17695000" lon="-121.830940">
      <ele>1629.0000</ele>
      <time>2010-01-01T03:28:34Z</time>
    </rtept>
    <rtept lat="41.17688000" lon="-121.831050">
      <ele>1629.0000</ele>
      <time>2010-01-01T03:28:38Z</time>
    </rtept>
    <rtept lat="41.17676000" lon="-121.831100">
      <ele>1630.0000</ele>
      <time>2010-01-01T03:28:43Z</time>
    </rtept>
    <rtept lat="41.17665000" lon="-121.831180">
      <ele>1630.0000</ele>
      <time>2010-01-01T03:28:48Z</time>
    </rtept>
    <rtept lat="41.17645000" lon="-121.831350">
      <ele>1633.0000</ele>
      <time>2010-01-01T03:28:58Z</time>
    </rtept>
    <rtept lat="41.17632000" lon="-121.831550">
      <ele>1633.0000</ele>
      <time>2010-01-01T03:29:06Z</time>
    </rtept>
    <rtept lat="41.17620000" lon="-121.831800">
      <ele>1632.0000</ele>
      <time>2010-01-01T03:29:15Z</time>
    </rtept>
    <rtept lat="41.17607000" lon="-121.831990">
      <ele>1632.0000</ele>
      <time>2010-01-01T03:29:22Z</time>
    </rtept>
    <rtept lat="41.17589000" lon="-121.832210">
      <ele>1633.0000</ele>
      <time>2010-01-01T03:29:32Z</time>
    </rtept>
    <rtept lat="41.17572000" lon="-121.832500">
      <ele>1635.0000</ele>
      <time>2010-01-01T03:29:43Z</time>
    </rtept>
    <rtept lat="41.17557000" lon="-121.832670">
      <ele>1638.0000</ele>
      <time>2010-01-01T03:29:51Z</time>
    </rtept>
    <rtept lat="41.17550000" lon="-121.832870">
      <ele>1639.0000</ele>
      <time>2010-01-01T03:29:58Z</time>
    </rtept>
    <rtept lat="41.17542000" lon="-121.833010">
      <ele>1640.0000</ele>
      <time>2010-01-01T03:30:03Z</time>
    </rtept>
    <rtept lat="41.17530000" lon="-121.833150">
      <ele>1642.0000</ele>
      <time>2010-01-01T03:30:10Z</time>
    </rtept>
    <rtept lat="41.17506000" lon="-121.833300">
      <ele>1647.0000</ele>
      <time>2010-01-01T03:30:20Z</time>
    </rtept>
    <rtept lat="41.17476000" lon="-121.833590">
      <ele>1656.0000</ele>
      <time>2010-01-01T03:30:35Z</time>
    </rtept>
    <rtept lat="41.17468000" lon="-121.833820">
      <ele>1657.0000</ele>
      <time>2010-01-01T03:30:43Z</time>
    </rtept>
    <rtept lat="41.17453000" lon="-121.834110">
      <ele>1658.0000</ele>
      <time>2010-01-01T03:30:53Z</time>
    </rtept>
    <rtept lat="41.17448000" lon="-121.834410">
      <ele>1659.0000</ele>
      <time>2010-01-01T03:31:03Z</time>
    </rtept>
    <rtept lat="41.17450000" lon="-121.834660">
      <ele>1656.0000</ele>
      <time>2010-01-01T03:31:10Z</time>
    </rtept>
    <rtept lat="41.17448000" lon="-121.834790">
      <ele>1657.0000</ele>
      <time>2010-01-01T03:31:14Z</time>
    </rtept>
    <rtept lat="41.17434000" lon="-121.835010">
      <ele>1663.0000</ele>
      <time>2010-01-01T03:31:23Z</time>
    </rtept>
    <rtept lat="41.17433000" lon="-121.835140">
      <ele>1664.0000</ele>
      <time>2010-01-01T03:31:27Z</time>
    </rtept>
    <rtept lat="41.17444000" lon="-121.835280">
      <ele>1661.0000</ele>
      <time>2010-01-01T03:31:33Z</time>
    </rtept>
    <rtept lat="41.17449000" lon="-121.835560">
      <ele>1662.0000</ele>
      <time>2010-01-01T03:31:42Z</time>
    </rtept>
    <rtept lat="41.17462000" lon="-121.835880">
      <ele>1663.0000</ele>
      <time>2010-01-01T03:31:52Z</time>
    </rtept>
    <rtept lat="41.17473000" lon="-121.836230">
      <ele>1666.0000</ele>
      <time>2010-01-01T03:32:04Z</time>
    </rtept>
    <rtept lat="41.17485000" lon="-121.836760">
      <ele>1671.0000</ele>
      <time>2010-01-01T03:32:21Z</time>
    </rtept>
    <rtept lat="41.17494000" lon="-121.836890">
      <ele>1670.0000</ele>
      <time>2010-01-01T03:32:26Z</time>
    </rtept>
    <rtept lat="41.17521000" lon="-121.837120">
      <ele>1670.0000</ele>
      <time>2010-01-01T03:32:39Z</time>
    </rtept>
    <rtept lat="41.17547000" lon="-121.837190">
      <ele>1673.0000</ele>
      <time>2010-01-01T03:32:49Z</time>
    </rtept>
    <rtept lat="41.17560000" lon="-121.837200">
      <ele>1676.0000</ele>
      <time>2010-01-01T03:32:55Z</time>
    </rtept>
    <rtept lat="41.17577000" lon="-121.837120">
      <ele>1679.0000</ele>
      <time>2010-01-01T03:33:02Z</time>
    </rtept>
    <rtept lat="41.17593000" lon="-121.837050">
      <ele>1681.0000</ele>
      <time>2010-01-01T03:33:09Z</time>
    </rtept>
    <rtept lat="41.17605000" lon="-121.836760">
      <ele>1678.0000</ele>
      <time>2010-01-01T03:33:18Z</time>
    </rtept>
    <rtept lat="41.17616000" lon="-121.836540">
      <ele>1674.0000</ele>
      <time>2010-01-01T03:33:26Z</time>
    </rtept>
    <rtept lat="41.17631000" lon="-121.836480">
      <ele>1675.0000</ele>
      <time>2010-01-01T03:33:33Z</time>
    </rtept>
    <rtept lat="41.17645000" lon="-121.836520">
      <ele>1679.0000</ele>
      <time>2010-01-01T03:33:38Z</time>
    </rtept>
    <rtept lat="41.17600000" lon="-121.837160">
      <ele>1685.0000</ele>
      <time>2010-01-01T03:34:05Z</time>
    </rtept>
    <rtept lat="41.17588000" lon="-121.837370">
      <ele>1686.0000</ele>
      <time>2010-01-01T03:34:13Z</time>
    </rtept>
    <rtept lat="41.17575000" lon="-121.837390">
      <ele>1684.0000</ele>
      <time>2010-01-01T03:34:18Z</time>
    </rtept>
    <rtept lat="41.17562000" lon="-121.837550">
      <ele>1686.0000</ele>
      <time>2010-01-01T03:34:25Z</time>
    </rtept>
    <rtept lat="41.17542000" lon="-121.837570">
      <ele>1685.0000</ele>
      <time>2010-01-01T03:34:33Z</time>
    </rtept>
    <rtept lat="41.17517000" lon="-121.837680">
      <ele>1688.0000</ele>
      <time>2010-01-01T03:34:44Z</time>
    </rtept>
    <rtept lat="41.17489000" lon="-121.837620">
      <ele>1687.0000</ele>
      <time>2010-01-01T03:34:55Z</time>
    </rtept>
    <rtept lat="41.17476000" lon="-121.837570">
      <ele>1686.0000</ele>
      <time>2010-01-01T03:35:00Z</time>
    </rtept>
    <rtept lat="41.17450000" lon="-121.837210">
      <ele>1681.0000</ele>
      <time>2010-01-01T03:35:15Z</time>
    </rtept>
    <rtept lat="41.17443000" lon="-121.837230">
      <ele>1682.0000</ele>
      <time>2010-01-01T03:35:18Z</time>
    </rtept>
    <rtept lat="41.17438000" lon="-121.837030">
      <ele>1682.0000</ele>
      <time>2010-01-01T03:35:25Z</time>
    </rtept>
    <rtept lat="41.17430000" lon="-121.836930">
      <ele>1682.0000</ele>
      <time>2010-01-01T03:35:29Z</time>
    </rtept>
    <rtept lat="41.17426000" lon="-121.836910">
      <ele>1683.0000</ele>
      <time>2010-01-01T03:35:31Z</time>
    </rtept>
    <rtept lat="41.17427000" lon="-121.837020">
      <ele>1684.0000</ele>
      <time>2010-01-01T03:35:34Z</time>
    </rtept>
    <rtept lat="41.17431000" lon="-121.837390">
      <ele>1687.0000</ele>
      <time>2010-01-01T03:35:45Z</time>
    </rtept>
    <rtept lat="41.17436000" lon="-121.837790">
      <ele>1694.0000</ele>
      <time>2010-01-01T03:35:58Z</time>
    </rtept>
    <rtept lat="41.17434000" lon="-121.837940">
      <ele>1698.0000</ele>
      <time>2010-01-01T03:36:02Z</time>
    </rtept>
    <rtept lat="41.17429000" lon="-121.838080">
      <ele>1702.0000</ele>
      <time>2010-01-01T03:36:07Z</time>
    </rtept>
    <rtept lat="41.17437000" lon="-121.838430">
      <ele>1708.0000</ele>
      <time>2010-01-01T03:36:18Z</time>
    </rtept>
    <rtept lat="41.17460000" lon="-121.838540">
      <ele>1708.0000</ele>
      <time>2010-01-01T03:36:28Z</time>
    </rtept>
    <rtept lat="41.17460000" lon="-121.838640">
      <ele>1710.0000</ele>
      <time>2010-01-01T03:36:31Z</time>
    </rtept>
    <rtept lat="41.17473000" lon="-121.838780">
      <ele>1712.0000</ele>
      <time>2010-01-01T03:36:37Z</time>
    </rtept>
    <rtept lat="41.17479000" lon="-121.838940">
      <ele>1715.0000</ele>
      <time>2010-01-01T03:36:43Z</time>
    </rtept>
    <rtept lat="41.17477000" lon="-121.839130">
      <ele>1718.0000</ele>
      <time>2010-01-01T03:36:49Z</time>
    </rtept>
    <rtept lat="41.17474000" lon="-121.839270">
      <ele>1721.0000</ele>
      <time>2010-01-01T03:36:53Z</time>
    </rtept>
    <rtept lat="41.17469000" lon="-121.839380">
      <ele>1723.0000</ele>
      <time>2010-01-01T03:36:57Z</time>
    </rtept>
    <rtept lat="41.17465000" lon="-121.839480">
      <ele>1726.0000</ele>
      <time>2010-01-01T03:37:00Z</time>
    </rtept>
    <rtept lat="41.17475000" lon="-121.839550">
      <ele>1726.0000</ele>
      <time>2010-01-01T03:37:05Z</time>
    </rtept>
    <rtept lat="41.17489000" lon="-121.839620">
      <ele>1726.0000</ele>
      <time>2010-01-01T03:37:11Z</time>
    </rtept>
    <rtept lat="41.17515000" lon="-121.839650">
      <ele>1725.0000</ele>
      <time>2010-01-01T03:37:21Z</time>
    </rtept>
    <rtept lat="41.17542000" lon="-121.839690">
      <ele>1725.0000</ele>
      <time>2010-01-01T03:37:32Z</time>
    </rtept>
    <rtept lat="41.17551000" lon="-121.839730">
      <ele>1726.0000</ele>
      <time>2010-01-01T03:37:36Z</time>
    </rtept>
    <rtept lat="41.17566000" lon="-121.839890">
      <ele>1730.0000</ele>
      <time>2010-01-01T03:37:44Z</time>
    </rtept>
    <rtept lat="41.17583000" lon="-121.839970">
      <ele>1730.0000</ele>
      <time>2010-01-01T03:37:51Z</time>
    </rtept>
    <rtept lat="41.17591000" lon="-121.840110">
      <ele>1732.0000</ele>
      <time>2010-01-01T03:37:56Z</time>
    </rtept>
    <rtept lat="41.17596000" lon="-121.840180">
      <ele>1732.0000</ele>
      <time>2010-01-01T03:37:59Z</time>
    </rtept>
    <rtept lat="41.17613000" lon="-121.840280">
      <ele>1731.0000</ele>
      <time>2010-01-01T03:38:06Z</time>
    </rtept>
    <rtept lat="41.17621000" lon="-121.840450">
      <ele>1732.0000</ele>
      <time>2010-01-01T03:38:12Z</time>
    </rtept>
    <rtept lat="41.17627000" lon="-121.840650">
      <ele>1734.0000</ele>
      <time>2010-01-01T03:38:19Z</time>
    </rtept>
    <rtept lat="41.17636000" lon="-121.840770">
      <ele>1733.0000</ele>
      <time>2010-01-01T03:38:24Z</time>
    </rtept>
    <rtept lat="41.17650000" lon="-121.840790">
      <ele>1733.0000</ele>
      <time>2010-01-01T03:38:30Z</time>
    </rtept>
    <rtept lat="41.17663000" lon="-121.840900">
      <ele>1734.0000</ele>
      <time>2010-01-01T03:38:36Z</time>
    </rtept>
    <rtept lat="41.17685000" lon="-121.840960">
      <ele>1738.0000</ele>
      <time>2010-01-01T03:38:45Z</time>
    </rtept>
    <rtept lat="41.17708000" lon="-121.841080">
      <ele>1741.0000</ele>
      <time>2010-01-01T03:38:55Z</time>
    </rtept>
    <rtept lat="41.17744000" lon="-121.841250">
      <ele>1744.0000</ele>
      <time>2010-01-01T03:39:10Z</time>
    </rtept>
    <rtept lat="41.17761000" lon="-121.841340">
      <ele>1745.0000</ele>
      <time>2010-01-01T03:39:17Z</time>
    </rtept>
    <rtept lat="41.17789000" lon="-121.841540">
      <ele>1747.0000</ele>
      <time>2010-01-01T03:39:30Z</time>
    </rtept>
    <rtept lat="41.17813000" lon="-121.842140">
      <ele>1751.0000</ele>
      <time>2010-01-01T03:39:51Z</time>
    </rtept>
    <rtept lat="41.17820000" lon="-121.842960">
      <ele>1767.0000</ele>
      <time>2010-01-01T03:40:15Z</time>
    </rtept>
    <rtept lat="41.17825000" lon="-121.843170">
      <ele>1770.0000</ele>
      <time>2010-01-01T03:40:22Z</time>
    </rtept>
    <rtept lat="41.17831000" lon="-121.843270">
      <ele>1771.0000</ele>
      <time>2010-01-01T03:40:26Z</time>
    </rtept>
    <rtept lat="41.17847000" lon="-121.843340">
      <ele>1769.0000</ele>
      <time>2010-01-01T03:40:33Z</time>
    </rtept>
    <rtept lat="41.17862000" lon="-121.843400">
      <ele>1768.0000</ele>
      <time>2010-01-01T03:40:39Z</time>
    </rtept>
    <rtept lat="41.17877000" lon="-121.843370">
      <ele>1763.0000</ele>
      <time>2010-01-01T03:40:45Z</time>
    </rtept>
    <rtept lat="41.17887000" lon="-121.843420">
      <ele>1761.0000</ele>
      <time>2010-01-01T03:40:49Z</time>
    </rtept>
    <rtept lat="41.17895000" lon="-121.843570">
      <ele>1763.0000</ele>
      <time>2010-01-01T03:40:55Z</time>
    </rtept>
    <rtept lat="41.17908000" lon="-121.843980">
      <ele>1773.0000</ele>
      <time>2010-01-01T03:41:08Z</time>
    </rtept>
    <rtept lat="41.17917000" lon="-121.844340">
      <ele>1778.0000</ele>
      <time>2010-01-01T03:41:20Z</time>
    </rtept>
    <rtept lat="41.17918000" lon="-121.844530">
      <ele>1783.0000</ele>
      <time>2010-01-01T03:41:25Z</time>
    </rtept>
    <rtept lat="41.17917000" lon="-121.844580">
      <ele>1786.0000</ele>
      <time>2010-01-01T03:41:27Z</time>
    </rtept>
    <rtept lat="41.17909000" lon="-121.844580">
      <ele>1790.0000</ele>
      <time>2010-01-01T03:41:30Z</time>
    </rtept>
    <rtept lat="41.17889000" lon="-121.844520">
      <ele>1797.0000</ele>
      <time>2010-01-01T03:41:38Z</time>
    </rtept>
    <rtept lat="41.17877000" lon="-121.844400">
      <ele>1796.0000</ele>
      <time>2010-01-01T03:41:44Z</time>
    </rtept>
    <rtept lat="41.17869000" lon="-121.844320">
      <ele>1795.0000</ele>
      <time>2010-01-01T03:41:48Z</time>
    </rtept>
    <rtept lat="41.17858000" lon="-121.844180">
      <ele>1793.0000</ele>
      <time>2010-01-01T03:41:55Z</time>
    </rtept>
    <rtept lat="41.17852000" lon="-121.844140">
      <ele>1793.0000</ele>
      <time>2010-01-01T03:41:57Z</time>
    </rtept>
    <rtept lat="41.17848000" lon="-121.844230">
      <ele>1796.0000</ele>
      <time>2010-01-01T03:42:00Z</time>
    </rtept>
    <rtept lat="41.17867000" lon="-121.844660">
      <ele>1806.0000</ele>
      <time>2010-01-01T03:42:15Z</time>
    </rtept>
    <rtept lat="41.17880000" lon="-121.844820">
      <ele>1808.0000</ele>
      <time>2010-01-01T03:42:22Z</time>
    </rtept>
    <rtept lat="41.17894000" lon="-121.845000">
      <ele>1806.0000</ele>
      <time>2010-01-01T03:42:30Z</time>
    </rtept>
    <rtept lat="41.17911000" lon="-121.845270">
      <ele>1804.0000</ele>
      <time>2010-01-01T03:42:41Z</time>
    </rtept>
    <rtept lat="41.17940000" lon="-121.845830">
      <ele>1799.0000</ele>
      <time>2010-01-01T03:43:01Z</time>
    </rtept>
    <rtept lat="41.17953000" lon="-121.846080">
      <ele>1801.0000</ele>
      <time>2010-01-01T03:43:10Z</time>
    </rtept>
    <rtept lat="41.17958000" lon="-121.846320">
      <ele>1805.0000</ele>
      <time>2010-01-01T03:43:18Z</time>
    </rtept>
    <rtept lat="41.17960000" lon="-121.846560">
      <ele>1809.0000</ele>
      <time>2010-01-01T03:43:25Z</time>
    </rtept>
    <rtept lat="41.17954000" lon="-121.846880">
      <ele>1814.0000</ele>
      <time>2010-01-01T03:43:35Z</time>
    </rtept>
    <rtept lat="41.17947000" lon="-121.847100">
      <ele>1814.0000</ele>
      <time>2010-01-01T03:43:42Z</time>
    </rtept>
    <rtept lat="41.17935000" lon="-121.847340">
      <ele>1813.0000</ele>
      <time>2010-01-01T03:43:51Z</time>
    </rtept>
    <rtept lat="41.17921000" lon="-121.847510">
      <ele>1812.0000</ele>
      <time>2010-01-01T03:43:59Z</time>
    </rtept>
    <rtept lat="41.17919000" lon="-121.847540">
      <ele>1812.0000</ele>
      <time>2010-01-01T03:44:00Z</time>
    </rtept>
    <rtept lat="41.17899000" lon="-121.847700">
      <ele>1810.0000</ele>
      <time>2010-01-01T03:44:09Z</time>
    </rtept>
    <rtept lat="41.17870000" lon="-121.847900">
      <ele>1806.0000</ele>
      <time>2010-01-01T03:44:22Z</time>
    </rtept>
    <rtept lat="41.17816000" lon="-121.848120">
      <ele>1808.0000</ele>
      <time>2010-01-01T03:44:45Z</time>
    </rtept>
    <rtept lat="41.17788000" lon="-121.848260">
      <ele>1809.0000</ele>
      <time>2010-01-01T03:44:57Z</time>
    </rtept>
    <rtept lat="41.17752000" lon="-121.848300">
      <ele>1809.0000</ele>
      <time>2010-01-01T03:45:11Z</time>
    </rtept>
    <rtept lat="41.17742000" lon="-121.848380">
      <ele>1807.0000</ele>
      <time>2010-01-01T03:45:16Z</time>
    </rtept>
    <rtept lat="41.17710000" lon="-121.848430">
      <ele>1806.0000</ele>
      <time>2010-01-01T03:45:29Z</time>
    </rtept>
    <rtept lat="41.17696000" lon="-121.848590">
      <ele>1805.0000</ele>
      <time>2010-01-01T03:45:36Z</time>
    </rtept>
    <rtept lat="41.17690000" lon="-121.848760">
      <ele>1806.0000</ele>
      <time>2010-01-01T03:45:42Z</time>
    </rtept>
    <rtept lat="41.17694000" lon="-121.849340">
      <ele>1806.0000</ele>
      <time>2010-01-01T03:46:00Z</time>
    </rtept>
    <rtept lat="41.17697000" lon="-121.849480">
      <ele>1805.0000</ele>
      <time>2010-01-01T03:46:04Z</time>
    </rtept>
    <rtept lat="41.17696000" lon="-121.849720">
      <ele>1803.0000</ele>
      <time>2010-01-01T03:46:11Z</time>
    </rtept>
    <rtept lat="41.17694000" lon="-121.850090">
      <ele>1804.0000</ele>
      <time>2010-01-01T03:46:22Z</time>
    </rtept>
    <rtept lat="41.17697000" lon="-121.850350">
      <ele>1804.0000</ele>
      <time>2010-01-01T03:46:30Z</time>
    </rtept>
    <rtept lat="41.17708000" lon="-121.850680">
      <ele>1803.0000</ele>
      <time>2010-01-01T03:46:41Z</time>
    </rtept>
    <rtept lat="41.17714000" lon="-121.851010">
      <ele>1803.0000</ele>
      <time>2010-01-01T03:46:51Z</time>
    </rtept>
    <rtept lat="41.17714000" lon="-121.851310">
      <ele>1803.0000</ele>
      <time>2010-01-01T03:47:00Z</time>
    </rtept>
    <rtept lat="41.17713000" lon="-121.851510">
      <ele>1802.0000</ele>
      <time>2010-01-01T03:47:06Z</time>
    </rtept>
    <rtept lat="41.17704000" lon="-121.851900">
      <ele>1808.0000</ele>
      <time>2010-01-01T03:47:19Z</time>
    </rtept>
    <rtept lat="41.17709000" lon="-121.852160">
      <ele>1810.0000</ele>
      <time>2010-01-01T03:47:27Z</time>
    </rtept>
    <rtept lat="41.17717000" lon="-121.852660">
      <ele>1812.0000</ele>
      <time>2010-01-01T03:47:42Z</time>
    </rtept>
    <rtept lat="41.17725000" lon="-121.852820">
      <ele>1811.0000</ele>
      <time>2010-01-01T03:47:48Z</time>
    </rtept>
    <rtept lat="41.17747000" lon="-121.852970">
      <ele>1810.0000</ele>
      <time>2010-01-01T03:47:58Z</time>
    </rtept>
    <rtept lat="41.17759000" lon="-121.853140">
      <ele>1813.0000</ele>
      <time>2010-01-01T03:48:05Z</time>
    </rtept>
    <rtept lat="41.17793000" lon="-121.853870">
      <ele>1819.0000</ele>
      <time>2010-01-01T03:48:31Z</time>
    </rtept>
    <rtept lat="41.17825000" lon="-121.854310">
      <ele>1816.0000</ele>
      <time>2010-01-01T03:48:49Z</time>
    </rtept>
    <rtept lat="41.17843000" lon="-121.854510">
      <ele>1816.0000</ele>
      <time>2010-01-01T03:48:59Z</time>
    </rtept>
    <rtept lat="41.17856000" lon="-121.854720">
      <ele>1818.0000</ele>
      <time>2010-01-01T03:49:07Z</time>
    </rtept>
    <rtept lat="41.17873000" lon="-121.855290">
      <ele>1813.0000</ele>
      <time>2010-01-01T03:49:25Z</time>
    </rtept>
    <rtept lat="41.17879000" lon="-121.855360">
      <ele>1811.0000</ele>
      <time>2010-01-01T03:49:28Z</time>
    </rtept>
    <rtept lat="41.17893000" lon="-121.855460">
      <ele>1806.0000</ele>
      <time>2010-01-01T03:49:35Z</time>
    </rtept>
    <rtept lat="41.17891000" lon="-121.855520">
      <ele>1805.0000</ele>
      <time>2010-01-01T03:49:37Z</time>
    </rtept>
    <rtept lat="41.17882000" lon="-121.855540">
      <ele>1806.0000</ele>
      <time>2010-01-01T03:49:40Z</time>
    </rtept>
    <rtept lat="41.17857000" lon="-121.855520">
      <ele>1811.0000</ele>
      <time>2010-01-01T03:49:51Z</time>
    </rtept>
    <rtept lat="41.17774000" lon="-121.855350">
      <ele>1823.0000</ele>
      <time>2010-01-01T03:50:24Z</time>
    </rtept>
    <rtept lat="41.17725000" lon="-121.855320">
      <ele>1821.0000</ele>
      <time>2010-01-01T03:50:44Z</time>
    </rtept>
    <rtept lat="41.17672000" lon="-121.855380">
      <ele>1829.0000</ele>
      <time>2010-01-01T03:51:05Z</time>
    </rtept>
    <rtept lat="41.17655000" lon="-121.855520">
      <ele>1828.0000</ele>
      <time>2010-01-01T03:51:13Z</time>
    </rtept>
    <rtept lat="41.17644000" lon="-121.855520">
      <ele>1829.0000</ele>
      <time>2010-01-01T03:51:17Z</time>
    </rtept>
    <rtept lat="41.17624000" lon="-121.855410">
      <ele>1834.0000</ele>
      <time>2010-01-01T03:51:26Z</time>
    </rtept>
    <rtept lat="41.17558000" lon="-121.855360">
      <ele>1846.0000</ele>
      <time>2010-01-01T03:51:53Z</time>
    </rtept>
    <rtept lat="41.17550000" lon="-121.855390">
      <ele>1847.0000</ele>
      <time>2010-01-01T03:51:56Z</time>
    </rtept>
    <rtept lat="41.17547000" lon="-121.855480">
      <ele>1847.0000</ele>
      <time>2010-01-01T03:51:59Z</time>
    </rtept>
    <rtept lat="41.17544000" lon="-121.855520">
      <ele>1847.0000</ele>
      <time>2010-01-01T03:52:01Z</time>
    </rtept>
    <rtept lat="41.17533000" lon="-121.855520">
      <ele>1850.0000</ele>
      <time>2010-01-01T03:52:05Z</time>
    </rtept>
    <rtept lat="41.17532000" lon="-121.855650">
      <ele>1849.0000</ele>
      <time>2010-01-01T03:52:09Z</time>
    </rtept>
    <rtept lat="41.17531000" lon="-121.855850">
      <ele>1849.0000</ele>
      <time>2010-01-01T03:52:15Z</time>
    </rtept>
    <rtept lat="41.17522000" lon="-121.856050">
      <ele>1850.0000</ele>
      <time>2010-01-01T03:52:22Z</time>
    </rtept>
    <rtept lat="41.17513000" lon="-121.856130">
      <ele>1853.0000</ele>
      <time>2010-01-01T03:52:26Z</time>
    </rtept>
    <rtept lat="41.17494000" lon="-121.856110">
      <ele>1860.0000</ele>
      <time>2010-01-01T03:52:34Z</time>
    </rtept>
    <rtept lat="41.17473000" lon="-121.856260">
      <ele>1862.0000</ele>
      <time>2010-01-01T03:52:43Z</time>
    </rtept>
    <rtept lat="41.17460000" lon="-121.856510">
      <ele>1861.0000</ele>
      <time>2010-01-01T03:52:53Z</time>
    </rtept>
    <rtept lat="41.17451000" lon="-121.856570">
      <ele>1863.0000</ele>
      <time>2010-01-01T03:52:57Z</time>
    </rtept>
    <rtept lat="41.17443000" lon="-121.856700">
      <ele>1863.0000</ele>
      <time>2010-01-01T03:53:02Z</time>
    </rtept>
    <rtept lat="41.17439000" lon="-121.856930">
      <ele>1857.0000</ele>
      <time>2010-01-01T03:53:09Z</time>
    </rtept>
    <rtept lat="41.17439000" lon="-121.857070">
      <ele>1855.0000</ele>
      <time>2010-01-01T03:53:13Z</time>
    </rtept>
    <rtept lat="41.17433000" lon="-121.857310">
      <ele>1855.0000</ele>
      <time>2010-01-01T03:53:21Z</time>
    </rtept>
    <rtept lat="41.17427000" lon="-121.857480">
      <ele>1858.0000</ele>
      <time>2010-01-01T03:53:26Z</time>
    </rtept>
    <rtept lat="41.17414000" lon="-121.857650">
      <ele>1861.0000</ele>
      <time>2010-01-01T03:53:34Z</time>
    </rtept>
    <rtept lat="41.17410000" lon="-121.857780">
      <ele>1861.0000</ele>
      <time>2010-01-01T03:53:38Z</time>
    </rtept>
    <rtept lat="41.17408000" lon="-121.858070">
      <ele>1859.0000</ele>
      <time>2010-01-01T03:53:47Z</time>
    </rtept>
    <rtept lat="41.17413000" lon="-121.858340">
      <ele>1857.0000</ele>
      <time>2010-01-01T03:53:55Z</time>
    </rtept>
    <rtept lat="41.17411000" lon="-121.858560">
      <ele>1860.0000</ele>
      <time>2010-01-01T03:54:02Z</time>
    </rtept>
    <rtept lat="41.17414000" lon="-121.858850">
      <ele>1859.0000</ele>
      <time>2010-01-01T03:54:11Z</time>
    </rtept>
    <rtept lat="41.17421000" lon="-121.859040">
      <ele>1857.0000</ele>
      <time>2010-01-01T03:54:17Z</time>
    </rtept>
    <rtept lat="41.17426000" lon="-121.859110">
      <ele>1856.0000</ele>
      <time>2010-01-01T03:54:20Z</time>
    </rtept>
    <rtept lat="41.17424000" lon="-121.859200">
      <ele>1855.0000</ele>
      <time>2010-01-01T03:54:23Z</time>
    </rtept>
    <rtept lat="41.17419000" lon="-121.859240">
      <ele>1855.0000</ele>
      <time>2010-01-01T03:54:25Z</time>
    </rtept>
    <rtept lat="41.17404000" lon="-121.859250">
      <ele>1855.0000</ele>
      <time>2010-01-01T03:54:31Z</time>
    </rtept>
    <rtept lat="41.17390000" lon="-121.859220">
      <ele>1855.0000</ele>
      <time>2010-01-01T03:54:37Z</time>
    </rtept>
    <rtept lat="41.17366000" lon="-121.859120">
      <ele>1863.0000</ele>
      <time>2010-01-01T03:54:47Z</time>
    </rtept>
    <rtept lat="41.17349000" lon="-121.859090">
      <ele>1870.0000</ele>
      <time>2010-01-01T03:54:54Z</time>
    </rtept>
    <rtept lat="41.17339000" lon="-121.859130">
      <ele>1874.0000</ele>
      <time>2010-01-01T03:54:58Z</time>
    </rtept>
    <rtept lat="41.17324000" lon="-121.859240">
      <ele>1876.0000</ele>
      <time>2010-01-01T03:55:05Z</time>
    </rtept>
    <rtept lat="41.17318000" lon="-121.859390">
      <ele>1875.0000</ele>
      <time>2010-01-01T03:55:10Z</time>
    </rtept>
    <rtept lat="41.17318000" lon="-121.859500">
      <ele>1872.0000</ele>
      <time>2010-01-01T03:55:13Z</time>
    </rtept>
    <rtept lat="41.17319000" lon="-121.859580">
      <ele>1869.0000</ele>
      <time>2010-01-01T03:55:16Z</time>
    </rtept>
    <rtept lat="41.17322000" lon="-121.859690">
      <ele>1865.0000</ele>
      <time>2010-01-01T03:55:19Z</time>
    </rtept>
    <rtept lat="41.17320000" lon="-121.859700">
      <ele>1865.0000</ele>
      <time>2010-01-01T03:55:20Z</time>
    </rtept>
    <rtept lat="41.17316000" lon="-121.859670">
      <ele>1866.0000</ele>
      <time>2010-01-01T03:55:22Z</time>
    </rtept>
    <rtept lat="41.17301000" lon="-121.859640">
      <ele>1869.0000</ele>
      <time>2010-01-01T03:55:28Z</time>
    </rtept>
    <rtept lat="41.17293000" lon="-121.859660">
      <ele>1869.0000</ele>
      <time>2010-01-01T03:55:31Z</time>
    </rtept>
    <rtept lat="41.17278000" lon="-121.859760">
      <ele>1867.0000</ele>
      <time>2010-01-01T03:55:38Z</time>
    </rtept>
    <rtept lat="41.17265000" lon="-121.859900">
      <ele>1863.0000</ele>
      <time>2010-01-01T03:55:44Z</time>
    </rtept>
    <rtept lat="41.17254000" lon="-121.860110">
      <ele>1859.0000</ele>
      <time>2010-01-01T03:55:52Z</time>
    </rtept>
    <rtept lat="41.17246000" lon="-121.860380">
      <ele>1858.0000</ele>
      <time>2010-01-01T03:56:01Z</time>
    </rtept>
    <rtept lat="41.17234000" lon="-121.860610">
      <ele>1859.0000</ele>
      <time>2010-01-01T03:56:09Z</time>
    </rtept>
    <rtept lat="41.17216000" lon="-121.860780">
      <ele>1862.0000</ele>
      <time>2010-01-01T03:56:18Z</time>
    </rtept>
    <rtept lat="41.17191000" lon="-121.861000">
      <ele>1864.0000</ele>
      <time>2010-01-01T03:56:30Z</time>
    </rtept>
    <rtept lat="41.17189000" lon="-121.861030">
      <ele>1864.0000</ele>
      <time>2010-01-01T03:56:31Z</time>
    </rtept>
    <rtept lat="41.17180000" lon="-121.861160">
      <ele>1863.0000</ele>
      <time>2010-01-01T03:56:37Z</time>
    </rtept>
    <rtept lat="41.17169000" lon="-121.861550">
      <ele>1860.0000</ele>
      <time>2010-01-01T03:56:49Z</time>
    </rtept>
    <rtept lat="41.17162000" lon="-121.862160">
      <ele>1860.0000</ele>
      <time>2010-01-01T03:57:08Z</time>
    </rtept>
    <rtept lat="41.17159000" lon="-121.862440">
      <ele>1861.0000</ele>
      <time>2010-01-01T03:57:16Z</time>
    </rtept>
    <rtept lat="41.17162000" lon="-121.862660">
      <ele>1860.0000</ele>
      <time>2010-01-01T03:57:23Z</time>
    </rtept>
    <rtept lat="41.17168000" lon="-121.862940">
      <ele>1857.0000</ele>
      <time>2010-01-01T03:57:32Z</time>
    </rtept>
    <rtept lat="41.17174000" lon="-121.863080">
      <ele>1853.0000</ele>
      <time>2010-01-01T03:57:37Z</time>
    </rtept>
    <rtept lat="41.17179000" lon="-121.863200">
      <ele>1850.0000</ele>
      <time>2010-01-01T03:57:41Z</time>
    </rtept>
    <rtept lat="41.17175000" lon="-121.863330">
      <ele>1850.0000</ele>
      <time>2010-01-01T03:57:45Z</time>
    </rtept>
    <rtept lat="41.17171000" lon="-121.863430">
      <ele>1851.0000</ele>
      <time>2010-01-01T03:57:49Z</time>
    </rtept>
    <rtept lat="41.17167000" lon="-121.863580">
      <ele>1851.0000</ele>
      <time>2010-01-01T03:57:53Z</time>
    </rtept>
    <rtept lat="41.17166000" lon="-121.863920">
      <ele>1850.0000</ele>
      <time>2010-01-01T03:58:04Z</time>
    </rtept>
    <rtept lat="41.17159000" lon="-121.864220">
      <ele>1847.0000</ele>
      <time>2010-01-01T03:58:13Z</time>
    </rtept>
    <rtept lat="41.17156000" lon="-121.864620">
      <ele>1837.0000</ele>
      <time>2010-01-01T03:58:25Z</time>
    </rtept>
    <rtept lat="41.17155000" lon="-121.864990">
      <ele>1831.0000</ele>
      <time>2010-01-01T03:58:36Z</time>
    </rtept>
    <rtept lat="41.17154000" lon="-121.865220">
      <ele>1831.0000</ele>
      <time>2010-01-01T03:58:43Z</time>
    </rtept>
    <rtept lat="41.17155000" lon="-121.865360">
      <ele>1832.0000</ele>
      <time>2010-01-01T03:58:48Z</time>
    </rtept>
    <rtept lat="41.17159000" lon="-121.865520">
      <ele>1835.0000</ele>
      <time>2010-01-01T03:58:53Z</time>
    </rtept>
    <rtept lat="41.17174000" lon="-121.865850">
      <ele>1842.0000</ele>
      <time>2010-01-01T03:59:04Z</time>
    </rtept>
    <rtept lat="41.17184000" lon="-121.866180">
      <ele>1844.0000</ele>
      <time>2010-01-01T03:59:15Z</time>
    </rtept>
    <rtept lat="41.17193000" lon="-121.866370">
      <ele>1843.0000</ele>
      <time>2010-01-01T03:59:22Z</time>
    </rtept>
    <rtept lat="41.17202000" lon="-121.866730">
      <ele>1841.0000</ele>
      <time>2010-01-01T03:59:33Z</time>
    </rtept>
    <rtept lat="41.17228000" lon="-121.867420">
      <ele>1853.0000</ele>
      <time>2010-01-01T03:59:56Z</time>
    </rtept>
    <rtept lat="41.17234000" lon="-121.867730">
      <ele>1856.0000</ele>
      <time>2010-01-01T04:00:06Z</time>
    </rtept>
    <rtept lat="41.17253000" lon="-121.868120">
      <ele>1846.0000</ele>
      <time>2010-01-01T04:00:20Z</time>
    </rtept>
    <rtept lat="41.17258000" lon="-121.868300">
      <ele>1845.0000</ele>
      <time>2010-01-01T04:00:26Z</time>
    </rtept>
    <rtept lat="41.17259000" lon="-121.868490">
      <ele>1847.0000</ele>
      <time>2010-01-01T04:00:32Z</time>
    </rtept>
    <rtept lat="41.17259000" lon="-121.868690">
      <ele>1849.0000</ele>
      <time>2010-01-01T04:00:38Z</time>
    </rtept>
    <rtept lat="41.17263000" lon="-121.869010">
      <ele>1848.0000</ele>
      <time>2010-01-01T04:00:47Z</time>
    </rtept>
    <rtept lat="41.17269000" lon="-121.869190">
      <ele>1845.0000</ele>
      <time>2010-01-01T04:00:53Z</time>
    </rtept>
    <rtept lat="41.17271000" lon="-121.869360">
      <ele>1844.0000</ele>
      <time>2010-01-01T04:00:58Z</time>
    </rtept>
    <rtept lat="41.17268000" lon="-121.869650">
      <ele>1845.0000</ele>
      <time>2010-01-01T04:01:07Z</time>
    </rtept>
    <rtept lat="41.17268000" lon="-121.869810">
      <ele>1845.0000</ele>
      <time>2010-01-01T04:01:12Z</time>
    </rtept>
    <rtept lat="41.17271000" lon="-121.869940">
      <ele>1845.0000</ele>
      <time>2010-01-01T04:01:16Z</time>
    </rtept>
    <rtept lat="41.17278000" lon="-121.870130">
      <ele>1845.0000</ele>
      <time>2010-01-01T04:01:23Z</time>
    </rtept>
    <rtept lat="41.17296000" lon="-121.870500">
      <ele>1844.0000</ele>
      <time>2010-01-01T04:01:36Z</time>
    </rtept>
    <rtept lat="41.17312000" lon="-121.870770">
      <ele>1845.0000</ele>
      <time>2010-01-01T04:01:46Z</time>
    </rtept>
    <rtept lat="41.17325000" lon="-121.871120">
      <ele>1852.0000</ele>
      <time>2010-01-01T04:01:58Z</time>
    </rtept>
    <rtept lat="41.17328000" lon="-121.871220">
      <ele>1854.0000</ele>
      <time>2010-01-01T04:02:01Z</time>
    </rtept>
    <rtept lat="41.17336000" lon="-121.871340">
      <ele>1856.0000</ele>
      <time>2010-01-01T04:02:06Z</time>
    </rtept>
    <rtept lat="41.17347000" lon="-121.871440">
      <ele>1855.0000</ele>
      <time>2010-01-01T04:02:11Z</time>
    </rtept>
    <rtept lat="41.17384000" lon="-121.871990">
      <ele>1851.0000</ele>
      <time>2010-01-01T04:02:34Z</time>
    </rtept>
    <rtept lat="41.17390000" lon="-121.872150">
      <ele>1851.0000</ele>
      <time>2010-01-01T04:02:39Z</time>
    </rtept>
    <rtept lat="41.17415000" lon="-121.872560">
      <ele>1853.0000</ele>
      <time>2010-01-01T04:02:55Z</time>
    </rtept>
    <rtept lat="41.17421000" lon="-121.872720">
      <ele>1855.0000</ele>
      <time>2010-01-01T04:03:00Z</time>
    </rtept>
    <rtept lat="41.17429000" lon="-121.872960">
      <ele>1855.0000</ele>
      <time>2010-01-01T04:03:08Z</time>
    </rtept>
    <rtept lat="41.17452000" lon="-121.873740">
      <ele>1854.0000</ele>
      <time>2010-01-01T04:03:33Z</time>
    </rtept>
    <rtept lat="41.17466000" lon="-121.874190">
      <ele>1846.0000</ele>
      <time>2010-01-01T04:03:48Z</time>
    </rtept>
    <rtept lat="41.17468000" lon="-121.874500">
      <ele>1843.0000</ele>
      <time>2010-01-01T04:03:57Z</time>
    </rtept>
    <rtept lat="41.17467000" lon="-121.874940">
      <ele>1845.0000</ele>
      <time>2010-01-01T04:04:11Z</time>
    </rtept>
    <rtept lat="41.17465000" lon="-121.875570">
      <ele>1853.0000</ele>
      <time>2010-01-01T04:04:30Z</time>
    </rtept>
    <rtept lat="41.17465000" lon="-121.875830">
      <ele>1855.0000</ele>
      <time>2010-01-01T04:04:38Z</time>
    </rtept>
    <rtept lat="41.17468000" lon="-121.876070">
      <ele>1855.0000</ele>
      <time>2010-01-01T04:04:45Z</time>
    </rtept>
    <rtept lat="41.17471000" lon="-121.876270">
      <ele>1855.0000</ele>
      <time>2010-01-01T04:04:51Z</time>
    </rtept>
    <rtept lat="41.17476000" lon="-121.876340">
      <ele>1854.0000</ele>
      <time>2010-01-01T04:04:54Z</time>
    </rtept>
    <rtept lat="41.17489000" lon="-121.876590">
      <ele>1852.0000</ele>
      <time>2010-01-01T04:05:03Z</time>
    </rtept>
    <rtept lat="41.17513000" lon="-121.876900">
      <ele>1850.0000</ele>
      <time>2010-01-01T04:05:16Z</time>
    </rtept>
    <rtept lat="41.17541000" lon="-121.877230">
      <ele>1849.0000</ele>
      <time>2010-01-01T04:05:31Z</time>
    </rtept>
    <rtept lat="41.17568000" lon="-121.877610">
      <ele>1849.0000</ele>
      <time>2010-01-01T04:05:47Z</time>
    </rtept>
    <rtept lat="41.17571000" lon="-121.877690">
      <ele>1850.0000</ele>
      <time>2010-01-01T04:05:50Z</time>
    </rtept>
    <rtept lat="41.17579000" lon="-121.878060">
      <ele>1854.0000</ele>
      <time>2010-01-01T04:06:02Z</time>
    </rtept>
    <rtept lat="41.17584000" lon="-121.878180">
      <ele>1855.0000</ele>
      <time>2010-01-01T04:06:06Z</time>
    </rtept>
    <rtept lat="41.17593000" lon="-121.878360">
      <ele>1856.0000</ele>
      <time>2010-01-01T04:06:12Z</time>
    </rtept>
    <rtept lat="41.17621000" lon="-121.878690">
      <ele>1859.0000</ele>
      <time>2010-01-01T04:06:27Z</time>
    </rtept>
    <rtept lat="41.17627000" lon="-121.878820">
      <ele>1860.0000</ele>
      <time>2010-01-01T04:06:32Z</time>
    </rtept>
    <rtept lat="41.17641000" lon="-121.878950">
      <ele>1862.0000</ele>
      <time>2010-01-01T04:06:39Z</time>
    </rtept>
    <rtept lat="41.17652000" lon="-121.878980">
      <ele>1862.0000</ele>
      <time>2010-01-01T04:06:43Z</time>
    </rtept>
    <rtept lat="41.17659000" lon="-121.879030">
      <ele>1862.0000</ele>
      <time>2010-01-01T04:06:46Z</time>
    </rtept>
    <rtept lat="41.17666000" lon="-121.879160">
      <ele>1864.0000</ele>
      <time>2010-01-01T04:06:51Z</time>
    </rtept>
    <rtept lat="41.17671000" lon="-121.879380">
      <ele>1864.0000</ele>
      <time>2010-01-01T04:06:58Z</time>
    </rtept>
    <rtept lat="41.17674000" lon="-121.879590">
      <ele>1864.0000</ele>
      <time>2010-01-01T04:07:04Z</time>
    </rtept>
    <rtept lat="41.17679000" lon="-121.880020">
      <ele>1863.0000</ele>
      <time>2010-01-01T04:07:18Z</time>
    </rtept>
    <rtept lat="41.17681000" lon="-121.880160">
      <ele>1863.0000</ele>
      <time>2010-01-01T04:07:22Z</time>
    </rtept>
    <rtept lat="41.17679000" lon="-121.880340">
      <ele>1863.0000</ele>
      <time>2010-01-01T04:07:27Z</time>
    </rtept>
    <rtept lat="41.17682000" lon="-121.880500">
      <ele>1863.0000</ele>
      <time>2010-01-01T04:07:32Z</time>
    </rtept>
    <rtept lat="41.17682000" lon="-121.880670">
      <ele>1863.0000</ele>
      <time>2010-01-01T04:07:37Z</time>
    </rtept>
    <rtept lat="41.17678000" lon="-121.880820">
      <ele>1863.0000</ele>
      <time>2010-01-01T04:07:42Z</time>
    </rtept>
    <rtept lat="41.17670000" lon="-121.881210">
      <ele>1862.0000</ele>
      <time>2010-01-01T04:07:54Z</time>
    </rtept>
    <rtept lat="41.17665000" lon="-121.881370">
      <ele>1860.0000</ele>
      <time>2010-01-01T04:08:00Z</time>
    </rtept>
    <rtept lat="41.17660000" lon="-121.881520">
      <ele>1860.0000</ele>
      <time>2010-01-01T04:08:05Z</time>
    </rtept>
    <rtept lat="41.17658000" lon="-121.881680">
      <ele>1861.0000</ele>
      <time>2010-01-01T04:08:09Z</time>
    </rtept>
    <rtept lat="41.17658000" lon="-121.881970">
      <ele>1863.0000</ele>
      <time>2010-01-01T04:08:18Z</time>
    </rtept>
    <rtept lat="41.17656000" lon="-121.882150">
      <ele>1864.0000</ele>
      <time>2010-01-01T04:08:24Z</time>
    </rtept>
    <rtept lat="41.17652000" lon="-121.882250">
      <ele>1864.0000</ele>
      <time>2010-01-01T04:08:27Z</time>
    </rtept>
    <rtept lat="41.17650000" lon="-121.882340">
      <ele>1864.0000</ele>
      <time>2010-01-01T04:08:30Z</time>
    </rtept>
    <rtept lat="41.17654000" lon="-121.882590">
      <ele>1867.0000</ele>
      <time>2010-01-01T04:08:38Z</time>
    </rtept>
    <rtept lat="41.17655000" lon="-121.882730">
      <ele>1867.0000</ele>
      <time>2010-01-01T04:08:42Z</time>
    </rtept>
    <rtept lat="41.17660000" lon="-121.882880">
      <ele>1869.0000</ele>
      <time>2010-01-01T04:08:47Z</time>
    </rtept>
    <rtept lat="41.17662000" lon="-121.882980">
      <ele>1869.0000</ele>
      <time>2010-01-01T04:08:50Z</time>
    </rtept>
    <rtept lat="41.17662000" lon="-121.883080">
      <ele>1869.0000</ele>
      <time>2010-01-01T04:08:53Z</time>
    </rtept>
    <rtept lat="41.17658000" lon="-121.883460">
      <ele>1869.0000</ele>
      <time>2010-01-01T04:09:04Z</time>
    </rtept>
    <rtept lat="41.17655000" lon="-121.883650">
      <ele>1867.0000</ele>
      <time>2010-01-01T04:09:10Z</time>
    </rtept>
    <rtept lat="41.17654000" lon="-121.883840">
      <ele>1866.0000</ele>
      <time>2010-01-01T04:09:16Z</time>
    </rtept>
    <rtept lat="41.17652000" lon="-121.883940">
      <ele>1865.0000</ele>
      <time>2010-01-01T04:09:19Z</time>
    </rtept>
    <rtept lat="41.17652000" lon="-121.884030">
      <ele>1864.0000</ele>
      <time>2010-01-01T04:09:22Z</time>
    </rtept>
    <rtept lat="41.17656000" lon="-121.884250">
      <ele>1865.0000</ele>
      <time>2010-01-01T04:09:29Z</time>
    </rtept>
    <rtept lat="41.17658000" lon="-121.884410">
      <ele>1867.0000</ele>
      <time>2010-01-01T04:09:34Z</time>
    </rtept>
    <rtept lat="41.17660000" lon="-121.884490">
      <ele>1869.0000</ele>
      <time>2010-01-01T04:09:36Z</time>
    </rtept>
    <rtept lat="41.17665000" lon="-121.884610">
      <ele>1871.0000</ele>
      <time>2010-01-01T04:09:40Z</time>
    </rtept>
    <rtept lat="41.17672000" lon="-121.884680">
      <ele>1871.0000</ele>
      <time>2010-01-01T04:09:44Z</time>
    </rtept>
    <rtept lat="41.17683000" lon="-121.884770">
      <ele>1871.0000</ele>
      <time>2010-01-01T04:09:49Z</time>
    </rtept>
    <rtept lat="41.17690000" lon="-121.884940">
      <ele>1869.0000</ele>
      <time>2010-01-01T04:09:55Z</time>
    </rtept>
    <rtept lat="41.17690000" lon="-121.885130">
      <ele>1867.0000</ele>
      <time>2010-01-01T04:10:00Z</time>
    </rtept>
    <rtept lat="41.17688000" lon="-121.885280">
      <ele>1865.0000</ele>
      <time>2010-01-01T04:10:05Z</time>
    </rtept>
    <rtept lat="41.17689000" lon="-121.885400">
      <ele>1865.0000</ele>
      <time>2010-01-01T04:10:09Z</time>
    </rtept>
    <rtept lat="41.17695000" lon="-121.885740">
      <ele>1864.0000</ele>
      <time>2010-01-01T04:10:19Z</time>
    </rtept>
    <rtept lat="41.17695000" lon="-121.885930">
      <ele>1864.0000</ele>
      <time>2010-01-01T04:10:25Z</time>
    </rtept>
    <rtept lat="41.17700000" lon="-121.886090">
      <ele>1864.0000</ele>
      <time>2010-01-01T04:10:30Z</time>
    </rtept>
    <rtept lat="41.17708000" lon="-121.886390">
      <ele>1855.0000</ele>
      <time>2010-01-01T04:10:40Z</time>
    </rtept>
    <rtept lat="41.17711000" lon="-121.886530">
      <ele>1853.0000</ele>
      <time>2010-01-01T04:10:44Z</time>
    </rtept>
    <rtept lat="41.17716000" lon="-121.886840">
      <ele>1850.0000</ele>
      <time>2010-01-01T04:10:54Z</time>
    </rtept>
    <rtept lat="41.17727000" lon="-121.887170">
      <ele>1849.0000</ele>
      <time>2010-01-01T04:11:05Z</time>
    </rtept>
    <rtept lat="41.17736000" lon="-121.887450">
      <ele>1843.0000</ele>
      <time>2010-01-01T04:11:14Z</time>
    </rtept>
    <rtept lat="41.17733000" lon="-121.887630">
      <ele>1838.0000</ele>
      <time>2010-01-01T04:11:19Z</time>
    </rtept>
    <rtept lat="41.17733000" lon="-121.887800">
      <ele>1833.0000</ele>
      <time>2010-01-01T04:11:24Z</time>
    </rtept>
    <rtept lat="41.17733000" lon="-121.888100">
      <ele>1831.0000</ele>
      <time>2010-01-01T04:11:33Z</time>
    </rtept>
    <rtept lat="41.17735000" lon="-121.888200">
      <ele>1831.0000</ele>
      <time>2010-01-01T04:11:37Z</time>
    </rtept>
    <rtept lat="41.17737000" lon="-121.888250">
      <ele>1831.0000</ele>
      <time>2010-01-01T04:11:38Z</time>
    </rtept>
    <rtept lat="41.17743000" lon="-121.888310">
      <ele>1832.0000</ele>
      <time>2010-01-01T04:11:41Z</time>
    </rtept>
    <rtept lat="41.17751000" lon="-121.888310">
      <ele>1832.0000</ele>
      <time>2010-01-01T04:11:45Z</time>
    </rtept>
    <rtept lat="41.17758000" lon="-121.888340">
      <ele>1833.0000</ele>
      <time>2010-01-01T04:11:47Z</time>
    </rtept>
    <rtept lat="41.17759000" lon="-121.888360">
      <ele>1833.0000</ele>
      <time>2010-01-01T04:11:48Z</time>
    </rtept>
    <rtept lat="41.17759000" lon="-121.888390">
      <ele>1833.0000</ele>
      <time>2010-01-01T04:11:49Z</time>
    </rtept>
    <rtept lat="41.17754000" lon="-121.888430">
      <ele>1832.0000</ele>
      <time>2010-01-01T04:11:51Z</time>
    </rtept>
    <rtept lat="41.17747000" lon="-121.888460">
      <ele>1832.0000</ele>
      <time>2010-01-01T04:11:54Z</time>
    </rtept>
    <rtept lat="41.17736000" lon="-121.888550">
      <ele>1831.0000</ele>
      <time>2010-01-01T04:12:00Z</time>
    </rtept>
    <rtept lat="41.17720000" lon="-121.888810">
      <ele>1831.0000</ele>
      <time>2010-01-01T04:12:10Z</time>
    </rtept>
    <rtept lat="41.17708000" lon="-121.889010">
      <ele>1831.0000</ele>
      <time>2010-01-01T04:12:17Z</time>
    </rtept>
    <rtept lat="41.17696000" lon="-121.889560">
      <ele>1829.0000</ele>
      <time>2010-01-01T04:12:35Z</time>
    </rtept>
    <rtept lat="41.17696000" lon="-121.889730">
      <ele>1827.0000</ele>
      <time>2010-01-01T04:12:40Z</time>
    </rtept>
    <rtept lat="41.17692000" lon="-121.889930">
      <ele>1825.0000</ele>
      <time>2010-01-01T04:12:46Z</time>
    </rtept>
    <rtept lat="41.17685000" lon="-121.890310">
      <ele>1820.0000</ele>
      <time>2010-01-01T04:12:58Z</time>
    </rtept>
    <rtept lat="41.17675000" lon="-121.890720">
      <ele>1810.0000</ele>
      <time>2010-01-01T04:13:11Z</time>
    </rtept>
    <rtept lat="41.17674000" lon="-121.890810">
      <ele>1808.0000</ele>
      <time>2010-01-01T04:13:13Z</time>
    </rtept>
    <rtept lat="41.17678000" lon="-121.890840">
      <ele>1806.0000</ele>
      <time>2010-01-01T04:13:15Z</time>
    </rtept>
    <rtept lat="41.17684000" lon="-121.890790">
      <ele>1807.0000</ele>
      <time>2010-01-01T04:13:18Z</time>
    </rtept>
    <rtept lat="41.17695000" lon="-121.890680">
      <ele>1808.0000</ele>
      <time>2010-01-01T04:13:24Z</time>
    </rtept>
    <rtept lat="41.17704000" lon="-121.890540">
      <ele>1807.0000</ele>
      <time>2010-01-01T04:13:29Z</time>
    </rtept>
    <rtept lat="41.17712000" lon="-121.890390">
      <ele>1809.0000</ele>
      <time>2010-01-01T04:13:35Z</time>
    </rtept>
    <rtept lat="41.17723000" lon="-121.890220">
      <ele>1811.0000</ele>
      <time>2010-01-01T04:13:42Z</time>
    </rtept>
    <rtept lat="41.17740000" lon="-121.890070">
      <ele>1810.0000</ele>
      <time>2010-01-01T04:13:50Z</time>
    </rtept>
    <rtept lat="41.17747000" lon="-121.890020">
      <ele>1809.0000</ele>
      <time>2010-01-01T04:13:53Z</time>
    </rtept>
    <rtept lat="41.17760000" lon="-121.890000">
      <ele>1807.0000</ele>
      <time>2010-01-01T04:13:58Z</time>
    </rtept>
    <rtept lat="41.17771000" lon="-121.890000">
      <ele>1806.0000</ele>
      <time>2010-01-01T04:14:02Z</time>
    </rtept>
    <rtept lat="41.17771000" lon="-121.890040">
      <ele>1805.0000</ele>
      <time>2010-01-01T04:14:04Z</time>
    </rtept>
    <rtept lat="41.17767000" lon="-121.890160">
      <ele>1801.0000</ele>
      <time>2010-01-01T04:14:08Z</time>
    </rtept>
    <rtept lat="41.17759000" lon="-121.890320">
      <ele>1794.0000</ele>
      <time>2010-01-01T04:14:13Z</time>
    </rtept>
    <rtept lat="41.17755000" lon="-121.890530">
      <ele>1783.0000</ele>
      <time>2010-01-01T04:14:20Z</time>
    </rtept>
    <rtept lat="41.17749000" lon="-121.890690">
      <ele>1779.0000</ele>
      <time>2010-01-01T04:14:25Z</time>
    </rtept>
    <rtept lat="41.17740000" lon="-121.890890">
      <ele>1780.0000</ele>
      <time>2010-01-01T04:14:32Z</time>
    </rtept>
    <rtept lat="41.17724000" lon="-121.891160">
      <ele>1784.0000</ele>
      <time>2010-01-01T04:14:43Z</time>
    </rtept>
    <rtept lat="41.17710000" lon="-121.891340">
      <ele>1788.0000</ele>
      <time>2010-01-01T04:14:51Z</time>
    </rtept>
    <rtept lat="41.17702000" lon="-121.891520">
      <ele>1787.0000</ele>
      <time>2010-01-01T04:14:57Z</time>
    </rtept>
    <rtept lat="41.17676000" lon="-121.892580">
      <ele>1767.0000</ele>
      <time>2010-01-01T04:15:30Z</time>
    </rtept>
    <rtept lat="41.17663000" lon="-121.892740">
      <ele>1769.0000</ele>
      <time>2010-01-01T04:15:38Z</time>
    </rtept>
    <rtept lat="41.17653000" lon="-121.892850">
      <ele>1770.0000</ele>
      <time>2010-01-01T04:15:43Z</time>
    </rtept>
    <rtept lat="41.17650000" lon="-121.892920">
      <ele>1770.0000</ele>
      <time>2010-01-01T04:15:45Z</time>
    </rtept>
    <rtept lat="41.17650000" lon="-121.893140">
      <ele>1766.0000</ele>
      <time>2010-01-01T04:15:52Z</time>
    </rtept>
    <rtept lat="41.17646000" lon="-121.893270">
      <ele>1764.0000</ele>
      <time>2010-01-01T04:15:56Z</time>
    </rtept>
    <rtept lat="41.17643000" lon="-121.893330">
      <ele>1762.0000</ele>
      <time>2010-01-01T04:15:58Z</time>
    </rtept>
    <rtept lat="41.17632000" lon="-121.893410">
      <ele>1761.0000</ele>
      <time>2010-01-01T04:16:03Z</time>
    </rtept>
    <rtept lat="41.17627000" lon="-121.893420">
      <ele>1761.0000</ele>
      <time>2010-01-01T04:16:05Z</time>
    </rtept>
    <rtept lat="41.17625000" lon="-121.893470">
      <ele>1759.0000</ele>
      <time>2010-01-01T04:16:07Z</time>
    </rtept>
    <rtept lat="41.17632000" lon="-121.893480">
      <ele>1759.0000</ele>
      <time>2010-01-01T04:16:10Z</time>
    </rtept>
    <rtept lat="41.17641000" lon="-121.893470">
      <ele>1760.0000</ele>
      <time>2010-01-01T04:16:13Z</time>
    </rtept>
    <rtept lat="41.17653000" lon="-121.893430">
      <ele>1760.0000</ele>
      <time>2010-01-01T04:16:18Z</time>
    </rtept>
    <rtept lat="41.17663000" lon="-121.893290">
      <ele>1762.0000</ele>
      <time>2010-01-01T04:16:24Z</time>
    </rtept>
    <rtept lat="41.17668000" lon="-121.893170">
      <ele>1763.0000</ele>
      <time>2010-01-01T04:16:28Z</time>
    </rtept>
    <rtept lat="41.17671000" lon="-121.893180">
      <ele>1763.0000</ele>
      <time>2010-01-01T04:16:29Z</time>
    </rtept>
    <rtept lat="41.17675000" lon="-121.893230">
      <ele>1761.0000</ele>
      <time>2010-01-01T04:16:32Z</time>
    </rtept>
    <rtept lat="41.17679000" lon="-121.893490">
      <ele>1756.0000</ele>
      <time>2010-01-01T04:16:40Z</time>
    </rtept>
    <rtept lat="41.17679000" lon="-121.893580">
      <ele>1755.0000</ele>
      <time>2010-01-01T04:16:42Z</time>
    </rtept>
    <rtept lat="41.17675000" lon="-121.893660">
      <ele>1753.0000</ele>
      <time>2010-01-01T04:16:45Z</time>
    </rtept>
    <rtept lat="41.17663000" lon="-121.893760">
      <ele>1751.0000</ele>
      <time>2010-01-01T04:16:51Z</time>
    </rtept>
    <rtept lat="41.17632000" lon="-121.893870">
      <ele>1747.0000</ele>
      <time>2010-01-01T04:17:04Z</time>
    </rtept>
    <rtept lat="41.17622000" lon="-121.893900">
      <ele>1745.0000</ele>
      <time>2010-01-01T04:17:08Z</time>
    </rtept>
    <rtept lat="41.17614000" lon="-121.893890">
      <ele>1745.0000</ele>
      <time>2010-01-01T04:17:11Z</time>
    </rtept>
    <rtept lat="41.17606000" lon="-121.893850">
      <ele>1746.0000</ele>
      <time>2010-01-01T04:17:15Z</time>
    </rtept>
    <rtept lat="41.17602000" lon="-121.893860">
      <ele>1746.0000</ele>
      <time>2010-01-01T04:17:16Z</time>
    </rtept>
    <rtept lat="41.17596000" lon="-121.893970">
      <ele>1743.0000</ele>
      <time>2010-01-01T04:17:20Z</time>
    </rtept>
    <rtept lat="41.17583000" lon="-121.894150">
      <ele>1738.0000</ele>
      <time>2010-01-01T04:17:28Z</time>
    </rtept>
    <rtept lat="41.17571000" lon="-121.894250">
      <ele>1737.0000</ele>
      <time>2010-01-01T04:17:33Z</time>
    </rtept>
    <rtept lat="41.17559000" lon="-121.894260">
      <ele>1738.0000</ele>
      <time>2010-01-01T04:17:38Z</time>
    </rtept>
    <rtept lat="41.17541000" lon="-121.894260">
      <ele>1738.0000</ele>
      <time>2010-01-01T04:17:45Z</time>
    </rtept>
    <rtept lat="41.17528000" lon="-121.894370">
      <ele>1735.0000</ele>
      <time>2010-01-01T04:17:52Z</time>
    </rtept>
    <rtept lat="41.17520000" lon="-121.894390">
      <ele>1734.0000</ele>
      <time>2010-01-01T04:17:55Z</time>
    </rtept>
    <rtept lat="41.17515000" lon="-121.894390">
      <ele>1734.0000</ele>
      <time>2010-01-01T04:17:57Z</time>
    </rtept>
    <rtept lat="41.17498000" lon="-121.894580">
      <ele>1730.0000</ele>
      <time>2010-01-01T04:18:06Z</time>
    </rtept>
    <rtept lat="41.17489000" lon="-121.894650">
      <ele>1728.0000</ele>
      <time>2010-01-01T04:18:10Z</time>
    </rtept>
    <rtept lat="41.17482000" lon="-121.894680">
      <ele>1727.0000</ele>
      <time>2010-01-01T04:18:13Z</time>
    </rtept>
    <rtept lat="41.17474000" lon="-121.894670">
      <ele>1726.0000</ele>
      <time>2010-01-01T04:18:16Z</time>
    </rtept>
    <rtept lat="41.17475000" lon="-121.894700">
      <ele>1725.0000</ele>
      <time>2010-01-01T04:18:17Z</time>
    </rtept>
    <rtept lat="41.17485000" lon="-121.894750">
      <ele>1726.0000</ele>
      <time>2010-01-01T04:18:21Z</time>
    </rtept>
    <rtept lat="41.17492000" lon="-121.894750">
      <ele>1727.0000</ele>
      <time>2010-01-01T04:18:24Z</time>
    </rtept>
    <rtept lat="41.17497000" lon="-121.894720">
      <ele>1729.0000</ele>
      <time>2010-01-01T04:18:26Z</time>
    </rtept>
    <rtept lat="41.17500000" lon="-121.894730">
      <ele>1729.0000</ele>
      <time>2010-01-01T04:18:28Z</time>
    </rtept>
    <rtept lat="41.17504000" lon="-121.894710">
      <ele>1729.0000</ele>
      <time>2010-01-01T04:18:29Z</time>
    </rtept>
    <rtept lat="41.17507000" lon="-121.894720">
      <ele>1729.0000</ele>
      <time>2010-01-01T04:18:31Z</time>
    </rtept>
    <rtept lat="41.17507000" lon="-121.894750">
      <ele>1729.0000</ele>
      <time>2010-01-01T04:18:31Z</time>
    </rtept>
    <rtept lat="41.17500000" lon="-121.894800">
      <ele>1728.0000</ele>
      <time>2010-01-01T04:18:35Z</time>
    </rtept>
    <rtept lat="41.17493000" lon="-121.894880">
      <ele>1725.0000</ele>
      <time>2010-01-01T04:18:38Z</time>
    </rtept>
    <rtept lat="41.17482000" lon="-121.894950">
      <ele>1721.0000</ele>
      <time>2010-01-01T04:18:43Z</time>
    </rtept>
    <rtept lat="41.17471000" lon="-121.895010">
      <ele>1718.0000</ele>
      <time>2010-01-01T04:18:48Z</time>
    </rtept>
    <rtept lat="41.17454000" lon="-121.895160">
      <ele>1712.0000</ele>
      <time>2010-01-01T04:18:56Z</time>
    </rtept>
    <rtept lat="41.17441000" lon="-121.895250">
      <ele>1709.0000</ele>
      <time>2010-01-01T04:19:02Z</time>
    </rtept>
    <rtept lat="41.17433000" lon="-121.895320">
      <ele>1708.0000</ele>
      <time>2010-01-01T04:19:06Z</time>
    </rtept>
    <rtept lat="41.17427000" lon="-121.895470">
      <ele>1707.0000</ele>
      <time>2010-01-01T04:19:11Z</time>
    </rtept>
    <rtept lat="41.17421000" lon="-121.895610">
      <ele>1706.0000</ele>
      <time>2010-01-01T04:19:16Z</time>
    </rtept>
    <rtept lat="41.17415000" lon="-121.895720">
      <ele>1704.0000</ele>
      <time>2010-01-01T04:19:20Z</time>
    </rtept>
    <rtept lat="41.17408000" lon="-121.895810">
      <ele>1703.0000</ele>
      <time>2010-01-01T04:19:24Z</time>
    </rtept>
    <rtept lat="41.17400000" lon="-121.895890">
      <ele>1701.0000</ele>
      <time>2010-01-01T04:19:28Z</time>
    </rtept>
    <rtept lat="41.17400000" lon="-121.895900">
      <ele>1701.0000</ele>
      <time>2010-01-01T04:19:28Z</time>
    </rtept>
    <rtept lat="41.17388000" lon="-121.895950">
      <ele>1700.0000</ele>
      <time>2010-01-01T04:19:33Z</time>
    </rtept>
    <rtept lat="41.17383000" lon="-121.896010">
      <ele>1699.0000</ele>
      <time>2010-01-01T04:19:36Z</time>
    </rtept>
    <rtept lat="41.17382000" lon="-121.896120">
      <ele>1701.0000</ele>
      <time>2010-01-01T04:19:39Z</time>
    </rtept>
    <rtept lat="41.17380000" lon="-121.896200">
      <ele>1702.0000</ele>
      <time>2010-01-01T04:19:42Z</time>
    </rtept>
    <rtept lat="41.17364000" lon="-121.896530">
      <ele>1706.0000</ele>
      <time>2010-01-01T04:19:54Z</time>
    </rtept>
    <rtept lat="41.17358000" lon="-121.896640">
      <ele>1706.0000</ele>
      <time>2010-01-01T04:19:58Z</time>
    </rtept>
    <rtept lat="41.17354000" lon="-121.896740">
      <ele>1705.0000</ele>
      <time>2010-01-01T04:20:01Z</time>
    </rtept>
    <rtept lat="41.17349000" lon="-121.896840">
      <ele>1703.0000</ele>
      <time>2010-01-01T04:20:05Z</time>
    </rtept>
    <rtept lat="41.17349000" lon="-121.896910">
      <ele>1703.0000</ele>
      <time>2010-01-01T04:20:07Z</time>
    </rtept>
    <rtept lat="41.17354000" lon="-121.896990">
      <ele>1704.0000</ele>
      <time>2010-01-01T04:20:10Z</time>
    </rtept>
    <rtept lat="41.17355000" lon="-121.897070">
      <ele>1705.0000</ele>
      <time>2010-01-01T04:20:12Z</time>
    </rtept>
    <rtept lat="41.17352000" lon="-121.897160">
      <ele>1704.0000</ele>
      <time>2010-01-01T04:20:15Z</time>
    </rtept>
    <rtept lat="41.17347000" lon="-121.897400">
      <ele>1705.0000</ele>
      <time>2010-01-01T04:20:23Z</time>
    </rtept>
    <rtept lat="41.17343000" lon="-121.897500">
      <ele>1706.0000</ele>
      <time>2010-01-01T04:20:26Z</time>
    </rtept>
    <rtept lat="41.17340000" lon="-121.897660">
      <ele>1709.0000</ele>
      <time>2010-01-01T04:20:31Z</time>
    </rtept>
    <rtept lat="41.17339000" lon="-121.897780">
      <ele>1712.0000</ele>
      <time>2010-01-01T04:20:35Z</time>
    </rtept>
    <rtept lat="41.17336000" lon="-121.897910">
      <ele>1712.0000</ele>
      <time>2010-01-01T04:20:39Z</time>
    </rtept>
    <rtept lat="41.17332000" lon="-121.898010">
      <ele>1712.0000</ele>
      <time>2010-01-01T04:20:42Z</time>
    </rtept>
    <rtept lat="41.17328000" lon="-121.898070">
      <ele>1712.0000</ele>
      <time>2010-01-01T04:20:45Z</time>
    </rtept>
    <rtept lat="41.17324000" lon="-121.898170">
      <ele>1711.0000</ele>
      <time>2010-01-01T04:20:48Z</time>
    </rtept>
    <rtept lat="41.17318000" lon="-121.898270">
      <ele>1710.0000</ele>
      <time>2010-01-01T04:20:52Z</time>
    </rtept>
    <rtept lat="41.17308000" lon="-121.898330">
      <ele>1709.0000</ele>
      <time>2010-01-01T04:20:56Z</time>
    </rtept>
    <rtept lat="41.17300000" lon="-121.898400">
      <ele>1711.0000</ele>
      <time>2010-01-01T04:21:00Z</time>
    </rtept>
    <rtept lat="41.17289000" lon="-121.898520">
      <ele>1716.0000</ele>
      <time>2010-01-01T04:21:06Z</time>
    </rtept>
    <rtept lat="41.17279000" lon="-121.898580">
      <ele>1720.0000</ele>
      <time>2010-01-01T04:21:10Z</time>
    </rtept>
    <rtept lat="41.17271000" lon="-121.898600">
      <ele>1720.0000</ele>
      <time>2010-01-01T04:21:14Z</time>
    </rtept>
    <rtept lat="41.17266000" lon="-121.898640">
      <ele>1720.0000</ele>
      <time>2010-01-01T04:21:16Z</time>
    </rtept>
    <rtept lat="41.17256000" lon="-121.898910">
      <ele>1724.0000</ele>
      <time>2010-01-01T04:21:25Z</time>
    </rtept>
    <rtept lat="41.17244000" lon="-121.899160">
      <ele>1723.0000</ele>
      <time>2010-01-01T04:21:34Z</time>
    </rtept>
    <rtept lat="41.17243000" lon="-121.899580">
      <ele>1722.0000</ele>
      <time>2010-01-01T04:21:47Z</time>
    </rtept>
    <rtept lat="41.17238000" lon="-121.899680">
      <ele>1720.0000</ele>
      <time>2010-01-01T04:21:50Z</time>
    </rtept>
    <rtept lat="41.17233000" lon="-121.899750">
      <ele>1720.0000</ele>
      <time>2010-01-01T04:21:53Z</time>
    </rtept>
    <rtept lat="41.17229000" lon="-121.899880">
      <ele>1721.0000</ele>
      <time>2010-01-01T04:21:57Z</time>
    </rtept>
    <rtept lat="41.17220000" lon="-121.900030">
      <ele>1723.0000</ele>
      <time>2010-01-01T04:22:03Z</time>
    </rtept>
    <rtept lat="41.17219000" lon="-121.900060">
      <ele>1724.0000</ele>
      <time>2010-01-01T04:22:04Z</time>
    </rtept>
    <rtept lat="41.17216000" lon="-121.900140">
      <ele>1725.0000</ele>
      <time>2010-01-01T04:22:07Z</time>
    </rtept>
    <rtept lat="41.17212000" lon="-121.900280">
      <ele>1727.0000</ele>
      <time>2010-01-01T04:22:11Z</time>
    </rtept>
    <rtept lat="41.17212000" lon="-121.900400">
      <ele>1728.0000</ele>
      <time>2010-01-01T04:22:15Z</time>
    </rtept>
    <rtept lat="41.17205000" lon="-121.900570">
      <ele>1727.0000</ele>
      <time>2010-01-01T04:22:21Z</time>
    </rtept>
    <rtept lat="41.17198000" lon="-121.900670">
      <ele>1725.0000</ele>
      <time>2010-01-01T04:22:25Z</time>
    </rtept>
    <rtept lat="41.17195000" lon="-121.900740">
      <ele>1724.0000</ele>
      <time>2010-01-01T04:22:27Z</time>
    </rtept>
    <rtept lat="41.17193000" lon="-121.900820">
      <ele>1723.0000</ele>
      <time>2010-01-01T04:22:30Z</time>
    </rtept>
    <rtept lat="41.17188000" lon="-121.901080">
      <ele>1725.0000</ele>
      <time>2010-01-01T04:22:38Z</time>
    </rtept>
    <rtept lat="41.17189000" lon="-121.901190">
      <ele>1726.0000</ele>
      <time>2010-01-01T04:22:41Z</time>
    </rtept>
    <rtept lat="41.17187000" lon="-121.901240">
      <ele>1726.0000</ele>
      <time>2010-01-01T04:22:43Z</time>
    </rtept>
    <rtept lat="41.17183000" lon="-121.901280">
      <ele>1726.0000</ele>
      <time>2010-01-01T04:22:45Z</time>
    </rtept>
    <rtept lat="41.17181000" lon="-121.901430">
      <ele>1727.0000</ele>
      <time>2010-01-01T04:22:50Z</time>
    </rtept>
    <rtept lat="41.17182000" lon="-121.901520">
      <ele>1727.0000</ele>
      <time>2010-01-01T04:22:52Z</time>
    </rtept>
    <rtept lat="41.17184000" lon="-121.901610">
      <ele>1727.0000</ele>
      <time>2010-01-01T04:22:55Z</time>
    </rtept>
    <rtept lat="41.17188000" lon="-121.901710">
      <ele>1728.0000</ele>
      <time>2010-01-01T04:22:59Z</time>
    </rtept>
    <rtept lat="41.17194000" lon="-121.901810">
      <ele>1730.0000</ele>
      <time>2010-01-01T04:23:02Z</time>
    </rtept>
    <rtept lat="41.17200000" lon="-121.901890">
      <ele>1732.0000</ele>
      <time>2010-01-01T04:23:06Z</time>
    </rtept>
    <rtept lat="41.17211000" lon="-121.902000">
      <ele>1733.0000</ele>
      <time>2010-01-01T04:23:11Z</time>
    </rtept>
    <rtept lat="41.17217000" lon="-121.902130">
      <ele>1735.0000</ele>
      <time>2010-01-01T04:23:16Z</time>
    </rtept>
    <rtept lat="41.17220000" lon="-121.902210">
      <ele>1736.0000</ele>
      <time>2010-01-01T04:23:19Z</time>
    </rtept>
    <rtept lat="41.17213000" lon="-121.902650">
      <ele>1736.0000</ele>
      <time>2010-01-01T04:23:32Z</time>
    </rtept>
    <rtept lat="41.17215000" lon="-121.902740">
      <ele>1736.0000</ele>
      <time>2010-01-01T04:23:35Z</time>
    </rtept>
    <rtept lat="41.17219000" lon="-121.902820">
      <ele>1737.0000</ele>
      <time>2010-01-01T04:23:38Z</time>
    </rtept>
    <rtept lat="41.17226000" lon="-121.902860">
      <ele>1736.0000</ele>
      <time>2010-01-01T04:23:41Z</time>
    </rtept>
    <rtept lat="41.17233000" lon="-121.902940">
      <ele>1737.0000</ele>
      <time>2010-01-01T04:23:45Z</time>
    </rtept>
    <rtept lat="41.17243000" lon="-121.903210">
      <ele>1743.0000</ele>
      <time>2010-01-01T04:23:54Z</time>
    </rtept>
    <rtept lat="41.17244000" lon="-121.903330">
      <ele>1747.0000</ele>
      <time>2010-01-01T04:23:57Z</time>
    </rtept>
    <rtept lat="41.17247000" lon="-121.903380">
      <ele>1747.0000</ele>
      <time>2010-01-01T04:23:59Z</time>
    </rtept>
    <rtept lat="41.17268000" lon="-121.903460">
      <ele>1745.0000</ele>
      <time>2010-01-01T04:24:08Z</time>
    </rtept>
    <rtept lat="41.17281000" lon="-121.903440">
      <ele>1742.0000</ele>
      <time>2010-01-01T04:24:13Z</time>
    </rtept>
    <rtept lat="41.17291000" lon="-121.903400">
      <ele>1742.0000</ele>
      <time>2010-01-01T04:24:17Z</time>
    </rtept>
    <rtept lat="41.17298000" lon="-121.903370">
      <ele>1742.0000</ele>
      <time>2010-01-01T04:24:20Z</time>
    </rtept>
    <rtept lat="41.17310000" lon="-121.903370">
      <ele>1742.0000</ele>
      <time>2010-01-01T04:24:25Z</time>
    </rtept>
    <rtept lat="41.17323000" lon="-121.903290">
      <ele>1740.0000</ele>
      <time>2010-01-01T04:24:31Z</time>
    </rtept>
    <rtept lat="41.17335000" lon="-121.903260">
      <ele>1740.0000</ele>
      <time>2010-01-01T04:24:36Z</time>
    </rtept>
    <rtept lat="41.17348000" lon="-121.903250">
      <ele>1738.0000</ele>
      <time>2010-01-01T04:24:41Z</time>
    </rtept>
    <rtept lat="41.17363000" lon="-121.903160">
      <ele>1736.0000</ele>
      <time>2010-01-01T04:24:48Z</time>
    </rtept>
    <rtept lat="41.17367000" lon="-121.903170">
      <ele>1735.0000</ele>
      <time>2010-01-01T04:24:49Z</time>
    </rtept>
    <rtept lat="41.17368000" lon="-121.903280">
      <ele>1735.0000</ele>
      <time>2010-01-01T04:24:53Z</time>
    </rtept>
    <rtept lat="41.17366000" lon="-121.903540">
      <ele>1734.0000</ele>
      <time>2010-01-01T04:25:01Z</time>
    </rtept>
    <rtept lat="41.17364000" lon="-121.903680">
      <ele>1733.0000</ele>
      <time>2010-01-01T04:25:05Z</time>
    </rtept>
    <rtept lat="41.17357000" lon="-121.903910">
      <ele>1732.0000</ele>
      <time>2010-01-01T04:25:12Z</time>
    </rtept>
    <rtept lat="41.17352000" lon="-121.904200">
      <ele>1729.0000</ele>
      <time>2010-01-01T04:25:21Z</time>
    </rtept>
    <rtept lat="41.17351000" lon="-121.904300">
      <ele>1728.0000</ele>
      <time>2010-01-01T04:25:24Z</time>
    </rtept>
    <rtept lat="41.17345000" lon="-121.904440">
      <ele>1727.0000</ele>
      <time>2010-01-01T04:25:29Z</time>
    </rtept>
    <rtept lat="41.17330000" lon="-121.904660">
      <ele>1728.0000</ele>
      <time>2010-01-01T04:25:38Z</time>
    </rtept>
    <rtept lat="41.17324000" lon="-121.904910">
      <ele>1725.0000</ele>
      <time>2010-01-01T04:25:46Z</time>
    </rtept>
    <rtept lat="41.17314000" lon="-121.905160">
      <ele>1725.0000</ele>
      <time>2010-01-01T04:25:55Z</time>
    </rtept>
    <rtept lat="41.17303000" lon="-121.905370">
      <ele>1729.0000</ele>
      <time>2010-01-01T04:26:02Z</time>
    </rtept>
    <rtept lat="41.17296000" lon="-121.905540">
      <ele>1731.0000</ele>
      <time>2010-01-01T04:26:08Z</time>
    </rtept>
    <rtept lat="41.17295000" lon="-121.905650">
      <ele>1731.0000</ele>
      <time>2010-01-01T04:26:11Z</time>
    </rtept>
    <rtept lat="41.17298000" lon="-121.905710">
      <ele>1730.0000</ele>
      <time>2010-01-01T04:26:14Z</time>
    </rtept>
    <rtept lat="41.17319000" lon="-121.906120">
      <ele>1720.0000</ele>
      <time>2010-01-01T04:26:29Z</time>
    </rtept>
    <rtept lat="41.17321000" lon="-121.906210">
      <ele>1719.0000</ele>
      <time>2010-01-01T04:26:31Z</time>
    </rtept>
    <rtept lat="41.17317000" lon="-121.906320">
      <ele>1719.0000</ele>
      <time>2010-01-01T04:26:35Z</time>
    </rtept>
    <rtept lat="41.17313000" lon="-121.906340">
      <ele>1719.0000</ele>
      <time>2010-01-01T04:26:37Z</time>
    </rtept>
    <rtept lat="41.17306000" lon="-121.906330">
      <ele>1721.0000</ele>
      <time>2010-01-01T04:26:40Z</time>
    </rtept>
    <rtept lat="41.17288000" lon="-121.906470">
      <ele>1725.0000</ele>
      <time>2010-01-01T04:26:48Z</time>
    </rtept>
    <rtept lat="41.17284000" lon="-121.906500">
      <ele>1726.0000</ele>
      <time>2010-01-01T04:26:50Z</time>
    </rtept>
    <rtept lat="41.17269000" lon="-121.906570">
      <ele>1729.0000</ele>
      <time>2010-01-01T04:26:56Z</time>
    </rtept>
    <rtept lat="41.17256000" lon="-121.906600">
      <ele>1733.0000</ele>
      <time>2010-01-01T04:27:01Z</time>
    </rtept>
    <rtept lat="41.17251000" lon="-121.906660">
      <ele>1734.0000</ele>
      <time>2010-01-01T04:27:04Z</time>
    </rtept>
    <rtept lat="41.17251000" lon="-121.906730">
      <ele>1734.0000</ele>
      <time>2010-01-01T04:27:06Z</time>
    </rtept>
    <rtept lat="41.17252000" lon="-121.906860">
      <ele>1733.0000</ele>
      <time>2010-01-01T04:27:10Z</time>
    </rtept>
    <rtept lat="41.17263000" lon="-121.907110">
      <ele>1728.0000</ele>
      <time>2010-01-01T04:27:19Z</time>
    </rtept>
    <rtept lat="41.17267000" lon="-121.907240">
      <ele>1726.0000</ele>
      <time>2010-01-01T04:27:23Z</time>
    </rtept>
    <rtept lat="41.17270000" lon="-121.907450">
      <ele>1724.0000</ele>
      <time>2010-01-01T04:27:30Z</time>
    </rtept>
    <rtept lat="41.17267000" lon="-121.907850">
      <ele>1722.0000</ele>
      <time>2010-01-01T04:27:42Z</time>
    </rtept>
    <rtept lat="41.17263000" lon="-121.908130">
      <ele>1719.0000</ele>
      <time>2010-01-01T04:27:50Z</time>
    </rtept>
    <rtept lat="41.17263000" lon="-121.908230">
      <ele>1718.0000</ele>
      <time>2010-01-01T04:27:53Z</time>
    </rtept>
    <rtept lat="41.17261000" lon="-121.908310">
      <ele>1718.0000</ele>
      <time>2010-01-01T04:27:56Z</time>
    </rtept>
    <rtept lat="41.17255000" lon="-121.908370">
      <ele>1720.0000</ele>
      <time>2010-01-01T04:27:59Z</time>
    </rtept>
    <rtept lat="41.17246000" lon="-121.908350">
      <ele>1724.0000</ele>
      <time>2010-01-01T04:28:02Z</time>
    </rtept>
    <rtept lat="41.17238000" lon="-121.908300">
      <ele>1728.0000</ele>
      <time>2010-01-01T04:28:06Z</time>
    </rtept>
    <rtept lat="41.17231000" lon="-121.908280">
      <ele>1731.0000</ele>
      <time>2010-01-01T04:28:09Z</time>
    </rtept>
    <rtept lat="41.17225000" lon="-121.908330">
      <ele>1732.0000</ele>
      <time>2010-01-01T04:28:12Z</time>
    </rtept>
    <rtept lat="41.17224000" lon="-121.908410">
      <ele>1732.0000</ele>
      <time>2010-01-01T04:28:14Z</time>
    </rtept>
    <rtept lat="41.17227000" lon="-121.908540">
      <ele>1730.0000</ele>
      <time>2010-01-01T04:28:18Z</time>
    </rtept>
    <rtept lat="41.17227000" lon="-121.908640">
      <ele>1729.0000</ele>
      <time>2010-01-01T04:28:21Z</time>
    </rtept>
    <rtept lat="41.17222000" lon="-121.908740">
      <ele>1730.0000</ele>
      <time>2010-01-01T04:28:25Z</time>
    </rtept>
    <rtept lat="41.17215000" lon="-121.908850">
      <ele>1729.0000</ele>
      <time>2010-01-01T04:28:29Z</time>
    </rtept>
    <rtept lat="41.17203000" lon="-121.909000">
      <ele>1730.0000</ele>
      <time>2010-01-01T04:28:36Z</time>
    </rtept>
    <rtept lat="41.17192000" lon="-121.909070">
      <ele>1731.0000</ele>
      <time>2010-01-01T04:28:41Z</time>
    </rtept>
    <rtept lat="41.17179000" lon="-121.909130">
      <ele>1732.0000</ele>
      <time>2010-01-01T04:28:46Z</time>
    </rtept>
    <rtept lat="41.17171000" lon="-121.909140">
      <ele>1733.0000</ele>
      <time>2010-01-01T04:28:49Z</time>
    </rtept>
    <rtept lat="41.17160000" lon="-121.909100">
      <ele>1734.0000</ele>
      <time>2010-01-01T04:28:54Z</time>
    </rtept>
    <rtept lat="41.17149000" lon="-121.909010">
      <ele>1735.0000</ele>
      <time>2010-01-01T04:28:59Z</time>
    </rtept>
    <rtept lat="41.17138000" lon="-121.908860">
      <ele>1738.0000</ele>
      <time>2010-01-01T04:29:05Z</time>
    </rtept>
    <rtept lat="41.17128000" lon="-121.908700">
      <ele>1737.0000</ele>
      <time>2010-01-01T04:29:12Z</time>
    </rtept>
    <rtept lat="41.17123000" lon="-121.908620">
      <ele>1737.0000</ele>
      <time>2010-01-01T04:29:15Z</time>
    </rtept>
    <rtept lat="41.17115000" lon="-121.908590">
      <ele>1735.0000</ele>
      <time>2010-01-01T04:29:18Z</time>
    </rtept>
    <rtept lat="41.17107000" lon="-121.908510">
      <ele>1734.0000</ele>
      <time>2010-01-01T04:29:22Z</time>
    </rtept>
    <rtept lat="41.17106000" lon="-121.908440">
      <ele>1734.0000</ele>
      <time>2010-01-01T04:29:24Z</time>
    </rtept>
    <rtept lat="41.17109000" lon="-121.908350">
      <ele>1734.0000</ele>
      <time>2010-01-01T04:29:27Z</time>
    </rtept>
    <rtept lat="41.17107000" lon="-121.908260">
      <ele>1734.0000</ele>
      <time>2010-01-01T04:29:30Z</time>
    </rtept>
    <rtept lat="41.17101000" lon="-121.908180">
      <ele>1734.0000</ele>
      <time>2010-01-01T04:29:34Z</time>
    </rtept>
    <rtept lat="41.17094000" lon="-121.908100">
      <ele>1733.0000</ele>
      <time>2010-01-01T04:29:37Z</time>
    </rtept>
    <rtept lat="41.17089000" lon="-121.907940">
      <ele>1734.0000</ele>
      <time>2010-01-01T04:29:42Z</time>
    </rtept>
    <rtept lat="41.17088000" lon="-121.907810">
      <ele>1735.0000</ele>
      <time>2010-01-01T04:29:46Z</time>
    </rtept>
    <rtept lat="41.17089000" lon="-121.907700">
      <ele>1736.0000</ele>
      <time>2010-01-01T04:29:50Z</time>
    </rtept>
    <rtept lat="41.17088000" lon="-121.907640">
      <ele>1737.0000</ele>
      <time>2010-01-01T04:29:52Z</time>
    </rtept>
    <rtept lat="41.17082000" lon="-121.907610">
      <ele>1737.0000</ele>
      <time>2010-01-01T04:29:54Z</time>
    </rtept>
    <rtept lat="41.17077000" lon="-121.907600">
      <ele>1736.0000</ele>
      <time>2010-01-01T04:29:56Z</time>
    </rtept>
    <rtept lat="41.17074000" lon="-121.907690">
      <ele>1735.0000</ele>
      <time>2010-01-01T04:29:59Z</time>
    </rtept>
    <rtept lat="41.17069000" lon="-121.907760">
      <ele>1734.0000</ele>
      <time>2010-01-01T04:30:02Z</time>
    </rtept>
    <rtept lat="41.17059000" lon="-121.907850">
      <ele>1732.0000</ele>
      <time>2010-01-01T04:30:07Z</time>
    </rtept>
    <rtept lat="41.17053000" lon="-121.907960">
      <ele>1730.0000</ele>
      <time>2010-01-01T04:30:11Z</time>
    </rtept>
    <rtept lat="41.17029000" lon="-121.908460">
      <ele>1723.0000</ele>
      <time>2010-01-01T04:30:29Z</time>
    </rtept>
    <rtept lat="41.17024000" lon="-121.908520">
      <ele>1723.0000</ele>
      <time>2010-01-01T04:30:32Z</time>
    </rtept>
    <rtept lat="41.17020000" lon="-121.908560">
      <ele>1722.0000</ele>
      <time>2010-01-01T04:30:34Z</time>
    </rtept>
    <rtept lat="41.17013000" lon="-121.908560">
      <ele>1722.0000</ele>
      <time>2010-01-01T04:30:36Z</time>
    </rtept>
    <rtept lat="41.17006000" lon="-121.908520">
      <ele>1723.0000</ele>
      <time>2010-01-01T04:30:39Z</time>
    </rtept>
    <rtept lat="41.16997000" lon="-121.908490">
      <ele>1723.0000</ele>
      <time>2010-01-01T04:30:43Z</time>
    </rtept>
    <rtept lat="41.16987000" lon="-121.908490">
      <ele>1723.0000</ele>
      <time>2010-01-01T04:30:47Z</time>
    </rtept>
    <rtept lat="41.16981000" lon="-121.908510">
      <ele>1723.0000</ele>
      <time>2010-01-01T04:30:50Z</time>
    </rtept>
    <rtept lat="41.16973000" lon="-121.908590">
      <ele>1723.0000</ele>
      <time>2010-01-01T04:30:54Z</time>
    </rtept>
    <rtept lat="41.16966000" lon="-121.908710">
      <ele>1723.0000</ele>
      <time>2010-01-01T04:30:58Z</time>
    </rtept>
    <rtept lat="41.16961000" lon="-121.908800">
      <ele>1724.0000</ele>
      <time>2010-01-01T04:31:02Z</time>
    </rtept>
    <rtept lat="41.16959000" lon="-121.908880">
      <ele>1724.0000</ele>
      <time>2010-01-01T04:31:04Z</time>
    </rtept>
    <rtept lat="41.16962000" lon="-121.909140">
      <ele>1725.0000</ele>
      <time>2010-01-01T04:31:12Z</time>
    </rtept>
    <rtept lat="41.16961000" lon="-121.909230">
      <ele>1726.0000</ele>
      <time>2010-01-01T04:31:15Z</time>
    </rtept>
    <rtept lat="41.16961000" lon="-121.909260">
      <ele>1726.0000</ele>
      <time>2010-01-01T04:31:16Z</time>
    </rtept>
    <rtept lat="41.16961000" lon="-121.909340">
      <ele>1727.0000</ele>
      <time>2010-01-01T04:31:18Z</time>
    </rtept>
    <rtept lat="41.16962000" lon="-121.909410">
      <ele>1727.0000</ele>
      <time>2010-01-01T04:31:20Z</time>
    </rtept>
    <rtept lat="41.16968000" lon="-121.909550">
      <ele>1728.0000</ele>
      <time>2010-01-01T04:31:25Z</time>
    </rtept>
    <rtept lat="41.16968000" lon="-121.909690">
      <ele>1730.0000</ele>
      <time>2010-01-01T04:31:29Z</time>
    </rtept>
    <rtept lat="41.16973000" lon="-121.909890">
      <ele>1731.0000</ele>
      <time>2010-01-01T04:31:36Z</time>
    </rtept>
    <rtept lat="41.16978000" lon="-121.910070">
      <ele>1731.0000</ele>
      <time>2010-01-01T04:31:41Z</time>
    </rtept>
    <rtept lat="41.16978000" lon="-121.910160">
      <ele>1731.0000</ele>
      <time>2010-01-01T04:31:44Z</time>
    </rtept>
    <rtept lat="41.16974000" lon="-121.910250">
      <ele>1732.0000</ele>
      <time>2010-01-01T04:31:47Z</time>
    </rtept>
    <rtept lat="41.16967000" lon="-121.910300">
      <ele>1733.0000</ele>
      <time>2010-01-01T04:31:50Z</time>
    </rtept>
    <rtept lat="41.16959000" lon="-121.910350">
      <ele>1733.0000</ele>
      <time>2010-01-01T04:31:54Z</time>
    </rtept>
    <rtept lat="41.16942000" lon="-121.910380">
      <ele>1735.0000</ele>
      <time>2010-01-01T04:32:01Z</time>
    </rtept>
    <rtept lat="41.16929000" lon="-121.910370">
      <ele>1734.0000</ele>
      <time>2010-01-01T04:32:06Z</time>
    </rtept>
    <rtept lat="41.16917000" lon="-121.910380">
      <ele>1734.0000</ele>
      <time>2010-01-01T04:32:11Z</time>
    </rtept>
    <rtept lat="41.16902000" lon="-121.910450">
      <ele>1734.0000</ele>
      <time>2010-01-01T04:32:17Z</time>
    </rtept>
    <rtept lat="41.16894000" lon="-121.910540">
      <ele>1735.0000</ele>
      <time>2010-01-01T04:32:21Z</time>
    </rtept>
    <rtept lat="41.16884000" lon="-121.910680">
      <ele>1735.0000</ele>
      <time>2010-01-01T04:32:27Z</time>
    </rtept>
    <rtept lat="41.16875000" lon="-121.910750">
      <ele>1736.0000</ele>
      <time>2010-01-01T04:32:31Z</time>
    </rtept>
    <rtept lat="41.16862000" lon="-121.910840">
      <ele>1739.0000</ele>
      <time>2010-01-01T04:32:37Z</time>
    </rtept>
    <rtept lat="41.16844000" lon="-121.911010">
      <ele>1741.0000</ele>
      <time>2010-01-01T04:32:46Z</time>
    </rtept>
    <rtept lat="41.16823000" lon="-121.911260">
      <ele>1742.0000</ele>
      <time>2010-01-01T04:32:57Z</time>
    </rtept>
    <rtept lat="41.16816000" lon="-121.911440">
      <ele>1742.0000</ele>
      <time>2010-01-01T04:33:04Z</time>
    </rtept>
    <rtept lat="41.16813000" lon="-121.911610">
      <ele>1742.0000</ele>
      <time>2010-01-01T04:33:09Z</time>
    </rtept>
    <rtept lat="41.16807000" lon="-121.911730">
      <ele>1743.0000</ele>
      <time>2010-01-01T04:33:13Z</time>
    </rtept>
    <rtept lat="41.16800000" lon="-121.911800">
      <ele>1743.0000</ele>
      <time>2010-01-01T04:33:17Z</time>
    </rtept>
    <rtept lat="41.16791000" lon="-121.911810">
      <ele>1743.0000</ele>
      <time>2010-01-01T04:33:20Z</time>
    </rtept>
    <rtept lat="41.16782000" lon="-121.911820">
      <ele>1744.0000</ele>
      <time>2010-01-01T04:33:24Z</time>
    </rtept>
    <rtept lat="41.16771000" lon="-121.911770">
      <ele>1744.0000</ele>
      <time>2010-01-01T04:33:29Z</time>
    </rtept>
    <rtept lat="41.16760000" lon="-121.911720">
      <ele>1742.0000</ele>
      <time>2010-01-01T04:33:33Z</time>
    </rtept>
    <rtept lat="41.16747000" lon="-121.911680">
      <ele>1740.0000</ele>
      <time>2010-01-01T04:33:39Z</time>
    </rtept>
    <rtept lat="41.16738000" lon="-121.911640">
      <ele>1738.0000</ele>
      <time>2010-01-01T04:33:42Z</time>
    </rtept>
    <rtept lat="41.16729000" lon="-121.911540">
      <ele>1736.0000</ele>
      <time>2010-01-01T04:33:47Z</time>
    </rtept>
    <rtept lat="41.16720000" lon="-121.911500">
      <ele>1734.0000</ele>
      <time>2010-01-01T04:33:51Z</time>
    </rtept>
    <rtept lat="41.16712000" lon="-121.911510">
      <ele>1732.0000</ele>
      <time>2010-01-01T04:33:54Z</time>
    </rtept>
    <rtept lat="41.16703000" lon="-121.911490">
      <ele>1729.0000</ele>
      <time>2010-01-01T04:33:58Z</time>
    </rtept>
    <rtept lat="41.16703000" lon="-121.911500">
      <ele>1729.0000</ele>
      <time>2010-01-01T04:33:58Z</time>
    </rtept>
    <rtept lat="41.16669000" lon="-121.911450">
      <ele>1722.0000</ele>
      <time>2010-01-01T04:34:12Z</time>
    </rtept>
    <rtept lat="41.16653000" lon="-121.911400">
      <ele>1720.0000</ele>
      <time>2010-01-01T04:34:18Z</time>
    </rtept>
    <rtept lat="41.16628000" lon="-121.911470">
      <ele>1716.0000</ele>
      <time>2010-01-01T04:34:28Z</time>
    </rtept>
    <rtept lat="41.16592000" lon="-121.911620">
      <ele>1717.0000</ele>
      <time>2010-01-01T04:34:44Z</time>
    </rtept>
    <rtept lat="41.16581000" lon="-121.911670">
      <ele>1719.0000</ele>
      <time>2010-01-01T04:34:48Z</time>
    </rtept>
    <rtept lat="41.16567000" lon="-121.911650">
      <ele>1719.0000</ele>
      <time>2010-01-01T04:34:54Z</time>
    </rtept>
    <rtept lat="41.16558000" lon="-121.911630">
      <ele>1719.0000</ele>
      <time>2010-01-01T04:34:58Z</time>
    </rtept>
    <rtept lat="41.16550000" lon="-121.911630">
      <ele>1719.0000</ele>
      <time>2010-01-01T04:35:01Z</time>
    </rtept>
    <rtept lat="41.16537000" lon="-121.911730">
      <ele>1720.0000</ele>
      <time>2010-01-01T04:35:07Z</time>
    </rtept>
    <rtept lat="41.16527000" lon="-121.911790">
      <ele>1720.0000</ele>
      <time>2010-01-01T04:35:11Z</time>
    </rtept>
    <rtept lat="41.16519000" lon="-121.911810">
      <ele>1720.0000</ele>
      <time>2010-01-01T04:35:14Z</time>
    </rtept>
    <rtept lat="41.16514000" lon="-121.911860">
      <ele>1720.0000</ele>
      <time>2010-01-01T04:35:17Z</time>
    </rtept>
    <rtept lat="41.16504000" lon="-121.911960">
      <ele>1721.0000</ele>
      <time>2010-01-01T04:35:22Z</time>
    </rtept>
    <rtept lat="41.16498000" lon="-121.912000">
      <ele>1721.0000</ele>
      <time>2010-01-01T04:35:25Z</time>
    </rtept>
    <rtept lat="41.16486000" lon="-121.912000">
      <ele>1721.0000</ele>
      <time>2010-01-01T04:35:29Z</time>
    </rtept>
    <rtept lat="41.16474000" lon="-121.912030">
      <ele>1722.0000</ele>
      <time>2010-01-01T04:35:34Z</time>
    </rtept>
    <rtept lat="41.16462000" lon="-121.912140">
      <ele>1722.0000</ele>
      <time>2010-01-01T04:35:40Z</time>
    </rtept>
    <rtept lat="41.16451000" lon="-121.912340">
      <ele>1724.0000</ele>
      <time>2010-01-01T04:35:48Z</time>
    </rtept>
    <rtept lat="41.16435000" lon="-121.912570">
      <ele>1724.0000</ele>
      <time>2010-01-01T04:35:57Z</time>
    </rtept>
    <rtept lat="41.16423000" lon="-121.912720">
      <ele>1724.0000</ele>
      <time>2010-01-01T04:36:04Z</time>
    </rtept>
    <rtept lat="41.16412000" lon="-121.912810">
      <ele>1722.0000</ele>
      <time>2010-01-01T04:36:09Z</time>
    </rtept>
    <rtept lat="41.16404000" lon="-121.912870">
      <ele>1720.0000</ele>
      <time>2010-01-01T04:36:12Z</time>
    </rtept>
    <rtept lat="41.16398000" lon="-121.912960">
      <ele>1718.0000</ele>
      <time>2010-01-01T04:36:16Z</time>
    </rtept>
    <rtept lat="41.16396000" lon="-121.913110">
      <ele>1718.0000</ele>
      <time>2010-01-01T04:36:21Z</time>
    </rtept>
    <rtept lat="41.16397000" lon="-121.913510">
      <ele>1721.0000</ele>
      <time>2010-01-01T04:36:33Z</time>
    </rtept>
    <rtept lat="41.16394000" lon="-121.913660">
      <ele>1722.0000</ele>
      <time>2010-01-01T04:36:37Z</time>
    </rtept>
    <rtept lat="41.16392000" lon="-121.913870">
      <ele>1721.0000</ele>
      <time>2010-01-01T04:36:44Z</time>
    </rtept>
    <rtept lat="41.16383000" lon="-121.914120">
      <ele>1721.0000</ele>
      <time>2010-01-01T04:36:52Z</time>
    </rtept>
    <rtept lat="41.16375000" lon="-121.914400">
      <ele>1721.0000</ele>
      <time>2010-01-01T04:37:01Z</time>
    </rtept>
    <rtept lat="41.16376000" lon="-121.914500">
      <ele>1722.0000</ele>
      <time>2010-01-01T04:37:04Z</time>
    </rtept>
    <rtept lat="41.16384000" lon="-121.914630">
      <ele>1722.0000</ele>
      <time>2010-01-01T04:37:09Z</time>
    </rtept>
    <rtept lat="41.16386000" lon="-121.914700">
      <ele>1722.0000</ele>
      <time>2010-01-01T04:37:12Z</time>
    </rtept>
    <rtept lat="41.16386000" lon="-121.914820">
      <ele>1722.0000</ele>
      <time>2010-01-01T04:37:15Z</time>
    </rtept>
    <rtept lat="41.16383000" lon="-121.915000">
      <ele>1721.0000</ele>
      <time>2010-01-01T04:37:21Z</time>
    </rtept>
    <rtept lat="41.16383000" lon="-121.915130">
      <ele>1720.0000</ele>
      <time>2010-01-01T04:37:25Z</time>
    </rtept>
    <rtept lat="41.16391000" lon="-121.915650">
      <ele>1718.0000</ele>
      <time>2010-01-01T04:37:41Z</time>
    </rtept>
    <rtept lat="41.16396000" lon="-121.915750">
      <ele>1717.0000</ele>
      <time>2010-01-01T04:37:44Z</time>
    </rtept>
    <rtept lat="41.16400000" lon="-121.915800">
      <ele>1717.0000</ele>
      <time>2010-01-01T04:37:46Z</time>
    </rtept>
    <rtept lat="41.16410000" lon="-121.915820">
      <ele>1716.0000</ele>
      <time>2010-01-01T04:37:50Z</time>
    </rtept>
    <rtept lat="41.16431000" lon="-121.915810">
      <ele>1712.0000</ele>
      <time>2010-01-01T04:37:59Z</time>
    </rtept>
    <rtept lat="41.16436000" lon="-121.915820">
      <ele>1711.0000</ele>
      <time>2010-01-01T04:38:01Z</time>
    </rtept>
    <rtept lat="41.16442000" lon="-121.915850">
      <ele>1710.0000</ele>
      <time>2010-01-01T04:38:03Z</time>
    </rtept>
    <rtept lat="41.16444000" lon="-121.915930">
      <ele>1710.0000</ele>
      <time>2010-01-01T04:38:06Z</time>
    </rtept>
    <rtept lat="41.16445000" lon="-121.916040">
      <ele>1709.0000</ele>
      <time>2010-01-01T04:38:09Z</time>
    </rtept>
    <rtept lat="41.16443000" lon="-121.916130">
      <ele>1710.0000</ele>
      <time>2010-01-01T04:38:12Z</time>
    </rtept>
    <rtept lat="41.16432000" lon="-121.916360">
      <ele>1710.0000</ele>
      <time>2010-01-01T04:38:20Z</time>
    </rtept>
    <rtept lat="41.16429000" lon="-121.916480">
      <ele>1710.0000</ele>
      <time>2010-01-01T04:38:24Z</time>
    </rtept>
    <rtept lat="41.16430000" lon="-121.916700">
      <ele>1706.0000</ele>
      <time>2010-01-01T04:38:31Z</time>
    </rtept>
    <rtept lat="41.16428000" lon="-121.916830">
      <ele>1702.0000</ele>
      <time>2010-01-01T04:38:35Z</time>
    </rtept>
    <rtept lat="41.16424000" lon="-121.916890">
      <ele>1700.0000</ele>
      <time>2010-01-01T04:38:37Z</time>
    </rtept>
    <rtept lat="41.16416000" lon="-121.916930">
      <ele>1700.0000</ele>
      <time>2010-01-01T04:38:41Z</time>
    </rtept>
    <rtept lat="41.16409000" lon="-121.916960">
      <ele>1700.0000</ele>
      <time>2010-01-01T04:38:44Z</time>
    </rtept>
    <rtept lat="41.16400000" lon="-121.916960">
      <ele>1701.0000</ele>
      <time>2010-01-01T04:38:47Z</time>
    </rtept>
    <rtept lat="41.16394000" lon="-121.916910">
      <ele>1704.0000</ele>
      <time>2010-01-01T04:38:50Z</time>
    </rtept>
    <rtept lat="41.16389000" lon="-121.916910">
      <ele>1704.0000</ele>
      <time>2010-01-01T04:38:52Z</time>
    </rtept>
    <rtept lat="41.16386000" lon="-121.916950">
      <ele>1704.0000</ele>
      <time>2010-01-01T04:38:54Z</time>
    </rtept>
    <rtept lat="41.16382000" lon="-121.917130">
      <ele>1699.0000</ele>
      <time>2010-01-01T04:38:59Z</time>
    </rtept>
    <rtept lat="41.16376000" lon="-121.917220">
      <ele>1698.0000</ele>
      <time>2010-01-01T04:39:03Z</time>
    </rtept>
    <rtept lat="41.16368000" lon="-121.917310">
      <ele>1697.0000</ele>
      <time>2010-01-01T04:39:07Z</time>
    </rtept>
    <rtept lat="41.16357000" lon="-121.917370">
      <ele>1697.0000</ele>
      <time>2010-01-01T04:39:12Z</time>
    </rtept>
    <rtept lat="41.16350000" lon="-121.917360">
      <ele>1699.0000</ele>
      <time>2010-01-01T04:39:15Z</time>
    </rtept>
    <rtept lat="41.16347000" lon="-121.917400">
      <ele>1699.0000</ele>
      <time>2010-01-01T04:39:17Z</time>
    </rtept>
    <rtept lat="41.16319000" lon="-121.917940">
      <ele>1691.0000</ele>
      <time>2010-01-01T04:39:36Z</time>
    </rtept>
    <rtept lat="41.16313000" lon="-121.918000">
      <ele>1690.0000</ele>
      <time>2010-01-01T04:39:39Z</time>
    </rtept>
    <rtept lat="41.16303000" lon="-121.918060">
      <ele>1689.0000</ele>
      <time>2010-01-01T04:39:44Z</time>
    </rtept>
    <rtept lat="41.16295000" lon="-121.918060">
      <ele>1689.0000</ele>
      <time>2010-01-01T04:39:47Z</time>
    </rtept>
    <rtept lat="41.16290000" lon="-121.918080">
      <ele>1689.0000</ele>
      <time>2010-01-01T04:39:49Z</time>
    </rtept>
    <rtept lat="41.16283000" lon="-121.918160">
      <ele>1687.0000</ele>
      <time>2010-01-01T04:39:53Z</time>
    </rtept>
    <rtept lat="41.16278000" lon="-121.918240">
      <ele>1685.0000</ele>
      <time>2010-01-01T04:39:56Z</time>
    </rtept>
    <rtept lat="41.16266000" lon="-121.918330">
      <ele>1684.0000</ele>
      <time>2010-01-01T04:40:01Z</time>
    </rtept>
    <rtept lat="41.16250000" lon="-121.918410">
      <ele>1684.0000</ele>
      <time>2010-01-01T04:40:08Z</time>
    </rtept>
    <rtept lat="41.16237000" lon="-121.918490">
      <ele>1684.0000</ele>
      <time>2010-01-01T04:40:14Z</time>
    </rtept>
    <rtept lat="41.16228000" lon="-121.918500">
      <ele>1685.0000</ele>
      <time>2010-01-01T04:40:18Z</time>
    </rtept>
    <rtept lat="41.16222000" lon="-121.918490">
      <ele>1685.0000</ele>
      <time>2010-01-01T04:40:20Z</time>
    </rtept>
    <rtept lat="41.16210000" lon="-121.918590">
      <ele>1684.0000</ele>
      <time>2010-01-01T04:40:26Z</time>
    </rtept>
    <rtept lat="41.16204000" lon="-121.918610">
      <ele>1684.0000</ele>
      <time>2010-01-01T04:40:28Z</time>
    </rtept>
    <rtept lat="41.16186000" lon="-121.918620">
      <ele>1682.0000</ele>
      <time>2010-01-01T04:40:35Z</time>
    </rtept>
    <rtept lat="41.16161000" lon="-121.918620">
      <ele>1678.0000</ele>
      <time>2010-01-01T04:40:45Z</time>
    </rtept>
    <rtept lat="41.16153000" lon="-121.918600">
      <ele>1677.0000</ele>
      <time>2010-01-01T04:40:49Z</time>
    </rtept>
    <rtept lat="41.16146000" lon="-121.918550">
      <ele>1677.0000</ele>
      <time>2010-01-01T04:40:52Z</time>
    </rtept>
    <rtept lat="41.16142000" lon="-121.918480">
      <ele>1677.0000</ele>
      <time>2010-01-01T04:40:54Z</time>
    </rtept>
    <rtept lat="41.16137000" lon="-121.918410">
      <ele>1678.0000</ele>
      <time>2010-01-01T04:40:57Z</time>
    </rtept>
    <rtept lat="41.16132000" lon="-121.918410">
      <ele>1677.0000</ele>
      <time>2010-01-01T04:40:59Z</time>
    </rtept>
    <rtept lat="41.16127000" lon="-121.918430">
      <ele>1677.0000</ele>
      <time>2010-01-01T04:41:01Z</time>
    </rtept>
    <rtept lat="41.16122000" lon="-121.918430">
      <ele>1677.0000</ele>
      <time>2010-01-01T04:41:03Z</time>
    </rtept>
    <rtept lat="41.16119000" lon="-121.918500">
      <ele>1676.0000</ele>
      <time>2010-01-01T04:41:06Z</time>
    </rtept>
    <rtept lat="41.16115000" lon="-121.918570">
      <ele>1675.0000</ele>
      <time>2010-01-01T04:41:08Z</time>
    </rtept>
    <rtept lat="41.16112000" lon="-121.918610">
      <ele>1675.0000</ele>
      <time>2010-01-01T04:41:10Z</time>
    </rtept>
    <rtept lat="41.16103000" lon="-121.918650">
      <ele>1674.0000</ele>
      <time>2010-01-01T04:41:14Z</time>
    </rtept>
    <rtept lat="41.16098000" lon="-121.918710">
      <ele>1674.0000</ele>
      <time>2010-01-01T04:41:17Z</time>
    </rtept>
    <rtept lat="41.16095000" lon="-121.918790">
      <ele>1673.0000</ele>
      <time>2010-01-01T04:41:19Z</time>
    </rtept>
    <rtept lat="41.16076000" lon="-121.919020">
      <ele>1671.0000</ele>
      <time>2010-01-01T04:41:30Z</time>
    </rtept>
    <rtept lat="41.16065000" lon="-121.919240">
      <ele>1668.0000</ele>
      <time>2010-01-01T04:41:38Z</time>
    </rtept>
    <rtept lat="41.16055000" lon="-121.919410">
      <ele>1665.0000</ele>
      <time>2010-01-01T04:41:44Z</time>
    </rtept>
    <rtept lat="41.16049000" lon="-121.919540">
      <ele>1664.0000</ele>
      <time>2010-01-01T04:41:49Z</time>
    </rtept>
    <rtept lat="41.16044000" lon="-121.919620">
      <ele>1663.0000</ele>
      <time>2010-01-01T04:41:52Z</time>
    </rtept>
    <rtept lat="41.16031000" lon="-121.919690">
      <ele>1663.0000</ele>
      <time>2010-01-01T04:41:57Z</time>
    </rtept>
    <rtept lat="41.16020000" lon="-121.919720">
      <ele>1664.0000</ele>
      <time>2010-01-01T04:42:02Z</time>
    </rtept>
    <rtept lat="41.15998000" lon="-121.919710">
      <ele>1668.0000</ele>
      <time>2010-01-01T04:42:11Z</time>
    </rtept>
    <rtept lat="41.15979000" lon="-121.919750">
      <ele>1668.0000</ele>
      <time>2010-01-01T04:42:18Z</time>
    </rtept>
    <rtept lat="41.15961000" lon="-121.919700">
      <ele>1669.0000</ele>
      <time>2010-01-01T04:42:26Z</time>
    </rtept>
    <rtept lat="41.15950000" lon="-121.919600">
      <ele>1669.0000</ele>
      <time>2010-01-01T04:42:31Z</time>
    </rtept>
    <rtept lat="41.15943000" lon="-121.919500">
      <ele>1669.0000</ele>
      <time>2010-01-01T04:42:35Z</time>
    </rtept>
    <rtept lat="41.15938000" lon="-121.919470">
      <ele>1670.0000</ele>
      <time>2010-01-01T04:42:37Z</time>
    </rtept>
    <rtept lat="41.15932000" lon="-121.919460">
      <ele>1670.0000</ele>
      <time>2010-01-01T04:42:40Z</time>
    </rtept>
    <rtept lat="41.15919000" lon="-121.919500">
      <ele>1671.0000</ele>
      <time>2010-01-01T04:42:45Z</time>
    </rtept>
    <rtept lat="41.15895000" lon="-121.919560">
      <ele>1671.0000</ele>
      <time>2010-01-01T04:42:55Z</time>
    </rtept>
    <rtept lat="41.15869000" lon="-121.919630">
      <ele>1672.0000</ele>
      <time>2010-01-01T04:43:06Z</time>
    </rtept>
    <rtept lat="41.15843000" lon="-121.919680">
      <ele>1674.0000</ele>
      <time>2010-01-01T04:43:16Z</time>
    </rtept>
    <rtept lat="41.15833000" lon="-121.919690">
      <ele>1675.0000</ele>
      <time>2010-01-01T04:43:20Z</time>
    </rtept>
    <rtept lat="41.15820000" lon="-121.919720">
      <ele>1676.0000</ele>
      <time>2010-01-01T04:43:25Z</time>
    </rtept>
    <rtept lat="41.15810000" lon="-121.919780">
      <ele>1677.0000</ele>
      <time>2010-01-01T04:43:30Z</time>
    </rtept>
    <rtept lat="41.15800000" lon="-121.919880">
      <ele>1678.0000</ele>
      <time>2010-01-01T04:43:35Z</time>
    </rtept>
    <rtept lat="41.15793000" lon="-121.920000">
      <ele>1679.0000</ele>
      <time>2010-01-01T04:43:39Z</time>
    </rtept>
    <rtept lat="41.15788000" lon="-121.920320">
      <ele>1681.0000</ele>
      <time>2010-01-01T04:43:49Z</time>
    </rtept>
    <rtept lat="41.15790000" lon="-121.920800">
      <ele>1681.0000</ele>
      <time>2010-01-01T04:44:04Z</time>
    </rtept>
    <rtept lat="41.15790000" lon="-121.920990">
      <ele>1680.0000</ele>
      <time>2010-01-01T04:44:09Z</time>
    </rtept>
    <rtept lat="41.15783000" lon="-121.921200">
      <ele>1679.0000</ele>
      <time>2010-01-01T04:44:16Z</time>
    </rtept>
    <rtept lat="41.15778000" lon="-121.921980">
      <ele>1667.0000</ele>
      <time>2010-01-01T04:44:40Z</time>
    </rtept>
    <rtept lat="41.15778000" lon="-121.922070">
      <ele>1665.0000</ele>
      <time>2010-01-01T04:44:43Z</time>
    </rtept>
    <rtept lat="41.15781000" lon="-121.922150">
      <ele>1665.0000</ele>
      <time>2010-01-01T04:44:45Z</time>
    </rtept>
    <rtept lat="41.15801000" lon="-121.922330">
      <ele>1670.0000</ele>
      <time>2010-01-01T04:44:55Z</time>
    </rtept>
    <rtept lat="41.15807000" lon="-121.922400">
      <ele>1671.0000</ele>
      <time>2010-01-01T04:44:58Z</time>
    </rtept>
    <rtept lat="41.15810000" lon="-121.922500">
      <ele>1670.0000</ele>
      <time>2010-01-01T04:45:02Z</time>
    </rtept>
    <rtept lat="41.15823000" lon="-121.922660">
      <ele>1666.0000</ele>
      <time>2010-01-01T04:45:09Z</time>
    </rtept>
    <rtept lat="41.15835000" lon="-121.922750">
      <ele>1665.0000</ele>
      <time>2010-01-01T04:45:14Z</time>
    </rtept>
    <rtept lat="41.15840000" lon="-121.922810">
      <ele>1664.0000</ele>
      <time>2010-01-01T04:45:17Z</time>
    </rtept>
    <rtept lat="41.15863000" lon="-121.923200">
      <ele>1665.0000</ele>
      <time>2010-01-01T04:45:32Z</time>
    </rtept>
    <rtept lat="41.15868000" lon="-121.923270">
      <ele>1665.0000</ele>
      <time>2010-01-01T04:45:35Z</time>
    </rtept>
    <rtept lat="41.15875000" lon="-121.923290">
      <ele>1665.0000</ele>
      <time>2010-01-01T04:45:38Z</time>
    </rtept>
    <rtept lat="41.15881000" lon="-121.923360">
      <ele>1665.0000</ele>
      <time>2010-01-01T04:45:41Z</time>
    </rtept>
    <rtept lat="41.15883000" lon="-121.923440">
      <ele>1665.0000</ele>
      <time>2010-01-01T04:45:43Z</time>
    </rtept>
    <rtept lat="41.15884000" lon="-121.923540">
      <ele>1664.0000</ele>
      <time>2010-01-01T04:45:46Z</time>
    </rtept>
    <rtept lat="41.15888000" lon="-121.923650">
      <ele>1664.0000</ele>
      <time>2010-01-01T04:45:50Z</time>
    </rtept>
    <rtept lat="41.15897000" lon="-121.923870">
      <ele>1664.0000</ele>
      <time>2010-01-01T04:45:58Z</time>
    </rtept>
    <rtept lat="41.15912000" lon="-121.924150">
      <ele>1668.0000</ele>
      <time>2010-01-01T04:46:08Z</time>
    </rtept>
    <rtept lat="41.15916000" lon="-121.924260">
      <ele>1670.0000</ele>
      <time>2010-01-01T04:46:12Z</time>
    </rtept>
    <rtept lat="41.15926000" lon="-121.924360">
      <ele>1674.0000</ele>
      <time>2010-01-01T04:46:17Z</time>
    </rtept>
    <rtept lat="41.15931000" lon="-121.924440">
      <ele>1677.0000</ele>
      <time>2010-01-01T04:46:20Z</time>
    </rtept>
    <rtept lat="41.15935000" lon="-121.924580">
      <ele>1679.0000</ele>
      <time>2010-01-01T04:46:24Z</time>
    </rtept>
    <rtept lat="41.15944000" lon="-121.924790">
      <ele>1682.0000</ele>
      <time>2010-01-01T04:46:32Z</time>
    </rtept>
    <rtept lat="41.15963000" lon="-121.925050">
      <ele>1682.0000</ele>
      <time>2010-01-01T04:46:42Z</time>
    </rtept>
    <rtept lat="41.15965000" lon="-121.925090">
      <ele>1682.0000</ele>
      <time>2010-01-01T04:46:44Z</time>
    </rtept>
    <rtept lat="41.15965000" lon="-121.925150">
      <ele>1682.0000</ele>
      <time>2010-01-01T04:46:46Z</time>
    </rtept>
    <rtept lat="41.15964000" lon="-121.925190">
      <ele>1682.0000</ele>
      <time>2010-01-01T04:46:47Z</time>
    </rtept>
    <rtept lat="41.15948000" lon="-121.925200">
      <ele>1682.0000</ele>
      <time>2010-01-01T04:46:53Z</time>
    </rtept>
    <rtept lat="41.15938000" lon="-121.925190">
      <ele>1679.0000</ele>
      <time>2010-01-01T04:46:57Z</time>
    </rtept>
    <rtept lat="41.15930000" lon="-121.925230">
      <ele>1676.0000</ele>
      <time>2010-01-01T04:47:01Z</time>
    </rtept>
    <rtept lat="41.15922000" lon="-121.925240">
      <ele>1673.0000</ele>
      <time>2010-01-01T04:47:04Z</time>
    </rtept>
    <rtept lat="41.15916000" lon="-121.925240">
      <ele>1670.0000</ele>
      <time>2010-01-01T04:47:06Z</time>
    </rtept>
    <rtept lat="41.15912000" lon="-121.925250">
      <ele>1668.0000</ele>
      <time>2010-01-01T04:47:08Z</time>
    </rtept>
    <rtept lat="41.15912000" lon="-121.925300">
      <ele>1668.0000</ele>
      <time>2010-01-01T04:47:10Z</time>
    </rtept>
    <rtept lat="41.15917000" lon="-121.925410">
      <ele>1670.0000</ele>
      <time>2010-01-01T04:47:13Z</time>
    </rtept>
    <rtept lat="41.15919000" lon="-121.925530">
      <ele>1671.0000</ele>
      <time>2010-01-01T04:47:17Z</time>
    </rtept>
    <rtept lat="41.15925000" lon="-121.925670">
      <ele>1672.0000</ele>
      <time>2010-01-01T04:47:22Z</time>
    </rtept>
    <rtept lat="41.15927000" lon="-121.925890">
      <ele>1674.0000</ele>
      <time>2010-01-01T04:47:29Z</time>
    </rtept>
    <rtept lat="41.15929000" lon="-121.926140">
      <ele>1677.0000</ele>
      <time>2010-01-01T04:47:36Z</time>
    </rtept>
    <rtept lat="41.15929000" lon="-121.926320">
      <ele>1677.0000</ele>
      <time>2010-01-01T04:47:42Z</time>
    </rtept>
    <rtept lat="41.15927000" lon="-121.926440">
      <ele>1677.0000</ele>
      <time>2010-01-01T04:47:45Z</time>
    </rtept>
    <rtept lat="41.15919000" lon="-121.926560">
      <ele>1674.0000</ele>
      <time>2010-01-01T04:47:50Z</time>
    </rtept>
    <rtept lat="41.15912000" lon="-121.926720">
      <ele>1673.0000</ele>
      <time>2010-01-01T04:47:56Z</time>
    </rtept>
    <rtept lat="41.15902000" lon="-121.927040">
      <ele>1671.0000</ele>
      <time>2010-01-01T04:48:06Z</time>
    </rtept>
    <rtept lat="41.15898000" lon="-121.927230">
      <ele>1669.0000</ele>
      <time>2010-01-01T04:48:12Z</time>
    </rtept>
    <rtept lat="41.15898000" lon="-121.927540">
      <ele>1669.0000</ele>
      <time>2010-01-01T04:48:22Z</time>
    </rtept>
    <rtept lat="41.15901000" lon="-121.927650">
      <ele>1670.0000</ele>
      <time>2010-01-01T04:48:25Z</time>
    </rtept>
    <rtept lat="41.15912000" lon="-121.927950">
      <ele>1672.0000</ele>
      <time>2010-01-01T04:48:35Z</time>
    </rtept>
    <rtept lat="41.15919000" lon="-121.928130">
      <ele>1673.0000</ele>
      <time>2010-01-01T04:48:41Z</time>
    </rtept>
    <rtept lat="41.15920000" lon="-121.928210">
      <ele>1673.0000</ele>
      <time>2010-01-01T04:48:44Z</time>
    </rtept>
    <rtept lat="41.15918000" lon="-121.928370">
      <ele>1672.0000</ele>
      <time>2010-01-01T04:48:49Z</time>
    </rtept>
    <rtept lat="41.15913000" lon="-121.928490">
      <ele>1668.0000</ele>
      <time>2010-01-01T04:48:53Z</time>
    </rtept>
    <rtept lat="41.15907000" lon="-121.928640">
      <ele>1663.0000</ele>
      <time>2010-01-01T04:48:58Z</time>
    </rtept>
    <rtept lat="41.15905000" lon="-121.928780">
      <ele>1661.0000</ele>
      <time>2010-01-01T04:49:02Z</time>
    </rtept>
    <rtept lat="41.15906000" lon="-121.929090">
      <ele>1658.0000</ele>
      <time>2010-01-01T04:49:11Z</time>
    </rtept>
    <rtept lat="41.15909000" lon="-121.929330">
      <ele>1658.0000</ele>
      <time>2010-01-01T04:49:19Z</time>
    </rtept>
    <rtept lat="41.15911000" lon="-121.929760">
      <ele>1656.0000</ele>
      <time>2010-01-01T04:49:32Z</time>
    </rtept>
    <rtept lat="41.15909000" lon="-121.929870">
      <ele>1654.0000</ele>
      <time>2010-01-01T04:49:35Z</time>
    </rtept>
    <rtept lat="41.15908000" lon="-121.930000">
      <ele>1653.0000</ele>
      <time>2010-01-01T04:49:39Z</time>
    </rtept>
    <rtept lat="41.15912000" lon="-121.930060">
      <ele>1653.0000</ele>
      <time>2010-01-01T04:49:42Z</time>
    </rtept>
    <rtept lat="41.15915000" lon="-121.930100">
      <ele>1653.0000</ele>
      <time>2010-01-01T04:49:43Z</time>
    </rtept>
    <rtept lat="41.15928000" lon="-121.930260">
      <ele>1653.0000</ele>
      <time>2010-01-01T04:49:50Z</time>
    </rtept>
    <rtept lat="41.15930000" lon="-121.930350">
      <ele>1651.0000</ele>
      <time>2010-01-01T04:49:53Z</time>
    </rtept>
    <rtept lat="41.15935000" lon="-121.930430">
      <ele>1651.0000</ele>
      <time>2010-01-01T04:49:56Z</time>
    </rtept>
    <rtept lat="41.15941000" lon="-121.930470">
      <ele>1651.0000</ele>
      <time>2010-01-01T04:49:59Z</time>
    </rtept>
    <rtept lat="41.15954000" lon="-121.930490">
      <ele>1654.0000</ele>
      <time>2010-01-01T04:50:04Z</time>
    </rtept>
    <rtept lat="41.15968000" lon="-121.930370">
      <ele>1658.0000</ele>
      <time>2010-01-01T04:50:11Z</time>
    </rtept>
    <rtept lat="41.15972000" lon="-121.930350">
      <ele>1659.0000</ele>
      <time>2010-01-01T04:50:13Z</time>
    </rtept>
    <rtept lat="41.15976000" lon="-121.930370">
      <ele>1659.0000</ele>
      <time>2010-01-01T04:50:14Z</time>
    </rtept>
    <rtept lat="41.15979000" lon="-121.930410">
      <ele>1659.0000</ele>
      <time>2010-01-01T04:50:16Z</time>
    </rtept>
    <rtept lat="41.15980000" lon="-121.930490">
      <ele>1658.0000</ele>
      <time>2010-01-01T04:50:18Z</time>
    </rtept>
    <rtept lat="41.15976000" lon="-121.930640">
      <ele>1655.0000</ele>
      <time>2010-01-01T04:50:23Z</time>
    </rtept>
    <rtept lat="41.15974000" lon="-121.930740">
      <ele>1653.0000</ele>
      <time>2010-01-01T04:50:26Z</time>
    </rtept>
    <rtept lat="41.15974000" lon="-121.930860">
      <ele>1651.0000</ele>
      <time>2010-01-01T04:50:30Z</time>
    </rtept>
    <rtept lat="41.15973000" lon="-121.930930">
      <ele>1650.0000</ele>
      <time>2010-01-01T04:50:32Z</time>
    </rtept>
    <rtept lat="41.15969000" lon="-121.930990">
      <ele>1649.0000</ele>
      <time>2010-01-01T04:50:35Z</time>
    </rtept>
    <rtept lat="41.15964000" lon="-121.931070">
      <ele>1647.0000</ele>
      <time>2010-01-01T04:50:38Z</time>
    </rtept>
    <rtept lat="41.15962000" lon="-121.931190">
      <ele>1646.0000</ele>
      <time>2010-01-01T04:50:41Z</time>
    </rtept>
    <rtept lat="41.15954000" lon="-121.931340">
      <ele>1643.0000</ele>
      <time>2010-01-01T04:50:47Z</time>
    </rtept>
    <rtept lat="41.15953000" lon="-121.931400">
      <ele>1643.0000</ele>
      <time>2010-01-01T04:50:49Z</time>
    </rtept>
    <rtept lat="41.15956000" lon="-121.931420">
      <ele>1644.0000</ele>
      <time>2010-01-01T04:50:50Z</time>
    </rtept>
    <rtept lat="41.15967000" lon="-121.931370">
      <ele>1648.0000</ele>
      <time>2010-01-01T04:50:55Z</time>
    </rtept>
    <rtept lat="41.15970000" lon="-121.931400">
      <ele>1649.0000</ele>
      <time>2010-01-01T04:50:56Z</time>
    </rtept>
    <rtept lat="41.15970000" lon="-121.931550">
      <ele>1647.0000</ele>
      <time>2010-01-01T04:51:01Z</time>
    </rtept>
    <rtept lat="41.15968000" lon="-121.931640">
      <ele>1646.0000</ele>
      <time>2010-01-01T04:51:04Z</time>
    </rtept>
    <rtept lat="41.15967000" lon="-121.931720">
      <ele>1645.0000</ele>
      <time>2010-01-01T04:51:06Z</time>
    </rtept>
    <rtept lat="41.15968000" lon="-121.931840">
      <ele>1644.0000</ele>
      <time>2010-01-01T04:51:10Z</time>
    </rtept>
    <rtept lat="41.15970000" lon="-121.931930">
      <ele>1644.0000</ele>
      <time>2010-01-01T04:51:13Z</time>
    </rtept>
    <rtept lat="41.15982000" lon="-121.932140">
      <ele>1646.0000</ele>
      <time>2010-01-01T04:51:20Z</time>
    </rtept>
    <rtept lat="41.15985000" lon="-121.932230">
      <ele>1646.0000</ele>
      <time>2010-01-01T04:51:23Z</time>
    </rtept>
    <rtept lat="41.15981000" lon="-121.932700">
      <ele>1643.0000</ele>
      <time>2010-01-01T04:51:38Z</time>
    </rtept>
    <rtept lat="41.15981000" lon="-121.932900">
      <ele>1642.0000</ele>
      <time>2010-01-01T04:51:44Z</time>
    </rtept>
    <rtept lat="41.15974000" lon="-121.933350">
      <ele>1642.0000</ele>
      <time>2010-01-01T04:51:58Z</time>
    </rtept>
    <rtept lat="41.15973000" lon="-121.933590">
      <ele>1646.0000</ele>
      <time>2010-01-01T04:52:05Z</time>
    </rtept>
    <rtept lat="41.15972000" lon="-121.933850">
      <ele>1651.0000</ele>
      <time>2010-01-01T04:52:13Z</time>
    </rtept>
    <rtept lat="41.15969000" lon="-121.934020">
      <ele>1652.0000</ele>
      <time>2010-01-01T04:52:18Z</time>
    </rtept>
    <rtept lat="41.15960000" lon="-121.934370">
      <ele>1655.0000</ele>
      <time>2010-01-01T04:52:29Z</time>
    </rtept>
    <rtept lat="41.15955000" lon="-121.934600">
      <ele>1657.0000</ele>
      <time>2010-01-01T04:52:36Z</time>
    </rtept>
    <rtept lat="41.15946000" lon="-121.934780">
      <ele>1656.0000</ele>
      <time>2010-01-01T04:52:43Z</time>
    </rtept>
    <rtept lat="41.15940000" lon="-121.935080">
      <ele>1656.0000</ele>
      <time>2010-01-01T04:52:52Z</time>
    </rtept>
    <rtept lat="41.15940000" lon="-121.935200">
      <ele>1655.0000</ele>
      <time>2010-01-01T04:52:56Z</time>
    </rtept>
    <rtept lat="41.15942000" lon="-121.935290">
      <ele>1656.0000</ele>
      <time>2010-01-01T04:52:59Z</time>
    </rtept>
    <rtept lat="41.15947000" lon="-121.935380">
      <ele>1656.0000</ele>
      <time>2010-01-01T04:53:02Z</time>
    </rtept>
    <rtept lat="41.15955000" lon="-121.935410">
      <ele>1658.0000</ele>
      <time>2010-01-01T04:53:05Z</time>
    </rtept>
    <rtept lat="41.15966000" lon="-121.935430">
      <ele>1660.0000</ele>
      <time>2010-01-01T04:53:10Z</time>
    </rtept>
    <rtept lat="41.15982000" lon="-121.935480">
      <ele>1663.0000</ele>
      <time>2010-01-01T04:53:16Z</time>
    </rtept>
    <rtept lat="41.15991000" lon="-121.935540">
      <ele>1665.0000</ele>
      <time>2010-01-01T04:53:20Z</time>
    </rtept>
    <rtept lat="41.16000000" lon="-121.935600">
      <ele>1666.0000</ele>
      <time>2010-01-01T04:53:24Z</time>
    </rtept>
    <rtept lat="41.16008000" lon="-121.935680">
      <ele>1668.0000</ele>
      <time>2010-01-01T04:53:28Z</time>
    </rtept>
    <rtept lat="41.16013000" lon="-121.935760">
      <ele>1669.0000</ele>
      <time>2010-01-01T04:53:32Z</time>
    </rtept>
    <rtept lat="41.16018000" lon="-121.935870">
      <ele>1670.0000</ele>
      <time>2010-01-01T04:53:35Z</time>
    </rtept>
    <rtept lat="41.16020000" lon="-121.935950">
      <ele>1671.0000</ele>
      <time>2010-01-01T04:53:38Z</time>
    </rtept>
    <rtept lat="41.16020000" lon="-121.936020">
      <ele>1671.0000</ele>
      <time>2010-01-01T04:53:40Z</time>
    </rtept>
    <rtept lat="41.16016000" lon="-121.936080">
      <ele>1670.0000</ele>
      <time>2010-01-01T04:53:42Z</time>
    </rtept>
    <rtept lat="41.16008000" lon="-121.936140">
      <ele>1668.0000</ele>
      <time>2010-01-01T04:53:46Z</time>
    </rtept>
    <rtept lat="41.16005000" lon="-121.936180">
      <ele>1668.0000</ele>
      <time>2010-01-01T04:53:48Z</time>
    </rtept>
    <rtept lat="41.16005000" lon="-121.936250">
      <ele>1668.0000</ele>
      <time>2010-01-01T04:53:50Z</time>
    </rtept>
    <rtept lat="41.16006000" lon="-121.936450">
      <ele>1669.0000</ele>
      <time>2010-01-01T04:53:56Z</time>
    </rtept>
    <rtept lat="41.16006000" lon="-121.936620">
      <ele>1671.0000</ele>
      <time>2010-01-01T04:54:01Z</time>
    </rtept>
    <rtept lat="41.16007000" lon="-121.936740">
      <ele>1672.0000</ele>
      <time>2010-01-01T04:54:05Z</time>
    </rtept>
    <rtept lat="41.16010000" lon="-121.936890">
      <ele>1675.0000</ele>
      <time>2010-01-01T04:54:09Z</time>
    </rtept>
    <rtept lat="41.16011000" lon="-121.937000">
      <ele>1677.0000</ele>
      <time>2010-01-01T04:54:13Z</time>
    </rtept>
    <rtept lat="41.16007000" lon="-121.937150">
      <ele>1677.0000</ele>
      <time>2010-01-01T04:54:18Z</time>
    </rtept>
    <rtept lat="41.16004000" lon="-121.937660">
      <ele>1677.0000</ele>
      <time>2010-01-01T04:54:33Z</time>
    </rtept>
    <rtept lat="41.16008000" lon="-121.937820">
      <ele>1678.0000</ele>
      <time>2010-01-01T04:54:38Z</time>
    </rtept>
    <rtept lat="41.16018000" lon="-121.938110">
      <ele>1681.0000</ele>
      <time>2010-01-01T04:54:48Z</time>
    </rtept>
    <rtept lat="41.16025000" lon="-121.938630">
      <ele>1688.0000</ele>
      <time>2010-01-01T04:55:04Z</time>
    </rtept>
    <rtept lat="41.16026000" lon="-121.938970">
      <ele>1693.0000</ele>
      <time>2010-01-01T04:55:14Z</time>
    </rtept>
    <rtept lat="41.16025000" lon="-121.939110">
      <ele>1694.0000</ele>
      <time>2010-01-01T04:55:18Z</time>
    </rtept>
    <rtept lat="41.16021000" lon="-121.939400">
      <ele>1697.0000</ele>
      <time>2010-01-01T04:55:27Z</time>
    </rtept>
    <rtept lat="41.16015000" lon="-121.939630">
      <ele>1697.0000</ele>
      <time>2010-01-01T04:55:34Z</time>
    </rtept>
    <rtept lat="41.15998000" lon="-121.940630">
      <ele>1703.0000</ele>
      <time>2010-01-01T04:56:05Z</time>
    </rtept>
    <rtept lat="41.15986000" lon="-121.941040">
      <ele>1709.0000</ele>
      <time>2010-01-01T04:56:18Z</time>
    </rtept>
    <rtept lat="41.15978000" lon="-121.941250">
      <ele>1711.0000</ele>
      <time>2010-01-01T04:56:26Z</time>
    </rtept>
    <rtept lat="41.15971000" lon="-121.941380">
      <ele>1712.0000</ele>
      <time>2010-01-01T04:56:30Z</time>
    </rtept>
    <rtept lat="41.15964000" lon="-121.941460">
      <ele>1710.0000</ele>
      <time>2010-01-01T04:56:34Z</time>
    </rtept>
    <rtept lat="41.15958000" lon="-121.941590">
      <ele>1709.0000</ele>
      <time>2010-01-01T04:56:39Z</time>
    </rtept>
    <rtept lat="41.15955000" lon="-121.941650">
      <ele>1709.0000</ele>
      <time>2010-01-01T04:56:41Z</time>
    </rtept>
    <rtept lat="41.15952000" lon="-121.941750">
      <ele>1709.0000</ele>
      <time>2010-01-01T04:56:44Z</time>
    </rtept>
    <rtept lat="41.15946000" lon="-121.942080">
      <ele>1711.0000</ele>
      <time>2010-01-01T04:56:54Z</time>
    </rtept>
    <rtept lat="41.15943000" lon="-121.942420">
      <ele>1713.0000</ele>
      <time>2010-01-01T04:57:05Z</time>
    </rtept>
    <rtept lat="41.15943000" lon="-121.942760">
      <ele>1711.0000</ele>
      <time>2010-01-01T04:57:15Z</time>
    </rtept>
    <rtept lat="41.15944000" lon="-121.943070">
      <ele>1710.0000</ele>
      <time>2010-01-01T04:57:24Z</time>
    </rtept>
    <rtept lat="41.15947000" lon="-121.943280">
      <ele>1708.0000</ele>
      <time>2010-01-01T04:57:31Z</time>
    </rtept>
    <rtept lat="41.15946000" lon="-121.943480">
      <ele>1706.0000</ele>
      <time>2010-01-01T04:57:37Z</time>
    </rtept>
    <rtept lat="41.15940000" lon="-121.943830">
      <ele>1706.0000</ele>
      <time>2010-01-01T04:57:48Z</time>
    </rtept>
    <rtept lat="41.15935000" lon="-121.943990">
      <ele>1707.0000</ele>
      <time>2010-01-01T04:57:53Z</time>
    </rtept>
    <rtept lat="41.15930000" lon="-121.944060">
      <ele>1707.0000</ele>
      <time>2010-01-01T04:57:56Z</time>
    </rtept>
    <rtept lat="41.15925000" lon="-121.944200">
      <ele>1707.0000</ele>
      <time>2010-01-01T04:58:00Z</time>
    </rtept>
    <rtept lat="41.15916000" lon="-121.944300">
      <ele>1706.0000</ele>
      <time>2010-01-01T04:58:05Z</time>
    </rtept>
    <rtept lat="41.15911000" lon="-121.944360">
      <ele>1706.0000</ele>
      <time>2010-01-01T04:58:08Z</time>
    </rtept>
    <rtept lat="41.15901000" lon="-121.944500">
      <ele>1705.0000</ele>
      <time>2010-01-01T04:58:14Z</time>
    </rtept>
    <rtept lat="41.15895000" lon="-121.944610">
      <ele>1705.0000</ele>
      <time>2010-01-01T04:58:18Z</time>
    </rtept>
    <rtept lat="41.15864000" lon="-121.945230">
      <ele>1708.0000</ele>
      <time>2010-01-01T04:58:40Z</time>
    </rtept>
    <rtept lat="41.15856000" lon="-121.945440">
      <ele>1710.0000</ele>
      <time>2010-01-01T04:58:47Z</time>
    </rtept>
    <rtept lat="41.15850000" lon="-121.945580">
      <ele>1711.0000</ele>
      <time>2010-01-01T04:58:52Z</time>
    </rtept>
    <rtept lat="41.15842000" lon="-121.945700">
      <ele>1710.0000</ele>
      <time>2010-01-01T04:58:57Z</time>
    </rtept>
    <rtept lat="41.15834000" lon="-121.945810">
      <ele>1709.0000</ele>
      <time>2010-01-01T04:59:01Z</time>
    </rtept>
    <rtept lat="41.15820000" lon="-121.945940">
      <ele>1708.0000</ele>
      <time>2010-01-01T04:59:08Z</time>
    </rtept>
    <rtept lat="41.15807000" lon="-121.946020">
      <ele>1708.0000</ele>
      <time>2010-01-01T04:59:14Z</time>
    </rtept>
    <rtept lat="41.15791000" lon="-121.946110">
      <ele>1707.0000</ele>
      <time>2010-01-01T04:59:21Z</time>
    </rtept>
    <rtept lat="41.15786000" lon="-121.946150">
      <ele>1707.0000</ele>
      <time>2010-01-01T04:59:23Z</time>
    </rtept>
    <rtept lat="41.15778000" lon="-121.946170">
      <ele>1706.0000</ele>
      <time>2010-01-01T04:59:27Z</time>
    </rtept>
    <rtept lat="41.15769000" lon="-121.946220">
      <ele>1706.0000</ele>
      <time>2010-01-01T04:59:30Z</time>
    </rtept>
    <rtept lat="41.15761000" lon="-121.946260">
      <ele>1705.0000</ele>
      <time>2010-01-01T04:59:34Z</time>
    </rtept>
    <rtept lat="41.15753000" lon="-121.946280">
      <ele>1704.0000</ele>
      <time>2010-01-01T04:59:37Z</time>
    </rtept>
    <rtept lat="41.15744000" lon="-121.946250">
      <ele>1702.0000</ele>
      <time>2010-01-01T04:59:41Z</time>
    </rtept>
    <rtept lat="41.15737000" lon="-121.946210">
      <ele>1701.0000</ele>
      <time>2010-01-01T04:59:44Z</time>
    </rtept>
    <rtept lat="41.15727000" lon="-121.946200">
      <ele>1700.0000</ele>
      <time>2010-01-01T04:59:48Z</time>
    </rtept>
    <rtept lat="41.15720000" lon="-121.946210">
      <ele>1700.0000</ele>
      <time>2010-01-01T04:59:51Z</time>
    </rtept>
    <rtept lat="41.15707000" lon="-121.946280">
      <ele>1699.0000</ele>
      <time>2010-01-01T04:59:56Z</time>
    </rtept>
    <rtept lat="41.15695000" lon="-121.946330">
      <ele>1698.0000</ele>
      <time>2010-01-01T05:00:01Z</time>
    </rtept>
    <rtept lat="41.15690000" lon="-121.946390">
      <ele>1699.0000</ele>
      <time>2010-01-01T05:00:04Z</time>
    </rtept>
    <rtept lat="41.15685000" lon="-121.946460">
      <ele>1699.0000</ele>
      <time>2010-01-01T05:00:07Z</time>
    </rtept>
    <rtept lat="41.15683000" lon="-121.946590">
      <ele>1700.0000</ele>
      <time>2010-01-01T05:00:11Z</time>
    </rtept>
    <rtept lat="41.15684000" lon="-121.946910">
      <ele>1699.0000</ele>
      <time>2010-01-01T05:00:21Z</time>
    </rtept>
    <rtept lat="41.15691000" lon="-121.947300">
      <ele>1697.0000</ele>
      <time>2010-01-01T05:00:33Z</time>
    </rtept>
    <rtept lat="41.15693000" lon="-121.947920">
      <ele>1691.0000</ele>
      <time>2010-01-01T05:00:51Z</time>
    </rtept>
    <rtept lat="41.15690000" lon="-121.948120">
      <ele>1688.0000</ele>
      <time>2010-01-01T05:00:58Z</time>
    </rtept>
    <rtept lat="41.15690000" lon="-121.948300">
      <ele>1687.0000</ele>
      <time>2010-01-01T05:01:03Z</time>
    </rtept>
    <rtept lat="41.15688000" lon="-121.948370">
      <ele>1685.0000</ele>
      <time>2010-01-01T05:01:05Z</time>
    </rtept>
    <rtept lat="41.15688000" lon="-121.948610">
      <ele>1681.0000</ele>
      <time>2010-01-01T05:01:13Z</time>
    </rtept>
    <rtept lat="41.15686000" lon="-121.948760">
      <ele>1676.0000</ele>
      <time>2010-01-01T05:01:17Z</time>
    </rtept>
    <rtept lat="41.15688000" lon="-121.948940">
      <ele>1673.0000</ele>
      <time>2010-01-01T05:01:23Z</time>
    </rtept>
    <rtept lat="41.15690000" lon="-121.949150">
      <ele>1669.0000</ele>
      <time>2010-01-01T05:01:29Z</time>
    </rtept>
    <rtept lat="41.15696000" lon="-121.949360">
      <ele>1666.0000</ele>
      <time>2010-01-01T05:01:36Z</time>
    </rtept>
    <rtept lat="41.15702000" lon="-121.949430">
      <ele>1667.0000</ele>
      <time>2010-01-01T05:01:39Z</time>
    </rtept>
    <rtept lat="41.15709000" lon="-121.949450">
      <ele>1669.0000</ele>
      <time>2010-01-01T05:01:42Z</time>
    </rtept>
    <rtept lat="41.15715000" lon="-121.949440">
      <ele>1671.0000</ele>
      <time>2010-01-01T05:01:44Z</time>
    </rtept>
    <rtept lat="41.15722000" lon="-121.949410">
      <ele>1675.0000</ele>
      <time>2010-01-01T05:01:47Z</time>
    </rtept>
    <rtept lat="41.15734000" lon="-121.949400">
      <ele>1678.0000</ele>
      <time>2010-01-01T05:01:52Z</time>
    </rtept>
    <rtept lat="41.15739000" lon="-121.949390">
      <ele>1680.0000</ele>
      <time>2010-01-01T05:01:54Z</time>
    </rtept>
    <rtept lat="41.15745000" lon="-121.949320">
      <ele>1684.0000</ele>
      <time>2010-01-01T05:01:57Z</time>
    </rtept>
    <rtept lat="41.15747000" lon="-121.949310">
      <ele>1685.0000</ele>
      <time>2010-01-01T05:01:58Z</time>
    </rtept>
    <rtept lat="41.15750000" lon="-121.949340">
      <ele>1684.0000</ele>
      <time>2010-01-01T05:02:00Z</time>
    </rtept>
    <rtept lat="41.15752000" lon="-121.949410">
      <ele>1683.0000</ele>
      <time>2010-01-01T05:02:02Z</time>
    </rtept>
    <rtept lat="41.15754000" lon="-121.949560">
      <ele>1679.0000</ele>
      <time>2010-01-01T05:02:06Z</time>
    </rtept>
    <rtept lat="41.15760000" lon="-121.949740">
      <ele>1675.0000</ele>
      <time>2010-01-01T05:02:12Z</time>
    </rtept>
    <rtept lat="41.15763000" lon="-121.949840">
      <ele>1674.0000</ele>
      <time>2010-01-01T05:02:16Z</time>
    </rtept>
    <rtept lat="41.15768000" lon="-121.949870">
      <ele>1675.0000</ele>
      <time>2010-01-01T05:02:18Z</time>
    </rtept>
    <rtept lat="41.15779000" lon="-121.949890">
      <ele>1677.0000</ele>
      <time>2010-01-01T05:02:22Z</time>
    </rtept>
    <rtept lat="41.15798000" lon="-121.949900">
      <ele>1680.0000</ele>
      <time>2010-01-01T05:02:30Z</time>
    </rtept>
    <rtept lat="41.15805000" lon="-121.949910">
      <ele>1681.0000</ele>
      <time>2010-01-01T05:02:33Z</time>
    </rtept>
    <rtept lat="41.15823000" lon="-121.949910">
      <ele>1686.0000</ele>
      <time>2010-01-01T05:02:40Z</time>
    </rtept>
    <rtept lat="41.15830000" lon="-121.949930">
      <ele>1687.0000</ele>
      <time>2010-01-01T05:02:43Z</time>
    </rtept>
    <rtept lat="41.15831000" lon="-121.949950">
      <ele>1687.0000</ele>
      <time>2010-01-01T05:02:43Z</time>
    </rtept>
    <rtept lat="41.15815000" lon="-121.950140">
      <ele>1681.0000</ele>
      <time>2010-01-01T05:02:52Z</time>
    </rtept>
    <rtept lat="41.15809000" lon="-121.950360">
      <ele>1678.0000</ele>
      <time>2010-01-01T05:02:59Z</time>
    </rtept>
    <rtept lat="41.15806000" lon="-121.950490">
      <ele>1677.0000</ele>
      <time>2010-01-01T05:03:03Z</time>
    </rtept>
    <rtept lat="41.15799000" lon="-121.950610">
      <ele>1675.0000</ele>
      <time>2010-01-01T05:03:08Z</time>
    </rtept>
    <rtept lat="41.15793000" lon="-121.950760">
      <ele>1674.0000</ele>
      <time>2010-01-01T05:03:13Z</time>
    </rtept>
    <rtept lat="41.15785000" lon="-121.951010">
      <ele>1672.0000</ele>
      <time>2010-01-01T05:03:21Z</time>
    </rtept>
    <rtept lat="41.15783000" lon="-121.951210">
      <ele>1672.0000</ele>
      <time>2010-01-01T05:03:27Z</time>
    </rtept>
    <rtept lat="41.15782000" lon="-121.951590">
      <ele>1676.0000</ele>
      <time>2010-01-01T05:03:39Z</time>
    </rtept>
    <rtept lat="41.15787000" lon="-121.951760">
      <ele>1680.0000</ele>
      <time>2010-01-01T05:03:44Z</time>
    </rtept>
    <rtept lat="41.15800000" lon="-121.952370">
      <ele>1680.0000</ele>
      <time>2010-01-01T05:04:03Z</time>
    </rtept>
    <rtept lat="41.15804000" lon="-121.952530">
      <ele>1681.0000</ele>
      <time>2010-01-01T05:04:08Z</time>
    </rtept>
    <rtept lat="41.15807000" lon="-121.952630">
      <ele>1682.0000</ele>
      <time>2010-01-01T05:04:12Z</time>
    </rtept>
    <rtept lat="41.15812000" lon="-121.952730">
      <ele>1683.0000</ele>
      <time>2010-01-01T05:04:15Z</time>
    </rtept>
    <rtept lat="41.15818000" lon="-121.952800">
      <ele>1685.0000</ele>
      <time>2010-01-01T05:04:18Z</time>
    </rtept>
    <rtept lat="41.15823000" lon="-121.952820">
      <ele>1686.0000</ele>
      <time>2010-01-01T05:04:20Z</time>
    </rtept>
    <rtept lat="41.15831000" lon="-121.952850">
      <ele>1688.0000</ele>
      <time>2010-01-01T05:04:24Z</time>
    </rtept>
    <rtept lat="41.15846000" lon="-121.952860">
      <ele>1691.0000</ele>
      <time>2010-01-01T05:04:30Z</time>
    </rtept>
    <rtept lat="41.15854000" lon="-121.952870">
      <ele>1692.0000</ele>
      <time>2010-01-01T05:04:33Z</time>
    </rtept>
    <rtept lat="41.15860000" lon="-121.952910">
      <ele>1692.0000</ele>
      <time>2010-01-01T05:04:36Z</time>
    </rtept>
    <rtept lat="41.15867000" lon="-121.953050">
      <ele>1693.0000</ele>
      <time>2010-01-01T05:04:41Z</time>
    </rtept>
    <rtept lat="41.15888000" lon="-121.953210">
      <ele>1696.0000</ele>
      <time>2010-01-01T05:04:50Z</time>
    </rtept>
    <rtept lat="41.15892000" lon="-121.953260">
      <ele>1695.0000</ele>
      <time>2010-01-01T05:04:53Z</time>
    </rtept>
    <rtept lat="41.15893000" lon="-121.953340">
      <ele>1695.0000</ele>
      <time>2010-01-01T05:04:55Z</time>
    </rtept>
    <rtept lat="41.15894000" lon="-121.953760">
      <ele>1695.0000</ele>
      <time>2010-01-01T05:05:08Z</time>
    </rtept>
    <rtept lat="41.15894000" lon="-121.953930">
      <ele>1696.0000</ele>
      <time>2010-01-01T05:05:13Z</time>
    </rtept>
    <rtept lat="41.15886000" lon="-121.954150">
      <ele>1696.0000</ele>
      <time>2010-01-01T05:05:20Z</time>
    </rtept>
    <rtept lat="41.15879000" lon="-121.954320">
      <ele>1694.0000</ele>
      <time>2010-01-01T05:05:26Z</time>
    </rtept>
    <rtept lat="41.15871000" lon="-121.954450">
      <ele>1692.0000</ele>
      <time>2010-01-01T05:05:31Z</time>
    </rtept>
    <rtept lat="41.15863000" lon="-121.954580">
      <ele>1690.0000</ele>
      <time>2010-01-01T05:05:36Z</time>
    </rtept>
    <rtept lat="41.15854000" lon="-121.955120">
      <ele>1694.0000</ele>
      <time>2010-01-01T05:05:53Z</time>
    </rtept>
    <rtept lat="41.15850000" lon="-121.955330">
      <ele>1697.0000</ele>
      <time>2010-01-01T05:05:59Z</time>
    </rtept>
    <rtept lat="41.15841000" lon="-121.955770">
      <ele>1701.0000</ele>
      <time>2010-01-01T05:06:13Z</time>
    </rtept>
    <rtept lat="41.15838000" lon="-121.955970">
      <ele>1701.0000</ele>
      <time>2010-01-01T05:06:19Z</time>
    </rtept>
    <rtept lat="41.15841000" lon="-121.956290">
      <ele>1702.0000</ele>
      <time>2010-01-01T05:06:29Z</time>
    </rtept>
    <rtept lat="41.15842000" lon="-121.956520">
      <ele>1703.0000</ele>
      <time>2010-01-01T05:06:36Z</time>
    </rtept>
    <rtept lat="41.15840000" lon="-121.956640">
      <ele>1703.0000</ele>
      <time>2010-01-01T05:06:40Z</time>
    </rtept>
    <rtept lat="41.15834000" lon="-121.956840">
      <ele>1704.0000</ele>
      <time>2010-01-01T05:06:46Z</time>
    </rtept>
    <rtept lat="41.15825000" lon="-121.957020">
      <ele>1702.0000</ele>
      <time>2010-01-01T05:06:53Z</time>
    </rtept>
    <rtept lat="41.15818000" lon="-121.957160">
      <ele>1701.0000</ele>
      <time>2010-01-01T05:06:58Z</time>
    </rtept>
    <rtept lat="41.15811000" lon="-121.957330">
      <ele>1699.0000</ele>
      <time>2010-01-01T05:07:04Z</time>
    </rtept>
    <rtept lat="41.15805000" lon="-121.957580">
      <ele>1698.0000</ele>
      <time>2010-01-01T05:07:11Z</time>
    </rtept>
    <rtept lat="41.15800000" lon="-121.957730">
      <ele>1698.0000</ele>
      <time>2010-01-01T05:07:16Z</time>
    </rtept>
    <rtept lat="41.15791000" lon="-121.958130">
      <ele>1699.0000</ele>
      <time>2010-01-01T05:07:29Z</time>
    </rtept>
    <rtept lat="41.15790000" lon="-121.958340">
      <ele>1700.0000</ele>
      <time>2010-01-01T05:07:35Z</time>
    </rtept>
    <rtept lat="41.15780000" lon="-121.958620">
      <ele>1697.0000</ele>
      <time>2010-01-01T05:07:45Z</time>
    </rtept>
    <rtept lat="41.15777000" lon="-121.958730">
      <ele>1697.0000</ele>
      <time>2010-01-01T05:07:48Z</time>
    </rtept>
    <rtept lat="41.15774000" lon="-121.958890">
      <ele>1698.0000</ele>
      <time>2010-01-01T05:07:53Z</time>
    </rtept>
    <rtept lat="41.15777000" lon="-121.959120">
      <ele>1702.0000</ele>
      <time>2010-01-01T05:08:00Z</time>
    </rtept>
    <rtept lat="41.15775000" lon="-121.959390">
      <ele>1702.0000</ele>
      <time>2010-01-01T05:08:08Z</time>
    </rtept>
    <rtept lat="41.15770000" lon="-121.959600">
      <ele>1700.0000</ele>
      <time>2010-01-01T05:08:15Z</time>
    </rtept>
    <rtept lat="41.15762000" lon="-121.959760">
      <ele>1697.0000</ele>
      <time>2010-01-01T05:08:21Z</time>
    </rtept>
    <rtept lat="41.15748000" lon="-121.960050">
      <ele>1690.0000</ele>
      <time>2010-01-01T05:08:31Z</time>
    </rtept>
    <rtept lat="41.15748000" lon="-121.960260">
      <ele>1687.0000</ele>
      <time>2010-01-01T05:08:38Z</time>
    </rtept>
    <rtept lat="41.15749000" lon="-121.960380">
      <ele>1687.0000</ele>
      <time>2010-01-01T05:08:41Z</time>
    </rtept>
    <rtept lat="41.15745000" lon="-121.960480">
      <ele>1686.0000</ele>
      <time>2010-01-01T05:08:45Z</time>
    </rtept>
    <rtept lat="41.15742000" lon="-121.960610">
      <ele>1685.0000</ele>
      <time>2010-01-01T05:08:49Z</time>
    </rtept>
    <rtept lat="41.15734000" lon="-121.960700">
      <ele>1683.0000</ele>
      <time>2010-01-01T05:08:53Z</time>
    </rtept>
    <rtept lat="41.15729000" lon="-121.960810">
      <ele>1682.0000</ele>
      <time>2010-01-01T05:08:57Z</time>
    </rtept>
    <rtept lat="41.15727000" lon="-121.960960">
      <ele>1682.0000</ele>
      <time>2010-01-01T05:09:01Z</time>
    </rtept>
    <rtept lat="41.15730000" lon="-121.961140">
      <ele>1683.0000</ele>
      <time>2010-01-01T05:09:07Z</time>
    </rtept>
    <rtept lat="41.15726000" lon="-121.961210">
      <ele>1681.0000</ele>
      <time>2010-01-01T05:09:10Z</time>
    </rtept>
    <rtept lat="41.15708000" lon="-121.961340">
      <ele>1676.0000</ele>
      <time>2010-01-01T05:09:18Z</time>
    </rtept>
    <rtept lat="41.15698000" lon="-121.961410">
      <ele>1674.0000</ele>
      <time>2010-01-01T05:09:22Z</time>
    </rtept>
    <rtept lat="41.15691000" lon="-121.961550">
      <ele>1673.0000</ele>
      <time>2010-01-01T05:09:27Z</time>
    </rtept>
    <rtept lat="41.15686000" lon="-121.961900">
      <ele>1674.0000</ele>
      <time>2010-01-01T05:09:38Z</time>
    </rtept>
    <rtept lat="41.15684000" lon="-121.961970">
      <ele>1674.0000</ele>
      <time>2010-01-01T05:09:40Z</time>
    </rtept>
    <rtept lat="41.15666000" lon="-121.961950">
      <ele>1670.0000</ele>
      <time>2010-01-01T05:09:48Z</time>
    </rtept>
    <rtept lat="41.15648000" lon="-121.961790">
      <ele>1667.0000</ele>
      <time>2010-01-01T05:09:56Z</time>
    </rtept>
    <rtept lat="41.15639000" lon="-121.961740">
      <ele>1664.0000</ele>
      <time>2010-01-01T05:10:00Z</time>
    </rtept>
    <rtept lat="41.15628000" lon="-121.961580">
      <ele>1663.0000</ele>
      <time>2010-01-01T05:10:07Z</time>
    </rtept>
    <rtept lat="41.15614000" lon="-121.961390">
      <ele>1661.0000</ele>
      <time>2010-01-01T05:10:15Z</time>
    </rtept>
    <rtept lat="41.15603000" lon="-121.961260">
      <ele>1659.0000</ele>
      <time>2010-01-01T05:10:21Z</time>
    </rtept>
    <rtept lat="41.15584000" lon="-121.961090">
      <ele>1655.0000</ele>
      <time>2010-01-01T05:10:30Z</time>
    </rtept>
    <rtept lat="41.15531000" lon="-121.961160">
      <ele>1651.0000</ele>
      <time>2010-01-01T05:10:51Z</time>
    </rtept>
    <rtept lat="41.15476000" lon="-121.961180">
      <ele>1644.0000</ele>
      <time>2010-01-01T05:11:13Z</time>
    </rtept>
    <rtept lat="41.15453000" lon="-121.961230">
      <ele>1641.0000</ele>
      <time>2010-01-01T05:11:22Z</time>
    </rtept>
    <rtept lat="41.15425000" lon="-121.961270">
      <ele>1642.0000</ele>
      <time>2010-01-01T05:11:34Z</time>
    </rtept>
    <rtept lat="41.15400000" lon="-121.961170">
      <ele>1638.0000</ele>
      <time>2010-01-01T05:11:44Z</time>
    </rtept>
    <rtept lat="41.15377000" lon="-121.961050">
      <ele>1636.0000</ele>
      <time>2010-01-01T05:11:54Z</time>
    </rtept>
    <rtept lat="41.15368000" lon="-121.960930">
      <ele>1634.0000</ele>
      <time>2010-01-01T05:11:59Z</time>
    </rtept>
    <rtept lat="41.15360000" lon="-121.960780">
      <ele>1631.0000</ele>
      <time>2010-01-01T05:12:05Z</time>
    </rtept>
    <rtept lat="41.15351000" lon="-121.960740">
      <ele>1631.0000</ele>
      <time>2010-01-01T05:12:08Z</time>
    </rtept>
    <rtept lat="41.15340000" lon="-121.960770">
      <ele>1632.0000</ele>
      <time>2010-01-01T05:12:13Z</time>
    </rtept>
    <rtept lat="41.15327000" lon="-121.960910">
      <ele>1636.0000</ele>
      <time>2010-01-01T05:12:20Z</time>
    </rtept>
    <rtept lat="41.15314000" lon="-121.961060">
      <ele>1641.0000</ele>
      <time>2010-01-01T05:12:27Z</time>
    </rtept>
    <rtept lat="41.15301000" lon="-121.961200">
      <ele>1643.0000</ele>
      <time>2010-01-01T05:12:33Z</time>
    </rtept>
    <rtept lat="41.15281000" lon="-121.961300">
      <ele>1642.0000</ele>
      <time>2010-01-01T05:12:42Z</time>
    </rtept>
    <rtept lat="41.15255000" lon="-121.961400">
      <ele>1643.0000</ele>
      <time>2010-01-01T05:12:53Z</time>
    </rtept>
    <rtept lat="41.15243000" lon="-121.961400">
      <ele>1642.0000</ele>
      <time>2010-01-01T05:12:57Z</time>
    </rtept>
    <rtept lat="41.15207000" lon="-121.961390">
      <ele>1639.0000</ele>
      <time>2010-01-01T05:13:12Z</time>
    </rtept>
    <rtept lat="41.15158000" lon="-121.961370">
      <ele>1645.0000</ele>
      <time>2010-01-01T05:13:31Z</time>
    </rtept>
    <rtept lat="41.15149000" lon="-121.961330">
      <ele>1646.0000</ele>
      <time>2010-01-01T05:13:35Z</time>
    </rtept>
    <rtept lat="41.15135000" lon="-121.961280">
      <ele>1647.0000</ele>
      <time>2010-01-01T05:13:41Z</time>
    </rtept>
    <rtept lat="41.15113000" lon="-121.961110">
      <ele>1642.0000</ele>
      <time>2010-01-01T05:13:51Z</time>
    </rtept>
    <rtept lat="41.15102000" lon="-121.961010">
      <ele>1640.0000</ele>
      <time>2010-01-01T05:13:57Z</time>
    </rtept>
    <rtept lat="41.15092000" lon="-121.960960">
      <ele>1640.0000</ele>
      <time>2010-01-01T05:14:01Z</time>
    </rtept>
    <rtept lat="41.15071000" lon="-121.960930">
      <ele>1641.0000</ele>
      <time>2010-01-01T05:14:09Z</time>
    </rtept>
    <rtept lat="41.15054000" lon="-121.960980">
      <ele>1643.0000</ele>
      <time>2010-01-01T05:14:16Z</time>
    </rtept>
    <rtept lat="41.15049000" lon="-121.961060">
      <ele>1642.0000</ele>
      <time>2010-01-01T05:14:19Z</time>
    </rtept>
    <rtept lat="41.15040000" lon="-121.961130">
      <ele>1640.0000</ele>
      <time>2010-01-01T05:14:24Z</time>
    </rtept>
    <rtept lat="41.15032000" lon="-121.961230">
      <ele>1638.0000</ele>
      <time>2010-01-01T05:14:28Z</time>
    </rtept>
    <rtept lat="41.15016000" lon="-121.961540">
      <ele>1639.0000</ele>
      <time>2010-01-01T05:14:39Z</time>
    </rtept>
    <rtept lat="41.15008000" lon="-121.961740">
      <ele>1641.0000</ele>
      <time>2010-01-01T05:14:46Z</time>
    </rtept>
    <rtept lat="41.15007000" lon="-121.961960">
      <ele>1643.0000</ele>
      <time>2010-01-01T05:14:53Z</time>
    </rtept>
    <rtept lat="41.15011000" lon="-121.962150">
      <ele>1645.0000</ele>
      <time>2010-01-01T05:14:59Z</time>
    </rtept>
    <rtept lat="41.15017000" lon="-121.962650">
      <ele>1650.0000</ele>
      <time>2010-01-01T05:15:14Z</time>
    </rtept>
    <rtept lat="41.15020000" lon="-121.962840">
      <ele>1651.0000</ele>
      <time>2010-01-01T05:15:20Z</time>
    </rtept>
    <rtept lat="41.15032000" lon="-121.963020">
      <ele>1653.0000</ele>
      <time>2010-01-01T05:15:27Z</time>
    </rtept>
    <rtept lat="41.15038000" lon="-121.963120">
      <ele>1654.0000</ele>
      <time>2010-01-01T05:15:31Z</time>
    </rtept>
    <rtept lat="41.15043000" lon="-121.963320">
      <ele>1656.0000</ele>
      <time>2010-01-01T05:15:37Z</time>
    </rtept>
    <rtept lat="41.15050000" lon="-121.963510">
      <ele>1658.0000</ele>
      <time>2010-01-01T05:15:44Z</time>
    </rtept>
    <rtept lat="41.15055000" lon="-121.963720">
      <ele>1659.0000</ele>
      <time>2010-01-01T05:15:50Z</time>
    </rtept>
    <rtept lat="41.15055000" lon="-121.964010">
      <ele>1660.0000</ele>
      <time>2010-01-01T05:15:59Z</time>
    </rtept>
    <rtept lat="41.15043000" lon="-121.964430">
      <ele>1661.0000</ele>
      <time>2010-01-01T05:16:13Z</time>
    </rtept>
    <rtept lat="41.15039000" lon="-121.964650">
      <ele>1662.0000</ele>
      <time>2010-01-01T05:16:19Z</time>
    </rtept>
    <rtept lat="41.15033000" lon="-121.964950">
      <ele>1667.0000</ele>
      <time>2010-01-01T05:16:29Z</time>
    </rtept>
    <rtept lat="41.15022000" lon="-121.965190">
      <ele>1669.0000</ele>
      <time>2010-01-01T05:16:37Z</time>
    </rtept>
    <rtept lat="41.15009000" lon="-121.965350">
      <ele>1670.0000</ele>
      <time>2010-01-01T05:16:44Z</time>
    </rtept>
    <rtept lat="41.14993000" lon="-121.965490">
      <ele>1669.0000</ele>
      <time>2010-01-01T05:16:52Z</time>
    </rtept>
    <rtept lat="41.14981000" lon="-121.965610">
      <ele>1667.0000</ele>
      <time>2010-01-01T05:16:58Z</time>
    </rtept>
    <rtept lat="41.14969000" lon="-121.965810">
      <ele>1667.0000</ele>
      <time>2010-01-01T05:17:06Z</time>
    </rtept>
    <rtept lat="41.14963000" lon="-121.966110">
      <ele>1667.0000</ele>
      <time>2010-01-01T05:17:15Z</time>
    </rtept>
    <rtept lat="41.14957000" lon="-121.966340">
      <ele>1667.0000</ele>
      <time>2010-01-01T05:17:22Z</time>
    </rtept>
    <rtept lat="41.14948000" lon="-121.966580">
      <ele>1666.0000</ele>
      <time>2010-01-01T05:17:31Z</time>
    </rtept>
    <rtept lat="41.14942000" lon="-121.966750">
      <ele>1666.0000</ele>
      <time>2010-01-01T05:17:36Z</time>
    </rtept>
    <rtept lat="41.14937000" lon="-121.967150">
      <ele>1671.0000</ele>
      <time>2010-01-01T05:17:48Z</time>
    </rtept>
    <rtept lat="41.14934000" lon="-121.967340">
      <ele>1673.0000</ele>
      <time>2010-01-01T05:17:54Z</time>
    </rtept>
    <rtept lat="41.14934000" lon="-121.967500">
      <ele>1676.0000</ele>
      <time>2010-01-01T05:17:59Z</time>
    </rtept>
    <rtept lat="41.14935000" lon="-121.967990">
      <ele>1680.0000</ele>
      <time>2010-01-01T05:18:14Z</time>
    </rtept>
    <rtept lat="41.14952000" lon="-121.968330">
      <ele>1687.0000</ele>
      <time>2010-01-01T05:18:26Z</time>
    </rtept>
    <rtept lat="41.14954000" lon="-121.968460">
      <ele>1688.0000</ele>
      <time>2010-01-01T05:18:30Z</time>
    </rtept>
    <rtept lat="41.14958000" lon="-121.968910">
      <ele>1692.0000</ele>
      <time>2010-01-01T05:18:44Z</time>
    </rtept>
    <rtept lat="41.14962000" lon="-121.969100">
      <ele>1695.0000</ele>
      <time>2010-01-01T05:18:50Z</time>
    </rtept>
    <rtept lat="41.14962000" lon="-121.969310">
      <ele>1698.0000</ele>
      <time>2010-01-01T05:18:56Z</time>
    </rtept>
    <rtept lat="41.14957000" lon="-121.969390">
      <ele>1698.0000</ele>
      <time>2010-01-01T05:18:59Z</time>
    </rtept>
    <rtept lat="41.14941000" lon="-121.969460">
      <ele>1695.0000</ele>
      <time>2010-01-01T05:19:06Z</time>
    </rtept>
    <rtept lat="41.14922000" lon="-121.969600">
      <ele>1695.0000</ele>
      <time>2010-01-01T05:19:15Z</time>
    </rtept>
    <rtept lat="41.14918000" lon="-121.969710">
      <ele>1697.0000</ele>
      <time>2010-01-01T05:19:18Z</time>
    </rtept>
    <rtept lat="41.14914000" lon="-121.969860">
      <ele>1699.0000</ele>
      <time>2010-01-01T05:19:23Z</time>
    </rtept>
    <rtept lat="41.14906000" lon="-121.969920">
      <ele>1697.0000</ele>
      <time>2010-01-01T05:19:27Z</time>
    </rtept>
    <rtept lat="41.14897000" lon="-121.969950">
      <ele>1695.0000</ele>
      <time>2010-01-01T05:19:31Z</time>
    </rtept>
    <rtept lat="41.14884000" lon="-121.970190">
      <ele>1695.0000</ele>
      <time>2010-01-01T05:19:39Z</time>
    </rtept>
    <rtept lat="41.14869000" lon="-121.970370">
      <ele>1695.0000</ele>
      <time>2010-01-01T05:19:48Z</time>
    </rtept>
    <rtept lat="41.14859000" lon="-121.970500">
      <ele>1695.0000</ele>
      <time>2010-01-01T05:19:53Z</time>
    </rtept>
    <rtept lat="41.14844000" lon="-121.970750">
      <ele>1703.0000</ele>
      <time>2010-01-01T05:20:03Z</time>
    </rtept>
    <rtept lat="41.14837000" lon="-121.970940">
      <ele>1709.0000</ele>
      <time>2010-01-01T05:20:09Z</time>
    </rtept>
    <rtept lat="41.14829000" lon="-121.971070">
      <ele>1714.0000</ele>
      <time>2010-01-01T05:20:14Z</time>
    </rtept>
    <rtept lat="41.14821000" lon="-121.971060">
      <ele>1716.0000</ele>
      <time>2010-01-01T05:20:17Z</time>
    </rtept>
    <rtept lat="41.14814000" lon="-121.970820">
      <ele>1709.0000</ele>
      <time>2010-01-01T05:20:25Z</time>
    </rtept>
    <rtept lat="41.14801000" lon="-121.970600">
      <ele>1706.0000</ele>
      <time>2010-01-01T05:20:34Z</time>
    </rtept>
    <rtept lat="41.14797000" lon="-121.970470">
      <ele>1703.0000</ele>
      <time>2010-01-01T05:20:38Z</time>
    </rtept>
    <rtept lat="41.14786000" lon="-121.970120">
      <ele>1694.0000</ele>
      <time>2010-01-01T05:20:49Z</time>
    </rtept>
    <rtept lat="41.14772000" lon="-121.969980">
      <ele>1690.0000</ele>
      <time>2010-01-01T05:20:56Z</time>
    </rtept>
    <rtept lat="41.14748000" lon="-121.969810">
      <ele>1685.0000</ele>
      <time>2010-01-01T05:21:07Z</time>
    </rtept>
    <rtept lat="41.14733000" lon="-121.969640">
      <ele>1680.0000</ele>
      <time>2010-01-01T05:21:15Z</time>
    </rtept>
    <rtept lat="41.14720000" lon="-121.969550">
      <ele>1676.0000</ele>
      <time>2010-01-01T05:21:21Z</time>
    </rtept>
    <rtept lat="41.14704000" lon="-121.969360">
      <ele>1673.0000</ele>
      <time>2010-01-01T05:21:30Z</time>
    </rtept>
    <rtept lat="41.14674000" lon="-121.969150">
      <ele>1671.0000</ele>
      <time>2010-01-01T05:21:43Z</time>
    </rtept>
    <rtept lat="41.14657000" lon="-121.969170">
      <ele>1668.0000</ele>
      <time>2010-01-01T05:21:50Z</time>
    </rtept>
    <rtept lat="41.14644000" lon="-121.969240">
      <ele>1665.0000</ele>
      <time>2010-01-01T05:21:56Z</time>
    </rtept>
    <rtept lat="41.14628000" lon="-121.969470">
      <ele>1665.0000</ele>
      <time>2010-01-01T05:22:05Z</time>
    </rtept>
    <rtept lat="41.14610000" lon="-121.969620">
      <ele>1663.0000</ele>
      <time>2010-01-01T05:22:14Z</time>
    </rtept>
    <rtept lat="41.14595000" lon="-121.969760">
      <ele>1660.0000</ele>
      <time>2010-01-01T05:22:21Z</time>
    </rtept>
    <rtept lat="41.14584000" lon="-121.969890">
      <ele>1659.0000</ele>
      <time>2010-01-01T05:22:27Z</time>
    </rtept>
    <rtept lat="41.14578000" lon="-121.970100">
      <ele>1662.0000</ele>
      <time>2010-01-01T05:22:34Z</time>
    </rtept>
    <rtept lat="41.14569000" lon="-121.970270">
      <ele>1662.0000</ele>
      <time>2010-01-01T05:22:40Z</time>
    </rtept>
    <rtept lat="41.14551000" lon="-121.970540">
      <ele>1658.0000</ele>
      <time>2010-01-01T05:22:51Z</time>
    </rtept>
    <rtept lat="41.14538000" lon="-121.970730">
      <ele>1653.0000</ele>
      <time>2010-01-01T05:22:58Z</time>
    </rtept>
    <rtept lat="41.14527000" lon="-121.970890">
      <ele>1654.0000</ele>
      <time>2010-01-01T05:23:05Z</time>
    </rtept>
    <rtept lat="41.14511000" lon="-121.971050">
      <ele>1659.0000</ele>
      <time>2010-01-01T05:23:13Z</time>
    </rtept>
    <rtept lat="41.14504000" lon="-121.971170">
      <ele>1663.0000</ele>
      <time>2010-01-01T05:23:18Z</time>
    </rtept>
    <rtept lat="41.14496000" lon="-121.971250">
      <ele>1665.0000</ele>
      <time>2010-01-01T05:23:22Z</time>
    </rtept>
    <rtept lat="41.14492000" lon="-121.971390">
      <ele>1668.0000</ele>
      <time>2010-01-01T05:23:26Z</time>
    </rtept>
    <rtept lat="41.14491000" lon="-121.971620">
      <ele>1671.0000</ele>
      <time>2010-01-01T05:23:33Z</time>
    </rtept>
    <rtept lat="41.14491000" lon="-121.971650">
      <ele>1671.0000</ele>
      <time>2010-01-01T05:23:34Z</time>
    </rtept>
    <rtept lat="41.14487000" lon="-121.971840">
      <ele>1669.0000</ele>
      <time>2010-01-01T05:23:40Z</time>
    </rtept>
    <rtept lat="41.14479000" lon="-121.972090">
      <ele>1662.0000</ele>
      <time>2010-01-01T05:23:48Z</time>
    </rtept>
    <rtept lat="41.14462000" lon="-121.972390">
      <ele>1650.0000</ele>
      <time>2010-01-01T05:23:59Z</time>
    </rtept>
    <rtept lat="41.14453000" lon="-121.972600">
      <ele>1647.0000</ele>
      <time>2010-01-01T05:24:07Z</time>
    </rtept>
    <rtept lat="41.14447000" lon="-121.972760">
      <ele>1647.0000</ele>
      <time>2010-01-01T05:24:12Z</time>
    </rtept>
    <rtept lat="41.14443000" lon="-121.973010">
      <ele>1653.0000</ele>
      <time>2010-01-01T05:24:20Z</time>
    </rtept>
    <rtept lat="41.14440000" lon="-121.973120">
      <ele>1657.0000</ele>
      <time>2010-01-01T05:24:23Z</time>
    </rtept>
    <rtept lat="41.14435000" lon="-121.973160">
      <ele>1655.0000</ele>
      <time>2010-01-01T05:24:26Z</time>
    </rtept>
    <rtept lat="41.14422000" lon="-121.973270">
      <ele>1652.0000</ele>
      <time>2010-01-01T05:24:32Z</time>
    </rtept>
    <rtept lat="41.14405000" lon="-121.973370">
      <ele>1646.0000</ele>
      <time>2010-01-01T05:24:39Z</time>
    </rtept>
    <rtept lat="41.14387000" lon="-121.973480">
      <ele>1636.0000</ele>
      <time>2010-01-01T05:24:47Z</time>
    </rtept>
    <rtept lat="41.14375000" lon="-121.973600">
      <ele>1627.0000</ele>
      <time>2010-01-01T05:24:53Z</time>
    </rtept>
    <rtept lat="41.14368000" lon="-121.973700">
      <ele>1626.0000</ele>
      <time>2010-01-01T05:24:57Z</time>
    </rtept>
    <rtept lat="41.14364000" lon="-121.973780">
      <ele>1627.0000</ele>
      <time>2010-01-01T05:25:00Z</time>
    </rtept>
    <rtept lat="41.14358000" lon="-121.973890">
      <ele>1631.0000</ele>
      <time>2010-01-01T05:25:04Z</time>
    </rtept>
    <rtept lat="41.14345000" lon="-121.974080">
      <ele>1634.0000</ele>
      <time>2010-01-01T05:25:12Z</time>
    </rtept>
    <rtept lat="41.14336000" lon="-121.974180">
      <ele>1635.0000</ele>
      <time>2010-01-01T05:25:17Z</time>
    </rtept>
    <rtept lat="41.14330000" lon="-121.974290">
      <ele>1637.0000</ele>
      <time>2010-01-01T05:25:21Z</time>
    </rtept>
    <rtept lat="41.14324000" lon="-121.974330">
      <ele>1637.0000</ele>
      <time>2010-01-01T05:25:23Z</time>
    </rtept>
    <rtept lat="41.14318000" lon="-121.974300">
      <ele>1636.0000</ele>
      <time>2010-01-01T05:25:26Z</time>
    </rtept>
    <rtept lat="41.14311000" lon="-121.974260">
      <ele>1635.0000</ele>
      <time>2010-01-01T05:25:29Z</time>
    </rtept>
    <rtept lat="41.14303000" lon="-121.974190">
      <ele>1633.0000</ele>
      <time>2010-01-01T05:25:33Z</time>
    </rtept>
    <rtept lat="41.14302000" lon="-121.974100">
      <ele>1630.0000</ele>
      <time>2010-01-01T05:25:36Z</time>
    </rtept>
    <rtept lat="41.14300000" lon="-121.974010">
      <ele>1627.0000</ele>
      <time>2010-01-01T05:25:39Z</time>
    </rtept>
    <rtept lat="41.14296000" lon="-121.973950">
      <ele>1625.0000</ele>
      <time>2010-01-01T05:25:41Z</time>
    </rtept>
    <rtept lat="41.14294000" lon="-121.973940">
      <ele>1624.0000</ele>
      <time>2010-01-01T05:25:42Z</time>
    </rtept>
    <rtept lat="41.14289000" lon="-121.973970">
      <ele>1625.0000</ele>
      <time>2010-01-01T05:25:44Z</time>
    </rtept>
    <rtept lat="41.14269000" lon="-121.973990">
      <ele>1624.0000</ele>
      <time>2010-01-01T05:25:52Z</time>
    </rtept>
    <rtept lat="41.14262000" lon="-121.973960">
      <ele>1623.0000</ele>
      <time>2010-01-01T05:25:55Z</time>
    </rtept>
    <rtept lat="41.14255000" lon="-121.973910">
      <ele>1622.0000</ele>
      <time>2010-01-01T05:25:58Z</time>
    </rtept>
    <rtept lat="41.14243000" lon="-121.973890">
      <ele>1622.0000</ele>
      <time>2010-01-01T05:26:03Z</time>
    </rtept>
    <rtept lat="41.14231000" lon="-121.973860">
      <ele>1621.0000</ele>
      <time>2010-01-01T05:26:08Z</time>
    </rtept>
    <rtept lat="41.14224000" lon="-121.973810">
      <ele>1620.0000</ele>
      <time>2010-01-01T05:26:11Z</time>
    </rtept>
    <rtept lat="41.14219000" lon="-121.973750">
      <ele>1617.0000</ele>
      <time>2010-01-01T05:26:14Z</time>
    </rtept>
    <rtept lat="41.14215000" lon="-121.973710">
      <ele>1615.0000</ele>
      <time>2010-01-01T05:26:16Z</time>
    </rtept>
    <rtept lat="41.14212000" lon="-121.973710">
      <ele>1614.0000</ele>
      <time>2010-01-01T05:26:17Z</time>
    </rtept>
    <rtept lat="41.14207000" lon="-121.973720">
      <ele>1614.0000</ele>
      <time>2010-01-01T05:26:19Z</time>
    </rtept>
    <rtept lat="41.14194000" lon="-121.973810">
      <ele>1615.0000</ele>
      <time>2010-01-01T05:26:25Z</time>
    </rtept>
    <rtept lat="41.14136000" lon="-121.974220">
      <ele>1629.0000</ele>
      <time>2010-01-01T05:26:51Z</time>
    </rtept>
    <rtept lat="41.14132000" lon="-121.974260">
      <ele>1632.0000</ele>
      <time>2010-01-01T05:26:53Z</time>
    </rtept>
    <rtept lat="41.14127000" lon="-121.974250">
      <ele>1633.0000</ele>
      <time>2010-01-01T05:26:55Z</time>
    </rtept>
    <rtept lat="41.14122000" lon="-121.974220">
      <ele>1632.0000</ele>
      <time>2010-01-01T05:26:57Z</time>
    </rtept>
    <rtept lat="41.14119000" lon="-121.974200">
      <ele>1632.0000</ele>
      <time>2010-01-01T05:26:59Z</time>
    </rtept>
    <rtept lat="41.14117000" lon="-121.974120">
      <ele>1631.0000</ele>
      <time>2010-01-01T05:27:01Z</time>
    </rtept>
    <rtept lat="41.14114000" lon="-121.973900">
      <ele>1627.0000</ele>
      <time>2010-01-01T05:27:08Z</time>
    </rtept>
    <rtept lat="41.14112000" lon="-121.973820">
      <ele>1626.0000</ele>
      <time>2010-01-01T05:27:11Z</time>
    </rtept>
    <rtept lat="41.14109000" lon="-121.973760">
      <ele>1627.0000</ele>
      <time>2010-01-01T05:27:13Z</time>
    </rtept>
    <rtept lat="41.14105000" lon="-121.973740">
      <ele>1630.0000</ele>
      <time>2010-01-01T05:27:14Z</time>
    </rtept>
    <rtept lat="41.14101000" lon="-121.973730">
      <ele>1633.0000</ele>
      <time>2010-01-01T05:27:16Z</time>
    </rtept>
    <rtept lat="41.14095000" lon="-121.973740">
      <ele>1638.0000</ele>
      <time>2010-01-01T05:27:18Z</time>
    </rtept>
    <rtept lat="41.14088000" lon="-121.973690">
      <ele>1643.0000</ele>
      <time>2010-01-01T05:27:22Z</time>
    </rtept>
    <rtept lat="41.14077000" lon="-121.973580">
      <ele>1646.0000</ele>
      <time>2010-01-01T05:27:27Z</time>
    </rtept>
    <rtept lat="41.14068000" lon="-121.973410">
      <ele>1635.0000</ele>
      <time>2010-01-01T05:27:33Z</time>
    </rtept>
    <rtept lat="41.14053000" lon="-121.973160">
      <ele>1619.0000</ele>
      <time>2010-01-01T05:27:43Z</time>
    </rtept>
    <rtept lat="41.14049000" lon="-121.973150">
      <ele>1619.0000</ele>
      <time>2010-01-01T05:27:45Z</time>
    </rtept>
    <rtept lat="41.14042000" lon="-121.973150">
      <ele>1620.0000</ele>
      <time>2010-01-01T05:27:47Z</time>
    </rtept>
    <rtept lat="41.14036000" lon="-121.973140">
      <ele>1619.0000</ele>
      <time>2010-01-01T05:27:50Z</time>
    </rtept>
    <rtept lat="41.14031000" lon="-121.973090">
      <ele>1615.0000</ele>
      <time>2010-01-01T05:27:52Z</time>
    </rtept>
    <rtept lat="41.14022000" lon="-121.973010">
      <ele>1613.0000</ele>
      <time>2010-01-01T05:27:57Z</time>
    </rtept>
    <rtept lat="41.14015000" lon="-121.972980">
      <ele>1615.0000</ele>
      <time>2010-01-01T05:28:00Z</time>
    </rtept>
    <rtept lat="41.14007000" lon="-121.972960">
      <ele>1618.0000</ele>
      <time>2010-01-01T05:28:03Z</time>
    </rtept>
    <rtept lat="41.13999000" lon="-121.972960">
      <ele>1620.0000</ele>
      <time>2010-01-01T05:28:06Z</time>
    </rtept>
    <rtept lat="41.13992000" lon="-121.973000">
      <ele>1621.0000</ele>
      <time>2010-01-01T05:28:09Z</time>
    </rtept>
    <rtept lat="41.13971000" lon="-121.973230">
      <ele>1626.0000</ele>
      <time>2010-01-01T05:28:20Z</time>
    </rtept>
    <rtept lat="41.13963000" lon="-121.973310">
      <ele>1629.0000</ele>
      <time>2010-01-01T05:28:24Z</time>
    </rtept>
    <rtept lat="41.13953000" lon="-121.973370">
      <ele>1634.0000</ele>
      <time>2010-01-01T05:28:29Z</time>
    </rtept>
    <rtept lat="41.13932000" lon="-121.973400">
      <ele>1642.0000</ele>
      <time>2010-01-01T05:28:37Z</time>
    </rtept>
    <rtept lat="41.13905000" lon="-121.973370">
      <ele>1647.0000</ele>
      <time>2010-01-01T05:28:48Z</time>
    </rtept>
    <rtept lat="41.13898000" lon="-121.973390">
      <ele>1648.0000</ele>
      <time>2010-01-01T05:28:51Z</time>
    </rtept>
    <rtept lat="41.13882000" lon="-121.973430">
      <ele>1648.0000</ele>
      <time>2010-01-01T05:28:57Z</time>
    </rtept>
    <rtept lat="41.13860000" lon="-121.973510">
      <ele>1648.0000</ele>
      <time>2010-01-01T05:29:06Z</time>
    </rtept>
    <rtept lat="41.13839000" lon="-121.973530">
      <ele>1648.0000</ele>
      <time>2010-01-01T05:29:15Z</time>
    </rtept>
    <rtept lat="41.13830000" lon="-121.973570">
      <ele>1650.0000</ele>
      <time>2010-01-01T05:29:19Z</time>
    </rtept>
    <rtept lat="41.13807000" lon="-121.973710">
      <ele>1658.0000</ele>
      <time>2010-01-01T05:29:29Z</time>
    </rtept>
    <rtept lat="41.13798000" lon="-121.973810">
      <ele>1664.0000</ele>
      <time>2010-01-01T05:29:33Z</time>
    </rtept>
    <rtept lat="41.13790000" lon="-121.973860">
      <ele>1667.0000</ele>
      <time>2010-01-01T05:29:37Z</time>
    </rtept>
    <rtept lat="41.13778000" lon="-121.973880">
      <ele>1669.0000</ele>
      <time>2010-01-01T05:29:42Z</time>
    </rtept>
    <rtept lat="41.13749000" lon="-121.973980">
      <ele>1676.0000</ele>
      <time>2010-01-01T05:29:54Z</time>
    </rtept>
    <rtept lat="41.13741000" lon="-121.974000">
      <ele>1677.0000</ele>
      <time>2010-01-01T05:29:57Z</time>
    </rtept>
    <rtept lat="41.13735000" lon="-121.974000">
      <ele>1677.0000</ele>
      <time>2010-01-01T05:29:59Z</time>
    </rtept>
    <rtept lat="41.13725000" lon="-121.973960">
      <ele>1675.0000</ele>
      <time>2010-01-01T05:30:04Z</time>
    </rtept>
    <rtept lat="41.13718000" lon="-121.973910">
      <ele>1672.0000</ele>
      <time>2010-01-01T05:30:07Z</time>
    </rtept>
    <rtept lat="41.13716000" lon="-121.973870">
      <ele>1669.0000</ele>
      <time>2010-01-01T05:30:08Z</time>
    </rtept>
    <rtept lat="41.13712000" lon="-121.973830">
      <ele>1666.0000</ele>
      <time>2010-01-01T05:30:10Z</time>
    </rtept>
    <rtept lat="41.13704000" lon="-121.973840">
      <ele>1668.0000</ele>
      <time>2010-01-01T05:30:13Z</time>
    </rtept>
    <rtept lat="41.13700000" lon="-121.973870">
      <ele>1670.0000</ele>
      <time>2010-01-01T05:30:15Z</time>
    </rtept>
    <rtept lat="41.13686000" lon="-121.974000">
      <ele>1678.0000</ele>
      <time>2010-01-01T05:30:22Z</time>
    </rtept>
    <rtept lat="41.13680000" lon="-121.974010">
      <ele>1678.0000</ele>
      <time>2010-01-01T05:30:25Z</time>
    </rtept>
    <rtept lat="41.13671000" lon="-121.974020">
      <ele>1678.0000</ele>
      <time>2010-01-01T05:30:28Z</time>
    </rtept>
    <rtept lat="41.13648000" lon="-121.974010">
      <ele>1673.0000</ele>
      <time>2010-01-01T05:30:37Z</time>
    </rtept>
    <rtept lat="41.13637000" lon="-121.974010">
      <ele>1671.0000</ele>
      <time>2010-01-01T05:30:42Z</time>
    </rtept>
    <rtept lat="41.13627000" lon="-121.974030">
      <ele>1669.0000</ele>
      <time>2010-01-01T05:30:46Z</time>
    </rtept>
    <rtept lat="41.13621000" lon="-121.974060">
      <ele>1669.0000</ele>
      <time>2010-01-01T05:30:48Z</time>
    </rtept>
    <rtept lat="41.13619000" lon="-121.974110">
      <ele>1669.0000</ele>
      <time>2010-01-01T05:30:50Z</time>
    </rtept>
    <rtept lat="41.13618000" lon="-121.974190">
      <ele>1671.0000</ele>
      <time>2010-01-01T05:30:53Z</time>
    </rtept>
    <rtept lat="41.13622000" lon="-121.974310">
      <ele>1673.0000</ele>
      <time>2010-01-01T05:30:56Z</time>
    </rtept>
    <rtept lat="41.13624000" lon="-121.974460">
      <ele>1674.0000</ele>
      <time>2010-01-01T05:31:01Z</time>
    </rtept>
    <rtept lat="41.13631000" lon="-121.974670">
      <ele>1675.0000</ele>
      <time>2010-01-01T05:31:08Z</time>
    </rtept>
    <rtept lat="41.13637000" lon="-121.975000">
      <ele>1674.0000</ele>
      <time>2010-01-01T05:31:18Z</time>
    </rtept>
    <rtept lat="41.13642000" lon="-121.975190">
      <ele>1675.0000</ele>
      <time>2010-01-01T05:31:24Z</time>
    </rtept>
    <rtept lat="41.13652000" lon="-121.975340">
      <ele>1677.0000</ele>
      <time>2010-01-01T05:31:30Z</time>
    </rtept>
    <rtept lat="41.13661000" lon="-121.975460">
      <ele>1676.0000</ele>
      <time>2010-01-01T05:31:35Z</time>
    </rtept>
    <rtept lat="41.13666000" lon="-121.975490">
      <ele>1676.0000</ele>
      <time>2010-01-01T05:31:38Z</time>
    </rtept>
    <rtept lat="41.13671000" lon="-121.975460">
      <ele>1678.0000</ele>
      <time>2010-01-01T05:31:40Z</time>
    </rtept>
    <rtept lat="41.13675000" lon="-121.975430">
      <ele>1679.0000</ele>
      <time>2010-01-01T05:31:42Z</time>
    </rtept>
    <rtept lat="41.13681000" lon="-121.975400">
      <ele>1681.0000</ele>
      <time>2010-01-01T05:31:44Z</time>
    </rtept>
    <rtept lat="41.13689000" lon="-121.975400">
      <ele>1682.0000</ele>
      <time>2010-01-01T05:31:47Z</time>
    </rtept>
    <rtept lat="41.13699000" lon="-121.975390">
      <ele>1683.0000</ele>
      <time>2010-01-01T05:31:51Z</time>
    </rtept>
    <rtept lat="41.13709000" lon="-121.975340">
      <ele>1685.0000</ele>
      <time>2010-01-01T05:31:56Z</time>
    </rtept>
    <rtept lat="41.13725000" lon="-121.975190">
      <ele>1691.0000</ele>
      <time>2010-01-01T05:32:04Z</time>
    </rtept>
    <rtept lat="41.13756000" lon="-121.974910">
      <ele>1689.0000</ele>
      <time>2010-01-01T05:32:19Z</time>
    </rtept>
    <rtept lat="41.13764000" lon="-121.974870">
      <ele>1690.0000</ele>
      <time>2010-01-01T05:32:22Z</time>
    </rtept>
    <rtept lat="41.13770000" lon="-121.974850">
      <ele>1690.0000</ele>
      <time>2010-01-01T05:32:24Z</time>
    </rtept>
    <rtept lat="41.13780000" lon="-121.974840">
      <ele>1690.0000</ele>
      <time>2010-01-01T05:32:29Z</time>
    </rtept>
    <rtept lat="41.13789000" lon="-121.974860">
      <ele>1692.0000</ele>
      <time>2010-01-01T05:32:32Z</time>
    </rtept>
    <rtept lat="41.13802000" lon="-121.974920">
      <ele>1694.0000</ele>
      <time>2010-01-01T05:32:38Z</time>
    </rtept>
    <rtept lat="41.13815000" lon="-121.975020">
      <ele>1697.0000</ele>
      <time>2010-01-01T05:32:44Z</time>
    </rtept>
    <rtept lat="41.13826000" lon="-121.975130">
      <ele>1699.0000</ele>
      <time>2010-01-01T05:32:49Z</time>
    </rtept>
    <rtept lat="41.13845000" lon="-121.975330">
      <ele>1703.0000</ele>
      <time>2010-01-01T05:32:59Z</time>
    </rtept>
    <rtept lat="41.13870000" lon="-121.975540">
      <ele>1708.0000</ele>
      <time>2010-01-01T05:33:11Z</time>
    </rtept>
    <rtept lat="41.13880000" lon="-121.975570">
      <ele>1710.0000</ele>
      <time>2010-01-01T05:33:15Z</time>
    </rtept>
    <rtept lat="41.13888000" lon="-121.975570">
      <ele>1713.0000</ele>
      <time>2010-01-01T05:33:18Z</time>
    </rtept>
    <rtept lat="41.13892000" lon="-121.975600">
      <ele>1713.0000</ele>
      <time>2010-01-01T05:33:20Z</time>
    </rtept>
    <rtept lat="41.13894000" lon="-121.975710">
      <ele>1713.0000</ele>
      <time>2010-01-01T05:33:23Z</time>
    </rtept>
    <rtept lat="41.13894000" lon="-121.975930">
      <ele>1713.0000</ele>
      <time>2010-01-01T05:33:30Z</time>
    </rtept>
    <rtept lat="41.13887000" lon="-121.976330">
      <ele>1709.0000</ele>
      <time>2010-01-01T05:33:42Z</time>
    </rtept>
    <rtept lat="41.13888000" lon="-121.976480">
      <ele>1709.0000</ele>
      <time>2010-01-01T05:33:47Z</time>
    </rtept>
    <rtept lat="41.13891000" lon="-121.976560">
      <ele>1712.0000</ele>
      <time>2010-01-01T05:33:50Z</time>
    </rtept>
    <rtept lat="41.13895000" lon="-121.976650">
      <ele>1714.0000</ele>
      <time>2010-01-01T05:33:53Z</time>
    </rtept>
    <rtept lat="41.13901000" lon="-121.976710">
      <ele>1716.0000</ele>
      <time>2010-01-01T05:33:56Z</time>
    </rtept>
    <rtept lat="41.13912000" lon="-121.976710">
      <ele>1719.0000</ele>
      <time>2010-01-01T05:34:00Z</time>
    </rtept>
    <rtept lat="41.13919000" lon="-121.976690">
      <ele>1721.0000</ele>
      <time>2010-01-01T05:34:03Z</time>
    </rtept>
    <rtept lat="41.13926000" lon="-121.976710">
      <ele>1723.0000</ele>
      <time>2010-01-01T05:34:06Z</time>
    </rtept>
    <rtept lat="41.13930000" lon="-121.976750">
      <ele>1724.0000</ele>
      <time>2010-01-01T05:34:08Z</time>
    </rtept>
    <rtept lat="41.13936000" lon="-121.976940">
      <ele>1724.0000</ele>
      <time>2010-01-01T05:34:14Z</time>
    </rtept>
    <rtept lat="41.13945000" lon="-121.977140">
      <ele>1725.0000</ele>
      <time>2010-01-01T05:34:21Z</time>
    </rtept>
    <rtept lat="41.13950000" lon="-121.977370">
      <ele>1726.0000</ele>
      <time>2010-01-01T05:34:28Z</time>
    </rtept>
    <rtept lat="41.13949000" lon="-121.977520">
      <ele>1725.0000</ele>
      <time>2010-01-01T05:34:33Z</time>
    </rtept>
    <rtept lat="41.13948000" lon="-121.977650">
      <ele>1727.0000</ele>
      <time>2010-01-01T05:34:37Z</time>
    </rtept>
    <rtept lat="41.13941000" lon="-121.977970">
      <ele>1729.0000</ele>
      <time>2010-01-01T05:34:47Z</time>
    </rtept>
    <rtept lat="41.13929000" lon="-121.978350">
      <ele>1726.0000</ele>
      <time>2010-01-01T05:34:59Z</time>
    </rtept>
    <rtept lat="41.13926000" lon="-121.978480">
      <ele>1724.0000</ele>
      <time>2010-01-01T05:35:03Z</time>
    </rtept>
    <rtept lat="41.13931000" lon="-121.978630">
      <ele>1726.0000</ele>
      <time>2010-01-01T05:35:08Z</time>
    </rtept>
    <rtept lat="41.13940000" lon="-121.978760">
      <ele>1732.0000</ele>
      <time>2010-01-01T05:35:14Z</time>
    </rtept>
    <rtept lat="41.13945000" lon="-121.978830">
      <ele>1734.0000</ele>
      <time>2010-01-01T05:35:17Z</time>
    </rtept>
    <rtept lat="41.13944000" lon="-121.979010">
      <ele>1736.0000</ele>
      <time>2010-01-01T05:35:22Z</time>
    </rtept>
    <rtept lat="41.13940000" lon="-121.979180">
      <ele>1737.0000</ele>
      <time>2010-01-01T05:35:27Z</time>
    </rtept>
    <rtept lat="41.13939000" lon="-121.979250">
      <ele>1738.0000</ele>
      <time>2010-01-01T05:35:29Z</time>
    </rtept>
    <rtept lat="41.13935000" lon="-121.979350">
      <ele>1738.0000</ele>
      <time>2010-01-01T05:35:33Z</time>
    </rtept>
    <rtept lat="41.13922000" lon="-121.979520">
      <ele>1736.0000</ele>
      <time>2010-01-01T05:35:40Z</time>
    </rtept>
    <rtept lat="41.13911000" lon="-121.979610">
      <ele>1733.0000</ele>
      <time>2010-01-01T05:35:45Z</time>
    </rtept>
    <rtept lat="41.13894000" lon="-121.979720">
      <ele>1730.0000</ele>
      <time>2010-01-01T05:35:53Z</time>
    </rtept>
    <rtept lat="41.13890000" lon="-121.979760">
      <ele>1729.0000</ele>
      <time>2010-01-01T05:35:55Z</time>
    </rtept>
    <rtept lat="41.13887000" lon="-121.979800">
      <ele>1728.0000</ele>
      <time>2010-01-01T05:35:57Z</time>
    </rtept>
    <rtept lat="41.13883000" lon="-121.979850">
      <ele>1728.0000</ele>
      <time>2010-01-01T05:35:59Z</time>
    </rtept>
    <rtept lat="41.13884000" lon="-121.979910">
      <ele>1728.0000</ele>
      <time>2010-01-01T05:36:01Z</time>
    </rtept>
    <rtept lat="41.13892000" lon="-121.980000">
      <ele>1729.0000</ele>
      <time>2010-01-01T05:36:05Z</time>
    </rtept>
    <rtept lat="41.13907000" lon="-121.980270">
      <ele>1728.0000</ele>
      <time>2010-01-01T05:36:15Z</time>
    </rtept>
    <rtept lat="41.13923000" lon="-121.980380">
      <ele>1730.0000</ele>
      <time>2010-01-01T05:36:22Z</time>
    </rtept>
    <rtept lat="41.13940000" lon="-121.980500">
      <ele>1731.0000</ele>
      <time>2010-01-01T05:36:30Z</time>
    </rtept>
    <rtept lat="41.13951000" lon="-121.980750">
      <ele>1729.0000</ele>
      <time>2010-01-01T05:36:39Z</time>
    </rtept>
    <rtept lat="41.13959000" lon="-121.981000">
      <ele>1723.0000</ele>
      <time>2010-01-01T05:36:47Z</time>
    </rtept>
    <rtept lat="41.13974000" lon="-121.981380">
      <ele>1717.0000</ele>
      <time>2010-01-01T05:37:00Z</time>
    </rtept>
    <rtept lat="41.13976000" lon="-121.981440">
      <ele>1716.0000</ele>
      <time>2010-01-01T05:37:02Z</time>
    </rtept>
    <rtept lat="41.13985000" lon="-121.981730">
      <ele>1713.0000</ele>
      <time>2010-01-01T05:37:11Z</time>
    </rtept>
    <rtept lat="41.13990000" lon="-121.982070">
      <ele>1712.0000</ele>
      <time>2010-01-01T05:37:22Z</time>
    </rtept>
    <rtept lat="41.14001000" lon="-121.982130">
      <ele>1716.0000</ele>
      <time>2010-01-01T05:37:26Z</time>
    </rtept>
    <rtept lat="41.14011000" lon="-121.982140">
      <ele>1719.0000</ele>
      <time>2010-01-01T05:37:30Z</time>
    </rtept>
    <rtept lat="41.14022000" lon="-121.982410">
      <ele>1716.0000</ele>
      <time>2010-01-01T05:37:40Z</time>
    </rtept>
    <rtept lat="41.14030000" lon="-121.982760">
      <ele>1710.0000</ele>
      <time>2010-01-01T05:37:51Z</time>
    </rtept>
    <rtept lat="41.14040000" lon="-121.982890">
      <ele>1710.0000</ele>
      <time>2010-01-01T05:37:56Z</time>
    </rtept>
    <rtept lat="41.14041000" lon="-121.982970">
      <ele>1709.0000</ele>
      <time>2010-01-01T05:37:59Z</time>
    </rtept>
    <rtept lat="41.14035000" lon="-121.983040">
      <ele>1705.0000</ele>
      <time>2010-01-01T05:38:02Z</time>
    </rtept>
    <rtept lat="41.14029000" lon="-121.983190">
      <ele>1703.0000</ele>
      <time>2010-01-01T05:38:07Z</time>
    </rtept>
    <rtept lat="41.14024000" lon="-121.983370">
      <ele>1701.0000</ele>
      <time>2010-01-01T05:38:13Z</time>
    </rtept>
    <rtept lat="41.14021000" lon="-121.983870">
      <ele>1698.0000</ele>
      <time>2010-01-01T05:38:28Z</time>
    </rtept>
    <rtept lat="41.14016000" lon="-121.984200">
      <ele>1694.0000</ele>
      <time>2010-01-01T05:38:38Z</time>
    </rtept>
    <rtept lat="41.14019000" lon="-121.984460">
      <ele>1696.0000</ele>
      <time>2010-01-01T05:38:46Z</time>
    </rtept>
    <rtept lat="41.14018000" lon="-121.984620">
      <ele>1695.0000</ele>
      <time>2010-01-01T05:38:51Z</time>
    </rtept>
    <rtept lat="41.14010000" lon="-121.984770">
      <ele>1691.0000</ele>
      <time>2010-01-01T05:38:56Z</time>
    </rtept>
    <rtept lat="41.14004000" lon="-121.985140">
      <ele>1686.0000</ele>
      <time>2010-01-01T05:39:08Z</time>
    </rtept>
    <rtept lat="41.14003000" lon="-121.985400">
      <ele>1684.0000</ele>
      <time>2010-01-01T05:39:16Z</time>
    </rtept>
    <rtept lat="41.14004000" lon="-121.985590">
      <ele>1685.0000</ele>
      <time>2010-01-01T05:39:21Z</time>
    </rtept>
    <rtept lat="41.13998000" lon="-121.985540">
      <ele>1682.0000</ele>
      <time>2010-01-01T05:39:24Z</time>
    </rtept>
    <rtept lat="41.13985000" lon="-121.984970">
      <ele>1681.0000</ele>
      <time>2010-01-01T05:39:42Z</time>
    </rtept>
    <rtept lat="41.13987000" lon="-121.984850">
      <ele>1683.0000</ele>
      <time>2010-01-01T05:39:46Z</time>
    </rtept>
    <rtept lat="41.13987000" lon="-121.984750">
      <ele>1684.0000</ele>
      <time>2010-01-01T05:39:49Z</time>
    </rtept>
    <rtept lat="41.13975000" lon="-121.984670">
      <ele>1681.0000</ele>
      <time>2010-01-01T05:39:54Z</time>
    </rtept>
    <rtept lat="41.13969000" lon="-121.984510">
      <ele>1679.0000</ele>
      <time>2010-01-01T05:40:00Z</time>
    </rtept>
    <rtept lat="41.13964000" lon="-121.984300">
      <ele>1677.0000</ele>
      <time>2010-01-01T05:40:06Z</time>
    </rtept>
    <rtept lat="41.13950000" lon="-121.984020">
      <ele>1673.0000</ele>
      <time>2010-01-01T05:40:16Z</time>
    </rtept>
    <rtept lat="41.13940000" lon="-121.983780">
      <ele>1673.0000</ele>
      <time>2010-01-01T05:40:25Z</time>
    </rtept>
    <rtept lat="41.13933000" lon="-121.983640">
      <ele>1674.0000</ele>
      <time>2010-01-01T05:40:30Z</time>
    </rtept>
    <rtept lat="41.13931000" lon="-121.983590">
      <ele>1674.0000</ele>
      <time>2010-01-01T05:40:32Z</time>
    </rtept>
    <rtept lat="41.13932000" lon="-121.983530">
      <ele>1676.0000</ele>
      <time>2010-01-01T05:40:33Z</time>
    </rtept>
    <rtept lat="41.13930000" lon="-121.983470">
      <ele>1677.0000</ele>
      <time>2010-01-01T05:40:35Z</time>
    </rtept>
    <rtept lat="41.13925000" lon="-121.983470">
      <ele>1676.0000</ele>
      <time>2010-01-01T05:40:37Z</time>
    </rtept>
    <rtept lat="41.13922000" lon="-121.983500">
      <ele>1674.0000</ele>
      <time>2010-01-01T05:40:39Z</time>
    </rtept>
    <rtept lat="41.13921000" lon="-121.983530">
      <ele>1674.0000</ele>
      <time>2010-01-01T05:40:40Z</time>
    </rtept>
    <rtept lat="41.13915000" lon="-121.983720">
      <ele>1670.0000</ele>
      <time>2010-01-01T05:40:46Z</time>
    </rtept>
    <rtept lat="41.13909000" lon="-121.983870">
      <ele>1667.0000</ele>
      <time>2010-01-01T05:40:51Z</time>
    </rtept>
    <rtept lat="41.13903000" lon="-121.983960">
      <ele>1665.0000</ele>
      <time>2010-01-01T05:40:55Z</time>
    </rtept>
    <rtept lat="41.13895000" lon="-121.984020">
      <ele>1663.0000</ele>
      <time>2010-01-01T05:40:58Z</time>
    </rtept>
    <rtept lat="41.13889000" lon="-121.984030">
      <ele>1661.0000</ele>
      <time>2010-01-01T05:41:01Z</time>
    </rtept>
    <rtept lat="41.13880000" lon="-121.984010">
      <ele>1659.0000</ele>
      <time>2010-01-01T05:41:05Z</time>
    </rtept>
    <rtept lat="41.13855000" lon="-121.983870">
      <ele>1653.0000</ele>
      <time>2010-01-01T05:41:15Z</time>
    </rtept>
    <rtept lat="41.13842000" lon="-121.983860">
      <ele>1648.0000</ele>
      <time>2010-01-01T05:41:21Z</time>
    </rtept>
    <rtept lat="41.13834000" lon="-121.983770">
      <ele>1647.0000</ele>
      <time>2010-01-01T05:41:25Z</time>
    </rtept>
    <rtept lat="41.13819000" lon="-121.983570">
      <ele>1646.0000</ele>
      <time>2010-01-01T05:41:33Z</time>
    </rtept>
    <rtept lat="41.13806000" lon="-121.983320">
      <ele>1648.0000</ele>
      <time>2010-01-01T05:41:42Z</time>
    </rtept>
    <rtept lat="41.13800000" lon="-121.983170">
      <ele>1648.0000</ele>
      <time>2010-01-01T05:41:48Z</time>
    </rtept>
    <rtept lat="41.13799000" lon="-121.983030">
      <ele>1648.0000</ele>
      <time>2010-01-01T05:41:52Z</time>
    </rtept>
    <rtept lat="41.13798000" lon="-121.982680">
      <ele>1650.0000</ele>
      <time>2010-01-01T05:42:02Z</time>
    </rtept>
    <rtept lat="41.13796000" lon="-121.982660">
      <ele>1650.0000</ele>
      <time>2010-01-01T05:42:03Z</time>
    </rtept>
    <rtept lat="41.13790000" lon="-121.982630">
      <ele>1651.0000</ele>
      <time>2010-01-01T05:42:06Z</time>
    </rtept>
    <rtept lat="41.13785000" lon="-121.982670">
      <ele>1650.0000</ele>
      <time>2010-01-01T05:42:08Z</time>
    </rtept>
    <rtept lat="41.13781000" lon="-121.982960">
      <ele>1648.0000</ele>
      <time>2010-01-01T05:42:17Z</time>
    </rtept>
    <rtept lat="41.13776000" lon="-121.983120">
      <ele>1647.0000</ele>
      <time>2010-01-01T05:42:22Z</time>
    </rtept>
    <rtept lat="41.13770000" lon="-121.983320">
      <ele>1646.0000</ele>
      <time>2010-01-01T05:42:29Z</time>
    </rtept>
    <rtept lat="41.13766000" lon="-121.983500">
      <ele>1644.0000</ele>
      <time>2010-01-01T05:42:35Z</time>
    </rtept>
    <rtept lat="41.13765000" lon="-121.983650">
      <ele>1641.0000</ele>
      <time>2010-01-01T05:42:39Z</time>
    </rtept>
    <rtept lat="41.13765000" lon="-121.983880">
      <ele>1635.0000</ele>
      <time>2010-01-01T05:42:46Z</time>
    </rtept>
    <rtept lat="41.13764000" lon="-121.983980">
      <ele>1634.0000</ele>
      <time>2010-01-01T05:42:49Z</time>
    </rtept>
    <rtept lat="41.13761000" lon="-121.984140">
      <ele>1633.0000</ele>
      <time>2010-01-01T05:42:54Z</time>
    </rtept>
    <rtept lat="41.13751000" lon="-121.984360">
      <ele>1632.0000</ele>
      <time>2010-01-01T05:43:02Z</time>
    </rtept>
    <rtept lat="41.13741000" lon="-121.984510">
      <ele>1632.0000</ele>
      <time>2010-01-01T05:43:08Z</time>
    </rtept>
    <rtept lat="41.13736000" lon="-121.984690">
      <ele>1630.0000</ele>
      <time>2010-01-01T05:43:14Z</time>
    </rtept>
    <rtept lat="41.13729000" lon="-121.984980">
      <ele>1626.0000</ele>
      <time>2010-01-01T05:43:23Z</time>
    </rtept>
    <rtept lat="41.13721000" lon="-121.985180">
      <ele>1622.0000</ele>
      <time>2010-01-01T05:43:30Z</time>
    </rtept>
    <rtept lat="41.13712000" lon="-121.985300">
      <ele>1620.0000</ele>
      <time>2010-01-01T05:43:35Z</time>
    </rtept>
    <rtept lat="41.13705000" lon="-121.985370">
      <ele>1619.0000</ele>
      <time>2010-01-01T05:43:38Z</time>
    </rtept>
    <rtept lat="41.13696000" lon="-121.985430">
      <ele>1618.0000</ele>
      <time>2010-01-01T05:43:42Z</time>
    </rtept>
    <rtept lat="41.13680000" lon="-121.985520">
      <ele>1615.0000</ele>
      <time>2010-01-01T05:43:49Z</time>
    </rtept>
    <rtept lat="41.13668000" lon="-121.985560">
      <ele>1613.0000</ele>
      <time>2010-01-01T05:43:54Z</time>
    </rtept>
    <rtept lat="41.13656000" lon="-121.985660">
      <ele>1610.0000</ele>
      <time>2010-01-01T05:44:00Z</time>
    </rtept>
    <rtept lat="41.13648000" lon="-121.985720">
      <ele>1608.0000</ele>
      <time>2010-01-01T05:44:04Z</time>
    </rtept>
    <rtept lat="41.13617000" lon="-121.985810">
      <ele>1602.0000</ele>
      <time>2010-01-01T05:44:16Z</time>
    </rtept>
    <rtept lat="41.13609000" lon="-121.985820">
      <ele>1600.0000</ele>
      <time>2010-01-01T05:44:19Z</time>
    </rtept>
    <rtept lat="41.13603000" lon="-121.985770">
      <ele>1599.0000</ele>
      <time>2010-01-01T05:44:22Z</time>
    </rtept>
    <rtept lat="41.13591000" lon="-121.985600">
      <ele>1599.0000</ele>
      <time>2010-01-01T05:44:29Z</time>
    </rtept>
    <rtept lat="41.13569000" lon="-121.985220">
      <ele>1597.0000</ele>
      <time>2010-01-01T05:44:44Z</time>
    </rtept>
    <rtept lat="41.13548000" lon="-121.984740">
      <ele>1602.0000</ele>
      <time>2010-01-01T05:45:01Z</time>
    </rtept>
    <rtept lat="41.13547000" lon="-121.984690">
      <ele>1603.0000</ele>
      <time>2010-01-01T05:45:02Z</time>
    </rtept>
    <rtept lat="41.13543000" lon="-121.984690">
      <ele>1604.0000</ele>
      <time>2010-01-01T05:45:04Z</time>
    </rtept>
    <rtept lat="41.13539000" lon="-121.984720">
      <ele>1605.0000</ele>
      <time>2010-01-01T05:45:06Z</time>
    </rtept>
    <rtept lat="41.13537000" lon="-121.984890">
      <ele>1602.0000</ele>
      <time>2010-01-01T05:45:11Z</time>
    </rtept>
    <rtept lat="41.13531000" lon="-121.985470">
      <ele>1594.0000</ele>
      <time>2010-01-01T05:45:28Z</time>
    </rtept>
    <rtept lat="41.13529000" lon="-121.985620">
      <ele>1593.0000</ele>
      <time>2010-01-01T05:45:33Z</time>
    </rtept>
    <rtept lat="41.13516000" lon="-121.986030">
      <ele>1590.0000</ele>
      <time>2010-01-01T05:45:46Z</time>
    </rtept>
    <rtept lat="41.13512000" lon="-121.986110">
      <ele>1590.0000</ele>
      <time>2010-01-01T05:45:49Z</time>
    </rtept>
    <rtept lat="41.13506000" lon="-121.986200">
      <ele>1589.0000</ele>
      <time>2010-01-01T05:45:53Z</time>
    </rtept>
    <rtept lat="41.13500000" lon="-121.986230">
      <ele>1590.0000</ele>
      <time>2010-01-01T05:45:55Z</time>
    </rtept>
    <rtept lat="41.13492000" lon="-121.986270">
      <ele>1589.0000</ele>
      <time>2010-01-01T05:45:59Z</time>
    </rtept>
    <rtept lat="41.13483000" lon="-121.986270">
      <ele>1589.0000</ele>
      <time>2010-01-01T05:46:02Z</time>
    </rtept>
    <rtept lat="41.13471000" lon="-121.986370">
      <ele>1586.0000</ele>
      <time>2010-01-01T05:46:08Z</time>
    </rtept>
    <rtept lat="41.13454000" lon="-121.986400">
      <ele>1585.0000</ele>
      <time>2010-01-01T05:46:15Z</time>
    </rtept>
    <rtept lat="41.13442000" lon="-121.986410">
      <ele>1584.0000</ele>
      <time>2010-01-01T05:46:20Z</time>
    </rtept>
    <rtept lat="41.13438000" lon="-121.986430">
      <ele>1585.0000</ele>
      <time>2010-01-01T05:46:22Z</time>
    </rtept>
    <rtept lat="41.13432000" lon="-121.986500">
      <ele>1583.0000</ele>
      <time>2010-01-01T05:46:25Z</time>
    </rtept>
    <rtept lat="41.13424000" lon="-121.986730">
      <ele>1578.0000</ele>
      <time>2010-01-01T05:46:32Z</time>
    </rtept>
    <rtept lat="41.13408000" lon="-121.986940">
      <ele>1578.0000</ele>
      <time>2010-01-01T05:46:41Z</time>
    </rtept>
    <rtept lat="41.13394000" lon="-121.987110">
      <ele>1577.0000</ele>
      <time>2010-01-01T05:46:49Z</time>
    </rtept>
    <rtept lat="41.13385000" lon="-121.987210">
      <ele>1576.0000</ele>
      <time>2010-01-01T05:46:54Z</time>
    </rtept>
    <rtept lat="41.13372000" lon="-121.987290">
      <ele>1575.0000</ele>
      <time>2010-01-01T05:46:59Z</time>
    </rtept>
    <rtept lat="41.13359000" lon="-121.987440">
      <ele>1572.0000</ele>
      <time>2010-01-01T05:47:06Z</time>
    </rtept>
    <rtept lat="41.13346000" lon="-121.987650">
      <ele>1567.0000</ele>
      <time>2010-01-01T05:47:14Z</time>
    </rtept>
    <rtept lat="41.13337000" lon="-121.987740">
      <ele>1564.0000</ele>
      <time>2010-01-01T05:47:19Z</time>
    </rtept>
    <rtept lat="41.13329000" lon="-121.987770">
      <ele>1564.0000</ele>
      <time>2010-01-01T05:47:22Z</time>
    </rtept>
    <rtept lat="41.13314000" lon="-121.987810">
      <ele>1563.0000</ele>
      <time>2010-01-01T05:47:28Z</time>
    </rtept>
    <rtept lat="41.13297000" lon="-121.987810">
      <ele>1560.0000</ele>
      <time>2010-01-01T05:47:35Z</time>
    </rtept>
    <rtept lat="41.13288000" lon="-121.987760">
      <ele>1559.0000</ele>
      <time>2010-01-01T05:47:39Z</time>
    </rtept>
    <rtept lat="41.13278000" lon="-121.987720">
      <ele>1558.0000</ele>
      <time>2010-01-01T05:47:43Z</time>
    </rtept>
    <rtept lat="41.13262000" lon="-121.987710">
      <ele>1554.0000</ele>
      <time>2010-01-01T05:47:50Z</time>
    </rtept>
    <rtept lat="41.13252000" lon="-121.987700">
      <ele>1551.0000</ele>
      <time>2010-01-01T05:47:54Z</time>
    </rtept>
    <rtept lat="41.13245000" lon="-121.987600">
      <ele>1552.0000</ele>
      <time>2010-01-01T05:47:58Z</time>
    </rtept>
    <rtept lat="41.13236000" lon="-121.987410">
      <ele>1557.0000</ele>
      <time>2010-01-01T05:48:05Z</time>
    </rtept>
    <rtept lat="41.13232000" lon="-121.987380">
      <ele>1557.0000</ele>
      <time>2010-01-01T05:48:06Z</time>
    </rtept>
    <rtept lat="41.13222000" lon="-121.987370">
      <ele>1557.0000</ele>
      <time>2010-01-01T05:48:11Z</time>
    </rtept>
    <rtept lat="41.13203000" lon="-121.987400">
      <ele>1554.0000</ele>
      <time>2010-01-01T05:48:18Z</time>
    </rtept>
    <rtept lat="41.13161000" lon="-121.987440">
      <ele>1546.0000</ele>
      <time>2010-01-01T05:48:35Z</time>
    </rtept>
    <rtept lat="41.13132000" lon="-121.987420">
      <ele>1548.0000</ele>
      <time>2010-01-01T05:48:47Z</time>
    </rtept>
    <rtept lat="41.13119000" lon="-121.987440">
      <ele>1549.0000</ele>
      <time>2010-01-01T05:48:52Z</time>
    </rtept>
    <rtept lat="41.13108000" lon="-121.987480">
      <ele>1548.0000</ele>
      <time>2010-01-01T05:48:56Z</time>
    </rtept>
    <rtept lat="41.13097000" lon="-121.987560">
      <ele>1543.0000</ele>
      <time>2010-01-01T05:49:01Z</time>
    </rtept>
    <rtept lat="41.13085000" lon="-121.987660">
      <ele>1537.0000</ele>
      <time>2010-01-01T05:49:07Z</time>
    </rtept>
    <rtept lat="41.13075000" lon="-121.987700">
      <ele>1533.0000</ele>
      <time>2010-01-01T05:49:11Z</time>
    </rtept>
    <rtept lat="41.13064000" lon="-121.987680">
      <ele>1530.0000</ele>
      <time>2010-01-01T05:49:16Z</time>
    </rtept>
    <rtept lat="41.13051000" lon="-121.987610">
      <ele>1528.0000</ele>
      <time>2010-01-01T05:49:21Z</time>
    </rtept>
    <rtept lat="41.13028000" lon="-121.987480">
      <ele>1524.0000</ele>
      <time>2010-01-01T05:49:31Z</time>
    </rtept>
    <rtept lat="41.13015000" lon="-121.987340">
      <ele>1526.0000</ele>
      <time>2010-01-01T05:49:38Z</time>
    </rtept>
    <rtept lat="41.13005000" lon="-121.987230">
      <ele>1527.0000</ele>
      <time>2010-01-01T05:49:43Z</time>
    </rtept>
    <rtept lat="41.12983000" lon="-121.987020">
      <ele>1524.0000</ele>
      <time>2010-01-01T05:49:54Z</time>
    </rtept>
    <rtept lat="41.12959000" lon="-121.986810">
      <ele>1516.0000</ele>
      <time>2010-01-01T05:50:06Z</time>
    </rtept>
    <rtept lat="41.12938000" lon="-121.986640">
      <ele>1510.0000</ele>
      <time>2010-01-01T05:50:15Z</time>
    </rtept>
    <rtept lat="41.12932000" lon="-121.986570">
      <ele>1510.0000</ele>
      <time>2010-01-01T05:50:19Z</time>
    </rtept>
    <rtept lat="41.12927000" lon="-121.986440">
      <ele>1510.0000</ele>
      <time>2010-01-01T05:50:23Z</time>
    </rtept>
    <rtept lat="41.12918000" lon="-121.986230">
      <ele>1509.0000</ele>
      <time>2010-01-01T05:50:30Z</time>
    </rtept>
    <rtept lat="41.12911000" lon="-121.986010">
      <ele>1507.0000</ele>
      <time>2010-01-01T05:50:38Z</time>
    </rtept>
    <rtept lat="41.12903000" lon="-121.985700">
      <ele>1505.0000</ele>
      <time>2010-01-01T05:50:47Z</time>
    </rtept>
    <rtept lat="41.12898000" lon="-121.985220">
      <ele>1507.0000</ele>
      <time>2010-01-01T05:51:02Z</time>
    </rtept>
    <rtept lat="41.12895000" lon="-121.984990">
      <ele>1507.0000</ele>
      <time>2010-01-01T05:51:09Z</time>
    </rtept>
    <rtept lat="41.12896000" lon="-121.984860">
      <ele>1511.0000</ele>
      <time>2010-01-01T05:51:13Z</time>
    </rtept>
    <rtept lat="41.12899000" lon="-121.984770">
      <ele>1514.0000</ele>
      <time>2010-01-01T05:51:16Z</time>
    </rtept>
    <rtept lat="41.12900000" lon="-121.984700">
      <ele>1515.0000</ele>
      <time>2010-01-01T05:51:18Z</time>
    </rtept>
    <rtept lat="41.12899000" lon="-121.984640">
      <ele>1517.0000</ele>
      <time>2010-01-01T05:51:20Z</time>
    </rtept>
    <rtept lat="41.12893000" lon="-121.984630">
      <ele>1516.0000</ele>
      <time>2010-01-01T05:51:22Z</time>
    </rtept>
    <rtept lat="41.12886000" lon="-121.984650">
      <ele>1515.0000</ele>
      <time>2010-01-01T05:51:25Z</time>
    </rtept>
    <rtept lat="41.12874000" lon="-121.984820">
      <ele>1508.0000</ele>
      <time>2010-01-01T05:51:32Z</time>
    </rtept>
    <rtept lat="41.12866000" lon="-121.984880">
      <ele>1505.0000</ele>
      <time>2010-01-01T05:51:36Z</time>
    </rtept>
    <rtept lat="41.12859000" lon="-121.984920">
      <ele>1503.0000</ele>
      <time>2010-01-01T05:51:39Z</time>
    </rtept>
    <rtept lat="41.12838000" lon="-121.985200">
      <ele>1494.0000</ele>
      <time>2010-01-01T05:51:51Z</time>
    </rtept>
    <rtept lat="41.12826000" lon="-121.985390">
      <ele>1493.0000</ele>
      <time>2010-01-01T05:51:58Z</time>
    </rtept>
    <rtept lat="41.12817000" lon="-121.985570">
      <ele>1494.0000</ele>
      <time>2010-01-01T05:52:05Z</time>
    </rtept>
    <rtept lat="41.12810000" lon="-121.985750">
      <ele>1494.0000</ele>
      <time>2010-01-01T05:52:11Z</time>
    </rtept>
    <rtept lat="41.12793000" lon="-121.986030">
      <ele>1491.0000</ele>
      <time>2010-01-01T05:52:22Z</time>
    </rtept>
    <rtept lat="41.12782000" lon="-121.986190">
      <ele>1488.0000</ele>
      <time>2010-01-01T05:52:28Z</time>
    </rtept>
    <rtept lat="41.12770000" lon="-121.986250">
      <ele>1488.0000</ele>
      <time>2010-01-01T05:52:34Z</time>
    </rtept>
    <rtept lat="41.12755000" lon="-121.986300">
      <ele>1490.0000</ele>
      <time>2010-01-01T05:52:40Z</time>
    </rtept>
    <rtept lat="41.12731000" lon="-121.986330">
      <ele>1491.0000</ele>
      <time>2010-01-01T05:52:49Z</time>
    </rtept>
    <rtept lat="41.12699000" lon="-121.986350">
      <ele>1490.0000</ele>
      <time>2010-01-01T05:53:02Z</time>
    </rtept>
    <rtept lat="41.12684000" lon="-121.986430">
      <ele>1490.0000</ele>
      <time>2010-01-01T05:53:09Z</time>
    </rtept>
    <rtept lat="41.12672000" lon="-121.986580">
      <ele>1488.0000</ele>
      <time>2010-01-01T05:53:15Z</time>
    </rtept>
    <rtept lat="41.12666000" lon="-121.986640">
      <ele>1487.0000</ele>
      <time>2010-01-01T05:53:18Z</time>
    </rtept>
    <rtept lat="41.12667000" lon="-121.986690">
      <ele>1484.0000</ele>
      <time>2010-01-01T05:53:20Z</time>
    </rtept>
    <rtept lat="41.12673000" lon="-121.986640">
      <ele>1485.0000</ele>
      <time>2010-01-01T05:53:23Z</time>
    </rtept>
    <rtept lat="41.12691000" lon="-121.986550">
      <ele>1485.0000</ele>
      <time>2010-01-01T05:53:30Z</time>
    </rtept>
    <rtept lat="41.12701000" lon="-121.986530">
      <ele>1484.0000</ele>
      <time>2010-01-01T05:53:34Z</time>
    </rtept>
    <rtept lat="41.12712000" lon="-121.986590">
      <ele>1482.0000</ele>
      <time>2010-01-01T05:53:39Z</time>
    </rtept>
    <rtept lat="41.12723000" lon="-121.986630">
      <ele>1480.0000</ele>
      <time>2010-01-01T05:53:44Z</time>
    </rtept>
    <rtept lat="41.12737000" lon="-121.986710">
      <ele>1475.0000</ele>
      <time>2010-01-01T05:53:50Z</time>
    </rtept>
    <rtept lat="41.12749000" lon="-121.986740">
      <ele>1472.0000</ele>
      <time>2010-01-01T05:53:55Z</time>
    </rtept>
    <rtept lat="41.12762000" lon="-121.986760">
      <ele>1470.0000</ele>
      <time>2010-01-01T05:54:00Z</time>
    </rtept>
    <rtept lat="41.12784000" lon="-121.986660">
      <ele>1470.0000</ele>
      <time>2010-01-01T05:54:09Z</time>
    </rtept>
    <rtept lat="41.12793000" lon="-121.986640">
      <ele>1468.0000</ele>
      <time>2010-01-01T05:54:13Z</time>
    </rtept>
    <rtept lat="41.12801000" lon="-121.986640">
      <ele>1466.0000</ele>
      <time>2010-01-01T05:54:16Z</time>
    </rtept>
    <rtept lat="41.12801000" lon="-121.986690">
      <ele>1465.0000</ele>
      <time>2010-01-01T05:54:18Z</time>
    </rtept>
    <rtept lat="41.12797000" lon="-121.986780">
      <ele>1465.0000</ele>
      <time>2010-01-01T05:54:21Z</time>
    </rtept>
    <rtept lat="41.12795000" lon="-121.986870">
      <ele>1464.0000</ele>
      <time>2010-01-01T05:54:24Z</time>
    </rtept>
    <rtept lat="41.12798000" lon="-121.986990">
      <ele>1462.0000</ele>
      <time>2010-01-01T05:54:27Z</time>
    </rtept>
    <rtept lat="41.12807000" lon="-121.987110">
      <ele>1461.0000</ele>
      <time>2010-01-01T05:54:33Z</time>
    </rtept>
    <rtept lat="41.12832000" lon="-121.987330">
      <ele>1465.0000</ele>
      <time>2010-01-01T05:54:45Z</time>
    </rtept>
    <rtept lat="41.12829000" lon="-121.987440">
      <ele>1465.0000</ele>
      <time>2010-01-01T05:54:48Z</time>
    </rtept>
    <rtept lat="41.12818000" lon="-121.987420">
      <ele>1464.0000</ele>
      <time>2010-01-01T05:54:53Z</time>
    </rtept>
    <rtept lat="41.12806000" lon="-121.987410">
      <ele>1463.0000</ele>
      <time>2010-01-01T05:54:57Z</time>
    </rtept>
    <rtept lat="41.12786000" lon="-121.987470">
      <ele>1463.0000</ele>
      <time>2010-01-01T05:55:06Z</time>
    </rtept>
    <rtept lat="41.12772000" lon="-121.987480">
      <ele>1462.0000</ele>
      <time>2010-01-01T05:55:11Z</time>
    </rtept>
    <rtept lat="41.12751000" lon="-121.987570">
      <ele>1459.0000</ele>
      <time>2010-01-01T05:55:20Z</time>
    </rtept>
    <rtept lat="41.12738000" lon="-121.987660">
      <ele>1456.0000</ele>
      <time>2010-01-01T05:55:26Z</time>
    </rtept>
    <rtept lat="41.12724000" lon="-121.987770">
      <ele>1452.0000</ele>
      <time>2010-01-01T05:55:32Z</time>
    </rtept>
    <rtept lat="41.12720000" lon="-121.987840">
      <ele>1450.0000</ele>
      <time>2010-01-01T05:55:35Z</time>
    </rtept>
    <rtept lat="41.12704000" lon="-121.988380">
      <ele>1442.0000</ele>
      <time>2010-01-01T05:55:53Z</time>
    </rtept>
    <rtept lat="41.12700000" lon="-121.988610">
      <ele>1442.0000</ele>
      <time>2010-01-01T05:56:00Z</time>
    </rtept>
    <rtept lat="41.12698000" lon="-121.988800">
      <ele>1443.0000</ele>
      <time>2010-01-01T05:56:05Z</time>
    </rtept>
    <rtept lat="41.12697000" lon="-121.989010">
      <ele>1444.0000</ele>
      <time>2010-01-01T05:56:12Z</time>
    </rtept>
    <rtept lat="41.12692000" lon="-121.989220">
      <ele>1444.0000</ele>
      <time>2010-01-01T05:56:18Z</time>
    </rtept>
    <rtept lat="41.12693000" lon="-121.989430">
      <ele>1442.0000</ele>
      <time>2010-01-01T05:56:25Z</time>
    </rtept>
    <rtept lat="41.12692000" lon="-121.989670">
      <ele>1441.0000</ele>
      <time>2010-01-01T05:56:32Z</time>
    </rtept>
    <rtept lat="41.12683000" lon="-121.989790">
      <ele>1441.0000</ele>
      <time>2010-01-01T05:56:37Z</time>
    </rtept>
    <rtept lat="41.12660000" lon="-121.990150">
      <ele>1439.0000</ele>
      <time>2010-01-01T05:56:51Z</time>
    </rtept>
    <rtept lat="41.12651000" lon="-121.990340">
      <ele>1437.0000</ele>
      <time>2010-01-01T05:56:58Z</time>
    </rtept>
    <rtept lat="41.12635000" lon="-121.990630">
      <ele>1432.0000</ele>
      <time>2010-01-01T05:57:09Z</time>
    </rtept>
    <rtept lat="41.12626000" lon="-121.990750">
      <ele>1430.0000</ele>
      <time>2010-01-01T05:57:14Z</time>
    </rtept>
    <rtept lat="41.12620000" lon="-121.990920">
      <ele>1429.0000</ele>
      <time>2010-01-01T05:57:20Z</time>
    </rtept>
    <rtept lat="41.12617000" lon="-121.991120">
      <ele>1431.0000</ele>
      <time>2010-01-01T05:57:26Z</time>
    </rtept>
    <rtept lat="41.12612000" lon="-121.991300">
      <ele>1429.0000</ele>
      <time>2010-01-01T05:57:32Z</time>
    </rtept>
    <rtept lat="41.12606000" lon="-121.991460">
      <ele>1426.0000</ele>
      <time>2010-01-01T05:57:37Z</time>
    </rtept>
    <rtept lat="41.12596000" lon="-121.991600">
      <ele>1423.0000</ele>
      <time>2010-01-01T05:57:43Z</time>
    </rtept>
    <rtept lat="41.12590000" lon="-121.991780">
      <ele>1422.0000</ele>
      <time>2010-01-01T05:57:49Z</time>
    </rtept>
    <rtept lat="41.12590000" lon="-121.991900">
      <ele>1422.0000</ele>
      <time>2010-01-01T05:57:52Z</time>
    </rtept>
    <rtept lat="41.12601000" lon="-121.991980">
      <ele>1424.0000</ele>
      <time>2010-01-01T05:57:57Z</time>
    </rtept>
    <rtept lat="41.12618000" lon="-121.992020">
      <ele>1428.0000</ele>
      <time>2010-01-01T05:58:04Z</time>
    </rtept>
    <rtept lat="41.12624000" lon="-121.992120">
      <ele>1431.0000</ele>
      <time>2010-01-01T05:58:08Z</time>
    </rtept>
    <rtept lat="41.12619000" lon="-121.992260">
      <ele>1429.0000</ele>
      <time>2010-01-01T05:58:13Z</time>
    </rtept>
    <rtept lat="41.12609000" lon="-121.992360">
      <ele>1425.0000</ele>
      <time>2010-01-01T05:58:18Z</time>
    </rtept>
    <rtept lat="41.12597000" lon="-121.992580">
      <ele>1421.0000</ele>
      <time>2010-01-01T05:58:26Z</time>
    </rtept>
    <rtept lat="41.12588000" lon="-121.992760">
      <ele>1419.0000</ele>
      <time>2010-01-01T05:58:33Z</time>
    </rtept>
    <rtept lat="41.12563000" lon="-121.993320">
      <ele>1417.0000</ele>
      <time>2010-01-01T05:58:52Z</time>
    </rtept>
    <rtept lat="41.12553000" lon="-121.993670">
      <ele>1415.0000</ele>
      <time>2010-01-01T05:59:04Z</time>
    </rtept>
    <rtept lat="41.12555000" lon="-121.993820">
      <ele>1417.0000</ele>
      <time>2010-01-01T05:59:08Z</time>
    </rtept>
    <rtept lat="41.12551000" lon="-121.993920">
      <ele>1416.0000</ele>
      <time>2010-01-01T05:59:12Z</time>
    </rtept>
    <rtept lat="41.12535000" lon="-121.994060">
      <ele>1411.0000</ele>
      <time>2010-01-01T05:59:19Z</time>
    </rtept>
    <rtept lat="41.12519000" lon="-121.994260">
      <ele>1409.0000</ele>
      <time>2010-01-01T05:59:28Z</time>
    </rtept>
    <rtept lat="41.12512000" lon="-121.994610">
      <ele>1410.0000</ele>
      <time>2010-01-01T05:59:39Z</time>
    </rtept>
    <rtept lat="41.12494000" lon="-121.994740">
      <ele>1406.0000</ele>
      <time>2010-01-01T05:59:47Z</time>
    </rtept>
    <rtept lat="41.12475000" lon="-121.994950">
      <ele>1402.0000</ele>
      <time>2010-01-01T05:59:57Z</time>
    </rtept>
    <rtept lat="41.12465000" lon="-121.995200">
      <ele>1401.0000</ele>
      <time>2010-01-01T06:00:06Z</time>
    </rtept>
    <rtept lat="41.12450000" lon="-121.995450">
      <ele>1398.0000</ele>
      <time>2010-01-01T06:00:15Z</time>
    </rtept>
    <rtept lat="41.12434000" lon="-121.995660">
      <ele>1395.0000</ele>
      <time>2010-01-01T06:00:24Z</time>
    </rtept>
    <rtept lat="41.12429000" lon="-121.995880">
      <ele>1394.0000</ele>
      <time>2010-01-01T06:00:31Z</time>
    </rtept>
    <rtept lat="41.12429000" lon="-121.996110">
      <ele>1393.0000</ele>
      <time>2010-01-01T06:00:38Z</time>
    </rtept>
    <rtept lat="41.12429000" lon="-121.996340">
      <ele>1393.0000</ele>
      <time>2010-01-01T06:00:45Z</time>
    </rtept>
    <rtept lat="41.12441000" lon="-121.996590">
      <ele>1391.0000</ele>
      <time>2010-01-01T06:00:54Z</time>
    </rtept>
    <rtept lat="41.12465000" lon="-121.996780">
      <ele>1389.0000</ele>
      <time>2010-01-01T06:01:05Z</time>
    </rtept>
    <rtept lat="41.12488000" lon="-121.997040">
      <ele>1387.0000</ele>
      <time>2010-01-01T06:01:17Z</time>
    </rtept>
    <rtept lat="41.12506000" lon="-121.997290">
      <ele>1384.0000</ele>
      <time>2010-01-01T06:01:28Z</time>
    </rtept>
    <rtept lat="41.12524000" lon="-121.997410">
      <ele>1384.0000</ele>
      <time>2010-01-01T06:01:36Z</time>
    </rtept>
    <rtept lat="41.12531000" lon="-121.997560">
      <ele>1383.0000</ele>
      <time>2010-01-01T06:01:41Z</time>
    </rtept>
    <rtept lat="41.12536000" lon="-121.997880">
      <ele>1375.0000</ele>
      <time>2010-01-01T06:01:51Z</time>
    </rtept>
    <rtept lat="41.12550000" lon="-121.998230">
      <ele>1369.0000</ele>
      <time>2010-01-01T06:02:03Z</time>
    </rtept>
    <rtept lat="41.12569000" lon="-121.998510">
      <ele>1367.0000</ele>
      <time>2010-01-01T06:02:14Z</time>
    </rtept>
    <rtept lat="41.12581000" lon="-121.998760">
      <ele>1363.0000</ele>
      <time>2010-01-01T06:02:23Z</time>
    </rtept>
    <rtept lat="41.12586000" lon="-121.998960">
      <ele>1357.0000</ele>
      <time>2010-01-01T06:02:29Z</time>
    </rtept>
    <rtept lat="41.12598000" lon="-121.999110">
      <ele>1360.0000</ele>
      <time>2010-01-01T06:02:36Z</time>
    </rtept>
    <rtept lat="41.12630000" lon="-121.999360">
      <ele>1367.0000</ele>
      <time>2010-01-01T06:02:51Z</time>
    </rtept>
    <rtept lat="41.12654000" lon="-121.999700">
      <ele>1355.0000</ele>
      <time>2010-01-01T06:03:05Z</time>
    </rtept>
    <rtept lat="41.12676000" lon="-122.000050">
      <ele>1347.0000</ele>
      <time>2010-01-01T06:03:19Z</time>
    </rtept>
    <rtept lat="41.12702000" lon="-122.000360">
      <ele>1345.0000</ele>
      <time>2010-01-01T06:03:33Z</time>
    </rtept>
    <rtept lat="41.12723000" lon="-122.000570">
      <ele>1347.0000</ele>
      <time>2010-01-01T06:03:43Z</time>
    </rtept>
    <rtept lat="41.12741000" lon="-122.000690">
      <ele>1346.0000</ele>
      <time>2010-01-01T06:03:51Z</time>
    </rtept>
    <rtept lat="41.12754000" lon="-122.000730">
      <ele>1345.0000</ele>
      <time>2010-01-01T06:03:57Z</time>
    </rtept>
    <rtept lat="41.12771000" lon="-122.000680">
      <ele>1346.0000</ele>
      <time>2010-01-01T06:04:04Z</time>
    </rtept>
    <rtept lat="41.12784000" lon="-122.000530">
      <ele>1351.0000</ele>
      <time>2010-01-01T06:04:11Z</time>
    </rtept>
    <rtept lat="41.12800000" lon="-122.000380">
      <ele>1357.0000</ele>
      <time>2010-01-01T06:04:18Z</time>
    </rtept>
    <rtept lat="41.12815000" lon="-122.000280">
      <ele>1361.0000</ele>
      <time>2010-01-01T06:04:25Z</time>
    </rtept>
    <rtept lat="41.12833000" lon="-122.000210">
      <ele>1364.0000</ele>
      <time>2010-01-01T06:04:33Z</time>
    </rtept>
    <rtept lat="41.12857000" lon="-122.000210">
      <ele>1365.0000</ele>
      <time>2010-01-01T06:04:42Z</time>
    </rtept>
    <rtept lat="41.12916000" lon="-122.000350">
      <ele>1359.0000</ele>
      <time>2010-01-01T06:05:06Z</time>
    </rtept>
    <rtept lat="41.12937000" lon="-122.000420">
      <ele>1359.0000</ele>
      <time>2010-01-01T06:05:15Z</time>
    </rtept>
    <rtept lat="41.12945000" lon="-122.000600">
      <ele>1361.0000</ele>
      <time>2010-01-01T06:05:21Z</time>
    </rtept>
    <rtept lat="41.12908000" lon="-122.000820">
      <ele>1357.0000</ele>
      <time>2010-01-01T06:05:37Z</time>
    </rtept>
    <rtept lat="41.12903000" lon="-122.000960">
      <ele>1359.0000</ele>
      <time>2010-01-01T06:05:42Z</time>
    </rtept>
    <rtept lat="41.12887000" lon="-122.000940">
      <ele>1357.0000</ele>
      <time>2010-01-01T06:05:49Z</time>
    </rtept>
    <rtept lat="41.12868000" lon="-122.000930">
      <ele>1355.0000</ele>
      <time>2010-01-01T06:05:56Z</time>
    </rtept>
    <rtept lat="41.12845000" lon="-122.001160">
      <ele>1354.0000</ele>
      <time>2010-01-01T06:06:08Z</time>
    </rtept>
    <rtept lat="41.12832000" lon="-122.001390">
      <ele>1352.0000</ele>
      <time>2010-01-01T06:06:16Z</time>
    </rtept>
    <rtept lat="41.12830000" lon="-122.001420">
      <ele>1352.0000</ele>
      <time>2010-01-01T06:06:18Z</time>
    </rtept>
    <rtept lat="41.12809000" lon="-122.001680">
      <ele>1349.0000</ele>
      <time>2010-01-01T06:06:29Z</time>
    </rtept>
    <rtept lat="41.12803000" lon="-122.001810">
      <ele>1349.0000</ele>
      <time>2010-01-01T06:06:34Z</time>
    </rtept>
    <rtept lat="41.12781000" lon="-122.002000">
      <ele>1345.0000</ele>
      <time>2010-01-01T06:06:44Z</time>
    </rtept>
    <rtept lat="41.12753000" lon="-122.002190">
      <ele>1342.0000</ele>
      <time>2010-01-01T06:06:57Z</time>
    </rtept>
    <rtept lat="41.12721000" lon="-122.002280">
      <ele>1338.0000</ele>
      <time>2010-01-01T06:07:10Z</time>
    </rtept>
    <rtept lat="41.12706000" lon="-122.002280">
      <ele>1332.0000</ele>
      <time>2010-01-01T06:07:16Z</time>
    </rtept>
    <rtept lat="41.12699000" lon="-122.002300">
      <ele>1329.0000</ele>
      <time>2010-01-01T06:07:19Z</time>
    </rtept>
    <rtept lat="41.12697000" lon="-122.002400">
      <ele>1329.0000</ele>
      <time>2010-01-01T06:07:22Z</time>
    </rtept>
    <rtept lat="41.12703000" lon="-122.002520">
      <ele>1331.0000</ele>
      <time>2010-01-01T06:07:26Z</time>
    </rtept>
    <rtept lat="41.12726000" lon="-122.002730">
      <ele>1335.0000</ele>
      <time>2010-01-01T06:07:37Z</time>
    </rtept>
    <rtept lat="41.12740000" lon="-122.002880">
      <ele>1333.0000</ele>
      <time>2010-01-01T06:07:45Z</time>
    </rtept>
    <rtept lat="41.12758000" lon="-122.003010">
      <ele>1335.0000</ele>
      <time>2010-01-01T06:07:53Z</time>
    </rtept>
    <rtept lat="41.12768000" lon="-122.003110">
      <ele>1337.0000</ele>
      <time>2010-01-01T06:07:58Z</time>
    </rtept>
    <rtept lat="41.12771000" lon="-122.003300">
      <ele>1336.0000</ele>
      <time>2010-01-01T06:08:04Z</time>
    </rtept>
    <rtept lat="41.12781000" lon="-122.003490">
      <ele>1338.0000</ele>
      <time>2010-01-01T06:08:11Z</time>
    </rtept>
    <rtept lat="41.12788000" lon="-122.003670">
      <ele>1341.0000</ele>
      <time>2010-01-01T06:08:17Z</time>
    </rtept>
    <rtept lat="41.12788000" lon="-122.003800">
      <ele>1343.0000</ele>
      <time>2010-01-01T06:08:21Z</time>
    </rtept>
    <rtept lat="41.12776000" lon="-122.003780">
      <ele>1338.0000</ele>
      <time>2010-01-01T06:08:25Z</time>
    </rtept>
    <rtept lat="41.12751000" lon="-122.003690">
      <ele>1329.0000</ele>
      <time>2010-01-01T06:08:36Z</time>
    </rtept>
    <rtept lat="41.12709000" lon="-122.003750">
      <ele>1329.0000</ele>
      <time>2010-01-01T06:08:53Z</time>
    </rtept>
    <rtept lat="41.12686000" lon="-122.003820">
      <ele>1331.0000</ele>
      <time>2010-01-01T06:09:02Z</time>
    </rtept>
    <rtept lat="41.12679000" lon="-122.003960">
      <ele>1333.0000</ele>
      <time>2010-01-01T06:09:07Z</time>
    </rtept>
    <rtept lat="41.12663000" lon="-122.003920">
      <ele>1329.0000</ele>
      <time>2010-01-01T06:09:14Z</time>
    </rtept>
    <rtept lat="41.12646000" lon="-122.003810">
      <ele>1322.0000</ele>
      <time>2010-01-01T06:09:21Z</time>
    </rtept>
    <rtept lat="41.12633000" lon="-122.003770">
      <ele>1316.0000</ele>
      <time>2010-01-01T06:09:27Z</time>
    </rtept>
    <rtept lat="41.12625000" lon="-122.003830">
      <ele>1314.0000</ele>
      <time>2010-01-01T06:09:30Z</time>
    </rtept>
    <rtept lat="41.12624000" lon="-122.003940">
      <ele>1316.0000</ele>
      <time>2010-01-01T06:09:34Z</time>
    </rtept>
    <rtept lat="41.12617000" lon="-122.003980">
      <ele>1314.0000</ele>
      <time>2010-01-01T06:09:37Z</time>
    </rtept>
    <rtept lat="41.12603000" lon="-122.003990">
      <ele>1310.0000</ele>
      <time>2010-01-01T06:09:42Z</time>
    </rtept>
    <rtept lat="41.12575000" lon="-122.004040">
      <ele>1305.0000</ele>
      <time>2010-01-01T06:09:54Z</time>
    </rtept>
    <rtept lat="41.12539000" lon="-122.004250">
      <ele>1302.0000</ele>
      <time>2010-01-01T06:10:09Z</time>
    </rtept>
    <rtept lat="41.12529000" lon="-122.004350">
      <ele>1302.0000</ele>
      <time>2010-01-01T06:10:14Z</time>
    </rtept>
    <rtept lat="41.12524000" lon="-122.004530">
      <ele>1306.0000</ele>
      <time>2010-01-01T06:10:20Z</time>
    </rtept>
    <rtept lat="41.12525000" lon="-122.004720">
      <ele>1313.0000</ele>
      <time>2010-01-01T06:10:26Z</time>
    </rtept>
    <rtept lat="41.12518000" lon="-122.004760">
      <ele>1312.0000</ele>
      <time>2010-01-01T06:10:29Z</time>
    </rtept>
    <rtept lat="41.12511000" lon="-122.004720">
      <ele>1309.0000</ele>
      <time>2010-01-01T06:10:32Z</time>
    </rtept>
    <rtept lat="41.12489000" lon="-122.004870">
      <ele>1308.0000</ele>
      <time>2010-01-01T06:10:42Z</time>
    </rtept>
    <rtept lat="41.12459000" lon="-122.004960">
      <ele>1303.0000</ele>
      <time>2010-01-01T06:10:54Z</time>
    </rtept>
    <rtept lat="41.12419000" lon="-122.005180">
      <ele>1298.0000</ele>
      <time>2010-01-01T06:11:12Z</time>
    </rtept>
    <rtept lat="41.12383000" lon="-122.005490">
      <ele>1299.0000</ele>
      <time>2010-01-01T06:11:29Z</time>
    </rtept>
    <rtept lat="41.12367000" lon="-122.005570">
      <ele>1296.0000</ele>
      <time>2010-01-01T06:11:36Z</time>
    </rtept>
    <rtept lat="41.12349000" lon="-122.005690">
      <ele>1291.0000</ele>
      <time>2010-01-01T06:11:44Z</time>
    </rtept>
    <rtept lat="41.12334000" lon="-122.005780">
      <ele>1286.0000</ele>
      <time>2010-01-01T06:11:50Z</time>
    </rtept>
    <rtept lat="41.12330000" lon="-122.006050">
      <ele>1288.0000</ele>
      <time>2010-01-01T06:11:59Z</time>
    </rtept>
    <rtept lat="41.12332000" lon="-122.006350">
      <ele>1296.0000</ele>
      <time>2010-01-01T06:12:08Z</time>
    </rtept>
    <rtept lat="41.12325000" lon="-122.006500">
      <ele>1294.0000</ele>
      <time>2010-01-01T06:12:13Z</time>
    </rtept>
    <rtept lat="41.12314000" lon="-122.006480">
      <ele>1287.0000</ele>
      <time>2010-01-01T06:12:17Z</time>
    </rtept>
    <rtept lat="41.12291000" lon="-122.006350">
      <ele>1273.0000</ele>
      <time>2010-01-01T06:12:27Z</time>
    </rtept>
    <rtept lat="41.12268000" lon="-122.006460">
      <ele>1269.0000</ele>
      <time>2010-01-01T06:12:37Z</time>
    </rtept>
    <rtept lat="41.12250000" lon="-122.006530">
      <ele>1266.0000</ele>
      <time>2010-01-01T06:12:45Z</time>
    </rtept>
    <rtept lat="41.12241000" lon="-122.006700">
      <ele>1262.0000</ele>
      <time>2010-01-01T06:12:51Z</time>
    </rtept>
    <rtept lat="41.12246000" lon="-122.006990">
      <ele>1262.0000</ele>
      <time>2010-01-01T06:13:00Z</time>
    </rtept>
    <rtept lat="41.12258000" lon="-122.007530">
      <ele>1260.0000</ele>
      <time>2010-01-01T06:13:17Z</time>
    </rtept>
    <rtept lat="41.12275000" lon="-122.007940">
      <ele>1262.0000</ele>
      <time>2010-01-01T06:13:31Z</time>
    </rtept>
    <rtept lat="41.12295000" lon="-122.008230">
      <ele>1267.0000</ele>
      <time>2010-01-01T06:13:43Z</time>
    </rtept>
    <rtept lat="41.12299000" lon="-122.008470">
      <ele>1265.0000</ele>
      <time>2010-01-01T06:13:50Z</time>
    </rtept>
    <rtept lat="41.12296000" lon="-122.008800">
      <ele>1260.0000</ele>
      <time>2010-01-01T06:14:00Z</time>
    </rtept>
    <rtept lat="41.12297000" lon="-122.009060">
      <ele>1257.0000</ele>
      <time>2010-01-01T06:14:08Z</time>
    </rtept>
    <rtept lat="41.12296000" lon="-122.009430">
      <ele>1258.0000</ele>
      <time>2010-01-01T06:14:19Z</time>
    </rtept>
    <rtept lat="41.12316000" lon="-122.010000">
      <ele>1266.0000</ele>
      <time>2010-01-01T06:14:38Z</time>
    </rtept>
    <rtept lat="41.12327000" lon="-122.010110">
      <ele>1270.0000</ele>
      <time>2010-01-01T06:14:44Z</time>
    </rtept>
    <rtept lat="41.12322000" lon="-122.010200">
      <ele>1268.0000</ele>
      <time>2010-01-01T06:14:47Z</time>
    </rtept>
    <rtept lat="41.12309000" lon="-122.010170">
      <ele>1264.0000</ele>
      <time>2010-01-01T06:14:52Z</time>
    </rtept>
    <rtept lat="41.12270000" lon="-122.010320">
      <ele>1259.0000</ele>
      <time>2010-01-01T06:15:09Z</time>
    </rtept>
    <rtept lat="41.12240000" lon="-122.010450">
      <ele>1254.0000</ele>
      <time>2010-01-01T06:15:21Z</time>
    </rtept>
    <rtept lat="41.12223000" lon="-122.010590">
      <ele>1251.0000</ele>
      <time>2010-01-01T06:15:29Z</time>
    </rtept>
    <rtept lat="41.12214000" lon="-122.010680">
      <ele>1249.0000</ele>
      <time>2010-01-01T06:15:34Z</time>
    </rtept>
    <rtept lat="41.12203000" lon="-122.010800">
      <ele>1249.0000</ele>
      <time>2010-01-01T06:15:40Z</time>
    </rtept>
    <rtept lat="41.12181000" lon="-122.011050">
      <ele>1246.0000</ele>
      <time>2010-01-01T06:15:51Z</time>
    </rtept>
    <rtept lat="41.12159000" lon="-122.011240">
      <ele>1242.0000</ele>
      <time>2010-01-01T06:16:02Z</time>
    </rtept>
    <rtept lat="41.12139000" lon="-122.011520">
      <ele>1244.0000</ele>
      <time>2010-01-01T06:16:13Z</time>
    </rtept>
    <rtept lat="41.12098000" lon="-122.011700">
      <ele>1237.0000</ele>
      <time>2010-01-01T06:16:31Z</time>
    </rtept>
    <rtept lat="41.12058000" lon="-122.011780">
      <ele>1223.0000</ele>
      <time>2010-01-01T06:16:47Z</time>
    </rtept>
    <rtept lat="41.12046000" lon="-122.011930">
      <ele>1222.0000</ele>
      <time>2010-01-01T06:16:53Z</time>
    </rtept>
    <rtept lat="41.12038000" lon="-122.012120">
      <ele>1219.0000</ele>
      <time>2010-01-01T06:17:00Z</time>
    </rtept>
    <rtept lat="41.12035000" lon="-122.012340">
      <ele>1217.0000</ele>
      <time>2010-01-01T06:17:07Z</time>
    </rtept>
    <rtept lat="41.12035000" lon="-122.012610">
      <ele>1216.0000</ele>
      <time>2010-01-01T06:17:15Z</time>
    </rtept>
    <rtept lat="41.12048000" lon="-122.013000">
      <ele>1215.0000</ele>
      <time>2010-01-01T06:17:28Z</time>
    </rtept>
    <rtept lat="41.12065000" lon="-122.013190">
      <ele>1222.0000</ele>
      <time>2010-01-01T06:17:37Z</time>
    </rtept>
    <rtept lat="41.12067000" lon="-122.013330">
      <ele>1221.0000</ele>
      <time>2010-01-01T06:17:41Z</time>
    </rtept>
    <rtept lat="41.12060000" lon="-122.013470">
      <ele>1216.0000</ele>
      <time>2010-01-01T06:17:46Z</time>
    </rtept>
    <rtept lat="41.12046000" lon="-122.013650">
      <ele>1207.0000</ele>
      <time>2010-01-01T06:17:54Z</time>
    </rtept>
    <rtept lat="41.12033000" lon="-122.013930">
      <ele>1203.0000</ele>
      <time>2010-01-01T06:18:04Z</time>
    </rtept>
    <rtept lat="41.12021000" lon="-122.014170">
      <ele>1205.0000</ele>
      <time>2010-01-01T06:18:12Z</time>
    </rtept>
    <rtept lat="41.12013000" lon="-122.014510">
      <ele>1207.0000</ele>
      <time>2010-01-01T06:18:23Z</time>
    </rtept>
    <rtept lat="41.12007000" lon="-122.014670">
      <ele>1203.0000</ele>
      <time>2010-01-01T06:18:28Z</time>
    </rtept>
    <rtept lat="41.11991000" lon="-122.014950">
      <ele>1195.0000</ele>
      <time>2010-01-01T06:18:39Z</time>
    </rtept>
    <rtept lat="41.11976000" lon="-122.015170">
      <ele>1193.0000</ele>
      <time>2010-01-01T06:18:48Z</time>
    </rtept>
    <rtept lat="41.11968000" lon="-122.015400">
      <ele>1194.0000</ele>
      <time>2010-01-01T06:18:56Z</time>
    </rtept>
    <rtept lat="41.11968000" lon="-122.015580">
      <ele>1198.0000</ele>
      <time>2010-01-01T06:19:01Z</time>
    </rtept>
    <rtept lat="41.11965000" lon="-122.015670">
      <ele>1198.0000</ele>
      <time>2010-01-01T06:19:04Z</time>
    </rtept>
    <rtept lat="41.11938000" lon="-122.015970">
      <ele>1185.0000</ele>
      <time>2010-01-01T06:19:18Z</time>
    </rtept>
    <rtept lat="41.11927000" lon="-122.016320">
      <ele>1177.0000</ele>
      <time>2010-01-01T06:19:30Z</time>
    </rtept>
    <rtept lat="41.11927000" lon="-122.016740">
      <ele>1167.0000</ele>
      <time>2010-01-01T06:19:42Z</time>
    </rtept>
    <rtept lat="41.11926000" lon="-122.017090">
      <ele>1172.0000</ele>
      <time>2010-01-01T06:19:53Z</time>
    </rtept>
    <rtept lat="41.11921000" lon="-122.017690">
      <ele>1188.0000</ele>
      <time>2010-01-01T06:20:11Z</time>
    </rtept>
    <rtept lat="41.11915000" lon="-122.017710">
      <ele>1184.0000</ele>
      <time>2010-01-01T06:20:14Z</time>
    </rtept>
    <rtept lat="41.11906000" lon="-122.017710">
      <ele>1177.0000</ele>
      <time>2010-01-01T06:20:17Z</time>
    </rtept>
    <rtept lat="41.11883000" lon="-122.018140">
      <ele>1165.0000</ele>
      <time>2010-01-01T06:20:33Z</time>
    </rtept>
    <rtept lat="41.11873000" lon="-122.018350">
      <ele>1162.0000</ele>
      <time>2010-01-01T06:20:41Z</time>
    </rtept>
    <rtept lat="41.11859000" lon="-122.018650">
      <ele>1158.0000</ele>
      <time>2010-01-01T06:20:51Z</time>
    </rtept>
    <rtept lat="41.11857000" lon="-122.018860">
      <ele>1161.0000</ele>
      <time>2010-01-01T06:20:58Z</time>
    </rtept>
    <rtept lat="41.11867000" lon="-122.019070">
      <ele>1168.0000</ele>
      <time>2010-01-01T06:21:05Z</time>
    </rtept>
    <rtept lat="41.11874000" lon="-122.019250">
      <ele>1172.0000</ele>
      <time>2010-01-01T06:21:11Z</time>
    </rtept>
    <rtept lat="41.11871000" lon="-122.019440">
      <ele>1171.0000</ele>
      <time>2010-01-01T06:21:17Z</time>
    </rtept>
    <rtept lat="41.11858000" lon="-122.019660">
      <ele>1167.0000</ele>
      <time>2010-01-01T06:21:25Z</time>
    </rtept>
    <rtept lat="41.11852000" lon="-122.019860">
      <ele>1165.0000</ele>
      <time>2010-01-01T06:21:32Z</time>
    </rtept>
    <rtept lat="41.11833000" lon="-122.020020">
      <ele>1156.0000</ele>
      <time>2010-01-01T06:21:41Z</time>
    </rtept>
    <rtept lat="41.11811000" lon="-122.020340">
      <ele>1143.0000</ele>
      <time>2010-01-01T06:21:54Z</time>
    </rtept>
    <rtept lat="41.11794000" lon="-122.020710">
      <ele>1135.0000</ele>
      <time>2010-01-01T06:22:07Z</time>
    </rtept>
    <rtept lat="41.11790000" lon="-122.020960">
      <ele>1133.0000</ele>
      <time>2010-01-01T06:22:15Z</time>
    </rtept>
    <rtept lat="41.11796000" lon="-122.021140">
      <ele>1136.0000</ele>
      <time>2010-01-01T06:22:21Z</time>
    </rtept>
    <rtept lat="41.11812000" lon="-122.021320">
      <ele>1143.0000</ele>
      <time>2010-01-01T06:22:29Z</time>
    </rtept>
    <rtept lat="41.11822000" lon="-122.021450">
      <ele>1148.0000</ele>
      <time>2010-01-01T06:22:35Z</time>
    </rtept>
    <rtept lat="41.11824000" lon="-122.021580">
      <ele>1146.0000</ele>
      <time>2010-01-01T06:22:39Z</time>
    </rtept>
    <rtept lat="41.11823000" lon="-122.021690">
      <ele>1142.0000</ele>
      <time>2010-01-01T06:22:42Z</time>
    </rtept>
    <rtept lat="41.11824000" lon="-122.021910">
      <ele>1139.0000</ele>
      <time>2010-01-01T06:22:49Z</time>
    </rtept>
    <rtept lat="41.11822000" lon="-122.022210">
      <ele>1138.0000</ele>
      <time>2010-01-01T06:22:58Z</time>
    </rtept>
    <rtept lat="41.11822000" lon="-122.022450">
      <ele>1137.0000</ele>
      <time>2010-01-01T06:23:05Z</time>
    </rtept>
    <rtept lat="41.11826000" lon="-122.022730">
      <ele>1136.0000</ele>
      <time>2010-01-01T06:23:14Z</time>
    </rtept>
    <rtept lat="41.11829000" lon="-122.023080">
      <ele>1139.0000</ele>
      <time>2010-01-01T06:23:24Z</time>
    </rtept>
    <rtept lat="41.11832000" lon="-122.023360">
      <ele>1148.0000</ele>
      <time>2010-01-01T06:23:33Z</time>
    </rtept>
    <rtept lat="41.11825000" lon="-122.023610">
      <ele>1154.0000</ele>
      <time>2010-01-01T06:23:41Z</time>
    </rtept>
    <rtept lat="41.11808000" lon="-122.023850">
      <ele>1150.0000</ele>
      <time>2010-01-01T06:23:51Z</time>
    </rtept>
    <rtept lat="41.11792000" lon="-122.024040">
      <ele>1145.0000</ele>
      <time>2010-01-01T06:23:59Z</time>
    </rtept>
    <rtept lat="41.11775000" lon="-122.024330">
      <ele>1146.0000</ele>
      <time>2010-01-01T06:24:10Z</time>
    </rtept>
    <rtept lat="41.11754000" lon="-122.024450">
      <ele>1140.0000</ele>
      <time>2010-01-01T06:24:20Z</time>
    </rtept>
    <rtept lat="41.11734000" lon="-122.024490">
      <ele>1128.0000</ele>
      <time>2010-01-01T06:24:28Z</time>
    </rtept>
    <rtept lat="41.11717000" lon="-122.024570">
      <ele>1120.0000</ele>
      <time>2010-01-01T06:24:35Z</time>
    </rtept>
    <rtept lat="41.11699000" lon="-122.024790">
      <ele>1122.0000</ele>
      <time>2010-01-01T06:24:45Z</time>
    </rtept>
    <rtept lat="41.11668000" lon="-122.025080">
      <ele>1122.0000</ele>
      <time>2010-01-01T06:25:00Z</time>
    </rtept>
    <rtept lat="41.11641000" lon="-122.025410">
      <ele>1109.0000</ele>
      <time>2010-01-01T06:25:15Z</time>
    </rtept>
    <rtept lat="41.11618000" lon="-122.025910">
      <ele>1109.0000</ele>
      <time>2010-01-01T06:25:32Z</time>
    </rtept>
    <rtept lat="41.11592000" lon="-122.026410">
      <ele>1100.0000</ele>
      <time>2010-01-01T06:25:51Z</time>
    </rtept>
    <rtept lat="41.11593000" lon="-122.026650">
      <ele>1098.0000</ele>
      <time>2010-01-01T06:25:58Z</time>
    </rtept>
    <rtept lat="41.11612000" lon="-122.027170">
      <ele>1112.0000</ele>
      <time>2010-01-01T06:26:15Z</time>
    </rtept>
    <rtept lat="41.11611000" lon="-122.027380">
      <ele>1111.0000</ele>
      <time>2010-01-01T06:26:22Z</time>
    </rtept>
    <rtept lat="41.11612000" lon="-122.027620">
      <ele>1112.0000</ele>
      <time>2010-01-01T06:26:29Z</time>
    </rtept>
    <rtept lat="41.11612000" lon="-122.027970">
      <ele>1113.0000</ele>
      <time>2010-01-01T06:26:39Z</time>
    </rtept>
    <rtept lat="41.11619000" lon="-122.028050">
      <ele>1114.0000</ele>
      <time>2010-01-01T06:26:43Z</time>
    </rtept>
    <rtept lat="41.11630000" lon="-122.028060">
      <ele>1114.0000</ele>
      <time>2010-01-01T06:26:47Z</time>
    </rtept>
    <rtept lat="41.11647000" lon="-122.027860">
      <ele>1114.0000</ele>
      <time>2010-01-01T06:26:57Z</time>
    </rtept>
    <rtept lat="41.11669000" lon="-122.027650">
      <ele>1110.0000</ele>
      <time>2010-01-01T06:27:07Z</time>
    </rtept>
    <rtept lat="41.11707000" lon="-122.027350">
      <ele>1103.0000</ele>
      <time>2010-01-01T06:27:25Z</time>
    </rtept>
    <rtept lat="41.11719000" lon="-122.027240">
      <ele>1101.0000</ele>
      <time>2010-01-01T06:27:31Z</time>
    </rtept>
    <rtept lat="41.11728000" lon="-122.027150">
      <ele>1103.0000</ele>
      <time>2010-01-01T06:27:35Z</time>
    </rtept>
    <rtept lat="41.11734000" lon="-122.027020">
      <ele>1108.0000</ele>
      <time>2010-01-01T06:27:40Z</time>
    </rtept>
    <rtept lat="41.11740000" lon="-122.026870">
      <ele>1116.0000</ele>
      <time>2010-01-01T06:27:45Z</time>
    </rtept>
    <rtept lat="41.11750000" lon="-122.026860">
      <ele>1114.0000</ele>
      <time>2010-01-01T06:27:49Z</time>
    </rtept>
    <rtept lat="41.11784000" lon="-122.026880">
      <ele>1112.0000</ele>
      <time>2010-01-01T06:28:03Z</time>
    </rtept>
    <rtept lat="41.11805000" lon="-122.027040">
      <ele>1106.0000</ele>
      <time>2010-01-01T06:28:13Z</time>
    </rtept>
    <rtept lat="41.11821000" lon="-122.027020">
      <ele>1106.0000</ele>
      <time>2010-01-01T06:28:19Z</time>
    </rtept>
    <rtept lat="41.11847000" lon="-122.026890">
      <ele>1108.0000</ele>
      <time>2010-01-01T06:28:30Z</time>
    </rtept>
    <rtept lat="41.11873000" lon="-122.026880">
      <ele>1102.0000</ele>
      <time>2010-01-01T06:28:40Z</time>
    </rtept>
    <rtept lat="41.11906000" lon="-122.026920">
      <ele>1094.0000</ele>
      <time>2010-01-01T06:28:54Z</time>
    </rtept>
    <rtept lat="41.11921000" lon="-122.026900">
      <ele>1093.0000</ele>
      <time>2010-01-01T06:29:00Z</time>
    </rtept>
    <rtept lat="41.11946000" lon="-122.026570">
      <ele>1105.0000</ele>
      <time>2010-01-01T06:29:14Z</time>
    </rtept>
    <rtept lat="41.11951000" lon="-122.026470">
      <ele>1106.0000</ele>
      <time>2010-01-01T06:29:18Z</time>
    </rtept>
    <rtept lat="41.11973000" lon="-122.026130">
      <ele>1105.0000</ele>
      <time>2010-01-01T06:29:31Z</time>
    </rtept>
    <rtept lat="41.11985000" lon="-122.026060">
      <ele>1103.0000</ele>
      <time>2010-01-01T06:29:36Z</time>
    </rtept>
    <rtept lat="41.12002000" lon="-122.026070">
      <ele>1097.0000</ele>
      <time>2010-01-01T06:29:43Z</time>
    </rtept>
    <rtept lat="41.12024000" lon="-122.026130">
      <ele>1090.0000</ele>
      <time>2010-01-01T06:29:52Z</time>
    </rtept>
    <rtept lat="41.12040000" lon="-122.026200">
      <ele>1088.0000</ele>
      <time>2010-01-01T06:29:59Z</time>
    </rtept>
    <rtept lat="41.12062000" lon="-122.026280">
      <ele>1086.0000</ele>
      <time>2010-01-01T06:30:08Z</time>
    </rtept>
    <rtept lat="41.12076000" lon="-122.026230">
      <ele>1089.0000</ele>
      <time>2010-01-01T06:30:14Z</time>
    </rtept>
    <rtept lat="41.12103000" lon="-122.026060">
      <ele>1095.0000</ele>
      <time>2010-01-01T06:30:26Z</time>
    </rtept>
    <rtept lat="41.12127000" lon="-122.026000">
      <ele>1093.0000</ele>
      <time>2010-01-01T06:30:35Z</time>
    </rtept>
    <rtept lat="41.12149000" lon="-122.026070">
      <ele>1090.0000</ele>
      <time>2010-01-01T06:30:45Z</time>
    </rtept>
    <rtept lat="41.12156000" lon="-122.026230">
      <ele>1087.0000</ele>
      <time>2010-01-01T06:30:50Z</time>
    </rtept>
    <rtept lat="41.12159000" lon="-122.026400">
      <ele>1082.0000</ele>
      <time>2010-01-01T06:30:55Z</time>
    </rtept>
    <rtept lat="41.12172000" lon="-122.026690">
      <ele>1074.0000</ele>
      <time>2010-01-01T06:31:06Z</time>
    </rtept>
    <rtept lat="41.12185000" lon="-122.026890">
      <ele>1071.0000</ele>
      <time>2010-01-01T06:31:14Z</time>
    </rtept>
    <rtept lat="41.12202000" lon="-122.026870">
      <ele>1075.0000</ele>
      <time>2010-01-01T06:31:20Z</time>
    </rtept>
    <rtept lat="41.12231000" lon="-122.026830">
      <ele>1078.0000</ele>
      <time>2010-01-01T06:31:32Z</time>
    </rtept>
    <rtept lat="41.12256000" lon="-122.026780">
      <ele>1079.0000</ele>
      <time>2010-01-01T06:31:42Z</time>
    </rtept>
    <rtept lat="41.12270000" lon="-122.026660">
      <ele>1084.0000</ele>
      <time>2010-01-01T06:31:49Z</time>
    </rtept>
    <rtept lat="41.12280000" lon="-122.026520">
      <ele>1090.0000</ele>
      <time>2010-01-01T06:31:55Z</time>
    </rtept>
    <rtept lat="41.12300000" lon="-122.026310">
      <ele>1094.0000</ele>
      <time>2010-01-01T06:32:05Z</time>
    </rtept>
    <rtept lat="41.12316000" lon="-122.026320">
      <ele>1089.0000</ele>
      <time>2010-01-01T06:32:11Z</time>
    </rtept>
    <rtept lat="41.12329000" lon="-122.026350">
      <ele>1083.0000</ele>
      <time>2010-01-01T06:32:17Z</time>
    </rtept>
    <rtept lat="41.12348000" lon="-122.026480">
      <ele>1076.0000</ele>
      <time>2010-01-01T06:32:25Z</time>
    </rtept>
    <rtept lat="41.12372000" lon="-122.026500">
      <ele>1075.0000</ele>
      <time>2010-01-01T06:32:35Z</time>
    </rtept>
    <rtept lat="41.12395000" lon="-122.026490">
      <ele>1073.0000</ele>
      <time>2010-01-01T06:32:44Z</time>
    </rtept>
    <rtept lat="41.12419000" lon="-122.026500">
      <ele>1062.0000</ele>
      <time>2010-01-01T06:32:54Z</time>
    </rtept>
    <rtept lat="41.12437000" lon="-122.026480">
      <ele>1059.0000</ele>
      <time>2010-01-01T06:33:01Z</time>
    </rtept>
    <rtept lat="41.12464000" lon="-122.026430">
      <ele>1059.0000</ele>
      <time>2010-01-01T06:33:12Z</time>
    </rtept>
    <rtept lat="41.12484000" lon="-122.026350">
      <ele>1059.0000</ele>
      <time>2010-01-01T06:33:20Z</time>
    </rtept>
    <rtept lat="41.12499000" lon="-122.026230">
      <ele>1060.0000</ele>
      <time>2010-01-01T06:33:27Z</time>
    </rtept>
    <rtept lat="41.12513000" lon="-122.026030">
      <ele>1060.0000</ele>
      <time>2010-01-01T06:33:35Z</time>
    </rtept>
    <rtept lat="41.12527000" lon="-122.025670">
      <ele>1058.0000</ele>
      <time>2010-01-01T06:33:48Z</time>
    </rtept>
    <rtept lat="41.12530000" lon="-122.025400">
      <ele>1059.0000</ele>
      <time>2010-01-01T06:33:56Z</time>
    </rtept>
    <rtept lat="41.12527000" lon="-122.025150">
      <ele>1064.0000</ele>
      <time>2010-01-01T06:34:03Z</time>
    </rtept>
    <rtept lat="41.12541000" lon="-122.025070">
      <ele>1064.0000</ele>
      <time>2010-01-01T06:34:09Z</time>
    </rtept>
    <rtept lat="41.12563000" lon="-122.025200">
      <ele>1060.0000</ele>
      <time>2010-01-01T06:34:19Z</time>
    </rtept>
    <rtept lat="41.12587000" lon="-122.025450">
      <ele>1059.0000</ele>
      <time>2010-01-01T06:34:31Z</time>
    </rtept>
    <rtept lat="41.12602000" lon="-122.025660">
      <ele>1059.0000</ele>
      <time>2010-01-01T06:34:40Z</time>
    </rtept>
    <rtept lat="41.12614000" lon="-122.025950">
      <ele>1054.0000</ele>
      <time>2010-01-01T06:34:50Z</time>
    </rtept>
    <rtept lat="41.12644000" lon="-122.026250">
      <ele>1054.0000</ele>
      <time>2010-01-01T06:35:05Z</time>
    </rtept>
    <rtept lat="41.12656000" lon="-122.026290">
      <ele>1055.0000</ele>
      <time>2010-01-01T06:35:10Z</time>
    </rtept>
    <rtept lat="41.12673000" lon="-122.026340">
      <ele>1058.0000</ele>
      <time>2010-01-01T06:35:17Z</time>
    </rtept>
    <rtept lat="41.12691000" lon="-122.026320">
      <ele>1066.0000</ele>
      <time>2010-01-01T06:35:24Z</time>
    </rtept>
    <rtept lat="41.12712000" lon="-122.026280">
      <ele>1073.0000</ele>
      <time>2010-01-01T06:35:33Z</time>
    </rtept>
    <rtept lat="41.12736000" lon="-122.026320">
      <ele>1076.0000</ele>
      <time>2010-01-01T06:35:42Z</time>
    </rtept>
    <rtept lat="41.12754000" lon="-122.026400">
      <ele>1073.0000</ele>
      <time>2010-01-01T06:35:50Z</time>
    </rtept>
    <rtept lat="41.12789000" lon="-122.026570">
      <ele>1062.0000</ele>
      <time>2010-01-01T06:36:05Z</time>
    </rtept>
    <rtept lat="41.12801000" lon="-122.026640">
      <ele>1058.0000</ele>
      <time>2010-01-01T06:36:10Z</time>
    </rtept>
    <rtept lat="41.12817000" lon="-122.026790">
      <ele>1052.0000</ele>
      <time>2010-01-01T06:36:18Z</time>
    </rtept>
    <rtept lat="41.12827000" lon="-122.026890">
      <ele>1048.0000</ele>
      <time>2010-01-01T06:36:23Z</time>
    </rtept>
    <rtept lat="41.12835000" lon="-122.026950">
      <ele>1047.0000</ele>
      <time>2010-01-01T06:36:27Z</time>
    </rtept>
    <rtept lat="41.12844000" lon="-122.026950">
      <ele>1048.0000</ele>
      <time>2010-01-01T06:36:30Z</time>
    </rtept>
    <rtept lat="41.12852000" lon="-122.026880">
      <ele>1052.0000</ele>
      <time>2010-01-01T06:36:34Z</time>
    </rtept>
    <rtept lat="41.12857000" lon="-122.026810">
      <ele>1055.0000</ele>
      <time>2010-01-01T06:36:37Z</time>
    </rtept>
    <rtept lat="41.12863000" lon="-122.026780">
      <ele>1056.0000</ele>
      <time>2010-01-01T06:36:40Z</time>
    </rtept>
    <rtept lat="41.12876000" lon="-122.026730">
      <ele>1056.0000</ele>
      <time>2010-01-01T06:36:45Z</time>
    </rtept>
    <rtept lat="41.12895000" lon="-122.026690">
      <ele>1055.0000</ele>
      <time>2010-01-01T06:36:53Z</time>
    </rtept>
    <rtept lat="41.12917000" lon="-122.026650">
      <ele>1053.0000</ele>
      <time>2010-01-01T06:37:02Z</time>
    </rtept>
    <rtept lat="41.12936000" lon="-122.026670">
      <ele>1050.0000</ele>
      <time>2010-01-01T06:37:09Z</time>
    </rtept>
    <rtept lat="41.12955000" lon="-122.026670">
      <ele>1047.0000</ele>
      <time>2010-01-01T06:37:17Z</time>
    </rtept>
    <rtept lat="41.12964000" lon="-122.026610">
      <ele>1048.0000</ele>
      <time>2010-01-01T06:37:21Z</time>
    </rtept>
    <rtept lat="41.12973000" lon="-122.026590">
      <ele>1047.0000</ele>
      <time>2010-01-01T06:37:25Z</time>
    </rtept>
    <rtept lat="41.12976000" lon="-122.026710">
      <ele>1045.0000</ele>
      <time>2010-01-01T06:37:28Z</time>
    </rtept>
    <rtept lat="41.12969000" lon="-122.026880">
      <ele>1046.0000</ele>
      <time>2010-01-01T06:37:34Z</time>
    </rtept>
    <rtept lat="41.12951000" lon="-122.027140">
      <ele>1048.0000</ele>
      <time>2010-01-01T06:37:45Z</time>
    </rtept>
    <rtept lat="41.12935000" lon="-122.027390">
      <ele>1052.0000</ele>
      <time>2010-01-01T06:37:55Z</time>
    </rtept>
    <rtept lat="41.12922000" lon="-122.027510">
      <ele>1054.0000</ele>
      <time>2010-01-01T06:38:01Z</time>
    </rtept>
    <rtept lat="41.12899000" lon="-122.027520">
      <ele>1047.0000</ele>
      <time>2010-01-01T06:38:10Z</time>
    </rtept>
    <rtept lat="41.12883000" lon="-122.027580">
      <ele>1044.0000</ele>
      <time>2010-01-01T06:38:17Z</time>
    </rtept>
    <rtept lat="41.12867000" lon="-122.027800">
      <ele>1045.0000</ele>
      <time>2010-01-01T06:38:26Z</time>
    </rtept>
    <rtept lat="41.12860000" lon="-122.027860">
      <ele>1044.0000</ele>
      <time>2010-01-01T06:38:29Z</time>
    </rtept>
    <rtept lat="41.12848000" lon="-122.027940">
      <ele>1041.0000</ele>
      <time>2010-01-01T06:38:35Z</time>
    </rtept>
    <rtept lat="41.12833000" lon="-122.028000">
      <ele>1037.0000</ele>
      <time>2010-01-01T06:38:41Z</time>
    </rtept>
    <rtept lat="41.12819000" lon="-122.028120">
      <ele>1039.0000</ele>
      <time>2010-01-01T06:38:48Z</time>
    </rtept>
    <rtept lat="41.12795000" lon="-122.028300">
      <ele>1045.0000</ele>
      <time>2010-01-01T06:38:59Z</time>
    </rtept>
    <rtept lat="41.12786000" lon="-122.028440">
      <ele>1050.0000</ele>
      <time>2010-01-01T06:39:04Z</time>
    </rtept>
    <rtept lat="41.12778000" lon="-122.028550">
      <ele>1053.0000</ele>
      <time>2010-01-01T06:39:09Z</time>
    </rtept>
    <rtept lat="41.12770000" lon="-122.028570">
      <ele>1053.0000</ele>
      <time>2010-01-01T06:39:12Z</time>
    </rtept>
    <rtept lat="41.12760000" lon="-122.028570">
      <ele>1052.0000</ele>
      <time>2010-01-01T06:39:16Z</time>
    </rtept>
    <rtept lat="41.12749000" lon="-122.028450">
      <ele>1046.0000</ele>
      <time>2010-01-01T06:39:22Z</time>
    </rtept>
    <rtept lat="41.12734000" lon="-122.028320">
      <ele>1040.0000</ele>
      <time>2010-01-01T06:39:29Z</time>
    </rtept>
    <rtept lat="41.12716000" lon="-122.028140">
      <ele>1028.0000</ele>
      <time>2010-01-01T06:39:38Z</time>
    </rtept>
    <rtept lat="41.12706000" lon="-122.028120">
      <ele>1024.0000</ele>
      <time>2010-01-01T06:39:42Z</time>
    </rtept>
    <rtept lat="41.12690000" lon="-122.028150">
      <ele>1021.0000</ele>
      <time>2010-01-01T06:39:49Z</time>
    </rtept>
    <rtept lat="41.12676000" lon="-122.028260">
      <ele>1021.0000</ele>
      <time>2010-01-01T06:39:55Z</time>
    </rtept>
    <rtept lat="41.12657000" lon="-122.028490">
      <ele>1020.0000</ele>
      <time>2010-01-01T06:40:05Z</time>
    </rtept>
    <rtept lat="41.12648000" lon="-122.028610">
      <ele>1020.0000</ele>
      <time>2010-01-01T06:40:11Z</time>
    </rtept>
    <rtept lat="41.12645000" lon="-122.028730">
      <ele>1022.0000</ele>
      <time>2010-01-01T06:40:14Z</time>
    </rtept>
    <rtept lat="41.12644000" lon="-122.028880">
      <ele>1024.0000</ele>
      <time>2010-01-01T06:40:19Z</time>
    </rtept>
    <rtept lat="41.12633000" lon="-122.029330">
      <ele>1032.0000</ele>
      <time>2010-01-01T06:40:33Z</time>
    </rtept>
    <rtept lat="41.12627000" lon="-122.029450">
      <ele>1035.0000</ele>
      <time>2010-01-01T06:40:38Z</time>
    </rtept>
    <rtept lat="41.12623000" lon="-122.029520">
      <ele>1037.0000</ele>
      <time>2010-01-01T06:40:40Z</time>
    </rtept>
    <rtept lat="41.12617000" lon="-122.029540">
      <ele>1038.0000</ele>
      <time>2010-01-01T06:40:43Z</time>
    </rtept>
    <rtept lat="41.12611000" lon="-122.029520">
      <ele>1039.0000</ele>
      <time>2010-01-01T06:40:45Z</time>
    </rtept>
    <rtept lat="41.12605000" lon="-122.029370">
      <ele>1035.0000</ele>
      <time>2010-01-01T06:40:50Z</time>
    </rtept>
    <rtept lat="41.12600000" lon="-122.029220">
      <ele>1029.0000</ele>
      <time>2010-01-01T06:40:55Z</time>
    </rtept>
    <rtept lat="41.12593000" lon="-122.029100">
      <ele>1024.0000</ele>
      <time>2010-01-01T06:41:00Z</time>
    </rtept>
    <rtept lat="41.12579000" lon="-122.029000">
      <ele>1019.0000</ele>
      <time>2010-01-01T06:41:06Z</time>
    </rtept>
    <rtept lat="41.12556000" lon="-122.029000">
      <ele>1015.0000</ele>
      <time>2010-01-01T06:41:15Z</time>
    </rtept>
    <rtept lat="41.12534000" lon="-122.029120">
      <ele>1013.0000</ele>
      <time>2010-01-01T06:41:25Z</time>
    </rtept>
    <rtept lat="41.12512000" lon="-122.029290">
      <ele>1010.0000</ele>
      <time>2010-01-01T06:41:35Z</time>
    </rtept>
    <rtept lat="41.12494000" lon="-122.029460">
      <ele>1008.0000</ele>
      <time>2010-01-01T06:41:44Z</time>
    </rtept>
    <rtept lat="41.12482000" lon="-122.029650">
      <ele>1007.0000</ele>
      <time>2010-01-01T06:41:51Z</time>
    </rtept>
    <rtept lat="41.12479000" lon="-122.029750">
      <ele>1009.0000</ele>
      <time>2010-01-01T06:41:55Z</time>
    </rtept>
    <rtept lat="41.12480000" lon="-122.029850">
      <ele>1012.0000</ele>
      <time>2010-01-01T06:41:58Z</time>
    </rtept>
    <rtept lat="41.12484000" lon="-122.029940">
      <ele>1016.0000</ele>
      <time>2010-01-01T06:42:01Z</time>
    </rtept>
    <rtept lat="41.12484000" lon="-122.030040">
      <ele>1019.0000</ele>
      <time>2010-01-01T06:42:04Z</time>
    </rtept>
    <rtept lat="41.12479000" lon="-122.030060">
      <ele>1018.0000</ele>
      <time>2010-01-01T06:42:06Z</time>
    </rtept>
    <rtept lat="41.12465000" lon="-122.030000">
      <ele>1013.0000</ele>
      <time>2010-01-01T06:42:12Z</time>
    </rtept>
    <rtept lat="41.12447000" lon="-122.030010">
      <ele>1008.0000</ele>
      <time>2010-01-01T06:42:19Z</time>
    </rtept>
    <rtept lat="41.12441000" lon="-122.030050">
      <ele>1008.0000</ele>
      <time>2010-01-01T06:42:22Z</time>
    </rtept>
    <rtept lat="41.12420000" lon="-122.030160">
      <ele>1007.0000</ele>
      <time>2010-01-01T06:42:31Z</time>
    </rtept>
    <rtept lat="41.12389000" lon="-122.030340">
      <ele>1006.0000</ele>
      <time>2010-01-01T06:42:44Z</time>
    </rtept>
    <rtept lat="41.12352000" lon="-122.030630">
      <ele>1005.0000</ele>
      <time>2010-01-01T06:43:02Z</time>
    </rtept>
    <rtept lat="41.12320000" lon="-122.030840">
      <ele>1002.0000</ele>
      <time>2010-01-01T06:43:16Z</time>
    </rtept>
    <rtept lat="41.12308000" lon="-122.031050">
      <ele>1001.0000</ele>
      <time>2010-01-01T06:43:24Z</time>
    </rtept>
    <rtept lat="41.12305000" lon="-122.031220">
      <ele>1002.0000</ele>
      <time>2010-01-01T06:43:29Z</time>
    </rtept>
    <rtept lat="41.12306000" lon="-122.031500">
      <ele>1004.0000</ele>
      <time>2010-01-01T06:43:37Z</time>
    </rtept>
    <rtept lat="41.12311000" lon="-122.031700">
      <ele>1008.0000</ele>
      <time>2010-01-01T06:43:44Z</time>
    </rtept>
    <rtept lat="41.12323000" lon="-122.032090">
      <ele>1016.0000</ele>
      <time>2010-01-01T06:43:57Z</time>
    </rtept>
    <rtept lat="41.12320000" lon="-122.032180">
      <ele>1018.0000</ele>
      <time>2010-01-01T06:43:59Z</time>
    </rtept>
    <rtept lat="41.12311000" lon="-122.032260">
      <ele>1018.0000</ele>
      <time>2010-01-01T06:44:04Z</time>
    </rtept>
    <rtept lat="41.12290000" lon="-122.032060">
      <ele>1014.0000</ele>
      <time>2010-01-01T06:44:14Z</time>
    </rtept>
    <rtept lat="41.12272000" lon="-122.031870">
      <ele>1010.0000</ele>
      <time>2010-01-01T06:44:23Z</time>
    </rtept>
    <rtept lat="41.12249000" lon="-122.031620">
      <ele>1007.0000</ele>
      <time>2010-01-01T06:44:35Z</time>
    </rtept>
    <rtept lat="41.12232000" lon="-122.031380">
      <ele>1004.0000</ele>
      <time>2010-01-01T06:44:45Z</time>
    </rtept>
    <rtept lat="41.12214000" lon="-122.030930">
      <ele>989.00000</ele>
      <time>2010-01-01T06:45:01Z</time>
    </rtept>
    <rtept lat="41.12203000" lon="-122.030830">
      <ele>986.00000</ele>
      <time>2010-01-01T06:45:06Z</time>
    </rtept>
    <rtept lat="41.12187000" lon="-122.030810">
      <ele>987.00000</ele>
      <time>2010-01-01T06:45:12Z</time>
    </rtept>
    <rtept lat="41.12149000" lon="-122.030820">
      <ele>991.00000</ele>
      <time>2010-01-01T06:45:28Z</time>
    </rtept>
    <rtept lat="41.12129000" lon="-122.030810">
      <ele>990.00000</ele>
      <time>2010-01-01T06:45:36Z</time>
    </rtept>
    <rtept lat="41.12109000" lon="-122.030820">
      <ele>987.00000</ele>
      <time>2010-01-01T06:45:44Z</time>
    </rtept>
    <rtept lat="41.12085000" lon="-122.030740">
      <ele>973.00000</ele>
      <time>2010-01-01T06:45:53Z</time>
    </rtept>
    <rtept lat="41.12075000" lon="-122.030790">
      <ele>973.00000</ele>
      <time>2010-01-01T06:45:58Z</time>
    </rtept>
    <rtept lat="41.12071000" lon="-122.030880">
      <ele>974.00000</ele>
      <time>2010-01-01T06:46:01Z</time>
    </rtept>
    <rtept lat="41.12070000" lon="-122.030960">
      <ele>976.00000</ele>
      <time>2010-01-01T06:46:03Z</time>
    </rtept>
    <rtept lat="41.12062000" lon="-122.030990">
      <ele>976.00000</ele>
      <time>2010-01-01T06:46:07Z</time>
    </rtept>
    <rtept lat="41.12054000" lon="-122.030950">
      <ele>975.00000</ele>
      <time>2010-01-01T06:46:10Z</time>
    </rtept>
    <rtept lat="41.12046000" lon="-122.030850">
      <ele>973.00000</ele>
      <time>2010-01-01T06:46:15Z</time>
    </rtept>
    <rtept lat="41.12012000" lon="-122.030890">
      <ele>970.00000</ele>
      <time>2010-01-01T06:46:28Z</time>
    </rtept>
    <rtept lat="41.11991000" lon="-122.030970">
      <ele>966.00000</ele>
      <time>2010-01-01T06:46:37Z</time>
    </rtept>
    <rtept lat="41.11974000" lon="-122.031180">
      <ele>965.00000</ele>
      <time>2010-01-01T06:46:46Z</time>
    </rtept>
    <rtept lat="41.11944000" lon="-122.031780">
      <ele>958.00000</ele>
      <time>2010-01-01T06:47:08Z</time>
    </rtept>
    <rtept lat="41.11940000" lon="-122.031840">
      <ele>957.00000</ele>
      <time>2010-01-01T06:47:10Z</time>
    </rtept>
    <rtept lat="41.11922000" lon="-122.032120">
      <ele>953.00000</ele>
      <time>2010-01-01T06:47:21Z</time>
    </rtept>
    <rtept lat="41.11906000" lon="-122.032380">
      <ele>953.00000</ele>
      <time>2010-01-01T06:47:32Z</time>
    </rtept>
    <rtept lat="41.11902000" lon="-122.032550">
      <ele>954.00000</ele>
      <time>2010-01-01T06:47:37Z</time>
    </rtept>
    <rtept lat="41.11902000" lon="-122.032700">
      <ele>956.00000</ele>
      <time>2010-01-01T06:47:41Z</time>
    </rtept>
    <rtept lat="41.11909000" lon="-122.032900">
      <ele>958.00000</ele>
      <time>2010-01-01T06:47:48Z</time>
    </rtept>
    <rtept lat="41.11911000" lon="-122.033120">
      <ele>958.00000</ele>
      <time>2010-01-01T06:47:55Z</time>
    </rtept>
    <rtept lat="41.11915000" lon="-122.033220">
      <ele>958.00000</ele>
      <time>2010-01-01T06:47:58Z</time>
    </rtept>
    <rtept lat="41.11915000" lon="-122.033350">
      <ele>958.00000</ele>
      <time>2010-01-01T06:48:02Z</time>
    </rtept>
    <rtept lat="41.11913000" lon="-122.033410">
      <ele>962.00000</ele>
      <time>2010-01-01T06:48:04Z</time>
    </rtept>
    <rtept lat="41.11908000" lon="-122.033410">
      <ele>962.00000</ele>
      <time>2010-01-01T06:48:06Z</time>
    </rtept>
    <rtept lat="41.11900000" lon="-122.033350">
      <ele>958.00000</ele>
      <time>2010-01-01T06:48:10Z</time>
    </rtept>
    <rtept lat="41.11897000" lon="-122.033350">
      <ele>958.00000</ele>
      <time>2010-01-01T06:48:11Z</time>
    </rtept>
    <rtept lat="41.11891000" lon="-122.033550">
      <ele>966.00000</ele>
      <time>2010-01-01T06:48:17Z</time>
    </rtept>
    <rtept lat="41.11887000" lon="-122.033560">
      <ele>966.00000</ele>
      <time>2010-01-01T06:48:19Z</time>
    </rtept>
    <rtept lat="41.11879000" lon="-122.033430">
      <ele>961.00000</ele>
      <time>2010-01-01T06:48:24Z</time>
    </rtept>
    <rtept lat="41.11874000" lon="-122.033340">
      <ele>957.00000</ele>
      <time>2010-01-01T06:48:28Z</time>
    </rtept>
    <rtept lat="41.11863000" lon="-122.033260">
      <ele>954.00000</ele>
      <time>2010-01-01T06:48:33Z</time>
    </rtept>
    <rtept lat="41.11850000" lon="-122.033190">
      <ele>949.00000</ele>
      <time>2010-01-01T06:48:38Z</time>
    </rtept>
    <rtept lat="41.11839000" lon="-122.033200">
      <ele>946.00000</ele>
      <time>2010-01-01T06:48:43Z</time>
    </rtept>
    <rtept lat="41.11832000" lon="-122.033260">
      <ele>945.00000</ele>
      <time>2010-01-01T06:48:46Z</time>
    </rtept>
    <rtept lat="41.11825000" lon="-122.033390">
      <ele>948.00000</ele>
      <time>2010-01-01T06:48:51Z</time>
    </rtept>
    <rtept lat="41.11822000" lon="-122.033460">
      <ele>949.00000</ele>
      <time>2010-01-01T06:48:53Z</time>
    </rtept>
    <rtept lat="41.11806000" lon="-122.033730">
      <ele>953.00000</ele>
      <time>2010-01-01T06:49:04Z</time>
    </rtept>
    <rtept lat="41.11790000" lon="-122.033970">
      <ele>953.00000</ele>
      <time>2010-01-01T06:49:13Z</time>
    </rtept>
    <rtept lat="41.11780000" lon="-122.034270">
      <ele>957.00000</ele>
      <time>2010-01-01T06:49:23Z</time>
    </rtept>
    <rtept lat="41.11778000" lon="-122.034470">
      <ele>963.00000</ele>
      <time>2010-01-01T06:49:29Z</time>
    </rtept>
    <rtept lat="41.11769000" lon="-122.034590">
      <ele>965.00000</ele>
      <time>2010-01-01T06:49:34Z</time>
    </rtept>
    <rtept lat="41.11757000" lon="-122.034610">
      <ele>957.00000</ele>
      <time>2010-01-01T06:49:39Z</time>
    </rtept>
    <rtept lat="41.11750000" lon="-122.034610">
      <ele>952.00000</ele>
      <time>2010-01-01T06:49:42Z</time>
    </rtept>
    <rtept lat="41.11742000" lon="-122.034680">
      <ele>951.00000</ele>
      <time>2010-01-01T06:49:46Z</time>
    </rtept>
    <rtept lat="41.11726000" lon="-122.034870">
      <ele>948.00000</ele>
      <time>2010-01-01T06:49:54Z</time>
    </rtept>
    <rtept lat="41.11712000" lon="-122.035070">
      <ele>945.00000</ele>
      <time>2010-01-01T06:50:03Z</time>
    </rtept>
    <rtept lat="41.11701000" lon="-122.035230">
      <ele>944.00000</ele>
      <time>2010-01-01T06:50:09Z</time>
    </rtept>
    <rtept lat="41.11698000" lon="-122.035320">
      <ele>945.00000</ele>
      <time>2010-01-01T06:50:12Z</time>
    </rtept>
    <rtept lat="41.11696000" lon="-122.035480">
      <ele>949.00000</ele>
      <time>2010-01-01T06:50:17Z</time>
    </rtept>
    <rtept lat="41.11700000" lon="-122.035630">
      <ele>952.00000</ele>
      <time>2010-01-01T06:50:22Z</time>
    </rtept>
    <rtept lat="41.11708000" lon="-122.035790">
      <ele>956.00000</ele>
      <time>2010-01-01T06:50:28Z</time>
    </rtept>
    <rtept lat="41.11719000" lon="-122.035970">
      <ele>962.00000</ele>
      <time>2010-01-01T06:50:35Z</time>
    </rtept>
    <rtept lat="41.11732000" lon="-122.036160">
      <ele>970.00000</ele>
      <time>2010-01-01T06:50:42Z</time>
    </rtept>
    <rtept lat="41.11733000" lon="-122.036230">
      <ele>971.00000</ele>
      <time>2010-01-01T06:50:44Z</time>
    </rtept>
    <rtept lat="41.11731000" lon="-122.036250">
      <ele>971.00000</ele>
      <time>2010-01-01T06:50:45Z</time>
    </rtept>
    <rtept lat="41.11725000" lon="-122.036260">
      <ele>969.00000</ele>
      <time>2010-01-01T06:50:48Z</time>
    </rtept>
    <rtept lat="41.11716000" lon="-122.036260">
      <ele>967.00000</ele>
      <time>2010-01-01T06:50:51Z</time>
    </rtept>
    <rtept lat="41.11711000" lon="-122.036270">
      <ele>966.00000</ele>
      <time>2010-01-01T06:50:54Z</time>
    </rtept>
    <rtept lat="41.11702000" lon="-122.036390">
      <ele>968.00000</ele>
      <time>2010-01-01T06:50:59Z</time>
    </rtept>
    <rtept lat="41.11700000" lon="-122.036440">
      <ele>969.00000</ele>
      <time>2010-01-01T06:51:00Z</time>
    </rtept>
    <rtept lat="41.11695000" lon="-122.036480">
      <ele>969.00000</ele>
      <time>2010-01-01T06:51:03Z</time>
    </rtept>
    <rtept lat="41.11688000" lon="-122.036480">
      <ele>968.00000</ele>
      <time>2010-01-01T06:51:05Z</time>
    </rtept>
    <rtept lat="41.11683000" lon="-122.036410">
      <ele>963.00000</ele>
      <time>2010-01-01T06:51:08Z</time>
    </rtept>
    <rtept lat="41.11672000" lon="-122.036370">
      <ele>959.00000</ele>
      <time>2010-01-01T06:51:13Z</time>
    </rtept>
    <rtept lat="41.11655000" lon="-122.036370">
      <ele>952.00000</ele>
      <time>2010-01-01T06:51:20Z</time>
    </rtept>
    <rtept lat="41.11629000" lon="-122.036450">
      <ele>947.00000</ele>
      <time>2010-01-01T06:51:30Z</time>
    </rtept>
    <rtept lat="41.11612000" lon="-122.036580">
      <ele>947.00000</ele>
      <time>2010-01-01T06:51:38Z</time>
    </rtept>
    <rtept lat="41.11603000" lon="-122.036800">
      <ele>949.00000</ele>
      <time>2010-01-01T06:51:46Z</time>
    </rtept>
    <rtept lat="41.11599000" lon="-122.036990">
      <ele>952.00000</ele>
      <time>2010-01-01T06:51:52Z</time>
    </rtept>
    <rtept lat="41.11601000" lon="-122.037180">
      <ele>955.00000</ele>
      <time>2010-01-01T06:51:58Z</time>
    </rtept>
    <rtept lat="41.11608000" lon="-122.037330">
      <ele>962.00000</ele>
      <time>2010-01-01T06:52:03Z</time>
    </rtept>
    <rtept lat="41.11608000" lon="-122.037440">
      <ele>964.00000</ele>
      <time>2010-01-01T06:52:06Z</time>
    </rtept>
    <rtept lat="41.11602000" lon="-122.037540">
      <ele>963.00000</ele>
      <time>2010-01-01T06:52:10Z</time>
    </rtept>
    <rtept lat="41.11592000" lon="-122.037560">
      <ele>957.00000</ele>
      <time>2010-01-01T06:52:14Z</time>
    </rtept>
    <rtept lat="41.11575000" lon="-122.037550">
      <ele>948.00000</ele>
      <time>2010-01-01T06:52:21Z</time>
    </rtept>
    <rtept lat="41.11568000" lon="-122.037560">
      <ele>945.00000</ele>
      <time>2010-01-01T06:52:24Z</time>
    </rtept>
    <rtept lat="41.11559000" lon="-122.037590">
      <ele>942.00000</ele>
      <time>2010-01-01T06:52:27Z</time>
    </rtept>
    <rtept lat="41.11553000" lon="-122.037650">
      <ele>941.00000</ele>
      <time>2010-01-01T06:52:30Z</time>
    </rtept>
    <rtept lat="41.11540000" lon="-122.037830">
      <ele>943.00000</ele>
      <time>2010-01-01T06:52:38Z</time>
    </rtept>
    <rtept lat="41.11525000" lon="-122.038060">
      <ele>950.00000</ele>
      <time>2010-01-01T06:52:47Z</time>
    </rtept>
    <rtept lat="41.11507000" lon="-122.038360">
      <ele>946.00000</ele>
      <time>2010-01-01T06:52:59Z</time>
    </rtept>
    <rtept lat="41.11478000" lon="-122.038730">
      <ele>939.00000</ele>
      <time>2010-01-01T06:53:15Z</time>
    </rtept>
    <rtept lat="41.11470000" lon="-122.038780">
      <ele>939.00000</ele>
      <time>2010-01-01T06:53:18Z</time>
    </rtept>
    <rtept lat="41.11460000" lon="-122.038870">
      <ele>939.00000</ele>
      <time>2010-01-01T06:53:23Z</time>
    </rtept>
    <rtept lat="41.11456000" lon="-122.038920">
      <ele>940.00000</ele>
      <time>2010-01-01T06:53:25Z</time>
    </rtept>
    <rtept lat="41.11454000" lon="-122.038990">
      <ele>939.00000</ele>
      <time>2010-01-01T06:53:28Z</time>
    </rtept>
    <rtept lat="41.11454000" lon="-122.039080">
      <ele>939.00000</ele>
      <time>2010-01-01T06:53:30Z</time>
    </rtept>
    <rtept lat="41.11461000" lon="-122.039150">
      <ele>940.00000</ele>
      <time>2010-01-01T06:53:34Z</time>
    </rtept>
    <rtept lat="41.11476000" lon="-122.039160">
      <ele>943.00000</ele>
      <time>2010-01-01T06:53:40Z</time>
    </rtept>
    <rtept lat="41.11491000" lon="-122.039190">
      <ele>944.00000</ele>
      <time>2010-01-01T06:53:46Z</time>
    </rtept>
    <rtept lat="41.11512000" lon="-122.039190">
      <ele>949.00000</ele>
      <time>2010-01-01T06:53:54Z</time>
    </rtept>
    <rtept lat="41.11527000" lon="-122.039270">
      <ele>955.00000</ele>
      <time>2010-01-01T06:54:01Z</time>
    </rtept>
    <rtept lat="41.11542000" lon="-122.039420">
      <ele>963.00000</ele>
      <time>2010-01-01T06:54:08Z</time>
    </rtept>
    <rtept lat="41.11549000" lon="-122.039520">
      <ele>967.00000</ele>
      <time>2010-01-01T06:54:12Z</time>
    </rtept>
    <rtept lat="41.11557000" lon="-122.039660">
      <ele>971.00000</ele>
      <time>2010-01-01T06:54:18Z</time>
    </rtept>
    <rtept lat="41.11557000" lon="-122.039770">
      <ele>974.00000</ele>
      <time>2010-01-01T06:54:21Z</time>
    </rtept>
    <rtept lat="41.11548000" lon="-122.039810">
      <ele>974.00000</ele>
      <time>2010-01-01T06:54:25Z</time>
    </rtept>
    <rtept lat="41.11543000" lon="-122.039760">
      <ele>972.00000</ele>
      <time>2010-01-01T06:54:27Z</time>
    </rtept>
    <rtept lat="41.11530000" lon="-122.039700">
      <ele>968.00000</ele>
      <time>2010-01-01T06:54:33Z</time>
    </rtept>
    <rtept lat="41.11506000" lon="-122.039680">
      <ele>961.00000</ele>
      <time>2010-01-01T06:54:43Z</time>
    </rtept>
    <rtept lat="41.11489000" lon="-122.039740">
      <ele>958.00000</ele>
      <time>2010-01-01T06:54:50Z</time>
    </rtept>
    <rtept lat="41.11470000" lon="-122.039810">
      <ele>955.00000</ele>
      <time>2010-01-01T06:54:57Z</time>
    </rtept>
    <rtept lat="41.11451000" lon="-122.040060">
      <ele>954.00000</ele>
      <time>2010-01-01T06:55:08Z</time>
    </rtept>
    <rtept lat="41.11445000" lon="-122.040120">
      <ele>953.00000</ele>
      <time>2010-01-01T06:55:11Z</time>
    </rtept>
    <rtept lat="41.11420000" lon="-122.040470">
      <ele>946.00000</ele>
      <time>2010-01-01T06:55:26Z</time>
    </rtept>
    <rtept lat="41.11394000" lon="-122.040760">
      <ele>938.00000</ele>
      <time>2010-01-01T06:55:39Z</time>
    </rtept>
    <rtept lat="41.11376000" lon="-122.041000">
      <ele>932.00000</ele>
      <time>2010-01-01T06:55:50Z</time>
    </rtept>
    <rtept lat="41.11366000" lon="-122.041270">
      <ele>930.00000</ele>
      <time>2010-01-01T06:55:59Z</time>
    </rtept>
    <rtept lat="41.11356000" lon="-122.041730">
      <ele>926.00000</ele>
      <time>2010-01-01T06:56:13Z</time>
    </rtept>
    <rtept lat="41.11354000" lon="-122.041950">
      <ele>925.00000</ele>
      <time>2010-01-01T06:56:20Z</time>
    </rtept>
    <rtept lat="41.11359000" lon="-122.042150">
      <ele>930.00000</ele>
      <time>2010-01-01T06:56:26Z</time>
    </rtept>
    <rtept lat="41.11363000" lon="-122.042390">
      <ele>930.00000</ele>
      <time>2010-01-01T06:56:33Z</time>
    </rtept>
    <rtept lat="41.11358000" lon="-122.042520">
      <ele>925.00000</ele>
      <time>2010-01-01T06:56:38Z</time>
    </rtept>
    <rtept lat="41.11354000" lon="-122.042600">
      <ele>921.00000</ele>
      <time>2010-01-01T06:56:41Z</time>
    </rtept>
    <rtept lat="41.11349000" lon="-122.043010">
      <ele>914.00000</ele>
      <time>2010-01-01T06:56:53Z</time>
    </rtept>
    <rtept lat="41.11347000" lon="-122.043230">
      <ele>912.00000</ele>
      <time>2010-01-01T06:57:00Z</time>
    </rtept>
    <rtept lat="41.11350000" lon="-122.043350">
      <ele>913.00000</ele>
      <time>2010-01-01T06:57:04Z</time>
    </rtept>
    <rtept lat="41.11358000" lon="-122.043400">
      <ele>915.00000</ele>
      <time>2010-01-01T06:57:07Z</time>
    </rtept>
    <rtept lat="41.11374000" lon="-122.043350">
      <ele>923.00000</ele>
      <time>2010-01-01T06:57:14Z</time>
    </rtept>
    <rtept lat="41.11381000" lon="-122.043380">
      <ele>926.00000</ele>
      <time>2010-01-01T06:57:17Z</time>
    </rtept>
    <rtept lat="41.11390000" lon="-122.043420">
      <ele>929.00000</ele>
      <time>2010-01-01T06:57:21Z</time>
    </rtept>
    <rtept lat="41.11396000" lon="-122.043500">
      <ele>930.00000</ele>
      <time>2010-01-01T06:57:24Z</time>
    </rtept>
    <rtept lat="41.11393000" lon="-122.043660">
      <ele>925.00000</ele>
      <time>2010-01-01T06:57:29Z</time>
    </rtept>
    <rtept lat="41.11389000" lon="-122.043870">
      <ele>919.00000</ele>
      <time>2010-01-01T06:57:36Z</time>
    </rtept>
    <rtept lat="41.11390000" lon="-122.044040">
      <ele>918.00000</ele>
      <time>2010-01-01T06:57:41Z</time>
    </rtept>
    <rtept lat="41.11389000" lon="-122.044250">
      <ele>916.00000</ele>
      <time>2010-01-01T06:57:47Z</time>
    </rtept>
    <rtept lat="41.11386000" lon="-122.044390">
      <ele>914.00000</ele>
      <time>2010-01-01T06:57:51Z</time>
    </rtept>
    <rtept lat="41.11386000" lon="-122.044540">
      <ele>913.00000</ele>
      <time>2010-01-01T06:57:56Z</time>
    </rtept>
    <rtept lat="41.11390000" lon="-122.044640">
      <ele>914.00000</ele>
      <time>2010-01-01T06:57:59Z</time>
    </rtept>
    <rtept lat="41.11401000" lon="-122.044720">
      <ele>917.00000</ele>
      <time>2010-01-01T06:58:04Z</time>
    </rtept>
    <rtept lat="41.11417000" lon="-122.044750">
      <ele>922.00000</ele>
      <time>2010-01-01T06:58:11Z</time>
    </rtept>
    <rtept lat="41.11430000" lon="-122.044740">
      <ele>927.00000</ele>
      <time>2010-01-01T06:58:16Z</time>
    </rtept>
    <rtept lat="41.11438000" lon="-122.044770">
      <ele>929.00000</ele>
      <time>2010-01-01T06:58:19Z</time>
    </rtept>
    <rtept lat="41.11444000" lon="-122.044820">
      <ele>930.00000</ele>
      <time>2010-01-01T06:58:22Z</time>
    </rtept>
    <rtept lat="41.11447000" lon="-122.044940">
      <ele>928.00000</ele>
      <time>2010-01-01T06:58:26Z</time>
    </rtept>
    <rtept lat="41.11452000" lon="-122.045160">
      <ele>927.00000</ele>
      <time>2010-01-01T06:58:33Z</time>
    </rtept>
    <rtept lat="41.11458000" lon="-122.045240">
      <ele>928.00000</ele>
      <time>2010-01-01T06:58:36Z</time>
    </rtept>
    <rtept lat="41.11464000" lon="-122.045250">
      <ele>929.00000</ele>
      <time>2010-01-01T06:58:39Z</time>
    </rtept>
    <rtept lat="41.11472000" lon="-122.045270">
      <ele>931.00000</ele>
      <time>2010-01-01T06:58:42Z</time>
    </rtept>
    <rtept lat="41.11476000" lon="-122.045380">
      <ele>933.00000</ele>
      <time>2010-01-01T06:58:46Z</time>
    </rtept>
    <rtept lat="41.11472000" lon="-122.045490">
      <ele>932.00000</ele>
      <time>2010-01-01T06:58:49Z</time>
    </rtept>
    <rtept lat="41.11463000" lon="-122.045560">
      <ele>930.00000</ele>
      <time>2010-01-01T06:58:54Z</time>
    </rtept>
    <rtept lat="41.11449000" lon="-122.045570">
      <ele>926.00000</ele>
      <time>2010-01-01T06:58:59Z</time>
    </rtept>
    <rtept lat="41.11431000" lon="-122.045570">
      <ele>921.00000</ele>
      <time>2010-01-01T06:59:06Z</time>
    </rtept>
    <rtept lat="41.11417000" lon="-122.045610">
      <ele>918.00000</ele>
      <time>2010-01-01T06:59:12Z</time>
    </rtept>
    <rtept lat="41.11406000" lon="-122.045730">
      <ele>915.00000</ele>
      <time>2010-01-01T06:59:18Z</time>
    </rtept>
    <rtept lat="41.11396000" lon="-122.045910">
      <ele>915.00000</ele>
      <time>2010-01-01T06:59:25Z</time>
    </rtept>
    <rtept lat="41.11384000" lon="-122.046020">
      <ele>915.00000</ele>
      <time>2010-01-01T06:59:30Z</time>
    </rtept>
    <rtept lat="41.11367000" lon="-122.046140">
      <ele>917.00000</ele>
      <time>2010-01-01T06:59:38Z</time>
    </rtept>
    <rtept lat="41.11355000" lon="-122.046220">
      <ele>916.00000</ele>
      <time>2010-01-01T06:59:44Z</time>
    </rtept>
    <rtept lat="41.11342000" lon="-122.046380">
      <ele>914.00000</ele>
      <time>2010-01-01T06:59:51Z</time>
    </rtept>
    <rtept lat="41.11328000" lon="-122.046530">
      <ele>914.00000</ele>
      <time>2010-01-01T06:59:58Z</time>
    </rtept>
    <rtept lat="41.11325000" lon="-122.046630">
      <ele>916.00000</ele>
      <time>2010-01-01T07:00:01Z</time>
    </rtept>
    <rtept lat="41.11320000" lon="-122.046870">
      <ele>923.00000</ele>
      <time>2010-01-01T07:00:09Z</time>
    </rtept>
    <rtept lat="41.11313000" lon="-122.046970">
      <ele>926.00000</ele>
      <time>2010-01-01T07:00:13Z</time>
    </rtept>
    <rtept lat="41.11297000" lon="-122.046990">
      <ele>921.00000</ele>
      <time>2010-01-01T07:00:19Z</time>
    </rtept>
    <rtept lat="41.11268000" lon="-122.047110">
      <ele>914.00000</ele>
      <time>2010-01-01T07:00:31Z</time>
    </rtept>
    <rtept lat="41.11248000" lon="-122.047280">
      <ele>911.00000</ele>
      <time>2010-01-01T07:00:41Z</time>
    </rtept>
    <rtept lat="41.11236000" lon="-122.047470">
      <ele>913.00000</ele>
      <time>2010-01-01T07:00:48Z</time>
    </rtept>
    <rtept lat="41.11226000" lon="-122.047610">
      <ele>912.00000</ele>
      <time>2010-01-01T07:00:54Z</time>
    </rtept>
    <rtept lat="41.11215000" lon="-122.047690">
      <ele>908.00000</ele>
      <time>2010-01-01T07:00:59Z</time>
    </rtept>
    <rtept lat="41.11192000" lon="-122.047720">
      <ele>896.00000</ele>
      <time>2010-01-01T07:01:08Z</time>
    </rtept>
    <rtept lat="41.11168000" lon="-122.047890">
      <ele>894.00000</ele>
      <time>2010-01-01T07:01:19Z</time>
    </rtept>
    <rtept lat="41.11156000" lon="-122.048110">
      <ele>897.00000</ele>
      <time>2010-01-01T07:01:27Z</time>
    </rtept>
    <rtept lat="41.11153000" lon="-122.048260">
      <ele>898.00000</ele>
      <time>2010-01-01T07:01:32Z</time>
    </rtept>
    <rtept lat="41.11146000" lon="-122.048340">
      <ele>896.00000</ele>
      <time>2010-01-01T07:01:36Z</time>
    </rtept>
    <rtept lat="41.11135000" lon="-122.048350">
      <ele>894.00000</ele>
      <time>2010-01-01T07:01:40Z</time>
    </rtept>
    <rtept lat="41.11133000" lon="-122.048380">
      <ele>893.00000</ele>
      <time>2010-01-01T07:01:41Z</time>
    </rtept>
    <rtept lat="41.11133000" lon="-122.048470">
      <ele>894.00000</ele>
      <time>2010-01-01T07:01:44Z</time>
    </rtept>
    <rtept lat="41.11143000" lon="-122.048640">
      <ele>898.00000</ele>
      <time>2010-01-01T07:01:51Z</time>
    </rtept>
    <rtept lat="41.11153000" lon="-122.048820">
      <ele>900.00000</ele>
      <time>2010-01-01T07:01:57Z</time>
    </rtept>
    <rtept lat="41.11169000" lon="-122.049080">
      <ele>904.00000</ele>
      <time>2010-01-01T07:02:08Z</time>
    </rtept>
    <rtept lat="41.11181000" lon="-122.049440">
      <ele>896.00000</ele>
      <time>2010-01-01T07:02:19Z</time>
    </rtept>
    <rtept lat="41.11198000" lon="-122.049650">
      <ele>897.00000</ele>
      <time>2010-01-01T07:02:29Z</time>
    </rtept>
    <rtept lat="41.11207000" lon="-122.049870">
      <ele>895.00000</ele>
      <time>2010-01-01T07:02:36Z</time>
    </rtept>
    <rtept lat="41.11208000" lon="-122.050100">
      <ele>889.00000</ele>
      <time>2010-01-01T07:02:43Z</time>
    </rtept>
    <rtept lat="41.11219000" lon="-122.050440">
      <ele>883.00000</ele>
      <time>2010-01-01T07:02:54Z</time>
    </rtept>
    <rtept lat="41.11235000" lon="-122.050570">
      <ele>886.00000</ele>
      <time>2010-01-01T07:03:02Z</time>
    </rtept>
    <rtept lat="41.11251000" lon="-122.050720">
      <ele>889.00000</ele>
      <time>2010-01-01T07:03:10Z</time>
    </rtept>
    <rtept lat="41.11261000" lon="-122.050940">
      <ele>882.00000</ele>
      <time>2010-01-01T07:03:17Z</time>
    </rtept>
    <rtept lat="41.11279000" lon="-122.051030">
      <ele>883.00000</ele>
      <time>2010-01-01T07:03:25Z</time>
    </rtept>
    <rtept lat="41.11294000" lon="-122.051160">
      <ele>884.00000</ele>
      <time>2010-01-01T07:03:32Z</time>
    </rtept>
    <rtept lat="41.11304000" lon="-122.051300">
      <ele>884.00000</ele>
      <time>2010-01-01T07:03:38Z</time>
    </rtept>
    <rtept lat="41.11305000" lon="-122.051770">
      <ele>856.00000</ele>
      <time>2010-01-01T07:03:52Z</time>
    </rtept>
    <rtept lat="41.11307000" lon="-122.051860">
      <ele>852.00000</ele>
      <time>2010-01-01T07:03:55Z</time>
    </rtept>
    <rtept lat="41.11317000" lon="-122.052100">
      <ele>844.00000</ele>
      <time>2010-01-01T07:04:03Z</time>
    </rtept>
    <rtept lat="41.11314000" lon="-122.052130">
      <ele>840.00000</ele>
      <time>2010-01-01T07:04:05Z</time>
    </rtept>
    <rtept lat="41.11311000" lon="-122.052120">
      <ele>838.00000</ele>
      <time>2010-01-01T07:04:06Z</time>
    </rtept>
    <rtept lat="41.11303000" lon="-122.052030">
      <ele>837.00000</ele>
      <time>2010-01-01T07:04:10Z</time>
    </rtept>
    <rtept lat="41.11296000" lon="-122.051910">
      <ele>837.00000</ele>
      <time>2010-01-01T07:04:15Z</time>
    </rtept>
    <rtept lat="41.11291000" lon="-122.051800">
      <ele>841.00000</ele>
      <time>2010-01-01T07:04:19Z</time>
    </rtept>
    <rtept lat="41.11291000" lon="-122.051740">
      <ele>846.00000</ele>
      <time>2010-01-01T07:04:21Z</time>
    </rtept>
    <rtept lat="41.11288000" lon="-122.051550">
      <ele>858.00000</ele>
      <time>2010-01-01T07:04:27Z</time>
    </rtept>
    <rtept lat="41.11285000" lon="-122.051550">
      <ele>856.00000</ele>
      <time>2010-01-01T07:04:28Z</time>
    </rtept>
    <rtept lat="41.11282000" lon="-122.051650">
      <ele>844.00000</ele>
      <time>2010-01-01T07:04:31Z</time>
    </rtept>
    <rtept lat="41.11284000" lon="-122.051830">
      <ele>832.00000</ele>
      <time>2010-01-01T07:04:36Z</time>
    </rtept>
    <rtept lat="41.11289000" lon="-122.052030">
      <ele>825.00000</ele>
      <time>2010-01-01T07:04:43Z</time>
    </rtept>
    <rtept lat="41.11300000" lon="-122.052270">
      <ele>824.00000</ele>
      <time>2010-01-01T07:04:51Z</time>
    </rtept>
    <rtept lat="41.11320000" lon="-122.052450">
      <ele>830.00000</ele>
      <time>2010-01-01T07:05:01Z</time>
    </rtept>
    <rtept lat="41.11337000" lon="-122.052470">
      <ele>837.00000</ele>
      <time>2010-01-01T07:05:08Z</time>
    </rtept>
    <rtept lat="41.11356000" lon="-122.052420">
      <ele>845.00000</ele>
      <time>2010-01-01T07:05:16Z</time>
    </rtept>
    <rtept lat="41.11365000" lon="-122.052420">
      <ele>847.00000</ele>
      <time>2010-01-01T07:05:19Z</time>
    </rtept>
    <rtept lat="41.11369000" lon="-122.052440">
      <ele>846.00000</ele>
      <time>2010-01-01T07:05:21Z</time>
    </rtept>
    <rtept lat="41.11382000" lon="-122.052500">
      <ele>844.00000</ele>
      <time>2010-01-01T07:05:26Z</time>
    </rtept>
    <rtept lat="41.11400000" lon="-122.052650">
      <ele>841.00000</ele>
      <time>2010-01-01T07:05:35Z</time>
    </rtept>
    <rtept lat="41.11424000" lon="-122.052720">
      <ele>841.00000</ele>
      <time>2010-01-01T07:05:45Z</time>
    </rtept>
    <rtept lat="41.11438000" lon="-122.052750">
      <ele>837.00000</ele>
      <time>2010-01-01T07:05:50Z</time>
    </rtept>
    <rtept lat="41.11447000" lon="-122.052790">
      <ele>835.00000</ele>
      <time>2010-01-01T07:05:54Z</time>
    </rtept>
    <rtept lat="41.11455000" lon="-122.052920">
      <ele>834.00000</ele>
      <time>2010-01-01T07:05:59Z</time>
    </rtept>
    <rtept lat="41.11466000" lon="-122.053060">
      <ele>831.00000</ele>
      <time>2010-01-01T07:06:05Z</time>
    </rtept>
    <rtept lat="41.11473000" lon="-122.053090">
      <ele>832.00000</ele>
      <time>2010-01-01T07:06:08Z</time>
    </rtept>
    <rtept lat="41.11480000" lon="-122.053100">
      <ele>833.00000</ele>
      <time>2010-01-01T07:06:11Z</time>
    </rtept>
    <rtept lat="41.11487000" lon="-122.053080">
      <ele>836.00000</ele>
      <time>2010-01-01T07:06:14Z</time>
    </rtept>
    <rtept lat="41.11493000" lon="-122.053090">
      <ele>837.00000</ele>
      <time>2010-01-01T07:06:16Z</time>
    </rtept>
    <rtept lat="41.11501000" lon="-122.053190">
      <ele>835.00000</ele>
      <time>2010-01-01T07:06:21Z</time>
    </rtept>
    <rtept lat="41.11502000" lon="-122.053230">
      <ele>834.00000</ele>
      <time>2010-01-01T07:06:22Z</time>
    </rtept>
    <rtept lat="41.11504000" lon="-122.053340">
      <ele>831.00000</ele>
      <time>2010-01-01T07:06:25Z</time>
    </rtept>
    <rtept lat="41.11510000" lon="-122.053590">
      <ele>822.00000</ele>
      <time>2010-01-01T07:06:33Z</time>
    </rtept>
    <rtept lat="41.11521000" lon="-122.053930">
      <ele>810.00000</ele>
      <time>2010-01-01T07:06:45Z</time>
    </rtept>
    <rtept lat="41.11539000" lon="-122.054210">
      <ele>811.00000</ele>
      <time>2010-01-01T07:06:56Z</time>
    </rtept>
    <rtept lat="41.11551000" lon="-122.054310">
      <ele>815.00000</ele>
      <time>2010-01-01T07:07:01Z</time>
    </rtept>
    <rtept lat="41.11561000" lon="-122.054400">
      <ele>818.00000</ele>
      <time>2010-01-01T07:07:06Z</time>
    </rtept>
    <rtept lat="41.11566000" lon="-122.054500">
      <ele>817.00000</ele>
      <time>2010-01-01T07:07:10Z</time>
    </rtept>
    <rtept lat="41.11572000" lon="-122.054630">
      <ele>813.00000</ele>
      <time>2010-01-01T07:07:14Z</time>
    </rtept>
    <rtept lat="41.11582000" lon="-122.054700">
      <ele>813.00000</ele>
      <time>2010-01-01T07:07:19Z</time>
    </rtept>
    <rtept lat="41.11594000" lon="-122.054740">
      <ele>816.00000</ele>
      <time>2010-01-01T07:07:24Z</time>
    </rtept>
    <rtept lat="41.11607000" lon="-122.054740">
      <ele>821.00000</ele>
      <time>2010-01-01T07:07:29Z</time>
    </rtept>
    <rtept lat="41.11621000" lon="-122.054760">
      <ele>826.00000</ele>
      <time>2010-01-01T07:07:35Z</time>
    </rtept>
    <rtept lat="41.11633000" lon="-122.054830">
      <ele>829.00000</ele>
      <time>2010-01-01T07:07:40Z</time>
    </rtept>
    <rtept lat="41.11639000" lon="-122.054890">
      <ele>830.00000</ele>
      <time>2010-01-01T07:07:43Z</time>
    </rtept>
    <rtept lat="41.11646000" lon="-122.055120">
      <ele>824.00000</ele>
      <time>2010-01-01T07:07:50Z</time>
    </rtept>
    <rtept lat="41.11645000" lon="-122.055240">
      <ele>818.00000</ele>
      <time>2010-01-01T07:07:54Z</time>
    </rtept>
    <rtept lat="41.11647000" lon="-122.055360">
      <ele>815.00000</ele>
      <time>2010-01-01T07:07:58Z</time>
    </rtept>
    <rtept lat="41.11654000" lon="-122.055500">
      <ele>815.00000</ele>
      <time>2010-01-01T07:08:03Z</time>
    </rtept>
    <rtept lat="41.11661000" lon="-122.055760">
      <ele>813.00000</ele>
      <time>2010-01-01T07:08:11Z</time>
    </rtept>
    <rtept lat="41.11672000" lon="-122.056110">
      <ele>814.00000</ele>
      <time>2010-01-01T07:08:23Z</time>
    </rtept>
    <rtept lat="41.11685000" lon="-122.056380">
      <ele>813.00000</ele>
      <time>2010-01-01T07:08:32Z</time>
    </rtept>
    <rtept lat="41.11691000" lon="-122.056580">
      <ele>807.00000</ele>
      <time>2010-01-01T07:08:39Z</time>
    </rtept>
    <rtept lat="41.11693000" lon="-122.056640">
      <ele>805.00000</ele>
      <time>2010-01-01T07:08:41Z</time>
    </rtept>
    <rtept lat="41.11694000" lon="-122.056680">
      <ele>804.00000</ele>
      <time>2010-01-01T07:08:42Z</time>
    </rtept>
    <rtept lat="41.11702000" lon="-122.056760">
      <ele>803.00000</ele>
      <time>2010-01-01T07:08:46Z</time>
    </rtept>
    <rtept lat="41.11712000" lon="-122.056810">
      <ele>804.00000</ele>
      <time>2010-01-01T07:08:50Z</time>
    </rtept>
    <rtept lat="41.11724000" lon="-122.056840">
      <ele>807.00000</ele>
      <time>2010-01-01T07:08:55Z</time>
    </rtept>
    <rtept lat="41.11741000" lon="-122.056830">
      <ele>812.00000</ele>
      <time>2010-01-01T07:09:02Z</time>
    </rtept>
    <rtept lat="41.11750000" lon="-122.056800">
      <ele>816.00000</ele>
      <time>2010-01-01T07:09:06Z</time>
    </rtept>
    <rtept lat="41.11769000" lon="-122.056700">
      <ele>821.00000</ele>
      <time>2010-01-01T07:09:14Z</time>
    </rtept>
    <rtept lat="41.11780000" lon="-122.056610">
      <ele>824.00000</ele>
      <time>2010-01-01T07:09:19Z</time>
    </rtept>
    <rtept lat="41.11791000" lon="-122.056550">
      <ele>824.00000</ele>
      <time>2010-01-01T07:09:24Z</time>
    </rtept>
    <rtept lat="41.11794000" lon="-122.056580">
      <ele>822.00000</ele>
      <time>2010-01-01T07:09:25Z</time>
    </rtept>
    <rtept lat="41.11791000" lon="-122.056630">
      <ele>822.00000</ele>
      <time>2010-01-01T07:09:27Z</time>
    </rtept>
    <rtept lat="41.11747000" lon="-122.056970">
      <ele>809.00000</ele>
      <time>2010-01-01T07:09:48Z</time>
    </rtept>
    <rtept lat="41.11738000" lon="-122.057030">
      <ele>804.00000</ele>
      <time>2010-01-01T07:09:52Z</time>
    </rtept>
    <rtept lat="41.11727000" lon="-122.057060">
      <ele>800.00000</ele>
      <time>2010-01-01T07:09:56Z</time>
    </rtept>
    <rtept lat="41.11713000" lon="-122.057100">
      <ele>793.00000</ele>
      <time>2010-01-01T07:10:02Z</time>
    </rtept>
    <rtept lat="41.11704000" lon="-122.057110">
      <ele>789.00000</ele>
      <time>2010-01-01T07:10:06Z</time>
    </rtept>
    <rtept lat="41.11688000" lon="-122.057090">
      <ele>783.00000</ele>
      <time>2010-01-01T07:10:12Z</time>
    </rtept>
    <rtept lat="41.11675000" lon="-122.057060">
      <ele>777.00000</ele>
      <time>2010-01-01T07:10:17Z</time>
    </rtept>
    <rtept lat="41.11669000" lon="-122.057030">
      <ele>774.00000</ele>
      <time>2010-01-01T07:10:20Z</time>
    </rtept>
    <rtept lat="41.11667000" lon="-122.056960">
      <ele>775.00000</ele>
      <time>2010-01-01T07:10:22Z</time>
    </rtept>
    <rtept lat="41.11662000" lon="-122.056880">
      <ele>775.00000</ele>
      <time>2010-01-01T07:10:25Z</time>
    </rtept>
    <rtept lat="41.11659000" lon="-122.056770">
      <ele>777.00000</ele>
      <time>2010-01-01T07:10:29Z</time>
    </rtept>
    <rtept lat="41.11658000" lon="-122.056720">
      <ele>779.00000</ele>
      <time>2010-01-01T07:10:30Z</time>
    </rtept>
    <rtept lat="41.11654000" lon="-122.056720">
      <ele>776.00000</ele>
      <time>2010-01-01T07:10:32Z</time>
    </rtept>
    <rtept lat="41.11654000" lon="-122.056770">
      <ele>774.00000</ele>
      <time>2010-01-01T07:10:33Z</time>
    </rtept>
    <rtept lat="41.11658000" lon="-122.056980">
      <ele>770.00000</ele>
      <time>2010-01-01T07:10:40Z</time>
    </rtept>
    <rtept lat="41.11667000" lon="-122.057110">
      <ele>771.00000</ele>
      <time>2010-01-01T07:10:45Z</time>
    </rtept>
    <rtept lat="41.11687000" lon="-122.057310">
      <ele>776.00000</ele>
      <time>2010-01-01T07:10:55Z</time>
    </rtept>
    <rtept lat="41.11697000" lon="-122.057350">
      <ele>780.00000</ele>
      <time>2010-01-01T07:10:59Z</time>
    </rtept>
    <rtept lat="41.11721000" lon="-122.057400">
      <ele>790.00000</ele>
      <time>2010-01-01T07:11:09Z</time>
    </rtept>
    <rtept lat="41.11742000" lon="-122.057420">
      <ele>795.00000</ele>
      <time>2010-01-01T07:11:18Z</time>
    </rtept>
    <rtept lat="41.11750000" lon="-122.057420">
      <ele>797.00000</ele>
      <time>2010-01-01T07:11:21Z</time>
    </rtept>
    <rtept lat="41.11757000" lon="-122.057380">
      <ele>799.00000</ele>
      <time>2010-01-01T07:11:24Z</time>
    </rtept>
    <rtept lat="41.11767000" lon="-122.057310">
      <ele>802.00000</ele>
      <time>2010-01-01T07:11:28Z</time>
    </rtept>
    <rtept lat="41.11773000" lon="-122.057250">
      <ele>805.00000</ele>
      <time>2010-01-01T07:11:31Z</time>
    </rtept>
    <rtept lat="41.11782000" lon="-122.057190">
      <ele>807.00000</ele>
      <time>2010-01-01T07:11:35Z</time>
    </rtept>
    <rtept lat="41.11786000" lon="-122.057210">
      <ele>807.00000</ele>
      <time>2010-01-01T07:11:37Z</time>
    </rtept>
    <rtept lat="41.11782000" lon="-122.057270">
      <ele>805.00000</ele>
      <time>2010-01-01T07:11:40Z</time>
    </rtept>
    <rtept lat="41.11762000" lon="-122.057420">
      <ele>798.00000</ele>
      <time>2010-01-01T07:11:49Z</time>
    </rtept>
    <rtept lat="41.11754000" lon="-122.057490">
      <ele>795.00000</ele>
      <time>2010-01-01T07:11:53Z</time>
    </rtept>
    <rtept lat="41.11746000" lon="-122.057560">
      <ele>791.00000</ele>
      <time>2010-01-01T07:11:56Z</time>
    </rtept>
    <rtept lat="41.11737000" lon="-122.057670">
      <ele>786.00000</ele>
      <time>2010-01-01T07:12:01Z</time>
    </rtept>
    <rtept lat="41.11732000" lon="-122.057720">
      <ele>783.00000</ele>
      <time>2010-01-01T07:12:04Z</time>
    </rtept>
    <rtept lat="41.11723000" lon="-122.057770">
      <ele>779.00000</ele>
      <time>2010-01-01T07:12:08Z</time>
    </rtept>
    <rtept lat="41.11711000" lon="-122.057800">
      <ele>773.00000</ele>
      <time>2010-01-01T07:12:13Z</time>
    </rtept>
    <rtept lat="41.11709000" lon="-122.057840">
      <ele>771.00000</ele>
      <time>2010-01-01T07:12:14Z</time>
    </rtept>
    <rtept lat="41.11707000" lon="-122.057870">
      <ele>769.00000</ele>
      <time>2010-01-01T07:12:15Z</time>
    </rtept>
    <rtept lat="41.11706000" lon="-122.057940">
      <ele>767.00000</ele>
      <time>2010-01-01T07:12:17Z</time>
    </rtept>
    <rtept lat="41.11725000" lon="-122.058280">
      <ele>767.00000</ele>
      <time>2010-01-01T07:12:30Z</time>
    </rtept>
    <rtept lat="41.11729000" lon="-122.058360">
      <ele>766.00000</ele>
      <time>2010-01-01T07:12:33Z</time>
    </rtept>
    <rtept lat="41.11729000" lon="-122.058410">
      <ele>765.00000</ele>
      <time>2010-01-01T07:12:35Z</time>
    </rtept>
    <rtept lat="41.11725000" lon="-122.058460">
      <ele>764.00000</ele>
      <time>2010-01-01T07:12:37Z</time>
    </rtept>
    <rtept lat="41.11721000" lon="-122.058460">
      <ele>763.00000</ele>
      <time>2010-01-01T07:12:38Z</time>
    </rtept>
    <rtept lat="41.11718000" lon="-122.058390">
      <ele>763.00000</ele>
      <time>2010-01-01T07:12:41Z</time>
    </rtept>
    <rtept lat="41.11715000" lon="-122.058350">
      <ele>763.00000</ele>
      <time>2010-01-01T07:12:43Z</time>
    </rtept>
    <rtept lat="41.11713000" lon="-122.058380">
      <ele>762.00000</ele>
      <time>2010-01-01T07:12:44Z</time>
    </rtept>
    <rtept lat="41.11710000" lon="-122.058420">
      <ele>761.00000</ele>
      <time>2010-01-01T07:12:45Z</time>
    </rtept>
    <rtept lat="41.11711000" lon="-122.058460">
      <ele>760.00000</ele>
      <time>2010-01-01T07:12:47Z</time>
    </rtept>
    <rtept lat="41.11709000" lon="-122.058550">
      <ele>758.00000</ele>
      <time>2010-01-01T07:12:50Z</time>
    </rtept>
    <rtept lat="41.11717000" lon="-122.058670">
      <ele>758.00000</ele>
      <time>2010-01-01T07:12:54Z</time>
    </rtept>
    <rtept lat="41.11721000" lon="-122.058780">
      <ele>757.00000</ele>
      <time>2010-01-01T07:12:58Z</time>
    </rtept>
    <rtept lat="41.11726000" lon="-122.059180">
      <ele>752.00000</ele>
      <time>2010-01-01T07:13:10Z</time>
    </rtept>
    <rtept lat="41.11732000" lon="-122.059420">
      <ele>755.00000</ele>
      <time>2010-01-01T07:13:18Z</time>
    </rtept>
    <rtept lat="41.11734000" lon="-122.059670">
      <ele>756.00000</ele>
      <time>2010-01-01T07:13:25Z</time>
    </rtept>
    <rtept lat="41.11733000" lon="-122.060000">
      <ele>753.00000</ele>
      <time>2010-01-01T07:13:35Z</time>
    </rtept>
    <rtept lat="41.11730000" lon="-122.060210">
      <ele>749.00000</ele>
      <time>2010-01-01T07:13:42Z</time>
    </rtept>
    <rtept lat="41.11727000" lon="-122.060460">
      <ele>746.00000</ele>
      <time>2010-01-01T07:13:50Z</time>
    </rtept>
    <rtept lat="41.11721000" lon="-122.060760">
      <ele>741.00000</ele>
      <time>2010-01-01T07:13:59Z</time>
    </rtept>
    <rtept lat="41.11715000" lon="-122.060900">
      <ele>739.00000</ele>
      <time>2010-01-01T07:14:04Z</time>
    </rtept>
    <rtept lat="41.11713000" lon="-122.060950">
      <ele>738.00000</ele>
      <time>2010-01-01T07:14:05Z</time>
    </rtept>
    <rtept lat="41.11720000" lon="-122.061180">
      <ele>739.00000</ele>
      <time>2010-01-01T07:14:13Z</time>
    </rtept>
    <rtept lat="41.11725000" lon="-122.061290">
      <ele>739.00000</ele>
      <time>2010-01-01T07:14:17Z</time>
    </rtept>
    <rtept lat="41.11736000" lon="-122.061450">
      <ele>739.00000</ele>
      <time>2010-01-01T07:14:23Z</time>
    </rtept>
    <rtept lat="41.11746000" lon="-122.061540">
      <ele>738.00000</ele>
      <time>2010-01-01T07:14:28Z</time>
    </rtept>
    <rtept lat="41.11765000" lon="-122.061780">
      <ele>741.00000</ele>
      <time>2010-01-01T07:14:39Z</time>
    </rtept>
    <rtept lat="41.11773000" lon="-122.061900">
      <ele>743.00000</ele>
      <time>2010-01-01T07:14:44Z</time>
    </rtept>
    <rtept lat="41.11779000" lon="-122.062000">
      <ele>745.00000</ele>
      <time>2010-01-01T07:14:47Z</time>
    </rtept>
    <rtept lat="41.11776000" lon="-122.062120">
      <ele>743.00000</ele>
      <time>2010-01-01T07:14:51Z</time>
    </rtept>
    <rtept lat="41.11775000" lon="-122.062140">
      <ele>743.00000</ele>
      <time>2010-01-01T07:14:52Z</time>
    </rtept>
    <rtept lat="41.11755000" lon="-122.062350">
      <ele>746.00000</ele>
      <time>2010-01-01T07:15:02Z</time>
    </rtept>
    <rtept lat="41.11751000" lon="-122.062360">
      <ele>747.00000</ele>
      <time>2010-01-01T07:15:04Z</time>
    </rtept>
    <rtept lat="41.11742000" lon="-122.062310">
      <ele>746.00000</ele>
      <time>2010-01-01T07:15:08Z</time>
    </rtept>
    <rtept lat="41.11718000" lon="-122.062080">
      <ele>744.00000</ele>
      <time>2010-01-01T07:15:19Z</time>
    </rtept>
    <rtept lat="41.11695000" lon="-122.061900">
      <ele>746.00000</ele>
      <time>2010-01-01T07:15:30Z</time>
    </rtept>
    <rtept lat="41.11670000" lon="-122.061770">
      <ele>748.00000</ele>
      <time>2010-01-01T07:15:41Z</time>
    </rtept>
    <rtept lat="41.11650000" lon="-122.061700">
      <ele>749.00000</ele>
      <time>2010-01-01T07:15:49Z</time>
    </rtept>
    <rtept lat="41.11612000" lon="-122.061680">
      <ele>753.00000</ele>
      <time>2010-01-01T07:16:04Z</time>
    </rtept>
    <rtept lat="41.11594000" lon="-122.061750">
      <ele>760.00000</ele>
      <time>2010-01-01T07:16:12Z</time>
    </rtept>
    <rtept lat="41.11573000" lon="-122.061890">
      <ele>768.00000</ele>
      <time>2010-01-01T07:16:21Z</time>
    </rtept>
    <rtept lat="41.11561000" lon="-122.061950">
      <ele>770.00000</ele>
      <time>2010-01-01T07:16:26Z</time>
    </rtept>
    <rtept lat="41.11533000" lon="-122.062000">
      <ele>768.00000</ele>
      <time>2010-01-01T07:16:38Z</time>
    </rtept>
    <rtept lat="41.11525000" lon="-122.062110">
      <ele>769.00000</ele>
      <time>2010-01-01T07:16:42Z</time>
    </rtept>
    <rtept lat="41.11515000" lon="-122.062320">
      <ele>773.00000</ele>
      <time>2010-01-01T07:16:50Z</time>
    </rtept>
    <rtept lat="41.11490000" lon="-122.062670">
      <ele>779.00000</ele>
      <time>2010-01-01T07:17:04Z</time>
    </rtept>
    <rtept lat="41.11489000" lon="-122.062700">
      <ele>780.00000</ele>
      <time>2010-01-01T07:17:05Z</time>
    </rtept>
    <rtept lat="41.11464000" lon="-122.063010">
      <ele>781.00000</ele>
      <time>2010-01-01T07:17:19Z</time>
    </rtept>
    <rtept lat="41.11450000" lon="-122.063130">
      <ele>781.00000</ele>
      <time>2010-01-01T07:17:26Z</time>
    </rtept>
    <rtept lat="41.11432000" lon="-122.063190">
      <ele>779.00000</ele>
      <time>2010-01-01T07:17:33Z</time>
    </rtept>
    <rtept lat="41.11406000" lon="-122.063300">
      <ele>777.00000</ele>
      <time>2010-01-01T07:17:44Z</time>
    </rtept>
    <rtept lat="41.11376000" lon="-122.063390">
      <ele>774.00000</ele>
      <time>2010-01-01T07:17:56Z</time>
    </rtept>
    <rtept lat="41.11370000" lon="-122.063430">
      <ele>775.00000</ele>
      <time>2010-01-01T07:17:59Z</time>
    </rtept>
    <rtept lat="41.11359000" lon="-122.063450">
      <ele>775.00000</ele>
      <time>2010-01-01T07:18:04Z</time>
    </rtept>
    <rtept lat="41.11354000" lon="-122.063480">
      <ele>774.00000</ele>
      <time>2010-01-01T07:18:06Z</time>
    </rtept>
    <rtept lat="41.11350000" lon="-122.063520">
      <ele>773.00000</ele>
      <time>2010-01-01T07:18:08Z</time>
    </rtept>
    <rtept lat="41.11347000" lon="-122.063650">
      <ele>771.00000</ele>
      <time>2010-01-01T07:18:12Z</time>
    </rtept>
    <rtept lat="41.11347000" lon="-122.063780">
      <ele>770.00000</ele>
      <time>2010-01-01T07:18:16Z</time>
    </rtept>
    <rtept lat="41.11353000" lon="-122.063930">
      <ele>770.00000</ele>
      <time>2010-01-01T07:18:21Z</time>
    </rtept>
    <rtept lat="41.11360000" lon="-122.064190">
      <ele>768.00000</ele>
      <time>2010-01-01T07:18:29Z</time>
    </rtept>
    <rtept lat="41.11366000" lon="-122.064530">
      <ele>764.00000</ele>
      <time>2010-01-01T07:18:40Z</time>
    </rtept>
    <rtept lat="41.11373000" lon="-122.064940">
      <ele>758.00000</ele>
      <time>2010-01-01T07:18:52Z</time>
    </rtept>
    <rtept lat="41.11379000" lon="-122.065070">
      <ele>756.00000</ele>
      <time>2010-01-01T07:18:57Z</time>
    </rtept>
    <rtept lat="41.11425000" lon="-122.065700">
      <ele>741.00000</ele>
      <time>2010-01-01T07:19:24Z</time>
    </rtept>
    <rtept lat="41.11447000" lon="-122.066020">
      <ele>738.00000</ele>
      <time>2010-01-01T07:19:37Z</time>
    </rtept>
    <rtept lat="41.11453000" lon="-122.066160">
      <ele>738.00000</ele>
      <time>2010-01-01T07:19:41Z</time>
    </rtept>
    <rtept lat="41.11464000" lon="-122.066580">
      <ele>736.00000</ele>
      <time>2010-01-01T07:19:55Z</time>
    </rtept>
    <rtept lat="41.11479000" lon="-122.066890">
      <ele>738.00000</ele>
      <time>2010-01-01T07:20:06Z</time>
    </rtept>
    <rtept lat="41.11494000" lon="-122.067190">
      <ele>743.00000</ele>
      <time>2010-01-01T07:20:17Z</time>
    </rtept>
    <rtept lat="41.11504000" lon="-122.067450">
      <ele>746.00000</ele>
      <time>2010-01-01T07:20:26Z</time>
    </rtept>
    <rtept lat="41.11509000" lon="-122.067620">
      <ele>747.00000</ele>
      <time>2010-01-01T07:20:31Z</time>
    </rtept>
    <rtept lat="41.11509000" lon="-122.067830">
      <ele>744.00000</ele>
      <time>2010-01-01T07:20:37Z</time>
    </rtept>
    <rtept lat="41.11503000" lon="-122.067990">
      <ele>739.00000</ele>
      <time>2010-01-01T07:20:43Z</time>
    </rtept>
    <rtept lat="41.11505000" lon="-122.068330">
      <ele>740.00000</ele>
      <time>2010-01-01T07:20:53Z</time>
    </rtept>
    <rtept lat="41.11510000" lon="-122.068730">
      <ele>741.00000</ele>
      <time>2010-01-01T07:21:05Z</time>
    </rtept>
    <rtept lat="41.11508000" lon="-122.068950">
      <ele>738.00000</ele>
      <time>2010-01-01T07:21:12Z</time>
    </rtept>
    <rtept lat="41.11510000" lon="-122.069030">
      <ele>738.00000</ele>
      <time>2010-01-01T07:21:15Z</time>
    </rtept>
    <rtept lat="41.11528000" lon="-122.069320">
      <ele>743.00000</ele>
      <time>2010-01-01T07:21:26Z</time>
    </rtept>
    <rtept lat="41.11530000" lon="-122.069420">
      <ele>743.00000</ele>
      <time>2010-01-01T07:21:29Z</time>
    </rtept>
    <rtept lat="41.11525000" lon="-122.069680">
      <ele>737.00000</ele>
      <time>2010-01-01T07:21:37Z</time>
    </rtept>
    <rtept lat="41.11527000" lon="-122.069940">
      <ele>738.00000</ele>
      <time>2010-01-01T07:21:45Z</time>
    </rtept>
    <rtept lat="41.11532000" lon="-122.070190">
      <ele>743.00000</ele>
      <time>2010-01-01T07:21:53Z</time>
    </rtept>
    <rtept lat="41.11534000" lon="-122.070350">
      <ele>746.00000</ele>
      <time>2010-01-01T07:21:58Z</time>
    </rtept>
    <rtept lat="41.11521000" lon="-122.070630">
      <ele>740.00000</ele>
      <time>2010-01-01T07:22:08Z</time>
    </rtept>
    <rtept lat="41.11505000" lon="-122.070870">
      <ele>734.00000</ele>
      <time>2010-01-01T07:22:17Z</time>
    </rtept>
    <rtept lat="41.11498000" lon="-122.071010">
      <ele>734.00000</ele>
      <time>2010-01-01T07:22:22Z</time>
    </rtept>
    <rtept lat="41.11489000" lon="-122.071200">
      <ele>736.00000</ele>
      <time>2010-01-01T07:22:29Z</time>
    </rtept>
    <rtept lat="41.11482000" lon="-122.071340">
      <ele>738.00000</ele>
      <time>2010-01-01T07:22:34Z</time>
    </rtept>
    <rtept lat="41.11462000" lon="-122.071520">
      <ele>734.00000</ele>
      <time>2010-01-01T07:22:44Z</time>
    </rtept>
    <rtept lat="41.11459000" lon="-122.071540">
      <ele>733.00000</ele>
      <time>2010-01-01T07:22:45Z</time>
    </rtept>
    <rtept lat="41.11455000" lon="-122.071610">
      <ele>732.00000</ele>
      <time>2010-01-01T07:22:48Z</time>
    </rtept>
    <rtept lat="41.11455000" lon="-122.071720">
      <ele>733.00000</ele>
      <time>2010-01-01T07:22:51Z</time>
    </rtept>
    <rtept lat="41.11457000" lon="-122.071830">
      <ele>734.00000</ele>
      <time>2010-01-01T07:22:55Z</time>
    </rtept>
    <rtept lat="41.11462000" lon="-122.071930">
      <ele>735.00000</ele>
      <time>2010-01-01T07:22:58Z</time>
    </rtept>
    <rtept lat="41.11469000" lon="-122.072070">
      <ele>739.00000</ele>
      <time>2010-01-01T07:23:03Z</time>
    </rtept>
    <rtept lat="41.11476000" lon="-122.072150">
      <ele>742.00000</ele>
      <time>2010-01-01T07:23:07Z</time>
    </rtept>
    <rtept lat="41.11479000" lon="-122.072250">
      <ele>745.00000</ele>
      <time>2010-01-01T07:23:10Z</time>
    </rtept>
    <rtept lat="41.11475000" lon="-122.072310">
      <ele>745.00000</ele>
      <time>2010-01-01T07:23:13Z</time>
    </rtept>
    <rtept lat="41.11469000" lon="-122.072320">
      <ele>743.00000</ele>
      <time>2010-01-01T07:23:15Z</time>
    </rtept>
    <rtept lat="41.11459000" lon="-122.072300">
      <ele>740.00000</ele>
      <time>2010-01-01T07:23:19Z</time>
    </rtept>
    <rtept lat="41.11445000" lon="-122.072330">
      <ele>736.00000</ele>
      <time>2010-01-01T07:23:25Z</time>
    </rtept>
    <rtept lat="41.11435000" lon="-122.072390">
      <ele>733.00000</ele>
      <time>2010-01-01T07:23:29Z</time>
    </rtept>
    <rtept lat="41.11423000" lon="-122.072640">
      <ele>731.00000</ele>
      <time>2010-01-01T07:23:38Z</time>
    </rtept>
    <rtept lat="41.11417000" lon="-122.072870">
      <ele>729.00000</ele>
      <time>2010-01-01T07:23:45Z</time>
    </rtept>
    <rtept lat="41.11413000" lon="-122.073060">
      <ele>725.00000</ele>
      <time>2010-01-01T07:23:51Z</time>
    </rtept>
    <rtept lat="41.11412000" lon="-122.073210">
      <ele>725.00000</ele>
      <time>2010-01-01T07:23:56Z</time>
    </rtept>
    <rtept lat="41.11417000" lon="-122.073380">
      <ele>727.00000</ele>
      <time>2010-01-01T07:24:01Z</time>
    </rtept>
    <rtept lat="41.11421000" lon="-122.073610">
      <ele>728.00000</ele>
      <time>2010-01-01T07:24:09Z</time>
    </rtept>
    <rtept lat="41.11420000" lon="-122.074000">
      <ele>728.00000</ele>
      <time>2010-01-01T07:24:20Z</time>
    </rtept>
    <rtept lat="41.11420000" lon="-122.074130">
      <ele>729.00000</ele>
      <time>2010-01-01T07:24:24Z</time>
    </rtept>
    <rtept lat="41.11424000" lon="-122.074270">
      <ele>733.00000</ele>
      <time>2010-01-01T07:24:29Z</time>
    </rtept>
    <rtept lat="41.11426000" lon="-122.074420">
      <ele>737.00000</ele>
      <time>2010-01-01T07:24:33Z</time>
    </rtept>
    <rtept lat="41.11430000" lon="-122.074560">
      <ele>738.00000</ele>
      <time>2010-01-01T07:24:38Z</time>
    </rtept>
    <rtept lat="41.11463000" lon="-122.075120">
      <ele>746.00000</ele>
      <time>2010-01-01T07:24:59Z</time>
    </rtept>
    <rtept lat="41.11466000" lon="-122.075280">
      <ele>747.00000</ele>
      <time>2010-01-01T07:25:04Z</time>
    </rtept>
    <rtept lat="41.11465000" lon="-122.075370">
      <ele>748.00000</ele>
      <time>2010-01-01T07:25:07Z</time>
    </rtept>
    <rtept lat="41.11457000" lon="-122.075670">
      <ele>746.00000</ele>
      <time>2010-01-01T07:25:17Z</time>
    </rtept>
    <rtept lat="41.11446000" lon="-122.075990">
      <ele>739.00000</ele>
      <time>2010-01-01T07:25:27Z</time>
    </rtept>
    <rtept lat="41.11439000" lon="-122.076220">
      <ele>737.00000</ele>
      <time>2010-01-01T07:25:35Z</time>
    </rtept>
    <rtept lat="41.11437000" lon="-122.076350">
      <ele>738.00000</ele>
      <time>2010-01-01T07:25:39Z</time>
    </rtept>
    <rtept lat="41.11428000" lon="-122.076540">
      <ele>737.00000</ele>
      <time>2010-01-01T07:25:46Z</time>
    </rtept>
    <rtept lat="41.11422000" lon="-122.076620">
      <ele>734.00000</ele>
      <time>2010-01-01T07:25:49Z</time>
    </rtept>
    <rtept lat="41.11412000" lon="-122.076710">
      <ele>729.00000</ele>
      <time>2010-01-01T07:25:54Z</time>
    </rtept>
    <rtept lat="41.11407000" lon="-122.076760">
      <ele>727.00000</ele>
      <time>2010-01-01T07:25:56Z</time>
    </rtept>
    <rtept lat="41.11401000" lon="-122.077000">
      <ele>727.00000</ele>
      <time>2010-01-01T07:26:04Z</time>
    </rtept>
    <rtept lat="41.11397000" lon="-122.077080">
      <ele>724.00000</ele>
      <time>2010-01-01T07:26:07Z</time>
    </rtept>
    <rtept lat="41.11393000" lon="-122.077130">
      <ele>721.00000</ele>
      <time>2010-01-01T07:26:09Z</time>
    </rtept>
    <rtept lat="41.11390000" lon="-122.077140">
      <ele>719.00000</ele>
      <time>2010-01-01T07:26:10Z</time>
    </rtept>
    <rtept lat="41.11386000" lon="-122.077290">
      <ele>716.00000</ele>
      <time>2010-01-01T07:26:15Z</time>
    </rtept>
    <rtept lat="41.11387000" lon="-122.077440">
      <ele>715.00000</ele>
      <time>2010-01-01T07:26:20Z</time>
    </rtept>
    <rtept lat="41.11391000" lon="-122.077540">
      <ele>716.00000</ele>
      <time>2010-01-01T07:26:23Z</time>
    </rtept>
    <rtept lat="41.11412000" lon="-122.077870">
      <ele>731.00000</ele>
      <time>2010-01-01T07:26:36Z</time>
    </rtept>
    <rtept lat="41.11412000" lon="-122.077930">
      <ele>731.00000</ele>
      <time>2010-01-01T07:26:38Z</time>
    </rtept>
    <rtept lat="41.11407000" lon="-122.078070">
      <ele>727.00000</ele>
      <time>2010-01-01T07:26:42Z</time>
    </rtept>
    <rtept lat="41.11404000" lon="-122.078190">
      <ele>725.00000</ele>
      <time>2010-01-01T07:26:46Z</time>
    </rtept>
    <rtept lat="41.11404000" lon="-122.078370">
      <ele>724.00000</ele>
      <time>2010-01-01T07:26:52Z</time>
    </rtept>
    <rtept lat="41.11409000" lon="-122.078640">
      <ele>727.00000</ele>
      <time>2010-01-01T07:27:00Z</time>
    </rtept>
    <rtept lat="41.11415000" lon="-122.078840">
      <ele>732.00000</ele>
      <time>2010-01-01T07:27:07Z</time>
    </rtept>
    <rtept lat="41.11415000" lon="-122.079020">
      <ele>732.00000</ele>
      <time>2010-01-01T07:27:12Z</time>
    </rtept>
    <rtept lat="41.11413000" lon="-122.079540">
      <ele>729.00000</ele>
      <time>2010-01-01T07:27:28Z</time>
    </rtept>
    <rtept lat="41.11416000" lon="-122.079720">
      <ele>731.00000</ele>
      <time>2010-01-01T07:27:33Z</time>
    </rtept>
    <rtept lat="41.11420000" lon="-122.079900">
      <ele>734.00000</ele>
      <time>2010-01-01T07:27:39Z</time>
    </rtept>
    <rtept lat="41.11420000" lon="-122.080090">
      <ele>733.00000</ele>
      <time>2010-01-01T07:27:45Z</time>
    </rtept>
    <rtept lat="41.11426000" lon="-122.080340">
      <ele>736.00000</ele>
      <time>2010-01-01T07:27:53Z</time>
    </rtept>
    <rtept lat="41.11426000" lon="-122.080490">
      <ele>733.00000</ele>
      <time>2010-01-01T07:27:57Z</time>
    </rtept>
    <rtept lat="41.11425000" lon="-122.080810">
      <ele>727.00000</ele>
      <time>2010-01-01T07:28:07Z</time>
    </rtept>
    <rtept lat="41.11428000" lon="-122.080920">
      <ele>728.00000</ele>
      <time>2010-01-01T07:28:10Z</time>
    </rtept>
    <rtept lat="41.11431000" lon="-122.080980">
      <ele>729.00000</ele>
      <time>2010-01-01T07:28:12Z</time>
    </rtept>
    <rtept lat="41.11437000" lon="-122.081010">
      <ele>734.00000</ele>
      <time>2010-01-01T07:28:15Z</time>
    </rtept>
    <rtept lat="41.11442000" lon="-122.081100">
      <ele>738.00000</ele>
      <time>2010-01-01T07:28:18Z</time>
    </rtept>
    <rtept lat="41.11445000" lon="-122.081270">
      <ele>740.00000</ele>
      <time>2010-01-01T07:28:24Z</time>
    </rtept>
    <rtept lat="41.11446000" lon="-122.081470">
      <ele>742.00000</ele>
      <time>2010-01-01T07:28:30Z</time>
    </rtept>
    <rtept lat="41.11444000" lon="-122.081620">
      <ele>740.00000</ele>
      <time>2010-01-01T07:28:34Z</time>
    </rtept>
    <rtept lat="41.11439000" lon="-122.081730">
      <ele>736.00000</ele>
      <time>2010-01-01T07:28:38Z</time>
    </rtept>
    <rtept lat="41.11433000" lon="-122.082110">
      <ele>731.00000</ele>
      <time>2010-01-01T07:28:50Z</time>
    </rtept>
    <rtept lat="41.11436000" lon="-122.082240">
      <ele>731.00000</ele>
      <time>2010-01-01T07:28:54Z</time>
    </rtept>
    <rtept lat="41.11445000" lon="-122.082340">
      <ele>735.00000</ele>
      <time>2010-01-01T07:28:59Z</time>
    </rtept>
    <rtept lat="41.11448000" lon="-122.082450">
      <ele>734.00000</ele>
      <time>2010-01-01T07:29:02Z</time>
    </rtept>
    <rtept lat="41.11454000" lon="-122.082550">
      <ele>736.00000</ele>
      <time>2010-01-01T07:29:06Z</time>
    </rtept>
    <rtept lat="41.11461000" lon="-122.082750">
      <ele>736.00000</ele>
      <time>2010-01-01T07:29:13Z</time>
    </rtept>
    <rtept lat="41.11467000" lon="-122.082770">
      <ele>740.00000</ele>
      <time>2010-01-01T07:29:15Z</time>
    </rtept>
    <rtept lat="41.11472000" lon="-122.082830">
      <ele>742.00000</ele>
      <time>2010-01-01T07:29:18Z</time>
    </rtept>
    <rtept lat="41.11475000" lon="-122.082950">
      <ele>741.00000</ele>
      <time>2010-01-01T07:29:22Z</time>
    </rtept>
    <rtept lat="41.11476000" lon="-122.083130">
      <ele>737.00000</ele>
      <time>2010-01-01T07:29:27Z</time>
    </rtept>
    <rtept lat="41.11481000" lon="-122.083240">
      <ele>737.00000</ele>
      <time>2010-01-01T07:29:31Z</time>
    </rtept>
    <rtept lat="41.11501000" lon="-122.083550">
      <ele>741.00000</ele>
      <time>2010-01-01T07:29:43Z</time>
    </rtept>
    <rtept lat="41.11519000" lon="-122.083810">
      <ele>750.00000</ele>
      <time>2010-01-01T07:29:54Z</time>
    </rtept>
    <rtept lat="41.11527000" lon="-122.083890">
      <ele>754.00000</ele>
      <time>2010-01-01T07:29:58Z</time>
    </rtept>
    <rtept lat="41.11529000" lon="-122.083980">
      <ele>755.00000</ele>
      <time>2010-01-01T07:30:01Z</time>
    </rtept>
    <rtept lat="41.11529000" lon="-122.084080">
      <ele>754.00000</ele>
      <time>2010-01-01T07:30:04Z</time>
    </rtept>
    <rtept lat="41.11527000" lon="-122.084150">
      <ele>753.00000</ele>
      <time>2010-01-01T07:30:06Z</time>
    </rtept>
    <rtept lat="41.11523000" lon="-122.084230">
      <ele>750.00000</ele>
      <time>2010-01-01T07:30:09Z</time>
    </rtept>
    <rtept lat="41.11519000" lon="-122.084270">
      <ele>748.00000</ele>
      <time>2010-01-01T07:30:11Z</time>
    </rtept>
    <rtept lat="41.11514000" lon="-122.084330">
      <ele>745.00000</ele>
      <time>2010-01-01T07:30:14Z</time>
    </rtept>
    <rtept lat="41.11513000" lon="-122.084400">
      <ele>744.00000</ele>
      <time>2010-01-01T07:30:16Z</time>
    </rtept>
    <rtept lat="41.11517000" lon="-122.084470">
      <ele>747.00000</ele>
      <time>2010-01-01T07:30:19Z</time>
    </rtept>
    <rtept lat="41.11531000" lon="-122.084540">
      <ele>755.00000</ele>
      <time>2010-01-01T07:30:25Z</time>
    </rtept>
    <rtept lat="41.11537000" lon="-122.084610">
      <ele>758.00000</ele>
      <time>2010-01-01T07:30:28Z</time>
    </rtept>
    <rtept lat="41.11540000" lon="-122.084700">
      <ele>759.00000</ele>
      <time>2010-01-01T07:30:31Z</time>
    </rtept>
    <rtept lat="41.11541000" lon="-122.084800">
      <ele>760.00000</ele>
      <time>2010-01-01T07:30:34Z</time>
    </rtept>
    <rtept lat="41.11536000" lon="-122.084920">
      <ele>758.00000</ele>
      <time>2010-01-01T07:30:38Z</time>
    </rtept>
    <rtept lat="41.11524000" lon="-122.085120">
      <ele>750.00000</ele>
      <time>2010-01-01T07:30:46Z</time>
    </rtept>
    <rtept lat="41.11515000" lon="-122.085350">
      <ele>743.00000</ele>
      <time>2010-01-01T07:30:53Z</time>
    </rtept>
    <rtept lat="41.11507000" lon="-122.085540">
      <ele>737.00000</ele>
      <time>2010-01-01T07:31:00Z</time>
    </rtept>
    <rtept lat="41.11504000" lon="-122.085770">
      <ele>731.00000</ele>
      <time>2010-01-01T07:31:07Z</time>
    </rtept>
    <rtept lat="41.11507000" lon="-122.086010">
      <ele>730.00000</ele>
      <time>2010-01-01T07:31:14Z</time>
    </rtept>
    <rtept lat="41.11497000" lon="-122.086390">
      <ele>721.00000</ele>
      <time>2010-01-01T07:31:26Z</time>
    </rtept>
    <rtept lat="41.11494000" lon="-122.086540">
      <ele>719.00000</ele>
      <time>2010-01-01T07:31:31Z</time>
    </rtept>
    <rtept lat="41.11490000" lon="-122.086620">
      <ele>717.00000</ele>
      <time>2010-01-01T07:31:34Z</time>
    </rtept>
    <rtept lat="41.11487000" lon="-122.086700">
      <ele>716.00000</ele>
      <time>2010-01-01T07:31:37Z</time>
    </rtept>
    <rtept lat="41.11485000" lon="-122.086800">
      <ele>716.00000</ele>
      <time>2010-01-01T07:31:40Z</time>
    </rtept>
    <rtept lat="41.11482000" lon="-122.086890">
      <ele>716.00000</ele>
      <time>2010-01-01T07:31:43Z</time>
    </rtept>
    <rtept lat="41.11477000" lon="-122.086970">
      <ele>714.00000</ele>
      <time>2010-01-01T07:31:46Z</time>
    </rtept>
    <rtept lat="41.11468000" lon="-122.087060">
      <ele>711.00000</ele>
      <time>2010-01-01T07:31:50Z</time>
    </rtept>
    <rtept lat="41.11444000" lon="-122.087610">
      <ele>711.00000</ele>
      <time>2010-01-01T07:32:10Z</time>
    </rtept>
    <rtept lat="41.11440000" lon="-122.087750">
      <ele>712.00000</ele>
      <time>2010-01-01T07:32:14Z</time>
    </rtept>
    <rtept lat="41.11428000" lon="-122.087890">
      <ele>709.00000</ele>
      <time>2010-01-01T07:32:21Z</time>
    </rtept>
    <rtept lat="41.11416000" lon="-122.088170">
      <ele>709.00000</ele>
      <time>2010-01-01T07:32:30Z</time>
    </rtept>
    <rtept lat="41.11398000" lon="-122.088410">
      <ele>709.00000</ele>
      <time>2010-01-01T07:32:40Z</time>
    </rtept>
    <rtept lat="41.11380000" lon="-122.088730">
      <ele>710.00000</ele>
      <time>2010-01-01T07:32:53Z</time>
    </rtept>
    <rtept lat="41.11351000" lon="-122.089190">
      <ele>706.00000</ele>
      <time>2010-01-01T07:33:11Z</time>
    </rtept>
    <rtept lat="41.11346000" lon="-122.089320">
      <ele>704.00000</ele>
      <time>2010-01-01T07:33:15Z</time>
    </rtept>
    <rtept lat="41.11346000" lon="-122.089400">
      <ele>704.00000</ele>
      <time>2010-01-01T07:33:17Z</time>
    </rtept>
    <rtept lat="41.11352000" lon="-122.089500">
      <ele>706.00000</ele>
      <time>2010-01-01T07:33:21Z</time>
    </rtept>
    <rtept lat="41.11362000" lon="-122.089590">
      <ele>707.00000</ele>
      <time>2010-01-01T07:33:26Z</time>
    </rtept>
    <rtept lat="41.11375000" lon="-122.089760">
      <ele>709.00000</ele>
      <time>2010-01-01T07:33:33Z</time>
    </rtept>
    <rtept lat="41.11388000" lon="-122.089840">
      <ele>711.00000</ele>
      <time>2010-01-01T07:33:39Z</time>
    </rtept>
    <rtept lat="41.11416000" lon="-122.089870">
      <ele>715.00000</ele>
      <time>2010-01-01T07:33:50Z</time>
    </rtept>
    <rtept lat="41.11431000" lon="-122.089870">
      <ele>717.00000</ele>
      <time>2010-01-01T07:33:56Z</time>
    </rtept>
    <rtept lat="41.11445000" lon="-122.089800">
      <ele>718.00000</ele>
      <time>2010-01-01T07:34:02Z</time>
    </rtept>
    <rtept lat="41.11464000" lon="-122.089620">
      <ele>719.00000</ele>
      <time>2010-01-01T07:34:12Z</time>
    </rtept>
    <rtept lat="41.11499000" lon="-122.089440">
      <ele>725.00000</ele>
      <time>2010-01-01T07:34:27Z</time>
    </rtept>
    <rtept lat="41.11518000" lon="-122.089380">
      <ele>726.00000</ele>
      <time>2010-01-01T07:34:35Z</time>
    </rtept>
    <rtept lat="41.11533000" lon="-122.089410">
      <ele>724.00000</ele>
      <time>2010-01-01T07:34:41Z</time>
    </rtept>
    <rtept lat="41.11551000" lon="-122.089520">
      <ele>723.00000</ele>
      <time>2010-01-01T07:34:49Z</time>
    </rtept>
    <rtept lat="41.11556000" lon="-122.089590">
      <ele>724.00000</ele>
      <time>2010-01-01T07:34:51Z</time>
    </rtept>
    <rtept lat="41.11559000" lon="-122.089710">
      <ele>724.00000</ele>
      <time>2010-01-01T07:34:55Z</time>
    </rtept>
    <rtept lat="41.11559000" lon="-122.089770">
      <ele>725.00000</ele>
      <time>2010-01-01T07:34:57Z</time>
    </rtept>
    <rtept lat="41.11554000" lon="-122.089810">
      <ele>726.00000</ele>
      <time>2010-01-01T07:34:59Z</time>
    </rtept>
    <rtept lat="41.11538000" lon="-122.089810">
      <ele>723.00000</ele>
      <time>2010-01-01T07:35:06Z</time>
    </rtept>
    <rtept lat="41.11519000" lon="-122.089830">
      <ele>721.00000</ele>
      <time>2010-01-01T07:35:13Z</time>
    </rtept>
    <rtept lat="41.11495000" lon="-122.090070">
      <ele>725.00000</ele>
      <time>2010-01-01T07:35:26Z</time>
    </rtept>
    <rtept lat="41.11477000" lon="-122.090300">
      <ele>730.00000</ele>
      <time>2010-01-01T07:35:36Z</time>
    </rtept>
    <rtept lat="41.11425000" lon="-122.090720">
      <ele>732.00000</ele>
      <time>2010-01-01T07:36:00Z</time>
    </rtept>
    <rtept lat="41.11405000" lon="-122.090830">
      <ele>733.00000</ele>
      <time>2010-01-01T07:36:09Z</time>
    </rtept>
    <rtept lat="41.11391000" lon="-122.090970">
      <ele>733.00000</ele>
      <time>2010-01-01T07:36:16Z</time>
    </rtept>
    <rtept lat="41.11386000" lon="-122.091140">
      <ele>735.00000</ele>
      <time>2010-01-01T07:36:21Z</time>
    </rtept>
    <rtept lat="41.11383000" lon="-122.091760">
      <ele>737.00000</ele>
      <time>2010-01-01T07:36:40Z</time>
    </rtept>
    <rtept lat="41.11387000" lon="-122.092050">
      <ele>737.00000</ele>
      <time>2010-01-01T07:36:49Z</time>
    </rtept>
    <rtept lat="41.11391000" lon="-122.092270">
      <ele>736.00000</ele>
      <time>2010-01-01T07:36:56Z</time>
    </rtept>
    <rtept lat="41.11400000" lon="-122.092560">
      <ele>735.00000</ele>
      <time>2010-01-01T07:37:05Z</time>
    </rtept>
    <rtept lat="41.11413000" lon="-122.092800">
      <ele>735.00000</ele>
      <time>2010-01-01T07:37:14Z</time>
    </rtept>
    <rtept lat="41.11428000" lon="-122.092970">
      <ele>738.00000</ele>
      <time>2010-01-01T07:37:22Z</time>
    </rtept>
    <rtept lat="41.11443000" lon="-122.093040">
      <ele>742.00000</ele>
      <time>2010-01-01T07:37:28Z</time>
    </rtept>
    <rtept lat="41.11466000" lon="-122.093130">
      <ele>746.00000</ele>
      <time>2010-01-01T07:37:38Z</time>
    </rtept>
    <rtept lat="41.11475000" lon="-122.093160">
      <ele>747.00000</ele>
      <time>2010-01-01T07:37:41Z</time>
    </rtept>
    <rtept lat="41.11481000" lon="-122.093210">
      <ele>748.00000</ele>
      <time>2010-01-01T07:37:44Z</time>
    </rtept>
    <rtept lat="41.11483000" lon="-122.093320">
      <ele>748.00000</ele>
      <time>2010-01-01T07:37:48Z</time>
    </rtept>
    <rtept lat="41.11476000" lon="-122.093370">
      <ele>747.00000</ele>
      <time>2010-01-01T07:37:51Z</time>
    </rtept>
    <rtept lat="41.11462000" lon="-122.093400">
      <ele>745.00000</ele>
      <time>2010-01-01T07:37:57Z</time>
    </rtept>
    <rtept lat="41.11457000" lon="-122.093420">
      <ele>745.00000</ele>
      <time>2010-01-01T07:37:59Z</time>
    </rtept>
    <rtept lat="41.11452000" lon="-122.093530">
      <ele>745.00000</ele>
      <time>2010-01-01T07:38:03Z</time>
    </rtept>
    <rtept lat="41.11449000" lon="-122.093630">
      <ele>746.00000</ele>
      <time>2010-01-01T07:38:06Z</time>
    </rtept>
    <rtept lat="41.11443000" lon="-122.093740">
      <ele>746.00000</ele>
      <time>2010-01-01T07:38:10Z</time>
    </rtept>
    <rtept lat="41.11435000" lon="-122.093750">
      <ele>744.00000</ele>
      <time>2010-01-01T07:38:13Z</time>
    </rtept>
    <rtept lat="41.11422000" lon="-122.093740">
      <ele>741.00000</ele>
      <time>2010-01-01T07:38:18Z</time>
    </rtept>
    <rtept lat="41.11413000" lon="-122.093720">
      <ele>738.00000</ele>
      <time>2010-01-01T07:38:22Z</time>
    </rtept>
    <rtept lat="41.11409000" lon="-122.093770">
      <ele>738.00000</ele>
      <time>2010-01-01T07:38:24Z</time>
    </rtept>
    <rtept lat="41.11407000" lon="-122.093870">
      <ele>738.00000</ele>
      <time>2010-01-01T07:38:27Z</time>
    </rtept>
    <rtept lat="41.11422000" lon="-122.094310">
      <ele>744.00000</ele>
      <time>2010-01-01T07:38:42Z</time>
    </rtept>
    <rtept lat="41.11431000" lon="-122.094500">
      <ele>749.00000</ele>
      <time>2010-01-01T07:38:49Z</time>
    </rtept>
    <rtept lat="41.11432000" lon="-122.094630">
      <ele>751.00000</ele>
      <time>2010-01-01T07:38:53Z</time>
    </rtept>
    <rtept lat="41.11429000" lon="-122.094770">
      <ele>753.00000</ele>
      <time>2010-01-01T07:38:57Z</time>
    </rtept>
    <rtept lat="41.11414000" lon="-122.095030">
      <ele>752.00000</ele>
      <time>2010-01-01T07:39:07Z</time>
    </rtept>
    <rtept lat="41.11410000" lon="-122.095150">
      <ele>751.00000</ele>
      <time>2010-01-01T07:39:11Z</time>
    </rtept>
    <rtept lat="41.11408000" lon="-122.095230">
      <ele>751.00000</ele>
      <time>2010-01-01T07:39:13Z</time>
    </rtept>
    <rtept lat="41.11396000" lon="-122.095490">
      <ele>748.00000</ele>
      <time>2010-01-01T07:39:23Z</time>
    </rtept>
    <rtept lat="41.11392000" lon="-122.095630">
      <ele>747.00000</ele>
      <time>2010-01-01T07:39:27Z</time>
    </rtept>
    <rtept lat="41.11390000" lon="-122.095870">
      <ele>748.00000</ele>
      <time>2010-01-01T07:39:34Z</time>
    </rtept>
    <rtept lat="41.11389000" lon="-122.096080">
      <ele>748.00000</ele>
      <time>2010-01-01T07:39:41Z</time>
    </rtept>
    <rtept lat="41.11383000" lon="-122.096320">
      <ele>745.00000</ele>
      <time>2010-01-01T07:39:48Z</time>
    </rtept>
    <rtept lat="41.11376000" lon="-122.096450">
      <ele>742.00000</ele>
      <time>2010-01-01T07:39:53Z</time>
    </rtept>
    <rtept lat="41.11368000" lon="-122.096600">
      <ele>739.00000</ele>
      <time>2010-01-01T07:39:59Z</time>
    </rtept>
    <rtept lat="41.11363000" lon="-122.096780">
      <ele>736.00000</ele>
      <time>2010-01-01T07:40:04Z</time>
    </rtept>
    <rtept lat="41.11365000" lon="-122.096830">
      <ele>736.00000</ele>
      <time>2010-01-01T07:40:06Z</time>
    </rtept>
    <rtept lat="41.11374000" lon="-122.096880">
      <ele>739.00000</ele>
      <time>2010-01-01T07:40:10Z</time>
    </rtept>
    <rtept lat="41.11397000" lon="-122.096990">
      <ele>747.00000</ele>
      <time>2010-01-01T07:40:20Z</time>
    </rtept>
    <rtept lat="41.11413000" lon="-122.097010">
      <ele>752.00000</ele>
      <time>2010-01-01T07:40:26Z</time>
    </rtept>
    <rtept lat="41.11430000" lon="-122.096980">
      <ele>758.00000</ele>
      <time>2010-01-01T07:40:33Z</time>
    </rtept>
    <rtept lat="41.11450000" lon="-122.096880">
      <ele>765.00000</ele>
      <time>2010-01-01T07:40:42Z</time>
    </rtept>
    <rtept lat="41.11464000" lon="-122.096860">
      <ele>770.00000</ele>
      <time>2010-01-01T07:40:47Z</time>
    </rtept>
    <rtept lat="41.11492000" lon="-122.096900">
      <ele>772.00000</ele>
      <time>2010-01-01T07:40:59Z</time>
    </rtept>
    <rtept lat="41.11508000" lon="-122.097020">
      <ele>770.00000</ele>
      <time>2010-01-01T07:41:06Z</time>
    </rtept>
    <rtept lat="41.11544000" lon="-122.097110">
      <ele>773.00000</ele>
      <time>2010-01-01T07:41:21Z</time>
    </rtept>
    <rtept lat="41.11566000" lon="-122.097190">
      <ele>776.00000</ele>
      <time>2010-01-01T07:41:30Z</time>
    </rtept>
    <rtept lat="41.11579000" lon="-122.097320">
      <ele>777.00000</ele>
      <time>2010-01-01T07:41:36Z</time>
    </rtept>
    <rtept lat="41.11602000" lon="-122.097650">
      <ele>776.00000</ele>
      <time>2010-01-01T07:41:50Z</time>
    </rtept>
    <rtept lat="41.11612000" lon="-122.097750">
      <ele>777.00000</ele>
      <time>2010-01-01T07:41:55Z</time>
    </rtept>
    <rtept lat="41.11624000" lon="-122.097800">
      <ele>779.00000</ele>
      <time>2010-01-01T07:42:00Z</time>
    </rtept>
    <rtept lat="41.11634000" lon="-122.097820">
      <ele>781.00000</ele>
      <time>2010-01-01T07:42:04Z</time>
    </rtept>
    <rtept lat="41.11641000" lon="-122.097880">
      <ele>782.00000</ele>
      <time>2010-01-01T07:42:07Z</time>
    </rtept>
    <rtept lat="41.11650000" lon="-122.098020">
      <ele>782.00000</ele>
      <time>2010-01-01T07:42:13Z</time>
    </rtept>
    <rtept lat="41.11656000" lon="-122.098170">
      <ele>782.00000</ele>
      <time>2010-01-01T07:42:18Z</time>
    </rtept>
    <rtept lat="41.11670000" lon="-122.098390">
      <ele>783.00000</ele>
      <time>2010-01-01T07:42:27Z</time>
    </rtept>
    <rtept lat="41.11690000" lon="-122.098470">
      <ele>789.00000</ele>
      <time>2010-01-01T07:42:35Z</time>
    </rtept>
    <rtept lat="41.11697000" lon="-122.098520">
      <ele>792.00000</ele>
      <time>2010-01-01T07:42:38Z</time>
    </rtept>
    <rtept lat="41.11704000" lon="-122.098620">
      <ele>794.00000</ele>
      <time>2010-01-01T07:42:42Z</time>
    </rtept>
    <rtept lat="41.11706000" lon="-122.098680">
      <ele>796.00000</ele>
      <time>2010-01-01T07:42:44Z</time>
    </rtept>
    <rtept lat="41.11706000" lon="-122.098760">
      <ele>798.00000</ele>
      <time>2010-01-01T07:42:47Z</time>
    </rtept>
    <rtept lat="41.11694000" lon="-122.098830">
      <ele>798.00000</ele>
      <time>2010-01-01T07:42:52Z</time>
    </rtept>
    <rtept lat="41.11683000" lon="-122.098860">
      <ele>799.00000</ele>
      <time>2010-01-01T07:42:56Z</time>
    </rtept>
    <rtept lat="41.11598000" lon="-122.098910">
      <ele>806.00000</ele>
      <time>2010-01-01T07:43:30Z</time>
    </rtept>
    <rtept lat="41.11546000" lon="-122.098890">
      <ele>808.00000</ele>
      <time>2010-01-01T07:43:51Z</time>
    </rtept>
    <rtept lat="41.11531000" lon="-122.098900">
      <ele>808.00000</ele>
      <time>2010-01-01T07:43:57Z</time>
    </rtept>
    <rtept lat="41.11511000" lon="-122.098940">
      <ele>807.00000</ele>
      <time>2010-01-01T07:44:05Z</time>
    </rtept>
    <rtept lat="41.11499000" lon="-122.099020">
      <ele>809.00000</ele>
      <time>2010-01-01T07:44:11Z</time>
    </rtept>
    <rtept lat="41.11495000" lon="-122.099090">
      <ele>811.00000</ele>
      <time>2010-01-01T07:44:13Z</time>
    </rtept>
    <rtept lat="41.11480000" lon="-122.099220">
      <ele>813.00000</ele>
      <time>2010-01-01T07:44:21Z</time>
    </rtept>
    <rtept lat="41.11462000" lon="-122.099480">
      <ele>820.00000</ele>
      <time>2010-01-01T07:44:31Z</time>
    </rtept>
    <rtept lat="41.11451000" lon="-122.099650">
      <ele>826.00000</ele>
      <time>2010-01-01T07:44:38Z</time>
    </rtept>
    <rtept lat="41.11446000" lon="-122.099780">
      <ele>830.00000</ele>
      <time>2010-01-01T07:44:42Z</time>
    </rtept>
    <rtept lat="41.11440000" lon="-122.099860">
      <ele>833.00000</ele>
      <time>2010-01-01T07:44:46Z</time>
    </rtept>
    <rtept lat="41.11429000" lon="-122.099860">
      <ele>831.00000</ele>
      <time>2010-01-01T07:44:50Z</time>
    </rtept>
    <rtept lat="41.11413000" lon="-122.099920">
      <ele>831.00000</ele>
      <time>2010-01-01T07:44:57Z</time>
    </rtept>
    <rtept lat="41.11396000" lon="-122.100000">
      <ele>830.00000</ele>
      <time>2010-01-01T07:45:04Z</time>
    </rtept>
    <rtept lat="41.11349000" lon="-122.100180">
      <ele>815.00000</ele>
      <time>2010-01-01T07:45:24Z</time>
    </rtept>
    <rtept lat="41.11339000" lon="-122.100230">
      <ele>813.00000</ele>
      <time>2010-01-01T07:45:28Z</time>
    </rtept>
    <rtept lat="41.11331000" lon="-122.100290">
      <ele>811.00000</ele>
      <time>2010-01-01T07:45:32Z</time>
    </rtept>
    <rtept lat="41.11326000" lon="-122.100360">
      <ele>809.00000</ele>
      <time>2010-01-01T07:45:35Z</time>
    </rtept>
    <rtept lat="41.11325000" lon="-122.100460">
      <ele>808.00000</ele>
      <time>2010-01-01T07:45:38Z</time>
    </rtept>
    <rtept lat="41.11326000" lon="-122.100530">
      <ele>808.00000</ele>
      <time>2010-01-01T07:45:40Z</time>
    </rtept>
    <rtept lat="41.11340000" lon="-122.100610">
      <ele>810.00000</ele>
      <time>2010-01-01T07:45:46Z</time>
    </rtept>
    <rtept lat="41.11353000" lon="-122.100720">
      <ele>812.00000</ele>
      <time>2010-01-01T07:45:52Z</time>
    </rtept>
    <rtept lat="41.11370000" lon="-122.100900">
      <ele>817.00000</ele>
      <time>2010-01-01T07:46:01Z</time>
    </rtept>
    <rtept lat="41.11387000" lon="-122.101180">
      <ele>819.00000</ele>
      <time>2010-01-01T07:46:12Z</time>
    </rtept>
    <rtept lat="41.11396000" lon="-122.101410">
      <ele>817.00000</ele>
      <time>2010-01-01T07:46:19Z</time>
    </rtept>
    <rtept lat="41.11404000" lon="-122.101740">
      <ele>811.00000</ele>
      <time>2010-01-01T07:46:30Z</time>
    </rtept>
    <rtept lat="41.11414000" lon="-122.101940">
      <ele>810.00000</ele>
      <time>2010-01-01T07:46:37Z</time>
    </rtept>
    <rtept lat="41.11431000" lon="-122.102130">
      <ele>818.00000</ele>
      <time>2010-01-01T07:46:46Z</time>
    </rtept>
    <rtept lat="41.11435000" lon="-122.102290">
      <ele>819.00000</ele>
      <time>2010-01-01T07:46:51Z</time>
    </rtept>
    <rtept lat="41.11437000" lon="-122.102500">
      <ele>819.00000</ele>
      <time>2010-01-01T07:46:57Z</time>
    </rtept>
    <rtept lat="41.11432000" lon="-122.102670">
      <ele>817.00000</ele>
      <time>2010-01-01T07:47:03Z</time>
    </rtept>
    <rtept lat="41.11431000" lon="-122.102870">
      <ele>816.00000</ele>
      <time>2010-01-01T07:47:09Z</time>
    </rtept>
    <rtept lat="41.11438000" lon="-122.103170">
      <ele>817.00000</ele>
      <time>2010-01-01T07:47:18Z</time>
    </rtept>
    <rtept lat="41.11455000" lon="-122.103620">
      <ele>820.00000</ele>
      <time>2010-01-01T07:47:34Z</time>
    </rtept>
    <rtept lat="41.11477000" lon="-122.103910">
      <ele>824.00000</ele>
      <time>2010-01-01T07:47:46Z</time>
    </rtept>
    <rtept lat="41.11493000" lon="-122.104060">
      <ele>827.00000</ele>
      <time>2010-01-01T07:47:54Z</time>
    </rtept>
    <rtept lat="41.11506000" lon="-122.104200">
      <ele>826.00000</ele>
      <time>2010-01-01T07:48:01Z</time>
    </rtept>
    <rtept lat="41.11525000" lon="-122.104290">
      <ele>834.00000</ele>
      <time>2010-01-01T07:48:09Z</time>
    </rtept>
    <rtept lat="41.11554000" lon="-122.104540">
      <ele>841.00000</ele>
      <time>2010-01-01T07:48:22Z</time>
    </rtept>
    <rtept lat="41.11571000" lon="-122.104700">
      <ele>845.00000</ele>
      <time>2010-01-01T07:48:31Z</time>
    </rtept>
    <rtept lat="41.11595000" lon="-122.104790">
      <ele>857.00000</ele>
      <time>2010-01-01T07:48:41Z</time>
    </rtept>
    <rtept lat="41.11610000" lon="-122.104860">
      <ele>864.00000</ele>
      <time>2010-01-01T07:48:47Z</time>
    </rtept>
    <rtept lat="41.11618000" lon="-122.104930">
      <ele>865.00000</ele>
      <time>2010-01-01T07:48:51Z</time>
    </rtept>
    <rtept lat="41.11624000" lon="-122.104980">
      <ele>866.00000</ele>
      <time>2010-01-01T07:48:54Z</time>
    </rtept>
    <rtept lat="41.11632000" lon="-122.105070">
      <ele>868.00000</ele>
      <time>2010-01-01T07:48:58Z</time>
    </rtept>
    <rtept lat="41.11632000" lon="-122.105130">
      <ele>868.00000</ele>
      <time>2010-01-01T07:49:00Z</time>
    </rtept>
    <rtept lat="41.11628000" lon="-122.105190">
      <ele>867.00000</ele>
      <time>2010-01-01T07:49:02Z</time>
    </rtept>
    <rtept lat="41.11604000" lon="-122.105320">
      <ele>862.00000</ele>
      <time>2010-01-01T07:49:13Z</time>
    </rtept>
    <rtept lat="41.11586000" lon="-122.105480">
      <ele>862.00000</ele>
      <time>2010-01-01T07:49:21Z</time>
    </rtept>
    <rtept lat="41.11573000" lon="-122.105570">
      <ele>861.00000</ele>
      <time>2010-01-01T07:49:27Z</time>
    </rtept>
    <rtept lat="41.11558000" lon="-122.105640">
      <ele>859.00000</ele>
      <time>2010-01-01T07:49:34Z</time>
    </rtept>
    <rtept lat="41.11541000" lon="-122.105770">
      <ele>857.00000</ele>
      <time>2010-01-01T07:49:41Z</time>
    </rtept>
    <rtept lat="41.11536000" lon="-122.105840">
      <ele>857.00000</ele>
      <time>2010-01-01T07:49:44Z</time>
    </rtept>
    <rtept lat="41.11527000" lon="-122.106110">
      <ele>862.00000</ele>
      <time>2010-01-01T07:49:53Z</time>
    </rtept>
    <rtept lat="41.11517000" lon="-122.106320">
      <ele>865.00000</ele>
      <time>2010-01-01T07:50:01Z</time>
    </rtept>
    <rtept lat="41.11510000" lon="-122.106500">
      <ele>868.00000</ele>
      <time>2010-01-01T07:50:07Z</time>
    </rtept>
    <rtept lat="41.11507000" lon="-122.106700">
      <ele>873.00000</ele>
      <time>2010-01-01T07:50:13Z</time>
    </rtept>
    <rtept lat="41.11509000" lon="-122.106870">
      <ele>879.00000</ele>
      <time>2010-01-01T07:50:18Z</time>
    </rtept>
    <rtept lat="41.11502000" lon="-122.106890">
      <ele>876.00000</ele>
      <time>2010-01-01T07:50:21Z</time>
    </rtept>
    <rtept lat="41.11464000" lon="-122.106620">
      <ele>874.00000</ele>
      <time>2010-01-01T07:50:38Z</time>
    </rtept>
    <rtept lat="41.11454000" lon="-122.106550">
      <ele>877.00000</ele>
      <time>2010-01-01T07:50:43Z</time>
    </rtept>
    <rtept lat="41.11448000" lon="-122.106380">
      <ele>874.00000</ele>
      <time>2010-01-01T07:50:48Z</time>
    </rtept>
    <rtept lat="41.11421000" lon="-122.106150">
      <ele>877.00000</ele>
      <time>2010-01-01T07:51:01Z</time>
    </rtept>
    <rtept lat="41.11411000" lon="-122.106120">
      <ele>879.00000</ele>
      <time>2010-01-01T07:51:05Z</time>
    </rtept>
    <rtept lat="41.11378000" lon="-122.106180">
      <ele>888.00000</ele>
      <time>2010-01-01T07:51:19Z</time>
    </rtept>
    <rtept lat="41.11358000" lon="-122.106190">
      <ele>893.00000</ele>
      <time>2010-01-01T07:51:27Z</time>
    </rtept>
    <rtept lat="41.11337000" lon="-122.106150">
      <ele>895.00000</ele>
      <time>2010-01-01T07:51:35Z</time>
    </rtept>
    <rtept lat="41.11327000" lon="-122.106060">
      <ele>891.00000</ele>
      <time>2010-01-01T07:51:40Z</time>
    </rtept>
    <rtept lat="41.11320000" lon="-122.106020">
      <ele>889.00000</ele>
      <time>2010-01-01T07:51:43Z</time>
    </rtept>
    <rtept lat="41.11316000" lon="-122.106000">
      <ele>889.00000</ele>
      <time>2010-01-01T07:51:45Z</time>
    </rtept>
    <rtept lat="41.11309000" lon="-122.106010">
      <ele>890.00000</ele>
      <time>2010-01-01T07:51:48Z</time>
    </rtept>
    <rtept lat="41.11300000" lon="-122.106040">
      <ele>890.00000</ele>
      <time>2010-01-01T07:51:51Z</time>
    </rtept>
    <rtept lat="41.11294000" lon="-122.106100">
      <ele>891.00000</ele>
      <time>2010-01-01T07:51:54Z</time>
    </rtept>
    <rtept lat="41.11289000" lon="-122.106190">
      <ele>893.00000</ele>
      <time>2010-01-01T07:51:58Z</time>
    </rtept>
    <rtept lat="41.11273000" lon="-122.106570">
      <ele>904.00000</ele>
      <time>2010-01-01T07:52:11Z</time>
    </rtept>
    <rtept lat="41.11257000" lon="-122.106740">
      <ele>906.00000</ele>
      <time>2010-01-01T07:52:19Z</time>
    </rtept>
    <rtept lat="41.11253000" lon="-122.106800">
      <ele>907.00000</ele>
      <time>2010-01-01T07:52:22Z</time>
    </rtept>
    <rtept lat="41.11241000" lon="-122.106920">
      <ele>910.00000</ele>
      <time>2010-01-01T07:52:28Z</time>
    </rtept>
    <rtept lat="41.11229000" lon="-122.107000">
      <ele>911.00000</ele>
      <time>2010-01-01T07:52:33Z</time>
    </rtept>
    <rtept lat="41.11218000" lon="-122.107090">
      <ele>914.00000</ele>
      <time>2010-01-01T07:52:38Z</time>
    </rtept>
    <rtept lat="41.11211000" lon="-122.107190">
      <ele>918.00000</ele>
      <time>2010-01-01T07:52:42Z</time>
    </rtept>
    <rtept lat="41.11202000" lon="-122.107300">
      <ele>921.00000</ele>
      <time>2010-01-01T07:52:47Z</time>
    </rtept>
    <rtept lat="41.11195000" lon="-122.107430">
      <ele>925.00000</ele>
      <time>2010-01-01T07:52:52Z</time>
    </rtept>
    <rtept lat="41.11186000" lon="-122.107470">
      <ele>925.00000</ele>
      <time>2010-01-01T07:52:56Z</time>
    </rtept>
    <rtept lat="41.11178000" lon="-122.107470">
      <ele>924.00000</ele>
      <time>2010-01-01T07:52:59Z</time>
    </rtept>
    <rtept lat="41.11151000" lon="-122.107260">
      <ele>915.00000</ele>
      <time>2010-01-01T07:53:11Z</time>
    </rtept>
    <rtept lat="41.11139000" lon="-122.107200">
      <ele>908.00000</ele>
      <time>2010-01-01T07:53:17Z</time>
    </rtept>
    <rtept lat="41.11128000" lon="-122.107150">
      <ele>900.00000</ele>
      <time>2010-01-01T07:53:21Z</time>
    </rtept>
    <rtept lat="41.11118000" lon="-122.107160">
      <ele>896.00000</ele>
      <time>2010-01-01T07:53:25Z</time>
    </rtept>
    <rtept lat="41.11113000" lon="-122.107220">
      <ele>896.00000</ele>
      <time>2010-01-01T07:53:28Z</time>
    </rtept>
    <rtept lat="41.11109000" lon="-122.107340">
      <ele>897.00000</ele>
      <time>2010-01-01T07:53:32Z</time>
    </rtept>
    <rtept lat="41.11112000" lon="-122.107620">
      <ele>904.00000</ele>
      <time>2010-01-01T07:53:40Z</time>
    </rtept>
    <rtept lat="41.11115000" lon="-122.107940">
      <ele>908.00000</ele>
      <time>2010-01-01T07:53:50Z</time>
    </rtept>
    <rtept lat="41.11115000" lon="-122.108230">
      <ele>911.00000</ele>
      <time>2010-01-01T07:53:59Z</time>
    </rtept>
    <rtept lat="41.11114000" lon="-122.108500">
      <ele>916.00000</ele>
      <time>2010-01-01T07:54:07Z</time>
    </rtept>
    <rtept lat="41.11108000" lon="-122.108710">
      <ele>918.00000</ele>
      <time>2010-01-01T07:54:14Z</time>
    </rtept>
    <rtept lat="41.11105000" lon="-122.108910">
      <ele>918.00000</ele>
      <time>2010-01-01T07:54:20Z</time>
    </rtept>
    <rtept lat="41.11105000" lon="-122.109080">
      <ele>918.00000</ele>
      <time>2010-01-01T07:54:25Z</time>
    </rtept>
    <rtept lat="41.11106000" lon="-122.109340">
      <ele>916.00000</ele>
      <time>2010-01-01T07:54:33Z</time>
    </rtept>
    <rtept lat="41.11110000" lon="-122.109440">
      <ele>918.00000</ele>
      <time>2010-01-01T07:54:36Z</time>
    </rtept>
    <rtept lat="41.11115000" lon="-122.109600">
      <ele>918.00000</ele>
      <time>2010-01-01T07:54:42Z</time>
    </rtept>
    <rtept lat="41.11118000" lon="-122.109930">
      <ele>919.00000</ele>
      <time>2010-01-01T07:54:52Z</time>
    </rtept>
    <rtept lat="41.11121000" lon="-122.110040">
      <ele>922.00000</ele>
      <time>2010-01-01T07:54:55Z</time>
    </rtept>
    <rtept lat="41.11125000" lon="-122.110160">
      <ele>927.00000</ele>
      <time>2010-01-01T07:54:59Z</time>
    </rtept>
    <rtept lat="41.11124000" lon="-122.110210">
      <ele>927.00000</ele>
      <time>2010-01-01T07:55:01Z</time>
    </rtept>
    <rtept lat="41.11125000" lon="-122.110300">
      <ele>928.00000</ele>
      <time>2010-01-01T07:55:03Z</time>
    </rtept>
    <rtept lat="41.11123000" lon="-122.110480">
      <ele>930.00000</ele>
      <time>2010-01-01T07:55:09Z</time>
    </rtept>
    <rtept lat="41.11122000" lon="-122.110640">
      <ele>933.00000</ele>
      <time>2010-01-01T07:55:14Z</time>
    </rtept>
    <rtept lat="41.11124000" lon="-122.110760">
      <ele>938.00000</ele>
      <time>2010-01-01T07:55:17Z</time>
    </rtept>
    <rtept lat="41.11122000" lon="-122.110870">
      <ele>939.00000</ele>
      <time>2010-01-01T07:55:21Z</time>
    </rtept>
    <rtept lat="41.11116000" lon="-122.110930">
      <ele>935.00000</ele>
      <time>2010-01-01T07:55:24Z</time>
    </rtept>
    <rtept lat="41.11113000" lon="-122.110950">
      <ele>933.00000</ele>
      <time>2010-01-01T07:55:25Z</time>
    </rtept>
    <rtept lat="41.11097000" lon="-122.111080">
      <ele>923.00000</ele>
      <time>2010-01-01T07:55:33Z</time>
    </rtept>
    <rtept lat="41.11090000" lon="-122.111200">
      <ele>919.00000</ele>
      <time>2010-01-01T07:55:37Z</time>
    </rtept>
    <rtept lat="41.11084000" lon="-122.111370">
      <ele>914.00000</ele>
      <time>2010-01-01T07:55:43Z</time>
    </rtept>
    <rtept lat="41.11084000" lon="-122.111530">
      <ele>916.00000</ele>
      <time>2010-01-01T07:55:48Z</time>
    </rtept>
    <rtept lat="41.11094000" lon="-122.111880">
      <ele>926.00000</ele>
      <time>2010-01-01T07:55:59Z</time>
    </rtept>
    <rtept lat="41.11097000" lon="-122.112030">
      <ele>928.00000</ele>
      <time>2010-01-01T07:56:04Z</time>
    </rtept>
    <rtept lat="41.11107000" lon="-122.112150">
      <ele>935.00000</ele>
      <time>2010-01-01T07:56:09Z</time>
    </rtept>
    <rtept lat="41.11120000" lon="-122.112250">
      <ele>942.00000</ele>
      <time>2010-01-01T07:56:15Z</time>
    </rtept>
    <rtept lat="41.11126000" lon="-122.112300">
      <ele>945.00000</ele>
      <time>2010-01-01T07:56:18Z</time>
    </rtept>
    <rtept lat="41.11135000" lon="-122.112340">
      <ele>949.00000</ele>
      <time>2010-01-01T07:56:22Z</time>
    </rtept>
    <rtept lat="41.11140000" lon="-122.112400">
      <ele>951.00000</ele>
      <time>2010-01-01T07:56:25Z</time>
    </rtept>
    <rtept lat="41.11145000" lon="-122.112550">
      <ele>953.00000</ele>
      <time>2010-01-01T07:56:29Z</time>
    </rtept>
    <rtept lat="41.11145000" lon="-122.112680">
      <ele>956.00000</ele>
      <time>2010-01-01T07:56:33Z</time>
    </rtept>
    <rtept lat="41.11147000" lon="-122.112740">
      <ele>958.00000</ele>
      <time>2010-01-01T07:56:35Z</time>
    </rtept>
    <rtept lat="41.11151000" lon="-122.112800">
      <ele>961.00000</ele>
      <time>2010-01-01T07:56:38Z</time>
    </rtept>
    <rtept lat="41.11154000" lon="-122.112850">
      <ele>963.00000</ele>
      <time>2010-01-01T07:56:40Z</time>
    </rtept>
    <rtept lat="41.11155000" lon="-122.112930">
      <ele>965.00000</ele>
      <time>2010-01-01T07:56:42Z</time>
    </rtept>
    <rtept lat="41.11151000" lon="-122.113030">
      <ele>964.00000</ele>
      <time>2010-01-01T07:56:46Z</time>
    </rtept>
    <rtept lat="41.11126000" lon="-122.113150">
      <ele>955.00000</ele>
      <time>2010-01-01T07:56:56Z</time>
    </rtept>
    <rtept lat="41.11095000" lon="-122.113370">
      <ele>959.00000</ele>
      <time>2010-01-01T07:57:10Z</time>
    </rtept>
    <rtept lat="41.11075000" lon="-122.113490">
      <ele>962.00000</ele>
      <time>2010-01-01T07:57:19Z</time>
    </rtept>
    <rtept lat="41.11065000" lon="-122.113590">
      <ele>964.00000</ele>
      <time>2010-01-01T07:57:24Z</time>
    </rtept>
    <rtept lat="41.11063000" lon="-122.113630">
      <ele>966.00000</ele>
      <time>2010-01-01T07:57:26Z</time>
    </rtept>
    <rtept lat="41.11059000" lon="-122.113760">
      <ele>971.00000</ele>
      <time>2010-01-01T07:57:30Z</time>
    </rtept>
    <rtept lat="41.11056000" lon="-122.113910">
      <ele>977.00000</ele>
      <time>2010-01-01T07:57:34Z</time>
    </rtept>
    <rtept lat="41.11053000" lon="-122.114110">
      <ele>985.00000</ele>
      <time>2010-01-01T07:57:41Z</time>
    </rtept>
    <rtept lat="41.11054000" lon="-122.114200">
      <ele>988.00000</ele>
      <time>2010-01-01T07:57:43Z</time>
    </rtept>
    <rtept lat="41.11050000" lon="-122.114260">
      <ele>990.00000</ele>
      <time>2010-01-01T07:57:46Z</time>
    </rtept>
    <rtept lat="41.11044000" lon="-122.114280">
      <ele>990.00000</ele>
      <time>2010-01-01T07:57:48Z</time>
    </rtept>
    <rtept lat="41.11027000" lon="-122.114230">
      <ele>985.00000</ele>
      <time>2010-01-01T07:57:55Z</time>
    </rtept>
    <rtept lat="41.11001000" lon="-122.114180">
      <ele>980.00000</ele>
      <time>2010-01-01T07:58:06Z</time>
    </rtept>
    <rtept lat="41.10991000" lon="-122.114150">
      <ele>981.00000</ele>
      <time>2010-01-01T07:58:10Z</time>
    </rtept>
    <rtept lat="41.10979000" lon="-122.114020">
      <ele>977.00000</ele>
      <time>2010-01-01T07:58:16Z</time>
    </rtept>
    <rtept lat="41.10974000" lon="-122.113950">
      <ele>974.00000</ele>
      <time>2010-01-01T07:58:19Z</time>
    </rtept>
    <rtept lat="41.10968000" lon="-122.113910">
      <ele>973.00000</ele>
      <time>2010-01-01T07:58:22Z</time>
    </rtept>
    <rtept lat="41.10945000" lon="-122.113880">
      <ele>975.00000</ele>
      <time>2010-01-01T07:58:31Z</time>
    </rtept>
    <rtept lat="41.10938000" lon="-122.113920">
      <ele>977.00000</ele>
      <time>2010-01-01T07:58:34Z</time>
    </rtept>
    <rtept lat="41.10930000" lon="-122.113990">
      <ele>981.00000</ele>
      <time>2010-01-01T07:58:38Z</time>
    </rtept>
    <rtept lat="41.10915000" lon="-122.114020">
      <ele>983.00000</ele>
      <time>2010-01-01T07:58:44Z</time>
    </rtept>
    <rtept lat="41.10909000" lon="-122.114020">
      <ele>983.00000</ele>
      <time>2010-01-01T07:58:46Z</time>
    </rtept>
    <rtept lat="41.10896000" lon="-122.114070">
      <ele>986.00000</ele>
      <time>2010-01-01T07:58:52Z</time>
    </rtept>
    <rtept lat="41.10889000" lon="-122.114110">
      <ele>990.00000</ele>
      <time>2010-01-01T07:58:55Z</time>
    </rtept>
    <rtept lat="41.10880000" lon="-122.114110">
      <ele>992.00000</ele>
      <time>2010-01-01T07:58:58Z</time>
    </rtept>
    <rtept lat="41.10876000" lon="-122.114100">
      <ele>991.00000</ele>
      <time>2010-01-01T07:59:00Z</time>
    </rtept>
    <rtept lat="41.10867000" lon="-122.114030">
      <ele>988.00000</ele>
      <time>2010-01-01T07:59:04Z</time>
    </rtept>
    <rtept lat="41.10855000" lon="-122.113880">
      <ele>982.00000</ele>
      <time>2010-01-01T07:59:11Z</time>
    </rtept>
    <rtept lat="41.10844000" lon="-122.113740">
      <ele>980.00000</ele>
      <time>2010-01-01T07:59:17Z</time>
    </rtept>
    <rtept lat="41.10836000" lon="-122.113710">
      <ele>983.00000</ele>
      <time>2010-01-01T07:59:20Z</time>
    </rtept>
    <rtept lat="41.10816000" lon="-122.113690">
      <ele>994.00000</ele>
      <time>2010-01-01T07:59:28Z</time>
    </rtept>
    <rtept lat="41.10804000" lon="-122.113710">
      <ele>1001.0000</ele>
      <time>2010-01-01T07:59:33Z</time>
    </rtept>
    <rtept lat="41.10799000" lon="-122.113710">
      <ele>1003.0000</ele>
      <time>2010-01-01T07:59:35Z</time>
    </rtept>
    <rtept lat="41.10793000" lon="-122.113650">
      <ele>1002.0000</ele>
      <time>2010-01-01T07:59:38Z</time>
    </rtept>
    <rtept lat="41.10784000" lon="-122.113520">
      <ele>1001.0000</ele>
      <time>2010-01-01T07:59:43Z</time>
    </rtept>
    <rtept lat="41.10781000" lon="-122.113500">
      <ele>1002.0000</ele>
      <time>2010-01-01T07:59:45Z</time>
    </rtept>
    <rtept lat="41.10771000" lon="-122.113360">
      <ele>1000.0000</ele>
      <time>2010-01-01T07:59:50Z</time>
    </rtept>
    <rtept lat="41.10753000" lon="-122.113250">
      <ele>1001.0000</ele>
      <time>2010-01-01T07:59:58Z</time>
    </rtept>
    <rtept lat="41.10736000" lon="-122.113110">
      <ele>1000.0000</ele>
      <time>2010-01-01T08:00:06Z</time>
    </rtept>
    <rtept lat="41.10724000" lon="-122.113070">
      <ele>1001.0000</ele>
      <time>2010-01-01T08:00:11Z</time>
    </rtept>
    <rtept lat="41.10713000" lon="-122.113050">
      <ele>1000.0000</ele>
      <time>2010-01-01T08:00:16Z</time>
    </rtept>
    <rtept lat="41.10705000" lon="-122.113040">
      <ele>998.00000</ele>
      <time>2010-01-01T08:00:19Z</time>
    </rtept>
    <rtept lat="41.10700000" lon="-122.113060">
      <ele>998.00000</ele>
      <time>2010-01-01T08:00:21Z</time>
    </rtept>
    <rtept lat="41.10693000" lon="-122.113100">
      <ele>997.00000</ele>
      <time>2010-01-01T08:00:24Z</time>
    </rtept>
    <rtept lat="41.10691000" lon="-122.113120">
      <ele>997.00000</ele>
      <time>2010-01-01T08:00:25Z</time>
    </rtept>
    <rtept lat="41.10689000" lon="-122.113220">
      <ele>997.00000</ele>
      <time>2010-01-01T08:00:28Z</time>
    </rtept>
    <rtept lat="41.10684000" lon="-122.113400">
      <ele>997.00000</ele>
      <time>2010-01-01T08:00:34Z</time>
    </rtept>
    <rtept lat="41.10683000" lon="-122.113590">
      <ele>998.00000</ele>
      <time>2010-01-01T08:00:40Z</time>
    </rtept>
    <rtept lat="41.10689000" lon="-122.113910">
      <ele>998.00000</ele>
      <time>2010-01-01T08:00:50Z</time>
    </rtept>
    <rtept lat="41.10706000" lon="-122.114610">
      <ele>1000.0000</ele>
      <time>2010-01-01T08:01:12Z</time>
    </rtept>
    <rtept lat="41.10710000" lon="-122.114880">
      <ele>998.00000</ele>
      <time>2010-01-01T08:01:20Z</time>
    </rtept>
    <rtept lat="41.10716000" lon="-122.115020">
      <ele>999.00000</ele>
      <time>2010-01-01T08:01:25Z</time>
    </rtept>
    <rtept lat="41.10723000" lon="-122.115140">
      <ele>1001.0000</ele>
      <time>2010-01-01T08:01:30Z</time>
    </rtept>
    <rtept lat="41.10730000" lon="-122.115190">
      <ele>1003.0000</ele>
      <time>2010-01-01T08:01:33Z</time>
    </rtept>
    <rtept lat="41.10739000" lon="-122.115230">
      <ele>1006.0000</ele>
      <time>2010-01-01T08:01:37Z</time>
    </rtept>
    <rtept lat="41.10752000" lon="-122.115300">
      <ele>1011.0000</ele>
      <time>2010-01-01T08:01:42Z</time>
    </rtept>
    <rtept lat="41.10760000" lon="-122.115380">
      <ele>1012.0000</ele>
      <time>2010-01-01T08:01:46Z</time>
    </rtept>
    <rtept lat="41.10771000" lon="-122.115560">
      <ele>1012.0000</ele>
      <time>2010-01-01T08:01:53Z</time>
    </rtept>
    <rtept lat="41.10791000" lon="-122.115950">
      <ele>1015.0000</ele>
      <time>2010-01-01T08:02:08Z</time>
    </rtept>
    <rtept lat="41.10808000" lon="-122.116320">
      <ele>1022.0000</ele>
      <time>2010-01-01T08:02:21Z</time>
    </rtept>
    <rtept lat="41.10818000" lon="-122.116700">
      <ele>1028.0000</ele>
      <time>2010-01-01T08:02:33Z</time>
    </rtept>
    <rtept lat="41.10821000" lon="-122.116900">
      <ele>1032.0000</ele>
      <time>2010-01-01T08:02:39Z</time>
    </rtept>
    <rtept lat="41.10819000" lon="-122.117060">
      <ele>1032.0000</ele>
      <time>2010-01-01T08:02:44Z</time>
    </rtept>
    <rtept lat="41.10808000" lon="-122.117250">
      <ele>1028.0000</ele>
      <time>2010-01-01T08:02:51Z</time>
    </rtept>
    <rtept lat="41.10804000" lon="-122.117390">
      <ele>1028.0000</ele>
      <time>2010-01-01T08:02:56Z</time>
    </rtept>
    <rtept lat="41.10803000" lon="-122.117530">
      <ele>1030.0000</ele>
      <time>2010-01-01T08:03:00Z</time>
    </rtept>
    <rtept lat="41.10807000" lon="-122.117820">
      <ele>1034.0000</ele>
      <time>2010-01-01T08:03:09Z</time>
    </rtept>
    <rtept lat="41.10806000" lon="-122.117860">
      <ele>1034.0000</ele>
      <time>2010-01-01T08:03:10Z</time>
    </rtept>
    <rtept lat="41.10805000" lon="-122.117940">
      <ele>1034.0000</ele>
      <time>2010-01-01T08:03:12Z</time>
    </rtept>
    <rtept lat="41.10802000" lon="-122.117970">
      <ele>1034.0000</ele>
      <time>2010-01-01T08:03:14Z</time>
    </rtept>
    <rtept lat="41.10796000" lon="-122.118080">
      <ele>1034.0000</ele>
      <time>2010-01-01T08:03:18Z</time>
    </rtept>
    <rtept lat="41.10789000" lon="-122.118260">
      <ele>1039.0000</ele>
      <time>2010-01-01T08:03:24Z</time>
    </rtept>
    <rtept lat="41.10781000" lon="-122.118420">
      <ele>1042.0000</ele>
      <time>2010-01-01T08:03:30Z</time>
    </rtept>
    <rtept lat="41.10767000" lon="-122.118730">
      <ele>1051.0000</ele>
      <time>2010-01-01T08:03:41Z</time>
    </rtept>
    <rtept lat="41.10755000" lon="-122.118940">
      <ele>1057.0000</ele>
      <time>2010-01-01T08:03:49Z</time>
    </rtept>
    <rtept lat="41.10748000" lon="-122.119090">
      <ele>1061.0000</ele>
      <time>2010-01-01T08:03:54Z</time>
    </rtept>
    <rtept lat="41.10739000" lon="-122.119210">
      <ele>1064.0000</ele>
      <time>2010-01-01T08:03:59Z</time>
    </rtept>
    <rtept lat="41.10736000" lon="-122.119240">
      <ele>1064.0000</ele>
      <time>2010-01-01T08:04:01Z</time>
    </rtept>
    <rtept lat="41.10731000" lon="-122.119310">
      <ele>1066.0000</ele>
      <time>2010-01-01T08:04:04Z</time>
    </rtept>
    <rtept lat="41.10724000" lon="-122.119370">
      <ele>1067.0000</ele>
      <time>2010-01-01T08:04:07Z</time>
    </rtept>
    <rtept lat="41.10709000" lon="-122.119400">
      <ele>1068.0000</ele>
      <time>2010-01-01T08:04:13Z</time>
    </rtept>
    <rtept lat="41.10701000" lon="-122.119360">
      <ele>1067.0000</ele>
      <time>2010-01-01T08:04:16Z</time>
    </rtept>
    <rtept lat="41.10698000" lon="-122.119280">
      <ele>1065.0000</ele>
      <time>2010-01-01T08:04:19Z</time>
    </rtept>
    <rtept lat="41.10696000" lon="-122.119200">
      <ele>1063.0000</ele>
      <time>2010-01-01T08:04:22Z</time>
    </rtept>
    <rtept lat="41.10690000" lon="-122.119080">
      <ele>1060.0000</ele>
      <time>2010-01-01T08:04:26Z</time>
    </rtept>
    <rtept lat="41.10688000" lon="-122.119070">
      <ele>1060.0000</ele>
      <time>2010-01-01T08:04:27Z</time>
    </rtept>
    <rtept lat="41.10684000" lon="-122.119060">
      <ele>1060.0000</ele>
      <time>2010-01-01T08:04:28Z</time>
    </rtept>
    <rtept lat="41.10678000" lon="-122.119110">
      <ele>1062.0000</ele>
      <time>2010-01-01T08:04:31Z</time>
    </rtept>
    <rtept lat="41.10668000" lon="-122.119170">
      <ele>1065.0000</ele>
      <time>2010-01-01T08:04:36Z</time>
    </rtept>
    <rtept lat="41.10664000" lon="-122.119170">
      <ele>1065.0000</ele>
      <time>2010-01-01T08:04:37Z</time>
    </rtept>
    <rtept lat="41.10658000" lon="-122.119160">
      <ele>1064.0000</ele>
      <time>2010-01-01T08:04:40Z</time>
    </rtept>
    <rtept lat="41.10651000" lon="-122.119090">
      <ele>1061.0000</ele>
      <time>2010-01-01T08:04:43Z</time>
    </rtept>
    <rtept lat="41.10642000" lon="-122.119040">
      <ele>1058.0000</ele>
      <time>2010-01-01T08:04:47Z</time>
    </rtept>
    <rtept lat="41.10639000" lon="-122.119030">
      <ele>1058.0000</ele>
      <time>2010-01-01T08:04:48Z</time>
    </rtept>
    <rtept lat="41.10633000" lon="-122.119030">
      <ele>1057.0000</ele>
      <time>2010-01-01T08:04:51Z</time>
    </rtept>
    <rtept lat="41.10630000" lon="-122.119050">
      <ele>1057.0000</ele>
      <time>2010-01-01T08:04:52Z</time>
    </rtept>
    <rtept lat="41.10620000" lon="-122.119070">
      <ele>1055.0000</ele>
      <time>2010-01-01T08:04:56Z</time>
    </rtept>
    <rtept lat="41.10613000" lon="-122.119070">
      <ele>1054.0000</ele>
      <time>2010-01-01T08:04:59Z</time>
    </rtept>
    <rtept lat="41.10594000" lon="-122.119100">
      <ele>1051.0000</ele>
      <time>2010-01-01T08:05:07Z</time>
    </rtept>
    <rtept lat="41.10587000" lon="-122.119100">
      <ele>1050.0000</ele>
      <time>2010-01-01T08:05:09Z</time>
    </rtept>
    <rtept lat="41.10584000" lon="-122.119100">
      <ele>1049.0000</ele>
      <time>2010-01-01T08:05:11Z</time>
    </rtept>
    <rtept lat="41.10578000" lon="-122.119140">
      <ele>1048.0000</ele>
      <time>2010-01-01T08:05:13Z</time>
    </rtept>
    <rtept lat="41.10573000" lon="-122.119190">
      <ele>1048.0000</ele>
      <time>2010-01-01T08:05:16Z</time>
    </rtept>
    <rtept lat="41.10570000" lon="-122.119250">
      <ele>1048.0000</ele>
      <time>2010-01-01T08:05:18Z</time>
    </rtept>
    <rtept lat="41.10567000" lon="-122.119420">
      <ele>1050.0000</ele>
      <time>2010-01-01T08:05:23Z</time>
    </rtept>
    <rtept lat="41.10567000" lon="-122.119650">
      <ele>1052.0000</ele>
      <time>2010-01-01T08:05:30Z</time>
    </rtept>
    <rtept lat="41.10563000" lon="-122.119900">
      <ele>1053.0000</ele>
      <time>2010-01-01T08:05:38Z</time>
    </rtept>
    <rtept lat="41.10557000" lon="-122.120250">
      <ele>1055.0000</ele>
      <time>2010-01-01T08:05:49Z</time>
    </rtept>
    <rtept lat="41.10547000" lon="-122.120510">
      <ele>1051.0000</ele>
      <time>2010-01-01T08:05:58Z</time>
    </rtept>
    <rtept lat="41.10544000" lon="-122.120630">
      <ele>1051.0000</ele>
      <time>2010-01-01T08:06:01Z</time>
    </rtept>
    <rtept lat="41.10542000" lon="-122.120790">
      <ele>1052.0000</ele>
      <time>2010-01-01T08:06:06Z</time>
    </rtept>
    <rtept lat="41.10545000" lon="-122.120890">
      <ele>1055.0000</ele>
      <time>2010-01-01T08:06:10Z</time>
    </rtept>
    <rtept lat="41.10545000" lon="-122.120980">
      <ele>1058.0000</ele>
      <time>2010-01-01T08:06:12Z</time>
    </rtept>
    <rtept lat="41.10539000" lon="-122.121120">
      <ele>1059.0000</ele>
      <time>2010-01-01T08:06:17Z</time>
    </rtept>
    <rtept lat="41.10529000" lon="-122.121250">
      <ele>1060.0000</ele>
      <time>2010-01-01T08:06:23Z</time>
    </rtept>
    <rtept lat="41.10524000" lon="-122.121370">
      <ele>1063.0000</ele>
      <time>2010-01-01T08:06:27Z</time>
    </rtept>
    <rtept lat="41.10520000" lon="-122.121520">
      <ele>1067.0000</ele>
      <time>2010-01-01T08:06:32Z</time>
    </rtept>
    <rtept lat="41.10517000" lon="-122.121780">
      <ele>1074.0000</ele>
      <time>2010-01-01T08:06:40Z</time>
    </rtept>
    <rtept lat="41.10510000" lon="-122.121860">
      <ele>1074.0000</ele>
      <time>2010-01-01T08:06:43Z</time>
    </rtept>
    <rtept lat="41.10503000" lon="-122.121900">
      <ele>1075.0000</ele>
      <time>2010-01-01T08:06:46Z</time>
    </rtept>
    <rtept lat="41.10499000" lon="-122.121910">
      <ele>1075.0000</ele>
      <time>2010-01-01T08:06:48Z</time>
    </rtept>
    <rtept lat="41.10491000" lon="-122.121920">
      <ele>1075.0000</ele>
      <time>2010-01-01T08:06:51Z</time>
    </rtept>
    <rtept lat="41.10481000" lon="-122.121950">
      <ele>1076.0000</ele>
      <time>2010-01-01T08:06:55Z</time>
    </rtept>
    <rtept lat="41.10466000" lon="-122.121990">
      <ele>1076.0000</ele>
      <time>2010-01-01T08:07:01Z</time>
    </rtept>
    <rtept lat="41.10448000" lon="-122.122010">
      <ele>1075.0000</ele>
      <time>2010-01-01T08:07:09Z</time>
    </rtept>
    <rtept lat="41.10437000" lon="-122.122000">
      <ele>1074.0000</ele>
      <time>2010-01-01T08:07:13Z</time>
    </rtept>
    <rtept lat="41.10433000" lon="-122.122000">
      <ele>1074.0000</ele>
      <time>2010-01-01T08:07:15Z</time>
    </rtept>
    <rtept lat="41.10399000" lon="-122.121930">
      <ele>1068.0000</ele>
      <time>2010-01-01T08:07:28Z</time>
    </rtept>
    <rtept lat="41.10368000" lon="-122.121940">
      <ele>1058.0000</ele>
      <time>2010-01-01T08:07:41Z</time>
    </rtept>
    <rtept lat="41.10346000" lon="-122.122040">
      <ele>1048.0000</ele>
      <time>2010-01-01T08:07:50Z</time>
    </rtept>
    <rtept lat="41.10339000" lon="-122.122110">
      <ele>1044.0000</ele>
      <time>2010-01-01T08:07:54Z</time>
    </rtept>
    <rtept lat="41.10337000" lon="-122.122160">
      <ele>1043.0000</ele>
      <time>2010-01-01T08:07:55Z</time>
    </rtept>
    <rtept lat="41.10333000" lon="-122.122330">
      <ele>1044.0000</ele>
      <time>2010-01-01T08:08:01Z</time>
    </rtept>
    <rtept lat="41.10334000" lon="-122.122540">
      <ele>1049.0000</ele>
      <time>2010-01-01T08:08:07Z</time>
    </rtept>
    <rtept lat="41.10336000" lon="-122.122650">
      <ele>1052.0000</ele>
      <time>2010-01-01T08:08:10Z</time>
    </rtept>
    <rtept lat="41.10334000" lon="-122.122790">
      <ele>1054.0000</ele>
      <time>2010-01-01T08:08:15Z</time>
    </rtept>
    <rtept lat="41.10329000" lon="-122.122900">
      <ele>1054.0000</ele>
      <time>2010-01-01T08:08:19Z</time>
    </rtept>
    <rtept lat="41.10313000" lon="-122.123000">
      <ele>1050.0000</ele>
      <time>2010-01-01T08:08:26Z</time>
    </rtept>
    <rtept lat="41.10307000" lon="-122.123020">
      <ele>1048.0000</ele>
      <time>2010-01-01T08:08:28Z</time>
    </rtept>
    <rtept lat="41.10295000" lon="-122.123080">
      <ele>1047.0000</ele>
      <time>2010-01-01T08:08:33Z</time>
    </rtept>
    <rtept lat="41.10289000" lon="-122.123130">
      <ele>1046.0000</ele>
      <time>2010-01-01T08:08:36Z</time>
    </rtept>
    <rtept lat="41.10285000" lon="-122.123190">
      <ele>1045.0000</ele>
      <time>2010-01-01T08:08:39Z</time>
    </rtept>
    <rtept lat="41.10283000" lon="-122.123290">
      <ele>1044.0000</ele>
      <time>2010-01-01T08:08:42Z</time>
    </rtept>
    <rtept lat="41.10287000" lon="-122.123420">
      <ele>1043.0000</ele>
      <time>2010-01-01T08:08:46Z</time>
    </rtept>
    <rtept lat="41.10295000" lon="-122.123490">
      <ele>1044.0000</ele>
      <time>2010-01-01T08:08:50Z</time>
    </rtept>
    <rtept lat="41.10303000" lon="-122.123540">
      <ele>1046.0000</ele>
      <time>2010-01-01T08:08:53Z</time>
    </rtept>
    <rtept lat="41.10317000" lon="-122.123570">
      <ele>1049.0000</ele>
      <time>2010-01-01T08:08:59Z</time>
    </rtept>
    <rtept lat="41.10340000" lon="-122.123640">
      <ele>1051.0000</ele>
      <time>2010-01-01T08:09:08Z</time>
    </rtept>
    <rtept lat="41.10352000" lon="-122.123670">
      <ele>1051.0000</ele>
      <time>2010-01-01T08:09:13Z</time>
    </rtept>
    <rtept lat="41.10365000" lon="-122.123730">
      <ele>1049.0000</ele>
      <time>2010-01-01T08:09:19Z</time>
    </rtept>
    <rtept lat="41.10381000" lon="-122.123840">
      <ele>1045.0000</ele>
      <time>2010-01-01T08:09:26Z</time>
    </rtept>
    <rtept lat="41.10393000" lon="-122.123950">
      <ele>1042.0000</ele>
      <time>2010-01-01T08:09:32Z</time>
    </rtept>
    <rtept lat="41.10397000" lon="-122.123970">
      <ele>1042.0000</ele>
      <time>2010-01-01T08:09:34Z</time>
    </rtept>
    <rtept lat="41.10406000" lon="-122.124000">
      <ele>1043.0000</ele>
      <time>2010-01-01T08:09:37Z</time>
    </rtept>
    <rtept lat="41.10423000" lon="-122.124020">
      <ele>1046.0000</ele>
      <time>2010-01-01T08:09:44Z</time>
    </rtept>
    <rtept lat="41.10449000" lon="-122.124060">
      <ele>1050.0000</ele>
      <time>2010-01-01T08:09:55Z</time>
    </rtept>
    <rtept lat="41.10460000" lon="-122.124120">
      <ele>1049.0000</ele>
      <time>2010-01-01T08:09:59Z</time>
    </rtept>
    <rtept lat="41.10470000" lon="-122.124220">
      <ele>1046.0000</ele>
      <time>2010-01-01T08:10:04Z</time>
    </rtept>
    <rtept lat="41.10473000" lon="-122.124280">
      <ele>1044.0000</ele>
      <time>2010-01-01T08:10:07Z</time>
    </rtept>
    <rtept lat="41.10480000" lon="-122.124370">
      <ele>1042.0000</ele>
      <time>2010-01-01T08:10:10Z</time>
    </rtept>
    <rtept lat="41.10492000" lon="-122.124470">
      <ele>1041.0000</ele>
      <time>2010-01-01T08:10:16Z</time>
    </rtept>
    <rtept lat="41.10504000" lon="-122.124520">
      <ele>1042.0000</ele>
      <time>2010-01-01T08:10:21Z</time>
    </rtept>
    <rtept lat="41.10518000" lon="-122.124540">
      <ele>1043.0000</ele>
      <time>2010-01-01T08:10:27Z</time>
    </rtept>
    <rtept lat="41.10539000" lon="-122.124550">
      <ele>1044.0000</ele>
      <time>2010-01-01T08:10:35Z</time>
    </rtept>
    <rtept lat="41.10553000" lon="-122.124500">
      <ele>1045.0000</ele>
      <time>2010-01-01T08:10:41Z</time>
    </rtept>
    <rtept lat="41.10567000" lon="-122.124460">
      <ele>1045.0000</ele>
      <time>2010-01-01T08:10:47Z</time>
    </rtept>
    <rtept lat="41.10582000" lon="-122.124450">
      <ele>1043.0000</ele>
      <time>2010-01-01T08:10:53Z</time>
    </rtept>
    <rtept lat="41.10591000" lon="-122.124380">
      <ele>1046.0000</ele>
      <time>2010-01-01T08:10:57Z</time>
    </rtept>
    <rtept lat="41.10603000" lon="-122.124240">
      <ele>1051.0000</ele>
      <time>2010-01-01T08:11:03Z</time>
    </rtept>
    <rtept lat="41.10612000" lon="-122.124080">
      <ele>1056.0000</ele>
      <time>2010-01-01T08:11:09Z</time>
    </rtept>
    <rtept lat="41.10613000" lon="-122.124020">
      <ele>1057.0000</ele>
      <time>2010-01-01T08:11:11Z</time>
    </rtept>
    <rtept lat="41.10615000" lon="-122.123890">
      <ele>1060.0000</ele>
      <time>2010-01-01T08:11:15Z</time>
    </rtept>
    <rtept lat="41.10617000" lon="-122.123820">
      <ele>1062.0000</ele>
      <time>2010-01-01T08:11:17Z</time>
    </rtept>
    <rtept lat="41.10618000" lon="-122.123790">
      <ele>1062.0000</ele>
      <time>2010-01-01T08:11:18Z</time>
    </rtept>
    <rtept lat="41.10622000" lon="-122.123790">
      <ele>1063.0000</ele>
      <time>2010-01-01T08:11:20Z</time>
    </rtept>
    <rtept lat="41.10624000" lon="-122.123870">
      <ele>1061.0000</ele>
      <time>2010-01-01T08:11:23Z</time>
    </rtept>
    <rtept lat="41.10631000" lon="-122.124030">
      <ele>1060.0000</ele>
      <time>2010-01-01T08:11:28Z</time>
    </rtept>
    <rtept lat="41.10635000" lon="-122.124110">
      <ele>1059.0000</ele>
      <time>2010-01-01T08:11:31Z</time>
    </rtept>
    <rtept lat="41.10638000" lon="-122.124240">
      <ele>1058.0000</ele>
      <time>2010-01-01T08:11:35Z</time>
    </rtept>
    <rtept lat="41.10639000" lon="-122.124460">
      <ele>1053.0000</ele>
      <time>2010-01-01T08:11:42Z</time>
    </rtept>
    <rtept lat="41.10640000" lon="-122.124590">
      <ele>1051.0000</ele>
      <time>2010-01-01T08:11:46Z</time>
    </rtept>
    <rtept lat="41.10646000" lon="-122.124710">
      <ele>1050.0000</ele>
      <time>2010-01-01T08:11:50Z</time>
    </rtept>
    <rtept lat="41.10658000" lon="-122.124780">
      <ele>1050.0000</ele>
      <time>2010-01-01T08:11:55Z</time>
    </rtept>
    <rtept lat="41.10676000" lon="-122.124810">
      <ele>1051.0000</ele>
      <time>2010-01-01T08:12:03Z</time>
    </rtept>
    <rtept lat="41.10713000" lon="-122.124820">
      <ele>1058.0000</ele>
      <time>2010-01-01T08:12:17Z</time>
    </rtept>
    <rtept lat="41.10736000" lon="-122.124790">
      <ele>1061.0000</ele>
      <time>2010-01-01T08:12:27Z</time>
    </rtept>
    <rtept lat="41.10753000" lon="-122.124750">
      <ele>1061.0000</ele>
      <time>2010-01-01T08:12:34Z</time>
    </rtept>
    <rtept lat="41.10762000" lon="-122.124680">
      <ele>1061.0000</ele>
      <time>2010-01-01T08:12:38Z</time>
    </rtept>
    <rtept lat="41.10770000" lon="-122.124560">
      <ele>1064.0000</ele>
      <time>2010-01-01T08:12:43Z</time>
    </rtept>
    <rtept lat="41.10776000" lon="-122.124400">
      <ele>1069.0000</ele>
      <time>2010-01-01T08:12:48Z</time>
    </rtept>
    <rtept lat="41.10784000" lon="-122.124270">
      <ele>1071.0000</ele>
      <time>2010-01-01T08:12:53Z</time>
    </rtept>
    <rtept lat="41.10790000" lon="-122.124210">
      <ele>1072.0000</ele>
      <time>2010-01-01T08:12:56Z</time>
    </rtept>
    <rtept lat="41.10795000" lon="-122.124180">
      <ele>1072.0000</ele>
      <time>2010-01-01T08:12:58Z</time>
    </rtept>
    <rtept lat="41.10805000" lon="-122.124170">
      <ele>1070.0000</ele>
      <time>2010-01-01T08:13:02Z</time>
    </rtept>
    <rtept lat="41.10822000" lon="-122.124170">
      <ele>1066.0000</ele>
      <time>2010-01-01T08:13:09Z</time>
    </rtept>
    <rtept lat="41.10829000" lon="-122.124150">
      <ele>1065.0000</ele>
      <time>2010-01-01T08:13:12Z</time>
    </rtept>
    <rtept lat="41.10838000" lon="-122.124100">
      <ele>1066.0000</ele>
      <time>2010-01-01T08:13:16Z</time>
    </rtept>
    <rtept lat="41.10849000" lon="-122.124030">
      <ele>1068.0000</ele>
      <time>2010-01-01T08:13:21Z</time>
    </rtept>
    <rtept lat="41.10860000" lon="-122.123920">
      <ele>1072.0000</ele>
      <time>2010-01-01T08:13:26Z</time>
    </rtept>
    <rtept lat="41.10866000" lon="-122.123890">
      <ele>1072.0000</ele>
      <time>2010-01-01T08:13:29Z</time>
    </rtept>
    <rtept lat="41.10880000" lon="-122.123890">
      <ele>1072.0000</ele>
      <time>2010-01-01T08:13:34Z</time>
    </rtept>
    <rtept lat="41.10907000" lon="-122.123940">
      <ele>1072.0000</ele>
      <time>2010-01-01T08:13:45Z</time>
    </rtept>
    <rtept lat="41.10917000" lon="-122.123920">
      <ele>1074.0000</ele>
      <time>2010-01-01T08:13:49Z</time>
    </rtept>
    <rtept lat="41.10926000" lon="-122.123850">
      <ele>1076.0000</ele>
      <time>2010-01-01T08:13:54Z</time>
    </rtept>
    <rtept lat="41.10929000" lon="-122.123810">
      <ele>1077.0000</ele>
      <time>2010-01-01T08:13:55Z</time>
    </rtept>
    <rtept lat="41.10932000" lon="-122.123740">
      <ele>1078.0000</ele>
      <time>2010-01-01T08:13:58Z</time>
    </rtept>
    <rtept lat="41.10934000" lon="-122.123540">
      <ele>1082.0000</ele>
      <time>2010-01-01T08:14:04Z</time>
    </rtept>
    <rtept lat="41.10934000" lon="-122.123310">
      <ele>1088.0000</ele>
      <time>2010-01-01T08:14:11Z</time>
    </rtept>
    <rtept lat="41.10935000" lon="-122.123120">
      <ele>1094.0000</ele>
      <time>2010-01-01T08:14:16Z</time>
    </rtept>
    <rtept lat="41.10939000" lon="-122.123070">
      <ele>1094.0000</ele>
      <time>2010-01-01T08:14:19Z</time>
    </rtept>
    <rtept lat="41.10947000" lon="-122.123070">
      <ele>1093.0000</ele>
      <time>2010-01-01T08:14:22Z</time>
    </rtept>
    <rtept lat="41.10974000" lon="-122.123490">
      <ele>1089.0000</ele>
      <time>2010-01-01T08:14:39Z</time>
    </rtept>
    <rtept lat="41.10987000" lon="-122.123590">
      <ele>1093.0000</ele>
      <time>2010-01-01T08:14:45Z</time>
    </rtept>
    <rtept lat="41.10997000" lon="-122.123890">
      <ele>1093.0000</ele>
      <time>2010-01-01T08:14:54Z</time>
    </rtept>
    <rtept lat="41.11000000" lon="-122.124180">
      <ele>1090.0000</ele>
      <time>2010-01-01T08:15:03Z</time>
    </rtept>
    <rtept lat="41.10991000" lon="-122.124650">
      <ele>1077.0000</ele>
      <time>2010-01-01T08:15:18Z</time>
    </rtept>
    <rtept lat="41.10994000" lon="-122.124750">
      <ele>1076.0000</ele>
      <time>2010-01-01T08:15:21Z</time>
    </rtept>
    <rtept lat="41.10997000" lon="-122.124850">
      <ele>1075.0000</ele>
      <time>2010-01-01T08:15:24Z</time>
    </rtept>
    <rtept lat="41.11007000" lon="-122.124940">
      <ele>1078.0000</ele>
      <time>2010-01-01T08:15:29Z</time>
    </rtept>
    <rtept lat="41.11017000" lon="-122.125000">
      <ele>1082.0000</ele>
      <time>2010-01-01T08:15:34Z</time>
    </rtept>
    <rtept lat="41.11025000" lon="-122.125010">
      <ele>1086.0000</ele>
      <time>2010-01-01T08:15:37Z</time>
    </rtept>
    <rtept lat="41.11032000" lon="-122.124980">
      <ele>1087.0000</ele>
      <time>2010-01-01T08:15:40Z</time>
    </rtept>
    <rtept lat="41.11040000" lon="-122.124870">
      <ele>1089.0000</ele>
      <time>2010-01-01T08:15:44Z</time>
    </rtept>
    <rtept lat="41.11061000" lon="-122.124700">
      <ele>1091.0000</ele>
      <time>2010-01-01T08:15:54Z</time>
    </rtept>
    <rtept lat="41.11079000" lon="-122.124550">
      <ele>1089.0000</ele>
      <time>2010-01-01T08:16:03Z</time>
    </rtept>
    <rtept lat="41.11091000" lon="-122.124450">
      <ele>1088.0000</ele>
      <time>2010-01-01T08:16:08Z</time>
    </rtept>
    <rtept lat="41.11097000" lon="-122.124360">
      <ele>1089.0000</ele>
      <time>2010-01-01T08:16:12Z</time>
    </rtept>
    <rtept lat="41.11102000" lon="-122.124200">
      <ele>1091.0000</ele>
      <time>2010-01-01T08:16:17Z</time>
    </rtept>
    <rtept lat="41.11099000" lon="-122.123840">
      <ele>1098.0000</ele>
      <time>2010-01-01T08:16:28Z</time>
    </rtept>
    <rtept lat="41.11101000" lon="-122.123680">
      <ele>1100.0000</ele>
      <time>2010-01-01T08:16:33Z</time>
    </rtept>
    <rtept lat="41.11106000" lon="-122.123570">
      <ele>1100.0000</ele>
      <time>2010-01-01T08:16:37Z</time>
    </rtept>
    <rtept lat="41.11111000" lon="-122.123500">
      <ele>1100.0000</ele>
      <time>2010-01-01T08:16:40Z</time>
    </rtept>
    <rtept lat="41.11116000" lon="-122.123490">
      <ele>1100.0000</ele>
      <time>2010-01-01T08:16:42Z</time>
    </rtept>
    <rtept lat="41.11121000" lon="-122.123510">
      <ele>1099.0000</ele>
      <time>2010-01-01T08:16:44Z</time>
    </rtept>
    <rtept lat="41.11131000" lon="-122.123630">
      <ele>1096.0000</ele>
      <time>2010-01-01T08:16:49Z</time>
    </rtept>
    <rtept lat="41.11153000" lon="-122.123930">
      <ele>1088.0000</ele>
      <time>2010-01-01T08:17:02Z</time>
    </rtept>
    <rtept lat="41.11167000" lon="-122.124040">
      <ele>1085.0000</ele>
      <time>2010-01-01T08:17:09Z</time>
    </rtept>
    <rtept lat="41.11181000" lon="-122.124080">
      <ele>1085.0000</ele>
      <time>2010-01-01T08:17:14Z</time>
    </rtept>
    <rtept lat="41.11197000" lon="-122.124080">
      <ele>1087.0000</ele>
      <time>2010-01-01T08:17:21Z</time>
    </rtept>
    <rtept lat="41.11210000" lon="-122.124100">
      <ele>1087.0000</ele>
      <time>2010-01-01T08:17:26Z</time>
    </rtept>
    <rtept lat="41.11223000" lon="-122.124090">
      <ele>1087.0000</ele>
      <time>2010-01-01T08:17:31Z</time>
    </rtept>
    <rtept lat="41.11235000" lon="-122.124160">
      <ele>1090.0000</ele>
      <time>2010-01-01T08:17:36Z</time>
    </rtept>
    <rtept lat="41.11238000" lon="-122.124240">
      <ele>1091.0000</ele>
      <time>2010-01-01T08:17:39Z</time>
    </rtept>
    <rtept lat="41.11237000" lon="-122.124340">
      <ele>1091.0000</ele>
      <time>2010-01-01T08:17:42Z</time>
    </rtept>
    <rtept lat="41.11235000" lon="-122.124390">
      <ele>1091.0000</ele>
      <time>2010-01-01T08:17:44Z</time>
    </rtept>
    <rtept lat="41.11229000" lon="-122.124470">
      <ele>1089.0000</ele>
      <time>2010-01-01T08:17:47Z</time>
    </rtept>
    <rtept lat="41.11216000" lon="-122.124630">
      <ele>1086.0000</ele>
      <time>2010-01-01T08:17:54Z</time>
    </rtept>
    <rtept lat="41.11209000" lon="-122.124780">
      <ele>1084.0000</ele>
      <time>2010-01-01T08:18:00Z</time>
    </rtept>
    <rtept lat="41.11198000" lon="-122.125110">
      <ele>1080.0000</ele>
      <time>2010-01-01T08:18:10Z</time>
    </rtept>
    <rtept lat="41.11189000" lon="-122.125480">
      <ele>1077.0000</ele>
      <time>2010-01-01T08:18:22Z</time>
    </rtept>
    <rtept lat="41.11185000" lon="-122.125730">
      <ele>1073.0000</ele>
      <time>2010-01-01T08:18:30Z</time>
    </rtept>
    <rtept lat="41.11185000" lon="-122.125920">
      <ele>1070.0000</ele>
      <time>2010-01-01T08:18:36Z</time>
    </rtept>
    <rtept lat="41.11188000" lon="-122.126070">
      <ele>1068.0000</ele>
      <time>2010-01-01T08:18:40Z</time>
    </rtept>
    <rtept lat="41.11192000" lon="-122.126180">
      <ele>1067.0000</ele>
      <time>2010-01-01T08:18:44Z</time>
    </rtept>
    <rtept lat="41.11198000" lon="-122.126280">
      <ele>1066.0000</ele>
      <time>2010-01-01T08:18:48Z</time>
    </rtept>
    <rtept lat="41.11208000" lon="-122.126370">
      <ele>1068.0000</ele>
      <time>2010-01-01T08:18:53Z</time>
    </rtept>
    <rtept lat="41.11216000" lon="-122.126460">
      <ele>1069.0000</ele>
      <time>2010-01-01T08:18:57Z</time>
    </rtept>
    <rtept lat="41.11227000" lon="-122.126610">
      <ele>1069.0000</ele>
      <time>2010-01-01T08:19:03Z</time>
    </rtept>
    <rtept lat="41.11237000" lon="-122.126720">
      <ele>1068.0000</ele>
      <time>2010-01-01T08:19:08Z</time>
    </rtept>
    <rtept lat="41.11247000" lon="-122.126790">
      <ele>1067.0000</ele>
      <time>2010-01-01T08:19:13Z</time>
    </rtept>
    <rtept lat="41.11255000" lon="-122.126820">
      <ele>1066.0000</ele>
      <time>2010-01-01T08:19:16Z</time>
    </rtept>
    <rtept lat="41.11259000" lon="-122.126820">
      <ele>1067.0000</ele>
      <time>2010-01-01T08:19:18Z</time>
    </rtept>
    <rtept lat="41.11270000" lon="-122.126780">
      <ele>1069.0000</ele>
      <time>2010-01-01T08:19:22Z</time>
    </rtept>
    <rtept lat="41.11310000" lon="-122.126610">
      <ele>1075.0000</ele>
      <time>2010-01-01T08:19:39Z</time>
    </rtept>
    <rtept lat="41.11333000" lon="-122.126490">
      <ele>1079.0000</ele>
      <time>2010-01-01T08:19:49Z</time>
    </rtept>
    <rtept lat="41.11363000" lon="-122.126380">
      <ele>1082.0000</ele>
      <time>2010-01-01T08:20:02Z</time>
    </rtept>
    <rtept lat="41.11374000" lon="-122.126330">
      <ele>1083.0000</ele>
      <time>2010-01-01T08:20:06Z</time>
    </rtept>
    <rtept lat="41.11379000" lon="-122.126300">
      <ele>1084.0000</ele>
      <time>2010-01-01T08:20:08Z</time>
    </rtept>
    <rtept lat="41.11387000" lon="-122.126200">
      <ele>1087.0000</ele>
      <time>2010-01-01T08:20:13Z</time>
    </rtept>
    <rtept lat="41.11401000" lon="-122.125950">
      <ele>1089.0000</ele>
      <time>2010-01-01T08:20:22Z</time>
    </rtept>
    <rtept lat="41.11429000" lon="-122.125590">
      <ele>1090.0000</ele>
      <time>2010-01-01T08:20:38Z</time>
    </rtept>
    <rtept lat="41.11454000" lon="-122.125280">
      <ele>1095.0000</ele>
      <time>2010-01-01T08:20:52Z</time>
    </rtept>
    <rtept lat="41.11516000" lon="-122.124430">
      <ele>1087.0000</ele>
      <time>2010-01-01T08:21:27Z</time>
    </rtept>
    <rtept lat="41.11522000" lon="-122.124320">
      <ele>1087.0000</ele>
      <time>2010-01-01T08:21:31Z</time>
    </rtept>
    <rtept lat="41.11526000" lon="-122.124200">
      <ele>1088.0000</ele>
      <time>2010-01-01T08:21:35Z</time>
    </rtept>
    <rtept lat="41.11527000" lon="-122.124160">
      <ele>1088.0000</ele>
      <time>2010-01-01T08:21:37Z</time>
    </rtept>
    <rtept lat="41.11533000" lon="-122.123940">
      <ele>1091.0000</ele>
      <time>2010-01-01T08:21:44Z</time>
    </rtept>
    <rtept lat="41.11536000" lon="-122.123870">
      <ele>1091.0000</ele>
      <time>2010-01-01T08:21:46Z</time>
    </rtept>
    <rtept lat="41.11541000" lon="-122.123810">
      <ele>1091.0000</ele>
      <time>2010-01-01T08:21:49Z</time>
    </rtept>
    <rtept lat="41.11544000" lon="-122.123790">
      <ele>1091.0000</ele>
      <time>2010-01-01T08:21:50Z</time>
    </rtept>
    <rtept lat="41.11550000" lon="-122.123770">
      <ele>1090.0000</ele>
      <time>2010-01-01T08:21:53Z</time>
    </rtept>
    <rtept lat="41.11555000" lon="-122.123770">
      <ele>1090.0000</ele>
      <time>2010-01-01T08:21:55Z</time>
    </rtept>
    <rtept lat="41.11564000" lon="-122.123800">
      <ele>1092.0000</ele>
      <time>2010-01-01T08:21:58Z</time>
    </rtept>
    <rtept lat="41.11570000" lon="-122.123800">
      <ele>1094.0000</ele>
      <time>2010-01-01T08:22:01Z</time>
    </rtept>
    <rtept lat="41.11579000" lon="-122.123770">
      <ele>1097.0000</ele>
      <time>2010-01-01T08:22:04Z</time>
    </rtept>
    <rtept lat="41.11587000" lon="-122.123760">
      <ele>1100.0000</ele>
      <time>2010-01-01T08:22:08Z</time>
    </rtept>
    <rtept lat="41.11595000" lon="-122.123770">
      <ele>1103.0000</ele>
      <time>2010-01-01T08:22:11Z</time>
    </rtept>
    <rtept lat="41.11603000" lon="-122.123820">
      <ele>1107.0000</ele>
      <time>2010-01-01T08:22:14Z</time>
    </rtept>
    <rtept lat="41.11607000" lon="-122.123880">
      <ele>1109.0000</ele>
      <time>2010-01-01T08:22:17Z</time>
    </rtept>
    <rtept lat="41.11604000" lon="-122.123990">
      <ele>1107.0000</ele>
      <time>2010-01-01T08:22:20Z</time>
    </rtept>
    <rtept lat="41.11593000" lon="-122.124190">
      <ele>1101.0000</ele>
      <time>2010-01-01T08:22:28Z</time>
    </rtept>
    <rtept lat="41.11587000" lon="-122.124380">
      <ele>1098.0000</ele>
      <time>2010-01-01T08:22:34Z</time>
    </rtept>
    <rtept lat="41.11582000" lon="-122.124590">
      <ele>1095.0000</ele>
      <time>2010-01-01T08:22:41Z</time>
    </rtept>
    <rtept lat="41.11580000" lon="-122.124690">
      <ele>1094.0000</ele>
      <time>2010-01-01T08:22:44Z</time>
    </rtept>
    <rtept lat="41.11581000" lon="-122.124810">
      <ele>1094.0000</ele>
      <time>2010-01-01T08:22:47Z</time>
    </rtept>
    <rtept lat="41.11586000" lon="-122.124910">
      <ele>1096.0000</ele>
      <time>2010-01-01T08:22:51Z</time>
    </rtept>
    <rtept lat="41.11597000" lon="-122.125020">
      <ele>1101.0000</ele>
      <time>2010-01-01T08:22:57Z</time>
    </rtept>
    <rtept lat="41.11613000" lon="-122.125080">
      <ele>1107.0000</ele>
      <time>2010-01-01T08:23:03Z</time>
    </rtept>
    <rtept lat="41.11646000" lon="-122.125210">
      <ele>1118.0000</ele>
      <time>2010-01-01T08:23:17Z</time>
    </rtept>
    <rtept lat="41.11663000" lon="-122.125320">
      <ele>1119.0000</ele>
      <time>2010-01-01T08:23:25Z</time>
    </rtept>
    <rtept lat="41.11705000" lon="-122.125610">
      <ele>1132.0000</ele>
      <time>2010-01-01T08:23:43Z</time>
    </rtept>
    <rtept lat="41.11728000" lon="-122.125790">
      <ele>1139.0000</ele>
      <time>2010-01-01T08:23:54Z</time>
    </rtept>
    <rtept lat="41.11756000" lon="-122.126060">
      <ele>1143.0000</ele>
      <time>2010-01-01T08:24:08Z</time>
    </rtept>
    <rtept lat="41.11774000" lon="-122.126200">
      <ele>1144.0000</ele>
      <time>2010-01-01T08:24:16Z</time>
    </rtept>
    <rtept lat="41.11788000" lon="-122.126290">
      <ele>1144.0000</ele>
      <time>2010-01-01T08:24:23Z</time>
    </rtept>
    <rtept lat="41.11811000" lon="-122.126430">
      <ele>1144.0000</ele>
      <time>2010-01-01T08:24:33Z</time>
    </rtept>
    <rtept lat="41.11820000" lon="-122.126490">
      <ele>1145.0000</ele>
      <time>2010-01-01T08:24:37Z</time>
    </rtept>
    <rtept lat="41.11823000" lon="-122.126560">
      <ele>1146.0000</ele>
      <time>2010-01-01T08:24:39Z</time>
    </rtept>
    <rtept lat="41.11821000" lon="-122.126620">
      <ele>1147.0000</ele>
      <time>2010-01-01T08:24:41Z</time>
    </rtept>
    <rtept lat="41.11816000" lon="-122.126670">
      <ele>1147.0000</ele>
      <time>2010-01-01T08:24:44Z</time>
    </rtept>
    <rtept lat="41.11801000" lon="-122.126660">
      <ele>1146.0000</ele>
      <time>2010-01-01T08:24:50Z</time>
    </rtept>
    <rtept lat="41.11798000" lon="-122.126650">
      <ele>1146.0000</ele>
      <time>2010-01-01T08:24:51Z</time>
    </rtept>
    <rtept lat="41.11779000" lon="-122.126620">
      <ele>1146.0000</ele>
      <time>2010-01-01T08:24:59Z</time>
    </rtept>
    <rtept lat="41.11767000" lon="-122.126630">
      <ele>1148.0000</ele>
      <time>2010-01-01T08:25:03Z</time>
    </rtept>
    <rtept lat="41.11763000" lon="-122.126640">
      <ele>1148.0000</ele>
      <time>2010-01-01T08:25:05Z</time>
    </rtept>
    <rtept lat="41.11744000" lon="-122.126760">
      <ele>1153.0000</ele>
      <time>2010-01-01T08:25:13Z</time>
    </rtept>
    <rtept lat="41.11734000" lon="-122.126780">
      <ele>1155.0000</ele>
      <time>2010-01-01T08:25:18Z</time>
    </rtept>
    <rtept lat="41.11731000" lon="-122.126780">
      <ele>1155.0000</ele>
      <time>2010-01-01T08:25:19Z</time>
    </rtept>
    <rtept lat="41.11722000" lon="-122.126710">
      <ele>1153.0000</ele>
      <time>2010-01-01T08:25:23Z</time>
    </rtept>
    <rtept lat="41.11708000" lon="-122.126640">
      <ele>1150.0000</ele>
      <time>2010-01-01T08:25:29Z</time>
    </rtept>
    <rtept lat="41.11704000" lon="-122.126640">
      <ele>1150.0000</ele>
      <time>2010-01-01T08:25:30Z</time>
    </rtept>
    <rtept lat="41.11666000" lon="-122.126590">
      <ele>1146.0000</ele>
      <time>2010-01-01T08:25:46Z</time>
    </rtept>
    <rtept lat="41.11639000" lon="-122.126610">
      <ele>1145.0000</ele>
      <time>2010-01-01T08:25:57Z</time>
    </rtept>
    <rtept lat="41.11621000" lon="-122.126680">
      <ele>1146.0000</ele>
      <time>2010-01-01T08:26:04Z</time>
    </rtept>
    <rtept lat="41.11607000" lon="-122.126790">
      <ele>1148.0000</ele>
      <time>2010-01-01T08:26:11Z</time>
    </rtept>
    <rtept lat="41.11595000" lon="-122.126960">
      <ele>1150.0000</ele>
      <time>2010-01-01T08:26:18Z</time>
    </rtept>
    <rtept lat="41.11583000" lon="-122.127250">
      <ele>1151.0000</ele>
      <time>2010-01-01T08:26:28Z</time>
    </rtept>
    <rtept lat="41.11576000" lon="-122.127570">
      <ele>1149.0000</ele>
      <time>2010-01-01T08:26:38Z</time>
    </rtept>
    <rtept lat="41.11573000" lon="-122.127830">
      <ele>1146.0000</ele>
      <time>2010-01-01T08:26:46Z</time>
    </rtept>
    <rtept lat="41.11576000" lon="-122.127990">
      <ele>1145.0000</ele>
      <time>2010-01-01T08:26:51Z</time>
    </rtept>
    <rtept lat="41.11582000" lon="-122.128090">
      <ele>1145.0000</ele>
      <time>2010-01-01T08:26:54Z</time>
    </rtept>
    <rtept lat="41.11596000" lon="-122.128160">
      <ele>1148.0000</ele>
      <time>2010-01-01T08:27:00Z</time>
    </rtept>
    <rtept lat="41.11610000" lon="-122.128240">
      <ele>1150.0000</ele>
      <time>2010-01-01T08:27:07Z</time>
    </rtept>
    <rtept lat="41.11635000" lon="-122.128450">
      <ele>1153.0000</ele>
      <time>2010-01-01T08:27:18Z</time>
    </rtept>
    <rtept lat="41.11639000" lon="-122.128460">
      <ele>1154.0000</ele>
      <time>2010-01-01T08:27:20Z</time>
    </rtept>
    <rtept lat="41.11659000" lon="-122.128550">
      <ele>1160.0000</ele>
      <time>2010-01-01T08:27:28Z</time>
    </rtept>
    <rtept lat="41.11670000" lon="-122.128630">
      <ele>1162.0000</ele>
      <time>2010-01-01T08:27:33Z</time>
    </rtept>
    <rtept lat="41.11687000" lon="-122.128930">
      <ele>1156.0000</ele>
      <time>2010-01-01T08:27:45Z</time>
    </rtept>
    <rtept lat="41.11700000" lon="-122.129080">
      <ele>1155.0000</ele>
      <time>2010-01-01T08:27:52Z</time>
    </rtept>
    <rtept lat="41.11735000" lon="-122.129330">
      <ele>1161.0000</ele>
      <time>2010-01-01T08:28:08Z</time>
    </rtept>
    <rtept lat="41.11752000" lon="-122.129410">
      <ele>1164.0000</ele>
      <time>2010-01-01T08:28:15Z</time>
    </rtept>
    <rtept lat="41.11766000" lon="-122.129460">
      <ele>1164.0000</ele>
      <time>2010-01-01T08:28:21Z</time>
    </rtept>
    <rtept lat="41.11769000" lon="-122.129470">
      <ele>1164.0000</ele>
      <time>2010-01-01T08:28:22Z</time>
    </rtept>
    <rtept lat="41.11784000" lon="-122.129490">
      <ele>1164.0000</ele>
      <time>2010-01-01T08:28:28Z</time>
    </rtept>
    <rtept lat="41.11805000" lon="-122.129450">
      <ele>1165.0000</ele>
      <time>2010-01-01T08:28:36Z</time>
    </rtept>
    <rtept lat="41.11837000" lon="-122.129340">
      <ele>1169.0000</ele>
      <time>2010-01-01T08:28:50Z</time>
    </rtept>
    <rtept lat="41.11898000" lon="-122.129040">
      <ele>1177.0000</ele>
      <time>2010-01-01T08:29:16Z</time>
    </rtept>
    <rtept lat="41.11909000" lon="-122.128940">
      <ele>1178.0000</ele>
      <time>2010-01-01T08:29:21Z</time>
    </rtept>
    <rtept lat="41.11924000" lon="-122.128840">
      <ele>1178.0000</ele>
      <time>2010-01-01T08:29:28Z</time>
    </rtept>
    <rtept lat="41.11936000" lon="-122.128830">
      <ele>1178.0000</ele>
      <time>2010-01-01T08:29:33Z</time>
    </rtept>
    <rtept lat="41.11947000" lon="-122.128880">
      <ele>1176.0000</ele>
      <time>2010-01-01T08:29:37Z</time>
    </rtept>
    <rtept lat="41.11962000" lon="-122.129020">
      <ele>1177.0000</ele>
      <time>2010-01-01T08:29:45Z</time>
    </rtept>
    <rtept lat="41.11986000" lon="-122.129230">
      <ele>1181.0000</ele>
      <time>2010-01-01T08:29:56Z</time>
    </rtept>
    <rtept lat="41.12000000" lon="-122.129300">
      <ele>1185.0000</ele>
      <time>2010-01-01T08:30:02Z</time>
    </rtept>
    <rtept lat="41.12018000" lon="-122.129340">
      <ele>1189.0000</ele>
      <time>2010-01-01T08:30:09Z</time>
    </rtept>
    <rtept lat="41.12034000" lon="-122.129400">
      <ele>1190.0000</ele>
      <time>2010-01-01T08:30:16Z</time>
    </rtept>
    <rtept lat="41.12041000" lon="-122.129450">
      <ele>1189.0000</ele>
      <time>2010-01-01T08:30:19Z</time>
    </rtept>
    <rtept lat="41.12049000" lon="-122.129560">
      <ele>1185.0000</ele>
      <time>2010-01-01T08:30:24Z</time>
    </rtept>
    <rtept lat="41.12062000" lon="-122.129640">
      <ele>1184.0000</ele>
      <time>2010-01-01T08:30:29Z</time>
    </rtept>
    <rtept lat="41.12070000" lon="-122.129670">
      <ele>1184.0000</ele>
      <time>2010-01-01T08:30:33Z</time>
    </rtept>
    <rtept lat="41.12081000" lon="-122.129640">
      <ele>1187.0000</ele>
      <time>2010-01-01T08:30:37Z</time>
    </rtept>
    <rtept lat="41.12099000" lon="-122.129580">
      <ele>1193.0000</ele>
      <time>2010-01-01T08:30:45Z</time>
    </rtept>
    <rtept lat="41.12104000" lon="-122.129580">
      <ele>1194.0000</ele>
      <time>2010-01-01T08:30:47Z</time>
    </rtept>
    <rtept lat="41.12111000" lon="-122.129580">
      <ele>1196.0000</ele>
      <time>2010-01-01T08:30:50Z</time>
    </rtept>
    <rtept lat="41.12117000" lon="-122.129610">
      <ele>1196.0000</ele>
      <time>2010-01-01T08:30:52Z</time>
    </rtept>
    <rtept lat="41.12125000" lon="-122.129720">
      <ele>1194.0000</ele>
      <time>2010-01-01T08:30:57Z</time>
    </rtept>
    <rtept lat="41.12125000" lon="-122.129770">
      <ele>1194.0000</ele>
      <time>2010-01-01T08:30:58Z</time>
    </rtept>
    <rtept lat="41.12129000" lon="-122.129980">
      <ele>1191.0000</ele>
      <time>2010-01-01T08:31:05Z</time>
    </rtept>
    <rtept lat="41.12135000" lon="-122.130170">
      <ele>1190.0000</ele>
      <time>2010-01-01T08:31:11Z</time>
    </rtept>
    <rtept lat="41.12144000" lon="-122.130280">
      <ele>1192.0000</ele>
      <time>2010-01-01T08:31:16Z</time>
    </rtept>
    <rtept lat="41.12159000" lon="-122.130370">
      <ele>1196.0000</ele>
      <time>2010-01-01T08:31:22Z</time>
    </rtept>
    <rtept lat="41.12173000" lon="-122.130380">
      <ele>1200.0000</ele>
      <time>2010-01-01T08:31:28Z</time>
    </rtept>
    <rtept lat="41.12201000" lon="-122.130320">
      <ele>1206.0000</ele>
      <time>2010-01-01T08:31:39Z</time>
    </rtept>
    <rtept lat="41.12209000" lon="-122.130360">
      <ele>1206.0000</ele>
      <time>2010-01-01T08:31:43Z</time>
    </rtept>
    <rtept lat="41.12218000" lon="-122.130510">
      <ele>1205.0000</ele>
      <time>2010-01-01T08:31:49Z</time>
    </rtept>
    <rtept lat="41.12220000" lon="-122.130640">
      <ele>1204.0000</ele>
      <time>2010-01-01T08:31:53Z</time>
    </rtept>
    <rtept lat="41.12216000" lon="-122.130790">
      <ele>1202.0000</ele>
      <time>2010-01-01T08:31:57Z</time>
    </rtept>
    <rtept lat="41.12212000" lon="-122.130940">
      <ele>1201.0000</ele>
      <time>2010-01-01T08:32:02Z</time>
    </rtept>
    <rtept lat="41.12198000" lon="-122.131520">
      <ele>1205.0000</ele>
      <time>2010-01-01T08:32:21Z</time>
    </rtept>
    <rtept lat="41.12192000" lon="-122.131820">
      <ele>1206.0000</ele>
      <time>2010-01-01T08:32:30Z</time>
    </rtept>
    <rtept lat="41.12186000" lon="-122.132040">
      <ele>1205.0000</ele>
      <time>2010-01-01T08:32:37Z</time>
    </rtept>
    <rtept lat="41.12186000" lon="-122.132190">
      <ele>1206.0000</ele>
      <time>2010-01-01T08:32:42Z</time>
    </rtept>
    <rtept lat="41.12191000" lon="-122.132280">
      <ele>1208.0000</ele>
      <time>2010-01-01T08:32:45Z</time>
    </rtept>
    <rtept lat="41.12204000" lon="-122.132350">
      <ele>1210.0000</ele>
      <time>2010-01-01T08:32:51Z</time>
    </rtept>
    <rtept lat="41.12215000" lon="-122.132340">
      <ele>1210.0000</ele>
      <time>2010-01-01T08:32:55Z</time>
    </rtept>
    <rtept lat="41.12232000" lon="-122.132310">
      <ele>1208.0000</ele>
      <time>2010-01-01T08:33:02Z</time>
    </rtept>
    <rtept lat="41.12247000" lon="-122.132210">
      <ele>1207.0000</ele>
      <time>2010-01-01T08:33:09Z</time>
    </rtept>
    <rtept lat="41.12256000" lon="-122.132090">
      <ele>1207.0000</ele>
      <time>2010-01-01T08:33:14Z</time>
    </rtept>
    <rtept lat="41.12268000" lon="-122.131980">
      <ele>1205.0000</ele>
      <time>2010-01-01T08:33:19Z</time>
    </rtept>
    <rtept lat="41.12281000" lon="-122.131940">
      <ele>1202.0000</ele>
      <time>2010-01-01T08:33:25Z</time>
    </rtept>
    <rtept lat="41.12302000" lon="-122.131910">
      <ele>1193.0000</ele>
      <time>2010-01-01T08:33:33Z</time>
    </rtept>
    <rtept lat="41.12318000" lon="-122.131750">
      <ele>1195.0000</ele>
      <time>2010-01-01T08:33:41Z</time>
    </rtept>
    <rtept lat="41.12334000" lon="-122.131570">
      <ele>1200.0000</ele>
      <time>2010-01-01T08:33:50Z</time>
    </rtept>
    <rtept lat="41.12353000" lon="-122.131530">
      <ele>1201.0000</ele>
      <time>2010-01-01T08:33:57Z</time>
    </rtept>
    <rtept lat="41.12376000" lon="-122.131540">
      <ele>1199.0000</ele>
      <time>2010-01-01T08:34:07Z</time>
    </rtept>
    <rtept lat="41.12401000" lon="-122.131660">
      <ele>1193.0000</ele>
      <time>2010-01-01T08:34:17Z</time>
    </rtept>
    <rtept lat="41.12416000" lon="-122.131790">
      <ele>1185.0000</ele>
      <time>2010-01-01T08:34:24Z</time>
    </rtept>
    <rtept lat="41.12432000" lon="-122.131900">
      <ele>1180.0000</ele>
      <time>2010-01-01T08:34:32Z</time>
    </rtept>
    <rtept lat="41.12447000" lon="-122.131980">
      <ele>1177.0000</ele>
      <time>2010-01-01T08:34:38Z</time>
    </rtept>
    <rtept lat="41.12466000" lon="-122.132020">
      <ele>1176.0000</ele>
      <time>2010-01-01T08:34:46Z</time>
    </rtept>
    <rtept lat="41.12486000" lon="-122.132030">
      <ele>1178.0000</ele>
      <time>2010-01-01T08:34:54Z</time>
    </rtept>
    <rtept lat="41.12505000" lon="-122.132010">
      <ele>1179.0000</ele>
      <time>2010-01-01T08:35:01Z</time>
    </rtept>
    <rtept lat="41.12520000" lon="-122.131950">
      <ele>1179.0000</ele>
      <time>2010-01-01T08:35:08Z</time>
    </rtept>
    <rtept lat="41.12562000" lon="-122.131610">
      <ele>1173.0000</ele>
      <time>2010-01-01T08:35:27Z</time>
    </rtept>
    <rtept lat="41.12573000" lon="-122.131490">
      <ele>1172.0000</ele>
      <time>2010-01-01T08:35:33Z</time>
    </rtept>
    <rtept lat="41.12576000" lon="-122.131360">
      <ele>1173.0000</ele>
      <time>2010-01-01T08:35:37Z</time>
    </rtept>
    <rtept lat="41.12577000" lon="-122.131190">
      <ele>1176.0000</ele>
      <time>2010-01-01T08:35:42Z</time>
    </rtept>
    <rtept lat="41.12581000" lon="-122.130920">
      <ele>1177.0000</ele>
      <time>2010-01-01T08:35:51Z</time>
    </rtept>
    <rtept lat="41.12592000" lon="-122.130520">
      <ele>1172.0000</ele>
      <time>2010-01-01T08:36:03Z</time>
    </rtept>
    <rtept lat="41.12593000" lon="-122.130260">
      <ele>1174.0000</ele>
      <time>2010-01-01T08:36:11Z</time>
    </rtept>
    <rtept lat="41.12598000" lon="-122.130110">
      <ele>1173.0000</ele>
      <time>2010-01-01T08:36:16Z</time>
    </rtept>
    <rtept lat="41.12606000" lon="-122.130000">
      <ele>1171.0000</ele>
      <time>2010-01-01T08:36:21Z</time>
    </rtept>
    <rtept lat="41.12614000" lon="-122.129900">
      <ele>1168.0000</ele>
      <time>2010-01-01T08:36:25Z</time>
    </rtept>
    <rtept lat="41.12623000" lon="-122.129760">
      <ele>1165.0000</ele>
      <time>2010-01-01T08:36:31Z</time>
    </rtept>
    <rtept lat="41.12633000" lon="-122.129700">
      <ele>1161.0000</ele>
      <time>2010-01-01T08:36:35Z</time>
    </rtept>
    <rtept lat="41.12654000" lon="-122.129660">
      <ele>1153.0000</ele>
      <time>2010-01-01T08:36:44Z</time>
    </rtept>
    <rtept lat="41.12662000" lon="-122.129610">
      <ele>1150.0000</ele>
      <time>2010-01-01T08:36:47Z</time>
    </rtept>
    <rtept lat="41.12663000" lon="-122.129580">
      <ele>1149.0000</ele>
      <time>2010-01-01T08:36:48Z</time>
    </rtept>
    <rtept lat="41.12666000" lon="-122.129520">
      <ele>1148.0000</ele>
      <time>2010-01-01T08:36:50Z</time>
    </rtept>
    <rtept lat="41.12665000" lon="-122.129450">
      <ele>1148.0000</ele>
      <time>2010-01-01T08:36:53Z</time>
    </rtept>
    <rtept lat="41.12657000" lon="-122.129340">
      <ele>1150.0000</ele>
      <time>2010-01-01T08:36:57Z</time>
    </rtept>
    <rtept lat="41.12644000" lon="-122.129220">
      <ele>1153.0000</ele>
      <time>2010-01-01T08:37:04Z</time>
    </rtept>
    <rtept lat="41.12631000" lon="-122.129100">
      <ele>1156.0000</ele>
      <time>2010-01-01T08:37:10Z</time>
    </rtept>
    <rtept lat="41.12623000" lon="-122.128990">
      <ele>1158.0000</ele>
      <time>2010-01-01T08:37:14Z</time>
    </rtept>
    <rtept lat="41.12614000" lon="-122.128800">
      <ele>1158.0000</ele>
      <time>2010-01-01T08:37:21Z</time>
    </rtept>
    <rtept lat="41.12605000" lon="-122.128680">
      <ele>1160.0000</ele>
      <time>2010-01-01T08:37:26Z</time>
    </rtept>
    <rtept lat="41.12598000" lon="-122.128610">
      <ele>1161.0000</ele>
      <time>2010-01-01T08:37:30Z</time>
    </rtept>
    <rtept lat="41.12593000" lon="-122.128540">
      <ele>1164.0000</ele>
      <time>2010-01-01T08:37:33Z</time>
    </rtept>
    <rtept lat="41.12592000" lon="-122.128490">
      <ele>1164.0000</ele>
      <time>2010-01-01T08:37:34Z</time>
    </rtept>
    <rtept lat="41.12594000" lon="-122.128440">
      <ele>1164.0000</ele>
      <time>2010-01-01T08:37:36Z</time>
    </rtept>
    <rtept lat="41.12598000" lon="-122.128410">
      <ele>1163.0000</ele>
      <time>2010-01-01T08:37:38Z</time>
    </rtept>
    <rtept lat="41.12600000" lon="-122.128360">
      <ele>1162.0000</ele>
      <time>2010-01-01T08:37:40Z</time>
    </rtept>
    <rtept lat="41.12601000" lon="-122.128280">
      <ele>1163.0000</ele>
      <time>2010-01-01T08:37:42Z</time>
    </rtept>
    <rtept lat="41.12605000" lon="-122.128250">
      <ele>1162.0000</ele>
      <time>2010-01-01T08:37:44Z</time>
    </rtept>
    <rtept lat="41.12617000" lon="-122.128410">
      <ele>1156.0000</ele>
      <time>2010-01-01T08:37:51Z</time>
    </rtept>
    <rtept lat="41.12634000" lon="-122.128480">
      <ele>1151.0000</ele>
      <time>2010-01-01T08:37:58Z</time>
    </rtept>
    <rtept lat="41.12648000" lon="-122.128500">
      <ele>1146.0000</ele>
      <time>2010-01-01T08:38:03Z</time>
    </rtept>
    <rtept lat="41.12660000" lon="-122.128440">
      <ele>1142.0000</ele>
      <time>2010-01-01T08:38:09Z</time>
    </rtept>
    <rtept lat="41.12668000" lon="-122.128240">
      <ele>1141.0000</ele>
      <time>2010-01-01T08:38:15Z</time>
    </rtept>
    <rtept lat="41.12682000" lon="-122.127940">
      <ele>1140.0000</ele>
      <time>2010-01-01T08:38:26Z</time>
    </rtept>
    <rtept lat="41.12696000" lon="-122.127760">
      <ele>1138.0000</ele>
      <time>2010-01-01T08:38:34Z</time>
    </rtept>
    <rtept lat="41.12700000" lon="-122.127730">
      <ele>1138.0000</ele>
      <time>2010-01-01T08:38:36Z</time>
    </rtept>
    <rtept lat="41.12742000" lon="-122.127360">
      <ele>1131.0000</ele>
      <time>2010-01-01T08:38:56Z</time>
    </rtept>
    <rtept lat="41.12758000" lon="-122.127270">
      <ele>1127.0000</ele>
      <time>2010-01-01T08:39:03Z</time>
    </rtept>
    <rtept lat="41.12763000" lon="-122.127180">
      <ele>1126.0000</ele>
      <time>2010-01-01T08:39:06Z</time>
    </rtept>
    <rtept lat="41.12766000" lon="-122.127050">
      <ele>1126.0000</ele>
      <time>2010-01-01T08:39:10Z</time>
    </rtept>
    <rtept lat="41.12763000" lon="-122.126790">
      <ele>1131.0000</ele>
      <time>2010-01-01T08:39:18Z</time>
    </rtept>
    <rtept lat="41.12760000" lon="-122.126670">
      <ele>1133.0000</ele>
      <time>2010-01-01T08:39:22Z</time>
    </rtept>
    <rtept lat="41.12772000" lon="-122.126200">
      <ele>1135.0000</ele>
      <time>2010-01-01T08:39:37Z</time>
    </rtept>
    <rtept lat="41.12775000" lon="-122.126030">
      <ele>1136.0000</ele>
      <time>2010-01-01T08:39:42Z</time>
    </rtept>
    <rtept lat="41.12776000" lon="-122.125730">
      <ele>1140.0000</ele>
      <time>2010-01-01T08:39:51Z</time>
    </rtept>
    <rtept lat="41.12779000" lon="-122.125700">
      <ele>1140.0000</ele>
      <time>2010-01-01T08:39:53Z</time>
    </rtept>
    <rtept lat="41.12785000" lon="-122.125650">
      <ele>1139.0000</ele>
      <time>2010-01-01T08:39:56Z</time>
    </rtept>
    <rtept lat="41.12791000" lon="-122.125690">
      <ele>1137.0000</ele>
      <time>2010-01-01T08:39:58Z</time>
    </rtept>
    <rtept lat="41.12794000" lon="-122.125720">
      <ele>1136.0000</ele>
      <time>2010-01-01T08:40:00Z</time>
    </rtept>
    <rtept lat="41.12812000" lon="-122.126380">
      <ele>1124.0000</ele>
      <time>2010-01-01T08:40:21Z</time>
    </rtept>
    <rtept lat="41.12821000" lon="-122.126580">
      <ele>1119.0000</ele>
      <time>2010-01-01T08:40:28Z</time>
    </rtept>
    <rtept lat="41.12829000" lon="-122.126650">
      <ele>1117.0000</ele>
      <time>2010-01-01T08:40:32Z</time>
    </rtept>
    <rtept lat="41.12838000" lon="-122.126710">
      <ele>1116.0000</ele>
      <time>2010-01-01T08:40:36Z</time>
    </rtept>
    <rtept lat="41.12845000" lon="-122.126710">
      <ele>1115.0000</ele>
      <time>2010-01-01T08:40:39Z</time>
    </rtept>
    <rtept lat="41.12851000" lon="-122.126640">
      <ele>1116.0000</ele>
      <time>2010-01-01T08:40:42Z</time>
    </rtept>
    <rtept lat="41.12854000" lon="-122.126590">
      <ele>1117.0000</ele>
      <time>2010-01-01T08:40:44Z</time>
    </rtept>
    <rtept lat="41.12859000" lon="-122.126570">
      <ele>1117.0000</ele>
      <time>2010-01-01T08:40:46Z</time>
    </rtept>
    <rtept lat="41.12863000" lon="-122.126610">
      <ele>1116.0000</ele>
      <time>2010-01-01T08:40:48Z</time>
    </rtept>
    <rtept lat="41.12862000" lon="-122.126780">
      <ele>1113.0000</ele>
      <time>2010-01-01T08:40:53Z</time>
    </rtept>
    <rtept lat="41.12866000" lon="-122.127080">
      <ele>1109.0000</ele>
      <time>2010-01-01T08:41:02Z</time>
    </rtept>
    <rtept lat="41.12873000" lon="-122.127310">
      <ele>1107.0000</ele>
      <time>2010-01-01T08:41:10Z</time>
    </rtept>
    <rtept lat="41.12882000" lon="-122.127470">
      <ele>1106.0000</ele>
      <time>2010-01-01T08:41:16Z</time>
    </rtept>
    <rtept lat="41.12889000" lon="-122.127530">
      <ele>1107.0000</ele>
      <time>2010-01-01T08:41:19Z</time>
    </rtept>
    <rtept lat="41.12897000" lon="-122.127520">
      <ele>1108.0000</ele>
      <time>2010-01-01T08:41:22Z</time>
    </rtept>
    <rtept lat="41.12906000" lon="-122.127480">
      <ele>1110.0000</ele>
      <time>2010-01-01T08:41:26Z</time>
    </rtept>
    <rtept lat="41.12913000" lon="-122.127430">
      <ele>1112.0000</ele>
      <time>2010-01-01T08:41:29Z</time>
    </rtept>
    <rtept lat="41.12920000" lon="-122.127470">
      <ele>1113.0000</ele>
      <time>2010-01-01T08:41:32Z</time>
    </rtept>
    <rtept lat="41.12920000" lon="-122.127550">
      <ele>1112.0000</ele>
      <time>2010-01-01T08:41:35Z</time>
    </rtept>
    <rtept lat="41.12901000" lon="-122.127830">
      <ele>1105.0000</ele>
      <time>2010-01-01T08:41:46Z</time>
    </rtept>
    <rtept lat="41.12890000" lon="-122.128140">
      <ele>1099.0000</ele>
      <time>2010-01-01T08:41:56Z</time>
    </rtept>
    <rtept lat="41.12887000" lon="-122.128380">
      <ele>1097.0000</ele>
      <time>2010-01-01T08:42:04Z</time>
    </rtept>
    <rtept lat="41.12886000" lon="-122.128820">
      <ele>1094.0000</ele>
      <time>2010-01-01T08:42:17Z</time>
    </rtept>
    <rtept lat="41.12877000" lon="-122.129340">
      <ele>1096.0000</ele>
      <time>2010-01-01T08:42:33Z</time>
    </rtept>
    <rtept lat="41.12866000" lon="-122.129800">
      <ele>1091.0000</ele>
      <time>2010-01-01T08:42:48Z</time>
    </rtept>
    <rtept lat="41.12861000" lon="-122.130030">
      <ele>1087.0000</ele>
      <time>2010-01-01T08:42:55Z</time>
    </rtept>
    <rtept lat="41.12859000" lon="-122.130370">
      <ele>1085.0000</ele>
      <time>2010-01-01T08:43:05Z</time>
    </rtept>
    <rtept lat="41.12865000" lon="-122.130500">
      <ele>1085.0000</ele>
      <time>2010-01-01T08:43:10Z</time>
    </rtept>
    <rtept lat="41.12871000" lon="-122.130520">
      <ele>1086.0000</ele>
      <time>2010-01-01T08:43:12Z</time>
    </rtept>
    <rtept lat="41.12883000" lon="-122.130520">
      <ele>1088.0000</ele>
      <time>2010-01-01T08:43:17Z</time>
    </rtept>
    <rtept lat="41.12887000" lon="-122.130550">
      <ele>1089.0000</ele>
      <time>2010-01-01T08:43:19Z</time>
    </rtept>
    <rtept lat="41.12886000" lon="-122.130610">
      <ele>1089.0000</ele>
      <time>2010-01-01T08:43:21Z</time>
    </rtept>
    <rtept lat="41.12880000" lon="-122.130700">
      <ele>1087.0000</ele>
      <time>2010-01-01T08:43:24Z</time>
    </rtept>
    <rtept lat="41.12865000" lon="-122.130840">
      <ele>1082.0000</ele>
      <time>2010-01-01T08:43:32Z</time>
    </rtept>
    <rtept lat="41.12854000" lon="-122.130980">
      <ele>1078.0000</ele>
      <time>2010-01-01T08:43:38Z</time>
    </rtept>
    <rtept lat="41.12852000" lon="-122.131020">
      <ele>1078.0000</ele>
      <time>2010-01-01T08:43:39Z</time>
    </rtept>
    <rtept lat="41.12846000" lon="-122.131180">
      <ele>1075.0000</ele>
      <time>2010-01-01T08:43:45Z</time>
    </rtept>
    <rtept lat="41.12841000" lon="-122.131490">
      <ele>1072.0000</ele>
      <time>2010-01-01T08:43:54Z</time>
    </rtept>
    <rtept lat="41.12842000" lon="-122.131840">
      <ele>1071.0000</ele>
      <time>2010-01-01T08:44:05Z</time>
    </rtept>
    <rtept lat="41.12840000" lon="-122.132060">
      <ele>1070.0000</ele>
      <time>2010-01-01T08:44:11Z</time>
    </rtept>
    <rtept lat="41.12837000" lon="-122.132320">
      <ele>1066.0000</ele>
      <time>2010-01-01T08:44:19Z</time>
    </rtept>
    <rtept lat="41.12836000" lon="-122.132450">
      <ele>1064.0000</ele>
      <time>2010-01-01T08:44:23Z</time>
    </rtept>
    <rtept lat="41.12839000" lon="-122.132580">
      <ele>1064.0000</ele>
      <time>2010-01-01T08:44:27Z</time>
    </rtept>
    <rtept lat="41.12845000" lon="-122.132650">
      <ele>1066.0000</ele>
      <time>2010-01-01T08:44:31Z</time>
    </rtept>
    <rtept lat="41.12858000" lon="-122.132730">
      <ele>1070.0000</ele>
      <time>2010-01-01T08:44:36Z</time>
    </rtept>
    <rtept lat="41.12859000" lon="-122.132780">
      <ele>1070.0000</ele>
      <time>2010-01-01T08:44:38Z</time>
    </rtept>
    <rtept lat="41.12855000" lon="-122.132820">
      <ele>1067.0000</ele>
      <time>2010-01-01T08:44:40Z</time>
    </rtept>
    <rtept lat="41.12848000" lon="-122.132840">
      <ele>1064.0000</ele>
      <time>2010-01-01T08:44:43Z</time>
    </rtept>
    <rtept lat="41.12839000" lon="-122.132920">
      <ele>1060.0000</ele>
      <time>2010-01-01T08:44:47Z</time>
    </rtept>
    <rtept lat="41.12830000" lon="-122.133060">
      <ele>1057.0000</ele>
      <time>2010-01-01T08:44:53Z</time>
    </rtept>
    <rtept lat="41.12820000" lon="-122.133420">
      <ele>1058.0000</ele>
      <time>2010-01-01T08:45:04Z</time>
    </rtept>
    <rtept lat="41.12808000" lon="-122.133790">
      <ele>1059.0000</ele>
      <time>2010-01-01T08:45:16Z</time>
    </rtept>
    <rtept lat="41.12805000" lon="-122.134040">
      <ele>1056.0000</ele>
      <time>2010-01-01T08:45:24Z</time>
    </rtept>
    <rtept lat="41.12805000" lon="-122.134130">
      <ele>1055.0000</ele>
      <time>2010-01-01T08:45:27Z</time>
    </rtept>
    <rtept lat="41.12808000" lon="-122.134180">
      <ele>1055.0000</ele>
      <time>2010-01-01T08:45:29Z</time>
    </rtept>
    <rtept lat="41.12814000" lon="-122.134220">
      <ele>1055.0000</ele>
      <time>2010-01-01T08:45:31Z</time>
    </rtept>
    <rtept lat="41.12823000" lon="-122.134250">
      <ele>1057.0000</ele>
      <time>2010-01-01T08:45:35Z</time>
    </rtept>
    <rtept lat="41.12822000" lon="-122.134310">
      <ele>1056.0000</ele>
      <time>2010-01-01T08:45:37Z</time>
    </rtept>
    <rtept lat="41.12817000" lon="-122.134340">
      <ele>1054.0000</ele>
      <time>2010-01-01T08:45:39Z</time>
    </rtept>
    <rtept lat="41.12807000" lon="-122.134470">
      <ele>1050.0000</ele>
      <time>2010-01-01T08:45:45Z</time>
    </rtept>
    <rtept lat="41.12802000" lon="-122.134620">
      <ele>1049.0000</ele>
      <time>2010-01-01T08:45:50Z</time>
    </rtept>
    <rtept lat="41.12804000" lon="-122.134740">
      <ele>1049.0000</ele>
      <time>2010-01-01T08:45:53Z</time>
    </rtept>
    <rtept lat="41.12805000" lon="-122.134870">
      <ele>1050.0000</ele>
      <time>2010-01-01T08:45:57Z</time>
    </rtept>
    <rtept lat="41.12806000" lon="-122.134970">
      <ele>1051.0000</ele>
      <time>2010-01-01T08:46:00Z</time>
    </rtept>
    <rtept lat="41.12806000" lon="-122.135070">
      <ele>1052.0000</ele>
      <time>2010-01-01T08:46:03Z</time>
    </rtept>
    <rtept lat="41.12803000" lon="-122.135090">
      <ele>1051.0000</ele>
      <time>2010-01-01T08:46:05Z</time>
    </rtept>
    <rtept lat="41.12800000" lon="-122.135100">
      <ele>1051.0000</ele>
      <time>2010-01-01T08:46:06Z</time>
    </rtept>
    <rtept lat="41.12784000" lon="-122.135050">
      <ele>1046.0000</ele>
      <time>2010-01-01T08:46:13Z</time>
    </rtept>
    <rtept lat="41.12781000" lon="-122.135050">
      <ele>1046.0000</ele>
      <time>2010-01-01T08:46:14Z</time>
    </rtept>
    <rtept lat="41.12775000" lon="-122.135070">
      <ele>1044.0000</ele>
      <time>2010-01-01T08:46:16Z</time>
    </rtept>
    <rtept lat="41.12763000" lon="-122.135180">
      <ele>1042.0000</ele>
      <time>2010-01-01T08:46:22Z</time>
    </rtept>
    <rtept lat="41.12747000" lon="-122.135390">
      <ele>1038.0000</ele>
      <time>2010-01-01T08:46:31Z</time>
    </rtept>
    <rtept lat="41.12744000" lon="-122.135420">
      <ele>1038.0000</ele>
      <time>2010-01-01T08:46:33Z</time>
    </rtept>
    <rtept lat="41.12728000" lon="-122.135590">
      <ele>1032.0000</ele>
      <time>2010-01-01T08:46:41Z</time>
    </rtept>
    <rtept lat="41.12716000" lon="-122.135840">
      <ele>1030.0000</ele>
      <time>2010-01-01T08:46:50Z</time>
    </rtept>
    <rtept lat="41.12714000" lon="-122.135870">
      <ele>1030.0000</ele>
      <time>2010-01-01T08:46:51Z</time>
    </rtept>
    <rtept lat="41.12704000" lon="-122.136080">
      <ele>1032.0000</ele>
      <time>2010-01-01T08:46:58Z</time>
    </rtept>
    <rtept lat="41.12703000" lon="-122.136130">
      <ele>1033.0000</ele>
      <time>2010-01-01T08:47:00Z</time>
    </rtept>
    <rtept lat="41.12696000" lon="-122.136360">
      <ele>1033.0000</ele>
      <time>2010-01-01T08:47:07Z</time>
    </rtept>
    <rtept lat="41.12696000" lon="-122.136540">
      <ele>1032.0000</ele>
      <time>2010-01-01T08:47:13Z</time>
    </rtept>
    <rtept lat="41.12697000" lon="-122.136870">
      <ele>1030.0000</ele>
      <time>2010-01-01T08:47:23Z</time>
    </rtept>
    <rtept lat="41.12701000" lon="-122.137050">
      <ele>1029.0000</ele>
      <time>2010-01-01T08:47:28Z</time>
    </rtept>
    <rtept lat="41.12715000" lon="-122.137620">
      <ele>1023.0000</ele>
      <time>2010-01-01T08:47:47Z</time>
    </rtept>
    <rtept lat="41.12717000" lon="-122.137780">
      <ele>1020.0000</ele>
      <time>2010-01-01T08:47:51Z</time>
    </rtept>
    <rtept lat="41.12715000" lon="-122.138180">
      <ele>1013.0000</ele>
      <time>2010-01-01T08:48:04Z</time>
    </rtept>
    <rtept lat="41.12718000" lon="-122.138570">
      <ele>1007.0000</ele>
      <time>2010-01-01T08:48:15Z</time>
    </rtept>
    <rtept lat="41.12722000" lon="-122.138830">
      <ele>1007.0000</ele>
      <time>2010-01-01T08:48:23Z</time>
    </rtept>
    <rtept lat="41.12727000" lon="-122.138930">
      <ele>1010.0000</ele>
      <time>2010-01-01T08:48:27Z</time>
    </rtept>
    <rtept lat="41.12734000" lon="-122.139050">
      <ele>1013.0000</ele>
      <time>2010-01-01T08:48:32Z</time>
    </rtept>
    <rtept lat="41.12739000" lon="-122.139090">
      <ele>1015.0000</ele>
      <time>2010-01-01T08:48:34Z</time>
    </rtept>
    <rtept lat="41.12741000" lon="-122.139130">
      <ele>1016.0000</ele>
      <time>2010-01-01T08:48:35Z</time>
    </rtept>
    <rtept lat="41.12741000" lon="-122.139200">
      <ele>1016.0000</ele>
      <time>2010-01-01T08:48:37Z</time>
    </rtept>
    <rtept lat="41.12738000" lon="-122.139220">
      <ele>1015.0000</ele>
      <time>2010-01-01T08:48:39Z</time>
    </rtept>
    <rtept lat="41.12732000" lon="-122.139240">
      <ele>1013.0000</ele>
      <time>2010-01-01T08:48:41Z</time>
    </rtept>
    <rtept lat="41.12718000" lon="-122.139350">
      <ele>1007.0000</ele>
      <time>2010-01-01T08:48:48Z</time>
    </rtept>
    <rtept lat="41.12705000" lon="-122.139480">
      <ele>1002.0000</ele>
      <time>2010-01-01T08:48:54Z</time>
    </rtept>
    <rtept lat="41.12689000" lon="-122.139680">
      <ele>998.00000</ele>
      <time>2010-01-01T08:49:03Z</time>
    </rtept>
    <rtept lat="41.12674000" lon="-122.139930">
      <ele>998.00000</ele>
      <time>2010-01-01T08:49:13Z</time>
    </rtept>
    <rtept lat="41.12663000" lon="-122.140230">
      <ele>998.00000</ele>
      <time>2010-01-01T08:49:23Z</time>
    </rtept>
    <rtept lat="41.12656000" lon="-122.140520">
      <ele>995.00000</ele>
      <time>2010-01-01T08:49:32Z</time>
    </rtept>
    <rtept lat="41.12649000" lon="-122.140740">
      <ele>993.00000</ele>
      <time>2010-01-01T08:49:39Z</time>
    </rtept>
    <rtept lat="41.12647000" lon="-122.140780">
      <ele>992.00000</ele>
      <time>2010-01-01T08:49:41Z</time>
    </rtept>
    <rtept lat="41.12639000" lon="-122.141100">
      <ele>985.00000</ele>
      <time>2010-01-01T08:49:51Z</time>
    </rtept>
    <rtept lat="41.12635000" lon="-122.141280">
      <ele>983.00000</ele>
      <time>2010-01-01T08:49:56Z</time>
    </rtept>
    <rtept lat="41.12630000" lon="-122.141490">
      <ele>982.00000</ele>
      <time>2010-01-01T08:50:03Z</time>
    </rtept>
    <rtept lat="41.12631000" lon="-122.141640">
      <ele>980.00000</ele>
      <time>2010-01-01T08:50:08Z</time>
    </rtept>
    <rtept lat="41.12634000" lon="-122.141780">
      <ele>977.00000</ele>
      <time>2010-01-01T08:50:12Z</time>
    </rtept>
    <rtept lat="41.12638000" lon="-122.141860">
      <ele>974.00000</ele>
      <time>2010-01-01T08:50:15Z</time>
    </rtept>
    <rtept lat="41.12647000" lon="-122.141950">
      <ele>974.00000</ele>
      <time>2010-01-01T08:50:19Z</time>
    </rtept>
    <rtept lat="41.12653000" lon="-122.142050">
      <ele>974.00000</ele>
      <time>2010-01-01T08:50:23Z</time>
    </rtept>
    <rtept lat="41.12659000" lon="-122.142200">
      <ele>973.00000</ele>
      <time>2010-01-01T08:50:28Z</time>
    </rtept>
    <rtept lat="41.12659000" lon="-122.142250">
      <ele>973.00000</ele>
      <time>2010-01-01T08:50:30Z</time>
    </rtept>
    <rtept lat="41.12669000" lon="-122.142420">
      <ele>970.00000</ele>
      <time>2010-01-01T08:50:36Z</time>
    </rtept>
    <rtept lat="41.12671000" lon="-122.142450">
      <ele>970.00000</ele>
      <time>2010-01-01T08:50:38Z</time>
    </rtept>
    <rtept lat="41.12697000" lon="-122.142670">
      <ele>970.00000</ele>
      <time>2010-01-01T08:50:50Z</time>
    </rtept>
    <rtept lat="41.12701000" lon="-122.142770">
      <ele>968.00000</ele>
      <time>2010-01-01T08:50:53Z</time>
    </rtept>
    <rtept lat="41.12707000" lon="-122.142930">
      <ele>964.00000</ele>
      <time>2010-01-01T08:50:59Z</time>
    </rtept>
    <rtept lat="41.12718000" lon="-122.143190">
      <ele>959.00000</ele>
      <time>2010-01-01T08:51:08Z</time>
    </rtept>
    <rtept lat="41.12734000" lon="-122.143470">
      <ele>957.00000</ele>
      <time>2010-01-01T08:51:18Z</time>
    </rtept>
    <rtept lat="41.12749000" lon="-122.143700">
      <ele>953.00000</ele>
      <time>2010-01-01T08:51:28Z</time>
    </rtept>
    <rtept lat="41.12755000" lon="-122.143790">
      <ele>951.00000</ele>
      <time>2010-01-01T08:51:31Z</time>
    </rtept>
    <rtept lat="41.12763000" lon="-122.143830">
      <ele>950.00000</ele>
      <time>2010-01-01T08:51:35Z</time>
    </rtept>
    <rtept lat="41.12772000" lon="-122.143860">
      <ele>949.00000</ele>
      <time>2010-01-01T08:51:38Z</time>
    </rtept>
    <rtept lat="41.12783000" lon="-122.143860">
      <ele>948.00000</ele>
      <time>2010-01-01T08:51:43Z</time>
    </rtept>
    <rtept lat="41.12794000" lon="-122.143830">
      <ele>950.00000</ele>
      <time>2010-01-01T08:51:47Z</time>
    </rtept>
    <rtept lat="41.12806000" lon="-122.143790">
      <ele>951.00000</ele>
      <time>2010-01-01T08:51:52Z</time>
    </rtept>
    <rtept lat="41.12816000" lon="-122.143730">
      <ele>951.00000</ele>
      <time>2010-01-01T08:51:57Z</time>
    </rtept>
    <rtept lat="41.12826000" lon="-122.143680">
      <ele>952.00000</ele>
      <time>2010-01-01T08:52:01Z</time>
    </rtept>
    <rtept lat="41.12833000" lon="-122.143610">
      <ele>954.00000</ele>
      <time>2010-01-01T08:52:04Z</time>
    </rtept>
    <rtept lat="41.12844000" lon="-122.143430">
      <ele>959.00000</ele>
      <time>2010-01-01T08:52:11Z</time>
    </rtept>
    <rtept lat="41.12855000" lon="-122.143370">
      <ele>958.00000</ele>
      <time>2010-01-01T08:52:16Z</time>
    </rtept>
    <rtept lat="41.12862000" lon="-122.143350">
      <ele>957.00000</ele>
      <time>2010-01-01T08:52:19Z</time>
    </rtept>
    <rtept lat="41.12869000" lon="-122.143370">
      <ele>959.00000</ele>
      <time>2010-01-01T08:52:22Z</time>
    </rtept>
    <rtept lat="41.12872000" lon="-122.143400">
      <ele>959.00000</ele>
      <time>2010-01-01T08:52:23Z</time>
    </rtept>
    <rtept lat="41.12870000" lon="-122.143490">
      <ele>957.00000</ele>
      <time>2010-01-01T08:52:26Z</time>
    </rtept>
    <rtept lat="41.12864000" lon="-122.143530">
      <ele>954.00000</ele>
      <time>2010-01-01T08:52:29Z</time>
    </rtept>
    <rtept lat="41.12858000" lon="-122.143950">
      <ele>953.00000</ele>
      <time>2010-01-01T08:52:42Z</time>
    </rtept>
    <rtept lat="41.12848000" lon="-122.144210">
      <ele>954.00000</ele>
      <time>2010-01-01T08:52:51Z</time>
    </rtept>
    <rtept lat="41.12822000" lon="-122.144740">
      <ele>947.00000</ele>
      <time>2010-01-01T08:53:10Z</time>
    </rtept>
    <rtept lat="41.12817000" lon="-122.144930">
      <ele>946.00000</ele>
      <time>2010-01-01T08:53:16Z</time>
    </rtept>
    <rtept lat="41.12813000" lon="-122.145160">
      <ele>946.00000</ele>
      <time>2010-01-01T08:53:23Z</time>
    </rtept>
    <rtept lat="41.12814000" lon="-122.145280">
      <ele>948.00000</ele>
      <time>2010-01-01T08:53:26Z</time>
    </rtept>
    <rtept lat="41.12816000" lon="-122.145410">
      <ele>950.00000</ele>
      <time>2010-01-01T08:53:30Z</time>
    </rtept>
    <rtept lat="41.12818000" lon="-122.145540">
      <ele>953.00000</ele>
      <time>2010-01-01T08:53:34Z</time>
    </rtept>
    <rtept lat="41.12813000" lon="-122.145660">
      <ele>951.00000</ele>
      <time>2010-01-01T08:53:39Z</time>
    </rtept>
    <rtept lat="41.12799000" lon="-122.145920">
      <ele>944.00000</ele>
      <time>2010-01-01T08:53:48Z</time>
    </rtept>
    <rtept lat="41.12796000" lon="-122.146010">
      <ele>943.00000</ele>
      <time>2010-01-01T08:53:51Z</time>
    </rtept>
    <rtept lat="41.12794000" lon="-122.146140">
      <ele>943.00000</ele>
      <time>2010-01-01T08:53:55Z</time>
    </rtept>
    <rtept lat="41.12796000" lon="-122.146220">
      <ele>944.00000</ele>
      <time>2010-01-01T08:53:58Z</time>
    </rtept>
    <rtept lat="41.12802000" lon="-122.146240">
      <ele>947.00000</ele>
      <time>2010-01-01T08:54:00Z</time>
    </rtept>
    <rtept lat="41.12829000" lon="-122.146250">
      <ele>958.00000</ele>
      <time>2010-01-01T08:54:11Z</time>
    </rtept>
    <rtept lat="41.12840000" lon="-122.146310">
      <ele>962.00000</ele>
      <time>2010-01-01T08:54:16Z</time>
    </rtept>
    <rtept lat="41.12844000" lon="-122.146330">
      <ele>964.00000</ele>
      <time>2010-01-01T08:54:17Z</time>
    </rtept>
    <rtept lat="41.12867000" lon="-122.146440">
      <ele>970.00000</ele>
      <time>2010-01-01T08:54:27Z</time>
    </rtept>
    <rtept lat="41.12882000" lon="-122.146520">
      <ele>974.00000</ele>
      <time>2010-01-01T08:54:34Z</time>
    </rtept>
    <rtept lat="41.12898000" lon="-122.146540">
      <ele>979.00000</ele>
      <time>2010-01-01T08:54:40Z</time>
    </rtept>
    <rtept lat="41.12910000" lon="-122.146540">
      <ele>982.00000</ele>
      <time>2010-01-01T08:54:45Z</time>
    </rtept>
    <rtept lat="41.12911000" lon="-122.146620">
      <ele>982.00000</ele>
      <time>2010-01-01T08:54:47Z</time>
    </rtept>
    <rtept lat="41.12902000" lon="-122.146690">
      <ele>979.00000</ele>
      <time>2010-01-01T08:54:52Z</time>
    </rtept>
    <rtept lat="41.12899000" lon="-122.146710">
      <ele>978.00000</ele>
      <time>2010-01-01T08:54:53Z</time>
    </rtept>
    <rtept lat="41.12863000" lon="-122.146990">
      <ele>967.00000</ele>
      <time>2010-01-01T08:55:10Z</time>
    </rtept>
    <rtept lat="41.12860000" lon="-122.147000">
      <ele>966.00000</ele>
      <time>2010-01-01T08:55:11Z</time>
    </rtept>
    <rtept lat="41.12848000" lon="-122.147100">
      <ele>962.00000</ele>
      <time>2010-01-01T08:55:17Z</time>
    </rtept>
    <rtept lat="41.12844000" lon="-122.147130">
      <ele>961.00000</ele>
      <time>2010-01-01T08:55:18Z</time>
    </rtept>
    <rtept lat="41.12839000" lon="-122.147190">
      <ele>959.00000</ele>
      <time>2010-01-01T08:55:21Z</time>
    </rtept>
    <rtept lat="41.12833000" lon="-122.147300">
      <ele>956.00000</ele>
      <time>2010-01-01T08:55:25Z</time>
    </rtept>
    <rtept lat="41.12833000" lon="-122.147360">
      <ele>955.00000</ele>
      <time>2010-01-01T08:55:27Z</time>
    </rtept>
    <rtept lat="41.12838000" lon="-122.147430">
      <ele>956.00000</ele>
      <time>2010-01-01T08:55:30Z</time>
    </rtept>
    <rtept lat="41.12841000" lon="-122.147450">
      <ele>956.00000</ele>
      <time>2010-01-01T08:55:31Z</time>
    </rtept>
    <rtept lat="41.12860000" lon="-122.147470">
      <ele>960.00000</ele>
      <time>2010-01-01T08:55:39Z</time>
    </rtept>
    <rtept lat="41.12872000" lon="-122.147490">
      <ele>962.00000</ele>
      <time>2010-01-01T08:55:44Z</time>
    </rtept>
    <rtept lat="41.12881000" lon="-122.147520">
      <ele>963.00000</ele>
      <time>2010-01-01T08:55:47Z</time>
    </rtept>
    <rtept lat="41.12897000" lon="-122.147650">
      <ele>965.00000</ele>
      <time>2010-01-01T08:55:55Z</time>
    </rtept>
    <rtept lat="41.12901000" lon="-122.147690">
      <ele>966.00000</ele>
      <time>2010-01-01T08:55:57Z</time>
    </rtept>
    <rtept lat="41.12909000" lon="-122.147740">
      <ele>966.00000</ele>
      <time>2010-01-01T08:56:00Z</time>
    </rtept>
    <rtept lat="41.12913000" lon="-122.147750">
      <ele>967.00000</ele>
      <time>2010-01-01T08:56:02Z</time>
    </rtept>
    <rtept lat="41.12926000" lon="-122.147770">
      <ele>970.00000</ele>
      <time>2010-01-01T08:56:07Z</time>
    </rtept>
    <rtept lat="41.12929000" lon="-122.147780">
      <ele>971.00000</ele>
      <time>2010-01-01T08:56:09Z</time>
    </rtept>
    <rtept lat="41.12932000" lon="-122.147790">
      <ele>971.00000</ele>
      <time>2010-01-01T08:56:10Z</time>
    </rtept>
    <rtept lat="41.12940000" lon="-122.147910">
      <ele>972.00000</ele>
      <time>2010-01-01T08:56:15Z</time>
    </rtept>
    <rtept lat="41.12939000" lon="-122.147910">
      <ele>972.00000</ele>
      <time>2010-01-01T08:56:15Z</time>
    </rtept>
    <rtept lat="41.12948000" lon="-122.147990">
      <ele>974.00000</ele>
      <time>2010-01-01T08:56:19Z</time>
    </rtept>
    <rtept lat="41.12956000" lon="-122.148040">
      <ele>974.00000</ele>
      <time>2010-01-01T08:56:23Z</time>
    </rtept>
    <rtept lat="41.12965000" lon="-122.148050">
      <ele>976.00000</ele>
      <time>2010-01-01T08:56:27Z</time>
    </rtept>
    <rtept lat="41.12974000" lon="-122.148030">
      <ele>977.00000</ele>
      <time>2010-01-01T08:56:30Z</time>
    </rtept>
    <rtept lat="41.12980000" lon="-122.147980">
      <ele>978.00000</ele>
      <time>2010-01-01T08:56:33Z</time>
    </rtept>
    <rtept lat="41.12985000" lon="-122.147960">
      <ele>979.00000</ele>
      <time>2010-01-01T08:56:35Z</time>
    </rtept>
    <rtept lat="41.12990000" lon="-122.147960">
      <ele>979.00000</ele>
      <time>2010-01-01T08:56:37Z</time>
    </rtept>
    <rtept lat="41.12993000" lon="-122.147990">
      <ele>979.00000</ele>
      <time>2010-01-01T08:56:39Z</time>
    </rtept>
    <rtept lat="41.12995000" lon="-122.148040">
      <ele>978.00000</ele>
      <time>2010-01-01T08:56:40Z</time>
    </rtept>
    <rtept lat="41.12995000" lon="-122.148090">
      <ele>978.00000</ele>
      <time>2010-01-01T08:56:42Z</time>
    </rtept>
    <rtept lat="41.12997000" lon="-122.148130">
      <ele>978.00000</ele>
      <time>2010-01-01T08:56:43Z</time>
    </rtept>
    <rtept lat="41.13000000" lon="-122.148140">
      <ele>978.00000</ele>
      <time>2010-01-01T08:56:44Z</time>
    </rtept>
    <rtept lat="41.13004000" lon="-122.148170">
      <ele>978.00000</ele>
      <time>2010-01-01T08:56:46Z</time>
    </rtept>
    <rtept lat="41.13006000" lon="-122.148220">
      <ele>978.00000</ele>
      <time>2010-01-01T08:56:48Z</time>
    </rtept>
    <rtept lat="41.13006000" lon="-122.148260">
      <ele>978.00000</ele>
      <time>2010-01-01T08:56:49Z</time>
    </rtept>
    <rtept lat="41.12994000" lon="-122.148380">
      <ele>977.00000</ele>
      <time>2010-01-01T08:56:55Z</time>
    </rtept>
    <rtept lat="41.12991000" lon="-122.148400">
      <ele>978.00000</ele>
      <time>2010-01-01T08:56:57Z</time>
    </rtept>
    <rtept lat="41.12989000" lon="-122.148440">
      <ele>979.00000</ele>
      <time>2010-01-01T08:56:58Z</time>
    </rtept>
    <rtept lat="41.12986000" lon="-122.148560">
      <ele>982.00000</ele>
      <time>2010-01-01T08:57:02Z</time>
    </rtept>
    <rtept lat="41.12986000" lon="-122.148610">
      <ele>984.00000</ele>
      <time>2010-01-01T08:57:03Z</time>
    </rtept>
    <rtept lat="41.12987000" lon="-122.148660">
      <ele>986.00000</ele>
      <time>2010-01-01T08:57:05Z</time>
    </rtept>
    <rtept lat="41.12989000" lon="-122.148820">
      <ele>991.00000</ele>
      <time>2010-01-01T08:57:10Z</time>
    </rtept>
    <rtept lat="41.12989000" lon="-122.148870">
      <ele>992.00000</ele>
      <time>2010-01-01T08:57:11Z</time>
    </rtept>
    <rtept lat="41.12987000" lon="-122.148910">
      <ele>992.00000</ele>
      <time>2010-01-01T08:57:13Z</time>
    </rtept>
    <rtept lat="41.12984000" lon="-122.148930">
      <ele>992.00000</ele>
      <time>2010-01-01T08:57:14Z</time>
    </rtept>
    <rtept lat="41.12977000" lon="-122.148950">
      <ele>990.00000</ele>
      <time>2010-01-01T08:57:17Z</time>
    </rtept>
    <rtept lat="41.12966000" lon="-122.148950">
      <ele>988.00000</ele>
      <time>2010-01-01T08:57:21Z</time>
    </rtept>
    <rtept lat="41.12917000" lon="-122.148850">
      <ele>979.00000</ele>
      <time>2010-01-01T08:57:41Z</time>
    </rtept>
    <rtept lat="41.12910000" lon="-122.148850">
      <ele>978.00000</ele>
      <time>2010-01-01T08:57:44Z</time>
    </rtept>
    <rtept lat="41.12907000" lon="-122.148860">
      <ele>978.00000</ele>
      <time>2010-01-01T08:57:45Z</time>
    </rtept>
    <rtept lat="41.12899000" lon="-122.148910">
      <ele>979.00000</ele>
      <time>2010-01-01T08:57:49Z</time>
    </rtept>
    <rtept lat="41.12895000" lon="-122.148940">
      <ele>979.00000</ele>
      <time>2010-01-01T08:57:51Z</time>
    </rtept>
    <rtept lat="41.12893000" lon="-122.148990">
      <ele>980.00000</ele>
      <time>2010-01-01T08:57:52Z</time>
    </rtept>
    <rtept lat="41.12891000" lon="-122.149030">
      <ele>981.00000</ele>
      <time>2010-01-01T08:57:54Z</time>
    </rtept>
    <rtept lat="41.12887000" lon="-122.149140">
      <ele>983.00000</ele>
      <time>2010-01-01T08:57:57Z</time>
    </rtept>
    <rtept lat="41.12885000" lon="-122.149170">
      <ele>984.00000</ele>
      <time>2010-01-01T08:57:59Z</time>
    </rtept>
    <rtept lat="41.12882000" lon="-122.149190">
      <ele>985.00000</ele>
      <time>2010-01-01T08:58:00Z</time>
    </rtept>
    <rtept lat="41.12878000" lon="-122.149200">
      <ele>985.00000</ele>
      <time>2010-01-01T08:58:02Z</time>
    </rtept>
    <rtept lat="41.12875000" lon="-122.149190">
      <ele>984.00000</ele>
      <time>2010-01-01T08:58:03Z</time>
    </rtept>
    <rtept lat="41.12873000" lon="-122.149160">
      <ele>983.00000</ele>
      <time>2010-01-01T08:58:04Z</time>
    </rtept>
    <rtept lat="41.12869000" lon="-122.149090">
      <ele>981.00000</ele>
      <time>2010-01-01T08:58:07Z</time>
    </rtept>
    <rtept lat="41.12867000" lon="-122.149060">
      <ele>980.00000</ele>
      <time>2010-01-01T08:58:08Z</time>
    </rtept>
    <rtept lat="41.12864000" lon="-122.149040">
      <ele>979.00000</ele>
      <time>2010-01-01T08:58:09Z</time>
    </rtept>
    <rtept lat="41.12861000" lon="-122.149000">
      <ele>978.00000</ele>
      <time>2010-01-01T08:58:11Z</time>
    </rtept>
    <rtept lat="41.12848000" lon="-122.148970">
      <ele>975.00000</ele>
      <time>2010-01-01T08:58:16Z</time>
    </rtept>
    <rtept lat="41.12833000" lon="-122.148990">
      <ele>973.00000</ele>
      <time>2010-01-01T08:58:22Z</time>
    </rtept>
    <rtept lat="41.12829000" lon="-122.149000">
      <ele>973.00000</ele>
      <time>2010-01-01T08:58:24Z</time>
    </rtept>
    <rtept lat="41.12821000" lon="-122.149080">
      <ele>975.00000</ele>
      <time>2010-01-01T08:58:28Z</time>
    </rtept>
    <rtept lat="41.12816000" lon="-122.149160">
      <ele>977.00000</ele>
      <time>2010-01-01T08:58:31Z</time>
    </rtept>
    <rtept lat="41.12806000" lon="-122.149280">
      <ele>978.00000</ele>
      <time>2010-01-01T08:58:37Z</time>
    </rtept>
    <rtept lat="41.12802000" lon="-122.149310">
      <ele>978.00000</ele>
      <time>2010-01-01T08:58:38Z</time>
    </rtept>
    <rtept lat="41.12796000" lon="-122.149380">
      <ele>978.00000</ele>
      <time>2010-01-01T08:58:42Z</time>
    </rtept>
    <rtept lat="41.12793000" lon="-122.149400">
      <ele>978.00000</ele>
      <time>2010-01-01T08:58:43Z</time>
    </rtept>
    <rtept lat="41.12781000" lon="-122.149560">
      <ele>979.00000</ele>
      <time>2010-01-01T08:58:50Z</time>
    </rtept>
    <rtept lat="41.12770000" lon="-122.149690">
      <ele>979.00000</ele>
      <time>2010-01-01T08:58:56Z</time>
    </rtept>
    <rtept lat="41.12762000" lon="-122.149820">
      <ele>980.00000</ele>
      <time>2010-01-01T08:59:01Z</time>
    </rtept>
    <rtept lat="41.12760000" lon="-122.149840">
      <ele>980.00000</ele>
      <time>2010-01-01T08:59:02Z</time>
    </rtept>
    <rtept lat="41.12753000" lon="-122.149890">
      <ele>979.00000</ele>
      <time>2010-01-01T08:59:05Z</time>
    </rtept>
    <rtept lat="41.12737000" lon="-122.149920">
      <ele>973.00000</ele>
      <time>2010-01-01T08:59:11Z</time>
    </rtept>
    <rtept lat="41.12722000" lon="-122.149980">
      <ele>968.00000</ele>
      <time>2010-01-01T08:59:18Z</time>
    </rtept>
    <rtept lat="41.12707000" lon="-122.150070">
      <ele>960.00000</ele>
      <time>2010-01-01T08:59:24Z</time>
    </rtept>
    <rtept lat="41.12701000" lon="-122.150150">
      <ele>958.00000</ele>
      <time>2010-01-01T08:59:28Z</time>
    </rtept>
    <rtept lat="41.12695000" lon="-122.150300">
      <ele>958.00000</ele>
      <time>2010-01-01T08:59:33Z</time>
    </rtept>
    <rtept lat="41.12687000" lon="-122.150610">
      <ele>961.00000</ele>
      <time>2010-01-01T08:59:43Z</time>
    </rtept>
    <rtept lat="41.12680000" lon="-122.151240">
      <ele>980.00000</ele>
      <time>2010-01-01T09:00:02Z</time>
    </rtept>
    <rtept lat="41.12674000" lon="-122.151540">
      <ele>988.00000</ele>
      <time>2010-01-01T09:00:11Z</time>
    </rtept>
    <rtept lat="41.12672000" lon="-122.151570">
      <ele>989.00000</ele>
      <time>2010-01-01T09:00:12Z</time>
    </rtept>
    <rtept lat="41.12669000" lon="-122.151600">
      <ele>990.00000</ele>
      <time>2010-01-01T09:00:14Z</time>
    </rtept>
    <rtept lat="41.12665000" lon="-122.151620">
      <ele>990.00000</ele>
      <time>2010-01-01T09:00:16Z</time>
    </rtept>
    <rtept lat="41.12655000" lon="-122.151620">
      <ele>988.00000</ele>
      <time>2010-01-01T09:00:20Z</time>
    </rtept>
    <rtept lat="41.12652000" lon="-122.151610">
      <ele>988.00000</ele>
      <time>2010-01-01T09:00:21Z</time>
    </rtept>
    <rtept lat="41.12646000" lon="-122.151600">
      <ele>987.00000</ele>
      <time>2010-01-01T09:00:23Z</time>
    </rtept>
    <rtept lat="41.12635000" lon="-122.151550">
      <ele>984.00000</ele>
      <time>2010-01-01T09:00:28Z</time>
    </rtept>
    <rtept lat="41.12624000" lon="-122.151510">
      <ele>981.00000</ele>
      <time>2010-01-01T09:00:32Z</time>
    </rtept>
    <rtept lat="41.12614000" lon="-122.151460">
      <ele>977.00000</ele>
      <time>2010-01-01T09:00:37Z</time>
    </rtept>
    <rtept lat="41.12602000" lon="-122.151420">
      <ele>972.00000</ele>
      <time>2010-01-01T09:00:42Z</time>
    </rtept>
    <rtept lat="41.12592000" lon="-122.151400">
      <ele>968.00000</ele>
      <time>2010-01-01T09:00:46Z</time>
    </rtept>
    <rtept lat="41.12588000" lon="-122.151400">
      <ele>967.00000</ele>
      <time>2010-01-01T09:00:47Z</time>
    </rtept>
    <rtept lat="41.12582000" lon="-122.151420">
      <ele>965.00000</ele>
      <time>2010-01-01T09:00:50Z</time>
    </rtept>
    <rtept lat="41.12579000" lon="-122.151450">
      <ele>965.00000</ele>
      <time>2010-01-01T09:00:51Z</time>
    </rtept>
    <rtept lat="41.12572000" lon="-122.151490">
      <ele>964.00000</ele>
      <time>2010-01-01T09:00:54Z</time>
    </rtept>
    <rtept lat="41.12568000" lon="-122.151510">
      <ele>964.00000</ele>
      <time>2010-01-01T09:00:56Z</time>
    </rtept>
    <rtept lat="41.12560000" lon="-122.151570">
      <ele>963.00000</ele>
      <time>2010-01-01T09:01:00Z</time>
    </rtept>
    <rtept lat="41.12550000" lon="-122.151660">
      <ele>963.00000</ele>
      <time>2010-01-01T09:01:05Z</time>
    </rtept>
    <rtept lat="41.12548000" lon="-122.151690">
      <ele>963.00000</ele>
      <time>2010-01-01T09:01:06Z</time>
    </rtept>
    <rtept lat="41.12538000" lon="-122.151830">
      <ele>964.00000</ele>
      <time>2010-01-01T09:01:12Z</time>
    </rtept>
    <rtept lat="41.12529000" lon="-122.151920">
      <ele>963.00000</ele>
      <time>2010-01-01T09:01:16Z</time>
    </rtept>
    <rtept lat="41.12510000" lon="-122.152160">
      <ele>962.00000</ele>
      <time>2010-01-01T09:01:27Z</time>
    </rtept>
    <rtept lat="41.12499000" lon="-122.152370">
      <ele>960.00000</ele>
      <time>2010-01-01T09:01:34Z</time>
    </rtept>
    <rtept lat="41.12494000" lon="-122.152530">
      <ele>958.00000</ele>
      <time>2010-01-01T09:01:40Z</time>
    </rtept>
    <rtept lat="41.12492000" lon="-122.152680">
      <ele>956.00000</ele>
      <time>2010-01-01T09:01:44Z</time>
    </rtept>
    <rtept lat="41.12493000" lon="-122.152960">
      <ele>956.00000</ele>
      <time>2010-01-01T09:01:53Z</time>
    </rtept>
    <rtept lat="41.12498000" lon="-122.153220">
      <ele>961.00000</ele>
      <time>2010-01-01T09:02:01Z</time>
    </rtept>
    <rtept lat="41.12503000" lon="-122.153450">
      <ele>963.00000</ele>
      <time>2010-01-01T09:02:08Z</time>
    </rtept>
    <rtept lat="41.12512000" lon="-122.153780">
      <ele>967.00000</ele>
      <time>2010-01-01T09:02:18Z</time>
    </rtept>
    <rtept lat="41.12511000" lon="-122.154190">
      <ele>966.00000</ele>
      <time>2010-01-01T09:02:31Z</time>
    </rtept>
    <rtept lat="41.12508000" lon="-122.154400">
      <ele>965.00000</ele>
      <time>2010-01-01T09:02:37Z</time>
    </rtept>
    <rtept lat="41.12494000" lon="-122.154860">
      <ele>955.00000</ele>
      <time>2010-01-01T09:02:52Z</time>
    </rtept>
    <rtept lat="41.12489000" lon="-122.155040">
      <ele>952.00000</ele>
      <time>2010-01-01T09:02:58Z</time>
    </rtept>
    <rtept lat="41.12489000" lon="-122.155160">
      <ele>952.00000</ele>
      <time>2010-01-01T09:03:02Z</time>
    </rtept>
    <rtept lat="41.12490000" lon="-122.155250">
      <ele>952.00000</ele>
      <time>2010-01-01T09:03:04Z</time>
    </rtept>
    <rtept lat="41.12496000" lon="-122.155380">
      <ele>956.00000</ele>
      <time>2010-01-01T09:03:09Z</time>
    </rtept>
    <rtept lat="41.12497000" lon="-122.155560">
      <ele>957.00000</ele>
      <time>2010-01-01T09:03:14Z</time>
    </rtept>
    <rtept lat="41.12495000" lon="-122.155770">
      <ele>957.00000</ele>
      <time>2010-01-01T09:03:21Z</time>
    </rtept>
    <rtept lat="41.12494000" lon="-122.156030">
      <ele>956.00000</ele>
      <time>2010-01-01T09:03:29Z</time>
    </rtept>
    <rtept lat="41.12490000" lon="-122.156350">
      <ele>953.00000</ele>
      <time>2010-01-01T09:03:38Z</time>
    </rtept>
    <rtept lat="41.12485000" lon="-122.156690">
      <ele>950.00000</ele>
      <time>2010-01-01T09:03:49Z</time>
    </rtept>
    <rtept lat="41.12485000" lon="-122.156820">
      <ele>950.00000</ele>
      <time>2010-01-01T09:03:53Z</time>
    </rtept>
    <rtept lat="41.12490000" lon="-122.156990">
      <ele>951.00000</ele>
      <time>2010-01-01T09:03:58Z</time>
    </rtept>
    <rtept lat="41.12501000" lon="-122.157060">
      <ele>954.00000</ele>
      <time>2010-01-01T09:04:03Z</time>
    </rtept>
    <rtept lat="41.12511000" lon="-122.157090">
      <ele>954.00000</ele>
      <time>2010-01-01T09:04:07Z</time>
    </rtept>
    <rtept lat="41.12530000" lon="-122.157050">
      <ele>956.00000</ele>
      <time>2010-01-01T09:04:15Z</time>
    </rtept>
    <rtept lat="41.12578000" lon="-122.156740">
      <ele>956.00000</ele>
      <time>2010-01-01T09:04:36Z</time>
    </rtept>
    <rtept lat="41.12633000" lon="-122.156050">
      <ele>980.00000</ele>
      <time>2010-01-01T09:05:07Z</time>
    </rtept>
    <rtept lat="41.12642000" lon="-122.155960">
      <ele>982.00000</ele>
      <time>2010-01-01T09:05:11Z</time>
    </rtept>
    <rtept lat="41.12658000" lon="-122.155860">
      <ele>982.00000</ele>
      <time>2010-01-01T09:05:18Z</time>
    </rtept>
    <rtept lat="41.12667000" lon="-122.155840">
      <ele>981.00000</ele>
      <time>2010-01-01T09:05:22Z</time>
    </rtept>
    <rtept lat="41.12684000" lon="-122.155870">
      <ele>979.00000</ele>
      <time>2010-01-01T09:05:29Z</time>
    </rtept>
    <rtept lat="41.12705000" lon="-122.155950">
      <ele>974.00000</ele>
      <time>2010-01-01T09:05:38Z</time>
    </rtept>
    <rtept lat="41.12721000" lon="-122.155980">
      <ele>974.00000</ele>
      <time>2010-01-01T09:05:44Z</time>
    </rtept>
    <rtept lat="41.12748000" lon="-122.156010">
      <ele>970.00000</ele>
      <time>2010-01-01T09:05:55Z</time>
    </rtept>
    <rtept lat="41.12769000" lon="-122.156010">
      <ele>969.00000</ele>
      <time>2010-01-01T09:06:03Z</time>
    </rtept>
    <rtept lat="41.12794000" lon="-122.156060">
      <ele>968.00000</ele>
      <time>2010-01-01T09:06:13Z</time>
    </rtept>
    <rtept lat="41.12811000" lon="-122.156120">
      <ele>968.00000</ele>
      <time>2010-01-01T09:06:20Z</time>
    </rtept>
    <rtept lat="41.12827000" lon="-122.156240">
      <ele>966.00000</ele>
      <time>2010-01-01T09:06:28Z</time>
    </rtept>
    <rtept lat="41.12849000" lon="-122.156330">
      <ele>967.00000</ele>
      <time>2010-01-01T09:06:37Z</time>
    </rtept>
    <rtept lat="41.12864000" lon="-122.156350">
      <ele>970.00000</ele>
      <time>2010-01-01T09:06:43Z</time>
    </rtept>
    <rtept lat="41.12868000" lon="-122.156360">
      <ele>971.00000</ele>
      <time>2010-01-01T09:06:45Z</time>
    </rtept>
    <rtept lat="41.12873000" lon="-122.156360">
      <ele>972.00000</ele>
      <time>2010-01-01T09:06:47Z</time>
    </rtept>
    <rtept lat="41.12897000" lon="-122.156380">
      <ele>975.00000</ele>
      <time>2010-01-01T09:06:56Z</time>
    </rtept>
    <rtept lat="41.12901000" lon="-122.156400">
      <ele>975.00000</ele>
      <time>2010-01-01T09:06:58Z</time>
    </rtept>
    <rtept lat="41.12908000" lon="-122.156410">
      <ele>976.00000</ele>
      <time>2010-01-01T09:07:01Z</time>
    </rtept>
    <rtept lat="41.12919000" lon="-122.156410">
      <ele>978.00000</ele>
      <time>2010-01-01T09:07:05Z</time>
    </rtept>
    <rtept lat="41.12922000" lon="-122.156420">
      <ele>979.00000</ele>
      <time>2010-01-01T09:07:06Z</time>
    </rtept>
    <rtept lat="41.12923000" lon="-122.156470">
      <ele>980.00000</ele>
      <time>2010-01-01T09:07:08Z</time>
    </rtept>
    <rtept lat="41.12920000" lon="-122.156500">
      <ele>979.00000</ele>
      <time>2010-01-01T09:07:10Z</time>
    </rtept>
    <rtept lat="41.12916000" lon="-122.156520">
      <ele>977.00000</ele>
      <time>2010-01-01T09:07:11Z</time>
    </rtept>
    <rtept lat="41.12888000" lon="-122.156860">
      <ele>976.00000</ele>
      <time>2010-01-01T09:07:26Z</time>
    </rtept>
    <rtept lat="41.12865000" lon="-122.157060">
      <ele>974.00000</ele>
      <time>2010-01-01T09:07:37Z</time>
    </rtept>
    <rtept lat="41.12845000" lon="-122.157170">
      <ele>969.00000</ele>
      <time>2010-01-01T09:07:46Z</time>
    </rtept>
    <rtept lat="41.12841000" lon="-122.157190">
      <ele>968.00000</ele>
      <time>2010-01-01T09:07:48Z</time>
    </rtept>
    <rtept lat="41.12826000" lon="-122.157280">
      <ele>966.00000</ele>
      <time>2010-01-01T09:07:54Z</time>
    </rtept>
    <rtept lat="41.12806000" lon="-122.157420">
      <ele>963.00000</ele>
      <time>2010-01-01T09:08:03Z</time>
    </rtept>
    <rtept lat="41.12780000" lon="-122.157710">
      <ele>958.00000</ele>
      <time>2010-01-01T09:08:17Z</time>
    </rtept>
    <rtept lat="41.12769000" lon="-122.157900">
      <ele>959.00000</ele>
      <time>2010-01-01T09:08:24Z</time>
    </rtept>
    <rtept lat="41.12759000" lon="-122.158070">
      <ele>958.00000</ele>
      <time>2010-01-01T09:08:31Z</time>
    </rtept>
    <rtept lat="41.12747000" lon="-122.158390">
      <ele>959.00000</ele>
      <time>2010-01-01T09:08:42Z</time>
    </rtept>
    <rtept lat="41.12745000" lon="-122.158430">
      <ele>959.00000</ele>
      <time>2010-01-01T09:08:43Z</time>
    </rtept>
    <rtept lat="41.12709000" lon="-122.159480">
      <ele>961.00000</ele>
      <time>2010-01-01T09:09:18Z</time>
    </rtept>
    <rtept lat="41.12703000" lon="-122.159670">
      <ele>959.00000</ele>
      <time>2010-01-01T09:09:24Z</time>
    </rtept>
    <rtept lat="41.12701000" lon="-122.159790">
      <ele>959.00000</ele>
      <time>2010-01-01T09:09:28Z</time>
    </rtept>
    <rtept lat="41.12701000" lon="-122.159950">
      <ele>959.00000</ele>
      <time>2010-01-01T09:09:33Z</time>
    </rtept>
    <rtept lat="41.12706000" lon="-122.160040">
      <ele>962.00000</ele>
      <time>2010-01-01T09:09:36Z</time>
    </rtept>
    <rtept lat="41.12720000" lon="-122.160110">
      <ele>967.00000</ele>
      <time>2010-01-01T09:09:42Z</time>
    </rtept>
    <rtept lat="41.12760000" lon="-122.160420">
      <ele>960.00000</ele>
      <time>2010-01-01T09:10:00Z</time>
    </rtept>
    <rtept lat="41.12788000" lon="-122.160730">
      <ele>959.00000</ele>
      <time>2010-01-01T09:10:15Z</time>
    </rtept>
    <rtept lat="41.12799000" lon="-122.160900">
      <ele>962.00000</ele>
      <time>2010-01-01T09:10:22Z</time>
    </rtept>
    <rtept lat="41.12828000" lon="-122.161310">
      <ele>962.00000</ele>
      <time>2010-01-01T09:10:39Z</time>
    </rtept>
    <rtept lat="41.12845000" lon="-122.161490">
      <ele>953.00000</ele>
      <time>2010-01-01T09:10:47Z</time>
    </rtept>
    <rtept lat="41.12857000" lon="-122.161590">
      <ele>946.00000</ele>
      <time>2010-01-01T09:10:53Z</time>
    </rtept>
    <rtept lat="41.12866000" lon="-122.161620">
      <ele>946.00000</ele>
      <time>2010-01-01T09:10:57Z</time>
    </rtept>
    <rtept lat="41.12876000" lon="-122.161620">
      <ele>950.00000</ele>
      <time>2010-01-01T09:11:01Z</time>
    </rtept>
    <rtept lat="41.12887000" lon="-122.161580">
      <ele>954.00000</ele>
      <time>2010-01-01T09:11:05Z</time>
    </rtept>
    <rtept lat="41.12893000" lon="-122.161550">
      <ele>956.00000</ele>
      <time>2010-01-01T09:11:08Z</time>
    </rtept>
    <rtept lat="41.12903000" lon="-122.161450">
      <ele>960.00000</ele>
      <time>2010-01-01T09:11:13Z</time>
    </rtept>
    <rtept lat="41.12909000" lon="-122.161310">
      <ele>965.00000</ele>
      <time>2010-01-01T09:11:18Z</time>
    </rtept>
    <rtept lat="41.12917000" lon="-122.161080">
      <ele>970.00000</ele>
      <time>2010-01-01T09:11:25Z</time>
    </rtept>
    <rtept lat="41.12927000" lon="-122.160910">
      <ele>970.00000</ele>
      <time>2010-01-01T09:11:32Z</time>
    </rtept>
    <rtept lat="41.12959000" lon="-122.160530">
      <ele>966.00000</ele>
      <time>2010-01-01T09:11:49Z</time>
    </rtept>
    <rtept lat="41.12967000" lon="-122.160420">
      <ele>967.00000</ele>
      <time>2010-01-01T09:11:54Z</time>
    </rtept>
    <rtept lat="41.12975000" lon="-122.160320">
      <ele>967.00000</ele>
      <time>2010-01-01T09:11:58Z</time>
    </rtept>
    <rtept lat="41.12982000" lon="-122.160280">
      <ele>967.00000</ele>
      <time>2010-01-01T09:12:01Z</time>
    </rtept>
    <rtept lat="41.12991000" lon="-122.160250">
      <ele>967.00000</ele>
      <time>2010-01-01T09:12:05Z</time>
    </rtept>
    <rtept lat="41.13000000" lon="-122.160260">
      <ele>965.00000</ele>
      <time>2010-01-01T09:12:09Z</time>
    </rtept>
    <rtept lat="41.13040000" lon="-122.160380">
      <ele>947.00000</ele>
      <time>2010-01-01T09:12:25Z</time>
    </rtept>
    <rtept lat="41.13068000" lon="-122.160450">
      <ele>942.00000</ele>
      <time>2010-01-01T09:12:36Z</time>
    </rtept>
    <rtept lat="41.13087000" lon="-122.160480">
      <ele>940.00000</ele>
      <time>2010-01-01T09:12:44Z</time>
    </rtept>
    <rtept lat="41.13107000" lon="-122.160470">
      <ele>943.00000</ele>
      <time>2010-01-01T09:12:52Z</time>
    </rtept>
    <rtept lat="41.13122000" lon="-122.160390">
      <ele>947.00000</ele>
      <time>2010-01-01T09:12:59Z</time>
    </rtept>
    <rtept lat="41.13133000" lon="-122.160320">
      <ele>949.00000</ele>
      <time>2010-01-01T09:13:03Z</time>
    </rtept>
    <rtept lat="41.13145000" lon="-122.160300">
      <ele>948.00000</ele>
      <time>2010-01-01T09:13:08Z</time>
    </rtept>
    <rtept lat="41.13187000" lon="-122.160280">
      <ele>934.00000</ele>
      <time>2010-01-01T09:13:25Z</time>
    </rtept>
    <rtept lat="41.13201000" lon="-122.160250">
      <ele>930.00000</ele>
      <time>2010-01-01T09:13:31Z</time>
    </rtept>
    <rtept lat="41.13221000" lon="-122.160140">
      <ele>936.00000</ele>
      <time>2010-01-01T09:13:39Z</time>
    </rtept>
    <rtept lat="41.13247000" lon="-122.159960">
      <ele>936.00000</ele>
      <time>2010-01-01T09:13:51Z</time>
    </rtept>
    <rtept lat="41.13262000" lon="-122.159880">
      <ele>940.00000</ele>
      <time>2010-01-01T09:13:58Z</time>
    </rtept>
    <rtept lat="41.13271000" lon="-122.159840">
      <ele>942.00000</ele>
      <time>2010-01-01T09:14:01Z</time>
    </rtept>
    <rtept lat="41.13279000" lon="-122.159790">
      <ele>943.00000</ele>
      <time>2010-01-01T09:14:05Z</time>
    </rtept>
    <rtept lat="41.13286000" lon="-122.159710">
      <ele>945.00000</ele>
      <time>2010-01-01T09:14:09Z</time>
    </rtept>
    <rtept lat="41.13294000" lon="-122.159610">
      <ele>948.00000</ele>
      <time>2010-01-01T09:14:13Z</time>
    </rtept>
    <rtept lat="41.13302000" lon="-122.159510">
      <ele>950.00000</ele>
      <time>2010-01-01T09:14:17Z</time>
    </rtept>
    <rtept lat="41.13305000" lon="-122.159470">
      <ele>951.00000</ele>
      <time>2010-01-01T09:14:19Z</time>
    </rtept>
    <rtept lat="41.13308000" lon="-122.159450">
      <ele>951.00000</ele>
      <time>2010-01-01T09:14:20Z</time>
    </rtept>
    <rtept lat="41.13315000" lon="-122.159480">
      <ele>949.00000</ele>
      <time>2010-01-01T09:14:23Z</time>
    </rtept>
    <rtept lat="41.13318000" lon="-122.159610">
      <ele>945.00000</ele>
      <time>2010-01-01T09:14:28Z</time>
    </rtept>
    <rtept lat="41.13320000" lon="-122.159880">
      <ele>938.00000</ele>
      <time>2010-01-01T09:14:36Z</time>
    </rtept>
    <rtept lat="41.13324000" lon="-122.160120">
      <ele>932.00000</ele>
      <time>2010-01-01T09:14:43Z</time>
    </rtept>
    <rtept lat="41.13324000" lon="-122.160170">
      <ele>930.00000</ele>
      <time>2010-01-01T09:14:45Z</time>
    </rtept>
    <rtept lat="41.13327000" lon="-122.160460">
      <ele>918.00000</ele>
      <time>2010-01-01T09:14:53Z</time>
    </rtept>
    <rtept lat="41.13334000" lon="-122.160850">
      <ele>902.00000</ele>
      <time>2010-01-01T09:15:06Z</time>
    </rtept>
    <rtept lat="41.13336000" lon="-122.161120">
      <ele>897.00000</ele>
      <time>2010-01-01T09:15:14Z</time>
    </rtept>
    <rtept lat="41.13336000" lon="-122.161410">
      <ele>890.00000</ele>
      <time>2010-01-01T09:15:22Z</time>
    </rtept>
    <rtept lat="41.13338000" lon="-122.161490">
      <ele>889.00000</ele>
      <time>2010-01-01T09:15:25Z</time>
    </rtept>
    <rtept lat="41.13342000" lon="-122.161510">
      <ele>888.00000</ele>
      <time>2010-01-01T09:15:27Z</time>
    </rtept>
    <rtept lat="41.13349000" lon="-122.161510">
      <ele>889.00000</ele>
      <time>2010-01-01T09:15:30Z</time>
    </rtept>
    <rtept lat="41.13374000" lon="-122.161450">
      <ele>894.00000</ele>
      <time>2010-01-01T09:15:40Z</time>
    </rtept>
    <rtept lat="41.13391000" lon="-122.161420">
      <ele>900.00000</ele>
      <time>2010-01-01T09:15:47Z</time>
    </rtept>
    <rtept lat="41.13403000" lon="-122.161430">
      <ele>904.00000</ele>
      <time>2010-01-01T09:15:51Z</time>
    </rtept>
    <rtept lat="41.13410000" lon="-122.161450">
      <ele>905.00000</ele>
      <time>2010-01-01T09:15:54Z</time>
    </rtept>
    <rtept lat="41.13425000" lon="-122.161510">
      <ele>904.00000</ele>
      <time>2010-01-01T09:16:01Z</time>
    </rtept>
    <rtept lat="41.13432000" lon="-122.161580">
      <ele>899.00000</ele>
      <time>2010-01-01T09:16:04Z</time>
    </rtept>
    <rtept lat="41.13444000" lon="-122.161620">
      <ele>896.00000</ele>
      <time>2010-01-01T09:16:09Z</time>
    </rtept>
    <rtept lat="41.13453000" lon="-122.161640">
      <ele>891.00000</ele>
      <time>2010-01-01T09:16:13Z</time>
    </rtept>
    <rtept lat="41.13468000" lon="-122.161710">
      <ele>879.00000</ele>
      <time>2010-01-01T09:16:19Z</time>
    </rtept>
    <rtept lat="41.13476000" lon="-122.161730">
      <ele>877.00000</ele>
      <time>2010-01-01T09:16:22Z</time>
    </rtept>
    <rtept lat="41.13487000" lon="-122.161760">
      <ele>876.00000</ele>
      <time>2010-01-01T09:16:27Z</time>
    </rtept>
    <rtept lat="41.13495000" lon="-122.161740">
      <ele>878.00000</ele>
      <time>2010-01-01T09:16:30Z</time>
    </rtept>
    <rtept lat="41.13503000" lon="-122.161700">
      <ele>881.00000</ele>
      <time>2010-01-01T09:16:33Z</time>
    </rtept>
    <rtept lat="41.13522000" lon="-122.161550">
      <ele>889.00000</ele>
      <time>2010-01-01T09:16:42Z</time>
    </rtept>
    <rtept lat="41.13531000" lon="-122.161490">
      <ele>891.00000</ele>
      <time>2010-01-01T09:16:46Z</time>
    </rtept>
    <rtept lat="41.13554000" lon="-122.161490">
      <ele>887.00000</ele>
      <time>2010-01-01T09:16:56Z</time>
    </rtept>
    <rtept lat="41.13562000" lon="-122.161510">
      <ele>888.00000</ele>
      <time>2010-01-01T09:16:59Z</time>
    </rtept>
    <rtept lat="41.13568000" lon="-122.161540">
      <ele>889.00000</ele>
      <time>2010-01-01T09:17:01Z</time>
    </rtept>
    <rtept lat="41.13572000" lon="-122.161600">
      <ele>888.00000</ele>
      <time>2010-01-01T09:17:04Z</time>
    </rtept>
    <rtept lat="41.13580000" lon="-122.161780">
      <ele>885.00000</ele>
      <time>2010-01-01T09:17:10Z</time>
    </rtept>
    <rtept lat="41.13588000" lon="-122.161940">
      <ele>883.00000</ele>
      <time>2010-01-01T09:17:16Z</time>
    </rtept>
    <rtept lat="41.13598000" lon="-122.162210">
      <ele>875.00000</ele>
      <time>2010-01-01T09:17:25Z</time>
    </rtept>
    <rtept lat="41.13604000" lon="-122.162370">
      <ele>872.00000</ele>
      <time>2010-01-01T09:17:30Z</time>
    </rtept>
    <rtept lat="41.13612000" lon="-122.162470">
      <ele>873.00000</ele>
      <time>2010-01-01T09:17:35Z</time>
    </rtept>
    <rtept lat="41.13633000" lon="-122.162650">
      <ele>880.00000</ele>
      <time>2010-01-01T09:17:45Z</time>
    </rtept>
    <rtept lat="41.13637000" lon="-122.162700">
      <ele>882.00000</ele>
      <time>2010-01-01T09:17:47Z</time>
    </rtept>
    <rtept lat="41.13639000" lon="-122.162810">
      <ele>881.00000</ele>
      <time>2010-01-01T09:17:50Z</time>
    </rtept>
    <rtept lat="41.13644000" lon="-122.163240">
      <ele>861.00000</ele>
      <time>2010-01-01T09:18:03Z</time>
    </rtept>
    <rtept lat="41.13650000" lon="-122.163460">
      <ele>857.00000</ele>
      <time>2010-01-01T09:18:10Z</time>
    </rtept>
    <rtept lat="41.13658000" lon="-122.163630">
      <ele>853.00000</ele>
      <time>2010-01-01T09:18:17Z</time>
    </rtept>
    <rtept lat="41.13670000" lon="-122.163830">
      <ele>846.00000</ele>
      <time>2010-01-01T09:18:24Z</time>
    </rtept>
    <rtept lat="41.13682000" lon="-122.163950">
      <ele>845.00000</ele>
      <time>2010-01-01T09:18:30Z</time>
    </rtept>
    <rtept lat="41.13693000" lon="-122.164040">
      <ele>845.00000</ele>
      <time>2010-01-01T09:18:35Z</time>
    </rtept>
    <rtept lat="41.13703000" lon="-122.164100">
      <ele>852.00000</ele>
      <time>2010-01-01T09:18:40Z</time>
    </rtept>
    <rtept lat="41.13711000" lon="-122.164140">
      <ele>858.00000</ele>
      <time>2010-01-01T09:18:43Z</time>
    </rtept>
    <rtept lat="41.13716000" lon="-122.164180">
      <ele>862.00000</ele>
      <time>2010-01-01T09:18:46Z</time>
    </rtept>
    <rtept lat="41.13719000" lon="-122.164200">
      <ele>864.00000</ele>
      <time>2010-01-01T09:18:47Z</time>
    </rtept>
    <rtept lat="41.13724000" lon="-122.164440">
      <ele>857.00000</ele>
      <time>2010-01-01T09:18:54Z</time>
    </rtept>
    <rtept lat="41.13732000" lon="-122.164990">
      <ele>843.00000</ele>
      <time>2010-01-01T09:19:11Z</time>
    </rtept>
    <rtept lat="41.13737000" lon="-122.165150">
      <ele>842.00000</ele>
      <time>2010-01-01T09:19:17Z</time>
    </rtept>
    <rtept lat="41.13746000" lon="-122.165310">
      <ele>842.00000</ele>
      <time>2010-01-01T09:19:23Z</time>
    </rtept>
    <rtept lat="41.13760000" lon="-122.165480">
      <ele>841.00000</ele>
      <time>2010-01-01T09:19:30Z</time>
    </rtept>
    <rtept lat="41.13777000" lon="-122.165730">
      <ele>840.00000</ele>
      <time>2010-01-01T09:19:40Z</time>
    </rtept>
    <rtept lat="41.13787000" lon="-122.165790">
      <ele>840.00000</ele>
      <time>2010-01-01T09:19:45Z</time>
    </rtept>
    <rtept lat="41.13821000" lon="-122.165960">
      <ele>843.00000</ele>
      <time>2010-01-01T09:19:59Z</time>
    </rtept>
    <rtept lat="41.13829000" lon="-122.166050">
      <ele>843.00000</ele>
      <time>2010-01-01T09:20:03Z</time>
    </rtept>
    <rtept lat="41.13837000" lon="-122.166100">
      <ele>843.00000</ele>
      <time>2010-01-01T09:20:07Z</time>
    </rtept>
    <rtept lat="41.13852000" lon="-122.166140">
      <ele>843.00000</ele>
      <time>2010-01-01T09:20:13Z</time>
    </rtept>
    <rtept lat="41.13860000" lon="-122.166180">
      <ele>843.00000</ele>
      <time>2010-01-01T09:20:17Z</time>
    </rtept>
    <rtept lat="41.13864000" lon="-122.166260">
      <ele>843.00000</ele>
      <time>2010-01-01T09:20:19Z</time>
    </rtept>
    <rtept lat="41.13867000" lon="-122.166340">
      <ele>842.00000</ele>
      <time>2010-01-01T09:20:22Z</time>
    </rtept>
    <rtept lat="41.13867000" lon="-122.166410">
      <ele>841.00000</ele>
      <time>2010-01-01T09:20:24Z</time>
    </rtept>
    <rtept lat="41.13867000" lon="-122.166490">
      <ele>841.00000</ele>
      <time>2010-01-01T09:20:27Z</time>
    </rtept>
    <rtept lat="41.13871000" lon="-122.166710">
      <ele>839.00000</ele>
      <time>2010-01-01T09:20:33Z</time>
    </rtept>
    <rtept lat="41.13876000" lon="-122.166840">
      <ele>838.00000</ele>
      <time>2010-01-01T09:20:38Z</time>
    </rtept>
    <rtept lat="41.13881000" lon="-122.166950">
      <ele>836.00000</ele>
      <time>2010-01-01T09:20:42Z</time>
    </rtept>
    <rtept lat="41.13893000" lon="-122.167060">
      <ele>837.00000</ele>
      <time>2010-01-01T09:20:48Z</time>
    </rtept>
    <rtept lat="41.13896000" lon="-122.167130">
      <ele>837.00000</ele>
      <time>2010-01-01T09:20:50Z</time>
    </rtept>
    <rtept lat="41.13897000" lon="-122.167210">
      <ele>836.00000</ele>
      <time>2010-01-01T09:20:52Z</time>
    </rtept>
    <rtept lat="41.13895000" lon="-122.167490">
      <ele>832.00000</ele>
      <time>2010-01-01T09:21:01Z</time>
    </rtept>
    <rtept lat="41.13896000" lon="-122.167650">
      <ele>829.00000</ele>
      <time>2010-01-01T09:21:06Z</time>
    </rtept>
    <rtept lat="41.13899000" lon="-122.167810">
      <ele>827.00000</ele>
      <time>2010-01-01T09:21:11Z</time>
    </rtept>
    <rtept lat="41.13904000" lon="-122.167950">
      <ele>825.00000</ele>
      <time>2010-01-01T09:21:15Z</time>
    </rtept>
    <rtept lat="41.13913000" lon="-122.168090">
      <ele>824.00000</ele>
      <time>2010-01-01T09:21:21Z</time>
    </rtept>
    <rtept lat="41.13926000" lon="-122.168200">
      <ele>826.00000</ele>
      <time>2010-01-01T09:21:27Z</time>
    </rtept>
    <rtept lat="41.13956000" lon="-122.168410">
      <ele>826.00000</ele>
      <time>2010-01-01T09:21:41Z</time>
    </rtept>
    <rtept lat="41.13970000" lon="-122.168550">
      <ele>825.00000</ele>
      <time>2010-01-01T09:21:48Z</time>
    </rtept>
    <rtept lat="41.13978000" lon="-122.168670">
      <ele>825.00000</ele>
      <time>2010-01-01T09:21:53Z</time>
    </rtept>
    <rtept lat="41.13986000" lon="-122.168840">
      <ele>824.00000</ele>
      <time>2010-01-01T09:21:59Z</time>
    </rtept>
    <rtept lat="41.13988000" lon="-122.168880">
      <ele>823.00000</ele>
      <time>2010-01-01T09:22:00Z</time>
    </rtept>
    <rtept lat="41.14004000" lon="-122.169260">
      <ele>812.00000</ele>
      <time>2010-01-01T09:22:13Z</time>
    </rtept>
    <rtept lat="41.14008000" lon="-122.169400">
      <ele>808.00000</ele>
      <time>2010-01-01T09:22:18Z</time>
    </rtept>
    <rtept lat="41.14009000" lon="-122.169550">
      <ele>806.00000</ele>
      <time>2010-01-01T09:22:22Z</time>
    </rtept>
    <rtept lat="41.14017000" lon="-122.169710">
      <ele>805.00000</ele>
      <time>2010-01-01T09:22:28Z</time>
    </rtept>
    <rtept lat="41.14019000" lon="-122.169810">
      <ele>805.00000</ele>
      <time>2010-01-01T09:22:31Z</time>
    </rtept>
    <rtept lat="41.14024000" lon="-122.169880">
      <ele>806.00000</ele>
      <time>2010-01-01T09:22:34Z</time>
    </rtept>
    <rtept lat="41.14030000" lon="-122.169890">
      <ele>808.00000</ele>
      <time>2010-01-01T09:22:36Z</time>
    </rtept>
    <rtept lat="41.14041000" lon="-122.169870">
      <ele>810.00000</ele>
      <time>2010-01-01T09:22:41Z</time>
    </rtept>
    <rtept lat="41.14049000" lon="-122.169820">
      <ele>811.00000</ele>
      <time>2010-01-01T09:22:44Z</time>
    </rtept>
    <rtept lat="41.14055000" lon="-122.169710">
      <ele>812.00000</ele>
      <time>2010-01-01T09:22:49Z</time>
    </rtept>
    <rtept lat="41.14060000" lon="-122.169660">
      <ele>813.00000</ele>
      <time>2010-01-01T09:22:51Z</time>
    </rtept>
    <rtept lat="41.14067000" lon="-122.169620">
      <ele>815.00000</ele>
      <time>2010-01-01T09:22:54Z</time>
    </rtept>
    <rtept lat="41.14071000" lon="-122.169530">
      <ele>817.00000</ele>
      <time>2010-01-01T09:22:57Z</time>
    </rtept>
    <rtept lat="41.14074000" lon="-122.169490">
      <ele>818.00000</ele>
      <time>2010-01-01T09:22:59Z</time>
    </rtept>
    <rtept lat="41.14081000" lon="-122.169450">
      <ele>820.00000</ele>
      <time>2010-01-01T09:23:02Z</time>
    </rtept>
    <rtept lat="41.14102000" lon="-122.169410">
      <ele>820.00000</ele>
      <time>2010-01-01T09:23:10Z</time>
    </rtept>
    <rtept lat="41.14107000" lon="-122.169400">
      <ele>820.00000</ele>
      <time>2010-01-01T09:23:13Z</time>
    </rtept>
    <rtept lat="41.14111000" lon="-122.169450">
      <ele>817.00000</ele>
      <time>2010-01-01T09:23:15Z</time>
    </rtept>
    <rtept lat="41.14114000" lon="-122.169630">
      <ele>815.00000</ele>
      <time>2010-01-01T09:23:20Z</time>
    </rtept>
    <rtept lat="41.14115000" lon="-122.169640">
      <ele>815.00000</ele>
      <time>2010-01-01T09:23:21Z</time>
    </rtept>
    <rtept lat="41.14109000" lon="-122.169680">
      <ele>814.00000</ele>
      <time>2010-01-01T09:23:23Z</time>
    </rtept>
    <rtept lat="41.14101000" lon="-122.169710">
      <ele>814.00000</ele>
      <time>2010-01-01T09:23:27Z</time>
    </rtept>
    <rtept lat="41.14098000" lon="-122.169760">
      <ele>815.00000</ele>
      <time>2010-01-01T09:23:29Z</time>
    </rtept>
    <rtept lat="41.14084000" lon="-122.170180">
      <ele>826.00000</ele>
      <time>2010-01-01T09:23:43Z</time>
    </rtept>
    <rtept lat="41.14072000" lon="-122.170460">
      <ele>835.00000</ele>
      <time>2010-01-01T09:23:52Z</time>
    </rtept>
    <rtept lat="41.14051000" lon="-122.170670">
      <ele>838.00000</ele>
      <time>2010-01-01T09:24:03Z</time>
    </rtept>
    <rtept lat="41.14035000" lon="-122.170760">
      <ele>837.00000</ele>
      <time>2010-01-01T09:24:10Z</time>
    </rtept>
    <rtept lat="41.14017000" lon="-122.170830">
      <ele>835.00000</ele>
      <time>2010-01-01T09:24:17Z</time>
    </rtept>
    <rtept lat="41.13980000" lon="-122.170770">
      <ele>832.00000</ele>
      <time>2010-01-01T09:24:32Z</time>
    </rtept>
    <rtept lat="41.14006000" lon="-122.171010">
      <ele>841.00000</ele>
      <time>2010-01-01T09:24:45Z</time>
    </rtept>
    <rtept lat="41.14023000" lon="-122.171060">
      <ele>844.00000</ele>
      <time>2010-01-01T09:24:52Z</time>
    </rtept>
    <rtept lat="41.14034000" lon="-122.171050">
      <ele>846.00000</ele>
      <time>2010-01-01T09:24:56Z</time>
    </rtept>
    <rtept lat="41.14055000" lon="-122.171080">
      <ele>852.00000</ele>
      <time>2010-01-01T09:25:05Z</time>
    </rtept>
    <rtept lat="41.14091000" lon="-122.170870">
      <ele>852.00000</ele>
      <time>2010-01-01T09:25:20Z</time>
    </rtept>
    <rtept lat="41.14106000" lon="-122.170780">
      <ele>849.00000</ele>
      <time>2010-01-01T09:25:27Z</time>
    </rtept>
    <rtept lat="41.14122000" lon="-122.170740">
      <ele>848.00000</ele>
      <time>2010-01-01T09:25:34Z</time>
    </rtept>
    <rtept lat="41.14140000" lon="-122.170730">
      <ele>848.00000</ele>
      <time>2010-01-01T09:25:41Z</time>
    </rtept>
    <rtept lat="41.14155000" lon="-122.170850">
      <ele>851.00000</ele>
      <time>2010-01-01T09:25:48Z</time>
    </rtept>
    <rtept lat="41.14161000" lon="-122.171100">
      <ele>860.00000</ele>
      <time>2010-01-01T09:25:56Z</time>
    </rtept>
    <rtept lat="41.14175000" lon="-122.171340">
      <ele>869.00000</ele>
      <time>2010-01-01T09:26:05Z</time>
    </rtept>
    <rtept lat="41.14200000" lon="-122.171620">
      <ele>874.00000</ele>
      <time>2010-01-01T09:26:18Z</time>
    </rtept>
    <rtept lat="41.14222000" lon="-122.171740">
      <ele>873.00000</ele>
      <time>2010-01-01T09:26:27Z</time>
    </rtept>
    <rtept lat="41.14233000" lon="-122.171850">
      <ele>872.00000</ele>
      <time>2010-01-01T09:26:33Z</time>
    </rtept>
    <rtept lat="41.14244000" lon="-122.171990">
      <ele>869.00000</ele>
      <time>2010-01-01T09:26:39Z</time>
    </rtept>
    <rtept lat="41.14244000" lon="-122.172130">
      <ele>870.00000</ele>
      <time>2010-01-01T09:26:43Z</time>
    </rtept>
    <rtept lat="41.14244000" lon="-122.172250">
      <ele>871.00000</ele>
      <time>2010-01-01T09:26:47Z</time>
    </rtept>
    <rtept lat="41.14240000" lon="-122.172430">
      <ele>874.00000</ele>
      <time>2010-01-01T09:26:53Z</time>
    </rtept>
    <rtept lat="41.14232000" lon="-122.172640">
      <ele>879.00000</ele>
      <time>2010-01-01T09:27:00Z</time>
    </rtept>
    <rtept lat="41.14219000" lon="-122.172860">
      <ele>889.00000</ele>
      <time>2010-01-01T09:27:08Z</time>
    </rtept>
    <rtept lat="41.14192000" lon="-122.173300">
      <ele>902.00000</ele>
      <time>2010-01-01T09:27:25Z</time>
    </rtept>
    <rtept lat="41.14164000" lon="-122.173860">
      <ele>909.00000</ele>
      <time>2010-01-01T09:27:45Z</time>
    </rtept>
    <rtept lat="41.14154000" lon="-122.174190">
      <ele>908.00000</ele>
      <time>2010-01-01T09:27:56Z</time>
    </rtept>
    <rtept lat="41.14134000" lon="-122.174780">
      <ele>904.00000</ele>
      <time>2010-01-01T09:28:16Z</time>
    </rtept>
    <rtept lat="41.14122000" lon="-122.174970">
      <ele>904.00000</ele>
      <time>2010-01-01T09:28:23Z</time>
    </rtept>
    <rtept lat="41.14110000" lon="-122.175230">
      <ele>902.00000</ele>
      <time>2010-01-01T09:28:32Z</time>
    </rtept>
    <rtept lat="41.14094000" lon="-122.175510">
      <ele>903.00000</ele>
      <time>2010-01-01T09:28:43Z</time>
    </rtept>
    <rtept lat="41.14085000" lon="-122.175690">
      <ele>900.00000</ele>
      <time>2010-01-01T09:28:49Z</time>
    </rtept>
    <rtept lat="41.14069000" lon="-122.175900">
      <ele>901.00000</ele>
      <time>2010-01-01T09:28:58Z</time>
    </rtept>
    <rtept lat="41.13982000" lon="-122.176470">
      <ele>920.00000</ele>
      <time>2010-01-01T09:29:37Z</time>
    </rtept>
    <rtept lat="41.13920000" lon="-122.176720">
      <ele>929.00000</ele>
      <time>2010-01-01T09:30:03Z</time>
    </rtept>
    <rtept lat="41.13892000" lon="-122.176820">
      <ele>926.00000</ele>
      <time>2010-01-01T09:30:15Z</time>
    </rtept>
    <rtept lat="41.13853000" lon="-122.177030">
      <ele>934.00000</ele>
      <time>2010-01-01T09:30:32Z</time>
    </rtept>
    <rtept lat="41.13834000" lon="-122.177160">
      <ele>938.00000</ele>
      <time>2010-01-01T09:30:40Z</time>
    </rtept>
    <rtept lat="41.13765000" lon="-122.177730">
      <ele>941.00000</ele>
      <time>2010-01-01T09:31:13Z</time>
    </rtept>
    <rtept lat="41.13705000" lon="-122.178240">
      <ele>954.00000</ele>
      <time>2010-01-01T09:31:41Z</time>
    </rtept>
    <rtept lat="41.13691000" lon="-122.178370">
      <ele>956.00000</ele>
      <time>2010-01-01T09:31:48Z</time>
    </rtept>
    <rtept lat="41.13684000" lon="-122.178480">
      <ele>956.00000</ele>
      <time>2010-01-01T09:31:52Z</time>
    </rtept>
    <rtept lat="41.13672000" lon="-122.178610">
      <ele>959.00000</ele>
      <time>2010-01-01T09:31:59Z</time>
    </rtept>
    <rtept lat="41.13659000" lon="-122.178680">
      <ele>963.00000</ele>
      <time>2010-01-01T09:32:04Z</time>
    </rtept>
    <rtept lat="41.13653000" lon="-122.178700">
      <ele>964.00000</ele>
      <time>2010-01-01T09:32:07Z</time>
    </rtept>
    <rtept lat="41.13649000" lon="-122.178720">
      <ele>965.00000</ele>
      <time>2010-01-01T09:32:08Z</time>
    </rtept>
    <rtept lat="41.13640000" lon="-122.178800">
      <ele>966.00000</ele>
      <time>2010-01-01T09:32:13Z</time>
    </rtept>
    <rtept lat="41.13636000" lon="-122.178830">
      <ele>965.00000</ele>
      <time>2010-01-01T09:32:15Z</time>
    </rtept>
    <rtept lat="41.13635000" lon="-122.178860">
      <ele>964.00000</ele>
      <time>2010-01-01T09:32:16Z</time>
    </rtept>
    <rtept lat="41.13635000" lon="-122.178890">
      <ele>964.00000</ele>
      <time>2010-01-01T09:32:17Z</time>
    </rtept>
    <rtept lat="41.13634000" lon="-122.178910">
      <ele>963.00000</ele>
      <time>2010-01-01T09:32:17Z</time>
    </rtept>
    <rtept lat="41.13634000" lon="-122.178950">
      <ele>963.00000</ele>
      <time>2010-01-01T09:32:18Z</time>
    </rtept>
    <rtept lat="41.13635000" lon="-122.178990">
      <ele>963.00000</ele>
      <time>2010-01-01T09:32:20Z</time>
    </rtept>
    <rtept lat="41.13637000" lon="-122.179030">
      <ele>963.00000</ele>
      <time>2010-01-01T09:32:21Z</time>
    </rtept>
    <rtept lat="41.13641000" lon="-122.179050">
      <ele>963.00000</ele>
      <time>2010-01-01T09:32:23Z</time>
    </rtept>
    <rtept lat="41.13643000" lon="-122.179060">
      <ele>962.00000</ele>
      <time>2010-01-01T09:32:24Z</time>
    </rtept>
    <rtept lat="41.13669000" lon="-122.179010">
      <ele>960.00000</ele>
      <time>2010-01-01T09:32:34Z</time>
    </rtept>
    <rtept lat="41.13676000" lon="-122.179000">
      <ele>959.00000</ele>
      <time>2010-01-01T09:32:37Z</time>
    </rtept>
    <rtept lat="41.13680000" lon="-122.179010">
      <ele>959.00000</ele>
      <time>2010-01-01T09:32:39Z</time>
    </rtept>
    <rtept lat="41.13685000" lon="-122.179050">
      <ele>959.00000</ele>
      <time>2010-01-01T09:32:41Z</time>
    </rtept>
    <rtept lat="41.13692000" lon="-122.179120">
      <ele>961.00000</ele>
      <time>2010-01-01T09:32:45Z</time>
    </rtept>
    <rtept lat="41.13697000" lon="-122.179140">
      <ele>961.00000</ele>
      <time>2010-01-01T09:32:47Z</time>
    </rtept>
    <rtept lat="41.13704000" lon="-122.179170">
      <ele>961.00000</ele>
      <time>2010-01-01T09:32:50Z</time>
    </rtept>
    <rtept lat="41.13710000" lon="-122.179210">
      <ele>962.00000</ele>
      <time>2010-01-01T09:32:52Z</time>
    </rtept>
    <rtept lat="41.13716000" lon="-122.179250">
      <ele>964.00000</ele>
      <time>2010-01-01T09:32:55Z</time>
    </rtept>
    <rtept lat="41.13726000" lon="-122.179290">
      <ele>965.00000</ele>
      <time>2010-01-01T09:32:59Z</time>
    </rtept>
    <rtept lat="41.13738000" lon="-122.179320">
      <ele>966.00000</ele>
      <time>2010-01-01T09:33:04Z</time>
    </rtept>
    <rtept lat="41.13747000" lon="-122.179320">
      <ele>965.00000</ele>
      <time>2010-01-01T09:33:08Z</time>
    </rtept>
    <rtept lat="41.13773000" lon="-122.179340">
      <ele>963.00000</ele>
      <time>2010-01-01T09:33:18Z</time>
    </rtept>
    <rtept lat="41.13780000" lon="-122.179350">
      <ele>963.00000</ele>
      <time>2010-01-01T09:33:21Z</time>
    </rtept>
    <rtept lat="41.13787000" lon="-122.179380">
      <ele>964.00000</ele>
      <time>2010-01-01T09:33:24Z</time>
    </rtept>
    <rtept lat="41.13797000" lon="-122.179450">
      <ele>966.00000</ele>
      <time>2010-01-01T09:33:28Z</time>
    </rtept>
    <rtept lat="41.13752000" lon="-122.179540">
      <ele>977.00000</ele>
      <time>2010-01-01T09:33:47Z</time>
    </rtept>
    <rtept lat="41.13740000" lon="-122.179580">
      <ele>981.00000</ele>
      <time>2010-01-01T09:33:52Z</time>
    </rtept>
    <rtept lat="41.13727000" lon="-122.179600">
      <ele>983.00000</ele>
      <time>2010-01-01T09:33:57Z</time>
    </rtept>
    <rtept lat="41.13704000" lon="-122.179610">
      <ele>985.00000</ele>
      <time>2010-01-01T09:34:06Z</time>
    </rtept>
    <rtept lat="41.13690000" lon="-122.179600">
      <ele>984.00000</ele>
      <time>2010-01-01T09:34:12Z</time>
    </rtept>
    <rtept lat="41.13666000" lon="-122.179600">
      <ele>980.00000</ele>
      <time>2010-01-01T09:34:21Z</time>
    </rtept>
    <rtept lat="41.13656000" lon="-122.179610">
      <ele>979.00000</ele>
      <time>2010-01-01T09:34:25Z</time>
    </rtept>
    <rtept lat="41.13644000" lon="-122.179660">
      <ele>980.00000</ele>
      <time>2010-01-01T09:34:30Z</time>
    </rtept>
    <rtept lat="41.13633000" lon="-122.179860">
      <ele>985.00000</ele>
      <time>2010-01-01T09:34:38Z</time>
    </rtept>
    <rtept lat="41.13631000" lon="-122.179970">
      <ele>988.00000</ele>
      <time>2010-01-01T09:34:41Z</time>
    </rtept>
    <rtept lat="41.13629000" lon="-122.180110">
      <ele>991.00000</ele>
      <time>2010-01-01T09:34:45Z</time>
    </rtept>
    <rtept lat="41.13628000" lon="-122.180360">
      <ele>996.00000</ele>
      <time>2010-01-01T09:34:53Z</time>
    </rtept>
    <rtept lat="41.13626000" lon="-122.180590">
      <ele>999.00000</ele>
      <time>2010-01-01T09:35:00Z</time>
    </rtept>
    <rtept lat="41.13622000" lon="-122.180710">
      <ele>1000.0000</ele>
      <time>2010-01-01T09:35:04Z</time>
    </rtept>
    <rtept lat="41.13615000" lon="-122.180860">
      <ele>1001.0000</ele>
      <time>2010-01-01T09:35:09Z</time>
    </rtept>
    <rtept lat="41.13601000" lon="-122.181040">
      <ele>1001.0000</ele>
      <time>2010-01-01T09:35:17Z</time>
    </rtept>
    <rtept lat="41.13580000" lon="-122.181640">
      <ele>1009.0000</ele>
      <time>2010-01-01T09:35:37Z</time>
    </rtept>
    <rtept lat="41.13568000" lon="-122.181840">
      <ele>1007.0000</ele>
      <time>2010-01-01T09:35:45Z</time>
    </rtept>
    <rtept lat="41.13560000" lon="-122.181990">
      <ele>1005.0000</ele>
      <time>2010-01-01T09:35:50Z</time>
    </rtept>
    <rtept lat="41.13560000" lon="-122.182170">
      <ele>1005.0000</ele>
      <time>2010-01-01T09:35:56Z</time>
    </rtept>
    <rtept lat="41.13563000" lon="-122.182350">
      <ele>1005.0000</ele>
      <time>2010-01-01T09:36:01Z</time>
    </rtept>
    <rtept lat="41.13570000" lon="-122.182300">
      <ele>1009.0000</ele>
      <time>2010-01-01T09:36:04Z</time>
    </rtept>
    <rtept lat="41.13573000" lon="-122.182180">
      <ele>1011.0000</ele>
      <time>2010-01-01T09:36:08Z</time>
    </rtept>
    <rtept lat="41.13581000" lon="-122.182070">
      <ele>1015.0000</ele>
      <time>2010-01-01T09:36:13Z</time>
    </rtept>
    <rtept lat="41.13599000" lon="-122.181920">
      <ele>1022.0000</ele>
      <time>2010-01-01T09:36:21Z</time>
    </rtept>
    <rtept lat="41.13627000" lon="-122.181660">
      <ele>1028.0000</ele>
      <time>2010-01-01T09:36:35Z</time>
    </rtept>
    <rtept lat="41.13649000" lon="-122.181510">
      <ele>1032.0000</ele>
      <time>2010-01-01T09:36:45Z</time>
    </rtept>
    <rtept lat="41.13661000" lon="-122.181360">
      <ele>1033.0000</ele>
      <time>2010-01-01T09:36:51Z</time>
    </rtept>
    <rtept lat="41.13686000" lon="-122.181160">
      <ele>1037.0000</ele>
      <time>2010-01-01T09:37:03Z</time>
    </rtept>
    <rtept lat="41.13703000" lon="-122.181050">
      <ele>1039.0000</ele>
      <time>2010-01-01T09:37:11Z</time>
    </rtept>
    <rtept lat="41.13719000" lon="-122.181050">
      <ele>1044.0000</ele>
      <time>2010-01-01T09:37:17Z</time>
    </rtept>
    <rtept lat="41.13731000" lon="-122.181080">
      <ele>1047.0000</ele>
      <time>2010-01-01T09:37:22Z</time>
    </rtept>
    <rtept lat="41.13750000" lon="-122.181270">
      <ele>1054.0000</ele>
      <time>2010-01-01T09:37:32Z</time>
    </rtept>
    <rtept lat="41.13783000" lon="-122.181360">
      <ele>1050.0000</ele>
      <time>2010-01-01T09:37:45Z</time>
    </rtept>
    <rtept lat="41.13799000" lon="-122.181430">
      <ele>1048.0000</ele>
      <time>2010-01-01T09:37:52Z</time>
    </rtept>
    <rtept lat="41.13806000" lon="-122.181500">
      <ele>1049.0000</ele>
      <time>2010-01-01T09:37:55Z</time>
    </rtept>
    <rtept lat="41.13817000" lon="-122.181590">
      <ele>1047.0000</ele>
      <time>2010-01-01T09:38:00Z</time>
    </rtept>
    <rtept lat="41.13828000" lon="-122.181790">
      <ele>1050.0000</ele>
      <time>2010-01-01T09:38:08Z</time>
    </rtept>
    <rtept lat="41.13834000" lon="-122.181990">
      <ele>1054.0000</ele>
      <time>2010-01-01T09:38:14Z</time>
    </rtept>
    <rtept lat="41.13833000" lon="-122.182260">
      <ele>1063.0000</ele>
      <time>2010-01-01T09:38:23Z</time>
    </rtept>
    <rtept lat="41.13828000" lon="-122.182240">
      <ele>1065.0000</ele>
      <time>2010-01-01T09:38:25Z</time>
    </rtept>
    <rtept lat="41.13829000" lon="-122.182150">
      <ele>1062.0000</ele>
      <time>2010-01-01T09:38:27Z</time>
    </rtept>
    <rtept lat="41.13821000" lon="-122.181970">
      <ele>1060.0000</ele>
      <time>2010-01-01T09:38:34Z</time>
    </rtept>
    <rtept lat="41.13806000" lon="-122.181830">
      <ele>1062.0000</ele>
      <time>2010-01-01T09:38:41Z</time>
    </rtept>
    <rtept lat="41.13791000" lon="-122.181780">
      <ele>1064.0000</ele>
      <time>2010-01-01T09:38:47Z</time>
    </rtept>
    <rtept lat="41.13777000" lon="-122.181770">
      <ele>1068.0000</ele>
      <time>2010-01-01T09:38:53Z</time>
    </rtept>
    <rtept lat="41.13740000" lon="-122.181900">
      <ele>1076.0000</ele>
      <time>2010-01-01T09:39:08Z</time>
    </rtept>
    <rtept lat="41.13721000" lon="-122.182100">
      <ele>1079.0000</ele>
      <time>2010-01-01T09:39:18Z</time>
    </rtept>
    <rtept lat="41.13708000" lon="-122.182410">
      <ele>1082.0000</ele>
      <time>2010-01-01T09:39:29Z</time>
    </rtept>
    <rtept lat="41.13711000" lon="-122.182850">
      <ele>1088.0000</ele>
      <time>2010-01-01T09:39:42Z</time>
    </rtept>
    <rtept lat="41.13712000" lon="-122.183270">
      <ele>1093.0000</ele>
      <time>2010-01-01T09:39:55Z</time>
    </rtept>
    <rtept lat="41.13709000" lon="-122.183660">
      <ele>1096.0000</ele>
      <time>2010-01-01T09:40:06Z</time>
    </rtept>
    <rtept lat="41.13707000" lon="-122.183770">
      <ele>1097.0000</ele>
      <time>2010-01-01T09:40:10Z</time>
    </rtept>
    <rtept lat="41.13710000" lon="-122.183830">
      <ele>1099.0000</ele>
      <time>2010-01-01T09:40:12Z</time>
    </rtept>
    <rtept lat="41.13720000" lon="-122.183510">
      <ele>1100.0000</ele>
      <time>2010-01-01T09:40:22Z</time>
    </rtept>
    <rtept lat="41.13734000" lon="-122.183190">
      <ele>1101.0000</ele>
      <time>2010-01-01T09:40:34Z</time>
    </rtept>
    <rtept lat="41.13741000" lon="-122.182910">
      <ele>1099.0000</ele>
      <time>2010-01-01T09:40:42Z</time>
    </rtept>
    <rtept lat="41.13749000" lon="-122.182810">
      <ele>1100.0000</ele>
      <time>2010-01-01T09:40:47Z</time>
    </rtept>
    <rtept lat="41.13755000" lon="-122.182910">
      <ele>1102.0000</ele>
      <time>2010-01-01T09:40:51Z</time>
    </rtept>
    <rtept lat="41.13753000" lon="-122.183600">
      <ele>1109.0000</ele>
      <time>2010-01-01T09:41:12Z</time>
    </rtept>
    <rtept lat="41.13779000" lon="-122.184590">
      <ele>1128.0000</ele>
      <time>2010-01-01T09:41:43Z</time>
    </rtept>
    <rtept lat="41.13780000" lon="-122.184730">
      <ele>1129.0000</ele>
      <time>2010-01-01T09:41:47Z</time>
    </rtept>
    <rtept lat="41.13779000" lon="-122.184840">
      <ele>1130.0000</ele>
      <time>2010-01-01T09:41:51Z</time>
    </rtept>
    <rtept lat="41.13778000" lon="-122.184970">
      <ele>1130.0000</ele>
      <time>2010-01-01T09:41:55Z</time>
    </rtept>
    <rtept lat="41.13774000" lon="-122.185140">
      <ele>1132.0000</ele>
      <time>2010-01-01T09:42:00Z</time>
    </rtept>
    <rtept lat="41.13768000" lon="-122.185410">
      <ele>1132.0000</ele>
      <time>2010-01-01T09:42:09Z</time>
    </rtept>
    <rtept lat="41.13761000" lon="-122.185630">
      <ele>1132.0000</ele>
      <time>2010-01-01T09:42:16Z</time>
    </rtept>
    <rtept lat="41.13764000" lon="-122.185830">
      <ele>1137.0000</ele>
      <time>2010-01-01T09:42:22Z</time>
    </rtept>
    <rtept lat="41.13776000" lon="-122.185920">
      <ele>1146.0000</ele>
      <time>2010-01-01T09:42:27Z</time>
    </rtept>
    <rtept lat="41.13795000" lon="-122.185910">
      <ele>1151.0000</ele>
      <time>2010-01-01T09:42:35Z</time>
    </rtept>
    <rtept lat="41.13830000" lon="-122.185940">
      <ele>1153.0000</ele>
      <time>2010-01-01T09:42:49Z</time>
    </rtept>
    <rtept lat="41.13843000" lon="-122.186140">
      <ele>1161.0000</ele>
      <time>2010-01-01T09:42:57Z</time>
    </rtept>
    <rtept lat="41.13859000" lon="-122.186410">
      <ele>1164.0000</ele>
      <time>2010-01-01T09:43:07Z</time>
    </rtept>
    <rtept lat="41.13886000" lon="-122.187080">
      <ele>1179.0000</ele>
      <time>2010-01-01T09:43:30Z</time>
    </rtept>
    <rtept lat="41.13898000" lon="-122.187300">
      <ele>1180.0000</ele>
      <time>2010-01-01T09:43:38Z</time>
    </rtept>
    <rtept lat="41.13912000" lon="-122.187420">
      <ele>1179.0000</ele>
      <time>2010-01-01T09:43:45Z</time>
    </rtept>
    <rtept lat="41.13946000" lon="-122.187520">
      <ele>1177.0000</ele>
      <time>2010-01-01T09:43:59Z</time>
    </rtept>
    <rtept lat="41.13990000" lon="-122.187550">
      <ele>1173.0000</ele>
      <time>2010-01-01T09:44:17Z</time>
    </rtept>
    <rtept lat="41.14002000" lon="-122.187560">
      <ele>1171.0000</ele>
      <time>2010-01-01T09:44:22Z</time>
    </rtept>
    <rtept lat="41.14010000" lon="-122.187610">
      <ele>1169.0000</ele>
      <time>2010-01-01T09:44:25Z</time>
    </rtept>
    <rtept lat="41.14019000" lon="-122.187670">
      <ele>1167.0000</ele>
      <time>2010-01-01T09:44:29Z</time>
    </rtept>
    <rtept lat="41.14025000" lon="-122.187770">
      <ele>1166.0000</ele>
      <time>2010-01-01T09:44:33Z</time>
    </rtept>
    <rtept lat="41.14027000" lon="-122.187960">
      <ele>1167.0000</ele>
      <time>2010-01-01T09:44:39Z</time>
    </rtept>
    <rtept lat="41.14019000" lon="-122.188160">
      <ele>1169.0000</ele>
      <time>2010-01-01T09:44:46Z</time>
    </rtept>
    <rtept lat="41.14002000" lon="-122.188390">
      <ele>1174.0000</ele>
      <time>2010-01-01T09:44:55Z</time>
    </rtept>
    <rtept lat="41.13981000" lon="-122.188880">
      <ele>1184.0000</ele>
      <time>2010-01-01T09:45:12Z</time>
    </rtept>
    <rtept lat="41.13980000" lon="-122.189260">
      <ele>1182.0000</ele>
      <time>2010-01-01T09:45:24Z</time>
    </rtept>
    <rtept lat="41.13977000" lon="-122.189400">
      <ele>1182.0000</ele>
      <time>2010-01-01T09:45:28Z</time>
    </rtept>
    <rtept lat="41.13966000" lon="-122.189470">
      <ele>1186.0000</ele>
      <time>2010-01-01T09:45:33Z</time>
    </rtept>
    <rtept lat="41.13947000" lon="-122.189450">
      <ele>1190.0000</ele>
      <time>2010-01-01T09:45:41Z</time>
    </rtept>
    <rtept lat="41.13929000" lon="-122.189460">
      <ele>1191.0000</ele>
      <time>2010-01-01T09:45:48Z</time>
    </rtept>
    <rtept lat="41.13910000" lon="-122.189550">
      <ele>1191.0000</ele>
      <time>2010-01-01T09:45:56Z</time>
    </rtept>
    <rtept lat="41.13899000" lon="-122.189670">
      <ele>1193.0000</ele>
      <time>2010-01-01T09:46:02Z</time>
    </rtept>
    <rtept lat="41.13891000" lon="-122.189800">
      <ele>1194.0000</ele>
      <time>2010-01-01T09:46:07Z</time>
    </rtept>
    <rtept lat="41.13873000" lon="-122.190280">
      <ele>1193.0000</ele>
      <time>2010-01-01T09:46:23Z</time>
    </rtept>
    <rtept lat="41.13871000" lon="-122.190690">
      <ele>1187.0000</ele>
      <time>2010-01-01T09:46:35Z</time>
    </rtept>
    <rtept lat="41.13865000" lon="-122.191010">
      <ele>1194.0000</ele>
      <time>2010-01-01T09:46:45Z</time>
    </rtept>
    <rtept lat="41.13864000" lon="-122.191340">
      <ele>1200.0000</ele>
      <time>2010-01-01T09:46:55Z</time>
    </rtept>
    <rtept lat="41.13870000" lon="-122.191940">
      <ele>1191.0000</ele>
      <time>2010-01-01T09:47:13Z</time>
    </rtept>
    <rtept lat="41.13872000" lon="-122.192170">
      <ele>1194.0000</ele>
      <time>2010-01-01T09:47:20Z</time>
    </rtept>
    <rtept lat="41.13871000" lon="-122.192320">
      <ele>1196.0000</ele>
      <time>2010-01-01T09:47:25Z</time>
    </rtept>
    <rtept lat="41.13863000" lon="-122.192510">
      <ele>1202.0000</ele>
      <time>2010-01-01T09:47:31Z</time>
    </rtept>
    <rtept lat="41.13858000" lon="-122.192930">
      <ele>1202.0000</ele>
      <time>2010-01-01T09:47:44Z</time>
    </rtept>
    <rtept lat="41.13857000" lon="-122.193150">
      <ele>1203.0000</ele>
      <time>2010-01-01T09:47:51Z</time>
    </rtept>
    <rtept lat="41.13860000" lon="-122.193340">
      <ele>1203.0000</ele>
      <time>2010-01-01T09:47:57Z</time>
    </rtept>
    <rtept lat="41.13874000" lon="-122.193680">
      <ele>1201.0000</ele>
      <time>2010-01-01T09:48:08Z</time>
    </rtept>
    <rtept lat="41.13890000" lon="-122.193970">
      <ele>1196.0000</ele>
      <time>2010-01-01T09:48:19Z</time>
    </rtept>
    <rtept lat="41.13892000" lon="-122.194210">
      <ele>1198.0000</ele>
      <time>2010-01-01T09:48:27Z</time>
    </rtept>
    <rtept lat="41.13889000" lon="-122.194410">
      <ele>1202.0000</ele>
      <time>2010-01-01T09:48:33Z</time>
    </rtept>
    <rtept lat="41.13892000" lon="-122.194730">
      <ele>1204.0000</ele>
      <time>2010-01-01T09:48:42Z</time>
    </rtept>
    <rtept lat="41.13921000" lon="-122.195900">
      <ele>1205.0000</ele>
      <time>2010-01-01T09:49:20Z</time>
    </rtept>
    <rtept lat="41.13921000" lon="-122.196030">
      <ele>1206.0000</ele>
      <time>2010-01-01T09:49:23Z</time>
    </rtept>
    <rtept lat="41.13911000" lon="-122.196160">
      <ele>1209.0000</ele>
      <time>2010-01-01T09:49:29Z</time>
    </rtept>
    <rtept lat="41.13902000" lon="-122.196280">
      <ele>1210.0000</ele>
      <time>2010-01-01T09:49:34Z</time>
    </rtept>
    <rtept lat="41.13895000" lon="-122.196460">
      <ele>1210.0000</ele>
      <time>2010-01-01T09:49:40Z</time>
    </rtept>
    <rtept lat="41.13895000" lon="-122.196680">
      <ele>1209.0000</ele>
      <time>2010-01-01T09:49:47Z</time>
    </rtept>
    <rtept lat="41.13897000" lon="-122.196940">
      <ele>1209.0000</ele>
      <time>2010-01-01T09:49:55Z</time>
    </rtept>
    <rtept lat="41.13907000" lon="-122.197310">
      <ele>1208.0000</ele>
      <time>2010-01-01T09:50:07Z</time>
    </rtept>
    <rtept lat="41.13907000" lon="-122.197610">
      <ele>1206.0000</ele>
      <time>2010-01-01T09:50:16Z</time>
    </rtept>
    <rtept lat="41.13914000" lon="-122.197960">
      <ele>1205.0000</ele>
      <time>2010-01-01T09:50:27Z</time>
    </rtept>
    <rtept lat="41.13914000" lon="-122.198130">
      <ele>1203.0000</ele>
      <time>2010-01-01T09:50:32Z</time>
    </rtept>
    <rtept lat="41.13906000" lon="-122.198270">
      <ele>1200.0000</ele>
      <time>2010-01-01T09:50:37Z</time>
    </rtept>
    <rtept lat="41.13908000" lon="-122.198520">
      <ele>1199.0000</ele>
      <time>2010-01-01T09:50:45Z</time>
    </rtept>
    <rtept lat="41.13914000" lon="-122.198810">
      <ele>1201.0000</ele>
      <time>2010-01-01T09:50:54Z</time>
    </rtept>
    <rtept lat="41.13918000" lon="-122.198960">
      <ele>1204.0000</ele>
      <time>2010-01-01T09:50:58Z</time>
    </rtept>
    <rtept lat="41.13918000" lon="-122.199160">
      <ele>1206.0000</ele>
      <time>2010-01-01T09:51:05Z</time>
    </rtept>
    <rtept lat="41.13914000" lon="-122.199430">
      <ele>1210.0000</ele>
      <time>2010-01-01T09:51:13Z</time>
    </rtept>
    <rtept lat="41.13904000" lon="-122.199730">
      <ele>1213.0000</ele>
      <time>2010-01-01T09:51:23Z</time>
    </rtept>
    <rtept lat="41.13893000" lon="-122.199960">
      <ele>1213.0000</ele>
      <time>2010-01-01T09:51:31Z</time>
    </rtept>
    <rtept lat="41.13882000" lon="-122.200190">
      <ele>1213.0000</ele>
      <time>2010-01-01T09:51:39Z</time>
    </rtept>
    <rtept lat="41.13869000" lon="-122.200510">
      <ele>1218.0000</ele>
      <time>2010-01-01T09:51:50Z</time>
    </rtept>
    <rtept lat="41.13848000" lon="-122.200730">
      <ele>1226.0000</ele>
      <time>2010-01-01T09:52:01Z</time>
    </rtept>
    <rtept lat="41.13838000" lon="-122.200810">
      <ele>1229.0000</ele>
      <time>2010-01-01T09:52:05Z</time>
    </rtept>
    <rtept lat="41.13826000" lon="-122.200810">
      <ele>1229.0000</ele>
      <time>2010-01-01T09:52:10Z</time>
    </rtept>
    <rtept lat="41.13792000" lon="-122.200790">
      <ele>1225.0000</ele>
      <time>2010-01-01T09:52:24Z</time>
    </rtept>
    <rtept lat="41.13778000" lon="-122.200860">
      <ele>1225.0000</ele>
      <time>2010-01-01T09:52:30Z</time>
    </rtept>
    <rtept lat="41.13768000" lon="-122.201040">
      <ele>1229.0000</ele>
      <time>2010-01-01T09:52:37Z</time>
    </rtept>
    <rtept lat="41.13756000" lon="-122.201290">
      <ele>1234.0000</ele>
      <time>2010-01-01T09:52:46Z</time>
    </rtept>
    <rtept lat="41.13747000" lon="-122.201540">
      <ele>1240.0000</ele>
      <time>2010-01-01T09:52:54Z</time>
    </rtept>
    <rtept lat="41.13740000" lon="-122.201740">
      <ele>1244.0000</ele>
      <time>2010-01-01T09:53:01Z</time>
    </rtept>
    <rtept lat="41.13728000" lon="-122.202050">
      <ele>1246.0000</ele>
      <time>2010-01-01T09:53:11Z</time>
    </rtept>
    <rtept lat="41.13711000" lon="-122.202490">
      <ele>1249.0000</ele>
      <time>2010-01-01T09:53:26Z</time>
    </rtept>
    <rtept lat="41.13704000" lon="-122.203150">
      <ele>1250.0000</ele>
      <time>2010-01-01T09:53:46Z</time>
    </rtept>
    <rtept lat="41.13701000" lon="-122.203340">
      <ele>1250.0000</ele>
      <time>2010-01-01T09:53:52Z</time>
    </rtept>
    <rtept lat="41.13698000" lon="-122.203600">
      <ele>1251.0000</ele>
      <time>2010-01-01T09:54:00Z</time>
    </rtept>
    <rtept lat="41.13699000" lon="-122.203700">
      <ele>1254.0000</ele>
      <time>2010-01-01T09:54:03Z</time>
    </rtept>
    <rtept lat="41.13705000" lon="-122.203680">
      <ele>1256.0000</ele>
      <time>2010-01-01T09:54:05Z</time>
    </rtept>
    <rtept lat="41.13715000" lon="-122.203360">
      <ele>1254.0000</ele>
      <time>2010-01-01T09:54:16Z</time>
    </rtept>
    <rtept lat="41.13718000" lon="-122.203100">
      <ele>1254.0000</ele>
      <time>2010-01-01T09:54:24Z</time>
    </rtept>
    <rtept lat="41.13732000" lon="-122.202660">
      <ele>1255.0000</ele>
      <time>2010-01-01T09:54:38Z</time>
    </rtept>
    <rtept lat="41.13760000" lon="-122.202270">
      <ele>1257.0000</ele>
      <time>2010-01-01T09:54:54Z</time>
    </rtept>
    <rtept lat="41.13785000" lon="-122.201830">
      <ele>1259.0000</ele>
      <time>2010-01-01T09:55:11Z</time>
    </rtept>
    <rtept lat="41.13801000" lon="-122.201610">
      <ele>1258.0000</ele>
      <time>2010-01-01T09:55:20Z</time>
    </rtept>
    <rtept lat="41.13816000" lon="-122.201560">
      <ele>1259.0000</ele>
      <time>2010-01-01T09:55:26Z</time>
    </rtept>
    <rtept lat="41.13834000" lon="-122.201560">
      <ele>1262.0000</ele>
      <time>2010-01-01T09:55:34Z</time>
    </rtept>
    <rtept lat="41.13862000" lon="-122.201530">
      <ele>1258.0000</ele>
      <time>2010-01-01T09:55:45Z</time>
    </rtept>
    <rtept lat="41.13873000" lon="-122.201550">
      <ele>1256.0000</ele>
      <time>2010-01-01T09:55:49Z</time>
    </rtept>
    <rtept lat="41.13871000" lon="-122.201840">
      <ele>1259.0000</ele>
      <time>2010-01-01T09:55:58Z</time>
    </rtept>
    <rtept lat="41.13862000" lon="-122.202160">
      <ele>1261.0000</ele>
      <time>2010-01-01T09:56:08Z</time>
    </rtept>
    <rtept lat="41.13832000" lon="-122.203170">
      <ele>1275.0000</ele>
      <time>2010-01-01T09:56:41Z</time>
    </rtept>
    <rtept lat="41.13824000" lon="-122.203730">
      <ele>1276.0000</ele>
      <time>2010-01-01T09:56:58Z</time>
    </rtept>
    <rtept lat="41.13821000" lon="-122.204190">
      <ele>1276.0000</ele>
      <time>2010-01-01T09:57:12Z</time>
    </rtept>
    <rtept lat="41.13820000" lon="-122.204530">
      <ele>1279.0000</ele>
      <time>2010-01-01T09:57:22Z</time>
    </rtept>
    <rtept lat="41.13823000" lon="-122.204740">
      <ele>1281.0000</ele>
      <time>2010-01-01T09:57:29Z</time>
    </rtept>
    <rtept lat="41.13825000" lon="-122.205020">
      <ele>1281.0000</ele>
      <time>2010-01-01T09:57:37Z</time>
    </rtept>
    <rtept lat="41.13814000" lon="-122.205410">
      <ele>1283.0000</ele>
      <time>2010-01-01T09:57:50Z</time>
    </rtept>
    <rtept lat="41.13804000" lon="-122.205740">
      <ele>1283.0000</ele>
      <time>2010-01-01T09:58:01Z</time>
    </rtept>
    <rtept lat="41.13795000" lon="-122.206140">
      <ele>1287.0000</ele>
      <time>2010-01-01T09:58:13Z</time>
    </rtept>
    <rtept lat="41.13787000" lon="-122.206410">
      <ele>1291.0000</ele>
      <time>2010-01-01T09:58:22Z</time>
    </rtept>
    <rtept lat="41.13787000" lon="-122.206840">
      <ele>1292.0000</ele>
      <time>2010-01-01T09:58:35Z</time>
    </rtept>
    <rtept lat="41.13794000" lon="-122.207130">
      <ele>1291.0000</ele>
      <time>2010-01-01T09:58:44Z</time>
    </rtept>
    <rtept lat="41.13801000" lon="-122.207350">
      <ele>1292.0000</ele>
      <time>2010-01-01T09:58:51Z</time>
    </rtept>
    <rtept lat="41.13827000" lon="-122.207630">
      <ele>1289.0000</ele>
      <time>2010-01-01T09:59:05Z</time>
    </rtept>
    <rtept lat="41.13845000" lon="-122.207840">
      <ele>1287.0000</ele>
      <time>2010-01-01T09:59:14Z</time>
    </rtept>
    <rtept lat="41.13857000" lon="-122.208040">
      <ele>1291.0000</ele>
      <time>2010-01-01T09:59:22Z</time>
    </rtept>
    <rtept lat="41.13880000" lon="-122.208330">
      <ele>1293.0000</ele>
      <time>2010-01-01T09:59:35Z</time>
    </rtept>
    <rtept lat="41.13890000" lon="-122.208510">
      <ele>1295.0000</ele>
      <time>2010-01-01T09:59:42Z</time>
    </rtept>
    <rtept lat="41.13900000" lon="-122.208710">
      <ele>1296.0000</ele>
      <time>2010-01-01T09:59:49Z</time>
    </rtept>
    <rtept lat="41.13915000" lon="-122.209000">
      <ele>1298.0000</ele>
      <time>2010-01-01T09:59:59Z</time>
    </rtept>
    <rtept lat="41.13924000" lon="-122.209200">
      <ele>1300.0000</ele>
      <time>2010-01-01T10:00:06Z</time>
    </rtept>
    <rtept lat="41.13933000" lon="-122.209320">
      <ele>1301.0000</ele>
      <time>2010-01-01T10:00:11Z</time>
    </rtept>
    <rtept lat="41.13947000" lon="-122.209460">
      <ele>1303.0000</ele>
      <time>2010-01-01T10:00:19Z</time>
    </rtept>
    <rtept lat="41.13964000" lon="-122.209590">
      <ele>1305.0000</ele>
      <time>2010-01-01T10:00:26Z</time>
    </rtept>
    <rtept lat="41.13982000" lon="-122.209660">
      <ele>1306.0000</ele>
      <time>2010-01-01T10:00:34Z</time>
    </rtept>
    <rtept lat="41.14000000" lon="-122.209640">
      <ele>1307.0000</ele>
      <time>2010-01-01T10:00:41Z</time>
    </rtept>
    <rtept lat="41.14024000" lon="-122.209630">
      <ele>1308.0000</ele>
      <time>2010-01-01T10:00:51Z</time>
    </rtept>
    <rtept lat="41.14037000" lon="-122.209610">
      <ele>1308.0000</ele>
      <time>2010-01-01T10:00:56Z</time>
    </rtept>
    <rtept lat="41.14050000" lon="-122.209440">
      <ele>1305.0000</ele>
      <time>2010-01-01T10:01:03Z</time>
    </rtept>
    <rtept lat="41.14062000" lon="-122.209360">
      <ele>1303.0000</ele>
      <time>2010-01-01T10:01:09Z</time>
    </rtept>
    <rtept lat="41.14071000" lon="-122.209340">
      <ele>1303.0000</ele>
      <time>2010-01-01T10:01:12Z</time>
    </rtept>
    <rtept lat="41.14088000" lon="-122.209370">
      <ele>1304.0000</ele>
      <time>2010-01-01T10:01:19Z</time>
    </rtept>
    <rtept lat="41.14104000" lon="-122.209470">
      <ele>1304.0000</ele>
      <time>2010-01-01T10:01:26Z</time>
    </rtept>
    <rtept lat="41.14117000" lon="-122.209650">
      <ele>1303.0000</ele>
      <time>2010-01-01T10:01:34Z</time>
    </rtept>
    <rtept lat="41.14131000" lon="-122.209910">
      <ele>1308.0000</ele>
      <time>2010-01-01T10:01:43Z</time>
    </rtept>
    <rtept lat="41.14136000" lon="-122.210050">
      <ele>1314.0000</ele>
      <time>2010-01-01T10:01:48Z</time>
    </rtept>
    <rtept lat="41.14147000" lon="-122.210180">
      <ele>1318.0000</ele>
      <time>2010-01-01T10:01:54Z</time>
    </rtept>
    <rtept lat="41.14158000" lon="-122.210280">
      <ele>1319.0000</ele>
      <time>2010-01-01T10:01:59Z</time>
    </rtept>
    <rtept lat="41.14180000" lon="-122.210410">
      <ele>1318.0000</ele>
      <time>2010-01-01T10:02:09Z</time>
    </rtept>
    <rtept lat="41.14190000" lon="-122.210480">
      <ele>1320.0000</ele>
      <time>2010-01-01T10:02:13Z</time>
    </rtept>
    <rtept lat="41.14212000" lon="-122.210530">
      <ele>1322.0000</ele>
      <time>2010-01-01T10:02:22Z</time>
    </rtept>
    <rtept lat="41.14226000" lon="-122.210640">
      <ele>1328.0000</ele>
      <time>2010-01-01T10:02:29Z</time>
    </rtept>
    <rtept lat="41.14229000" lon="-122.210890">
      <ele>1336.0000</ele>
      <time>2010-01-01T10:02:37Z</time>
    </rtept>
    <rtept lat="41.14234000" lon="-122.210950">
      <ele>1337.0000</ele>
      <time>2010-01-01T10:02:39Z</time>
    </rtept>
    <rtept lat="41.14246000" lon="-122.210920">
      <ele>1336.0000</ele>
      <time>2010-01-01T10:02:44Z</time>
    </rtept>
    <rtept lat="41.14280000" lon="-122.210740">
      <ele>1333.0000</ele>
      <time>2010-01-01T10:02:59Z</time>
    </rtept>
    <rtept lat="41.14299000" lon="-122.210590">
      <ele>1331.0000</ele>
      <time>2010-01-01T10:03:08Z</time>
    </rtept>
    <rtept lat="41.14315000" lon="-122.210520">
      <ele>1331.0000</ele>
      <time>2010-01-01T10:03:14Z</time>
    </rtept>
    <rtept lat="41.14339000" lon="-122.210500">
      <ele>1338.0000</ele>
      <time>2010-01-01T10:03:24Z</time>
    </rtept>
    <rtept lat="41.14355000" lon="-122.210430">
      <ele>1338.0000</ele>
      <time>2010-01-01T10:03:31Z</time>
    </rtept>
    <rtept lat="41.14389000" lon="-122.210220">
      <ele>1328.0000</ele>
      <time>2010-01-01T10:03:46Z</time>
    </rtept>
    <rtept lat="41.14399000" lon="-122.210190">
      <ele>1325.0000</ele>
      <time>2010-01-01T10:03:50Z</time>
    </rtept>
    <rtept lat="41.14416000" lon="-122.210260">
      <ele>1328.0000</ele>
      <time>2010-01-01T10:03:57Z</time>
    </rtept>
    <rtept lat="41.14436000" lon="-122.210430">
      <ele>1330.0000</ele>
      <time>2010-01-01T10:04:06Z</time>
    </rtept>
    <rtept lat="41.14454000" lon="-122.210560">
      <ele>1331.0000</ele>
      <time>2010-01-01T10:04:15Z</time>
    </rtept>
    <rtept lat="41.14469000" lon="-122.210630">
      <ele>1329.0000</ele>
      <time>2010-01-01T10:04:21Z</time>
    </rtept>
    <rtept lat="41.14482000" lon="-122.210780">
      <ele>1330.0000</ele>
      <time>2010-01-01T10:04:28Z</time>
    </rtept>
    <rtept lat="41.14491000" lon="-122.210890">
      <ele>1331.0000</ele>
      <time>2010-01-01T10:04:33Z</time>
    </rtept>
    <rtept lat="41.14507000" lon="-122.211220">
      <ele>1341.0000</ele>
      <time>2010-01-01T10:04:45Z</time>
    </rtept>
    <rtept lat="41.14521000" lon="-122.211380">
      <ele>1344.0000</ele>
      <time>2010-01-01T10:04:52Z</time>
    </rtept>
    <rtept lat="41.14532000" lon="-122.211530">
      <ele>1349.0000</ele>
      <time>2010-01-01T10:04:58Z</time>
    </rtept>
    <rtept lat="41.14564000" lon="-122.211720">
      <ele>1347.0000</ele>
      <time>2010-01-01T10:05:12Z</time>
    </rtept>
    <rtept lat="41.14575000" lon="-122.211810">
      <ele>1346.0000</ele>
      <time>2010-01-01T10:05:18Z</time>
    </rtept>
    <rtept lat="41.14585000" lon="-122.211990">
      <ele>1346.0000</ele>
      <time>2010-01-01T10:05:24Z</time>
    </rtept>
    <rtept lat="41.14572000" lon="-122.211910">
      <ele>1351.0000</ele>
      <time>2010-01-01T10:05:30Z</time>
    </rtept>
    <rtept lat="41.14557000" lon="-122.211810">
      <ele>1354.0000</ele>
      <time>2010-01-01T10:05:37Z</time>
    </rtept>
    <rtept lat="41.14523000" lon="-122.211740">
      <ele>1362.0000</ele>
      <time>2010-01-01T10:05:51Z</time>
    </rtept>
    <rtept lat="41.14503000" lon="-122.211630">
      <ele>1364.0000</ele>
      <time>2010-01-01T10:05:59Z</time>
    </rtept>
    <rtept lat="41.14488000" lon="-122.211460">
      <ele>1358.0000</ele>
      <time>2010-01-01T10:06:07Z</time>
    </rtept>
    <rtept lat="41.14469000" lon="-122.211280">
      <ele>1356.0000</ele>
      <time>2010-01-01T10:06:16Z</time>
    </rtept>
    <rtept lat="41.14456000" lon="-122.211170">
      <ele>1356.0000</ele>
      <time>2010-01-01T10:06:23Z</time>
    </rtept>
    <rtept lat="41.14437000" lon="-122.211130">
      <ele>1360.0000</ele>
      <time>2010-01-01T10:06:30Z</time>
    </rtept>
    <rtept lat="41.14416000" lon="-122.211140">
      <ele>1364.0000</ele>
      <time>2010-01-01T10:06:39Z</time>
    </rtept>
    <rtept lat="41.14391000" lon="-122.211160">
      <ele>1365.0000</ele>
      <time>2010-01-01T10:06:49Z</time>
    </rtept>
    <rtept lat="41.14377000" lon="-122.211210">
      <ele>1366.0000</ele>
      <time>2010-01-01T10:06:55Z</time>
    </rtept>
    <rtept lat="41.14367000" lon="-122.211290">
      <ele>1367.0000</ele>
      <time>2010-01-01T10:06:59Z</time>
    </rtept>
    <rtept lat="41.14357000" lon="-122.211520">
      <ele>1371.0000</ele>
      <time>2010-01-01T10:07:07Z</time>
    </rtept>
    <rtept lat="41.14341000" lon="-122.211760">
      <ele>1376.0000</ele>
      <time>2010-01-01T10:07:17Z</time>
    </rtept>
    <rtept lat="41.14303000" lon="-122.212210">
      <ele>1385.0000</ele>
      <time>2010-01-01T10:07:37Z</time>
    </rtept>
    <rtept lat="41.14281000" lon="-122.212510">
      <ele>1386.0000</ele>
      <time>2010-01-01T10:07:50Z</time>
    </rtept>
    <rtept lat="41.14264000" lon="-122.212610">
      <ele>1383.0000</ele>
      <time>2010-01-01T10:07:57Z</time>
    </rtept>
    <rtept lat="41.14240000" lon="-122.212700">
      <ele>1382.0000</ele>
      <time>2010-01-01T10:08:07Z</time>
    </rtept>
    <rtept lat="41.14224000" lon="-122.212730">
      <ele>1382.0000</ele>
      <time>2010-01-01T10:08:14Z</time>
    </rtept>
    <rtept lat="41.14217000" lon="-122.212810">
      <ele>1383.0000</ele>
      <time>2010-01-01T10:08:17Z</time>
    </rtept>
    <rtept lat="41.14215000" lon="-122.212990">
      <ele>1382.0000</ele>
      <time>2010-01-01T10:08:23Z</time>
    </rtept>
    <rtept lat="41.14222000" lon="-122.213130">
      <ele>1381.0000</ele>
      <time>2010-01-01T10:08:28Z</time>
    </rtept>
    <rtept lat="41.14236000" lon="-122.213210">
      <ele>1381.0000</ele>
      <time>2010-01-01T10:08:34Z</time>
    </rtept>
    <rtept lat="41.14261000" lon="-122.213280">
      <ele>1380.0000</ele>
      <time>2010-01-01T10:08:44Z</time>
    </rtept>
    <rtept lat="41.14273000" lon="-122.213260">
      <ele>1380.0000</ele>
      <time>2010-01-01T10:08:49Z</time>
    </rtept>
    <rtept lat="41.14285000" lon="-122.213230">
      <ele>1381.0000</ele>
      <time>2010-01-01T10:08:54Z</time>
    </rtept>
    <rtept lat="41.14301000" lon="-122.213130">
      <ele>1385.0000</ele>
      <time>2010-01-01T10:09:01Z</time>
    </rtept>
    <rtept lat="41.14316000" lon="-122.213130">
      <ele>1389.0000</ele>
      <time>2010-01-01T10:09:07Z</time>
    </rtept>
    <rtept lat="41.14328000" lon="-122.213270">
      <ele>1390.0000</ele>
      <time>2010-01-01T10:09:14Z</time>
    </rtept>
    <rtept lat="41.14336000" lon="-122.213460">
      <ele>1391.0000</ele>
      <time>2010-01-01T10:09:20Z</time>
    </rtept>
    <rtept lat="41.14335000" lon="-122.213760">
      <ele>1391.0000</ele>
      <time>2010-01-01T10:09:29Z</time>
    </rtept>
    <rtept lat="41.14328000" lon="-122.214070">
      <ele>1393.0000</ele>
      <time>2010-01-01T10:09:39Z</time>
    </rtept>
    <rtept lat="41.14322000" lon="-122.214370">
      <ele>1394.0000</ele>
      <time>2010-01-01T10:09:48Z</time>
    </rtept>
    <rtept lat="41.14317000" lon="-122.214660">
      <ele>1392.0000</ele>
      <time>2010-01-01T10:09:57Z</time>
    </rtept>
    <rtept lat="41.14318000" lon="-122.214850">
      <ele>1390.0000</ele>
      <time>2010-01-01T10:10:03Z</time>
    </rtept>
    <rtept lat="41.14331000" lon="-122.215020">
      <ele>1395.0000</ele>
      <time>2010-01-01T10:10:10Z</time>
    </rtept>
    <rtept lat="41.14347000" lon="-122.215170">
      <ele>1398.0000</ele>
      <time>2010-01-01T10:10:18Z</time>
    </rtept>
    <rtept lat="41.14384000" lon="-122.215470">
      <ele>1404.0000</ele>
      <time>2010-01-01T10:10:36Z</time>
    </rtept>
    <rtept lat="41.14403000" lon="-122.215620">
      <ele>1406.0000</ele>
      <time>2010-01-01T10:10:44Z</time>
    </rtept>
    <rtept lat="41.14423000" lon="-122.215850">
      <ele>1408.0000</ele>
      <time>2010-01-01T10:10:55Z</time>
    </rtept>
    <rtept lat="41.14443000" lon="-122.216080">
      <ele>1409.0000</ele>
      <time>2010-01-01T10:11:06Z</time>
    </rtept>
    <rtept lat="41.14452000" lon="-122.216250">
      <ele>1410.0000</ele>
      <time>2010-01-01T10:11:12Z</time>
    </rtept>
    <rtept lat="41.14455000" lon="-122.216420">
      <ele>1408.0000</ele>
      <time>2010-01-01T10:11:17Z</time>
    </rtept>
    <rtept lat="41.14476000" lon="-122.216820">
      <ele>1411.0000</ele>
      <time>2010-01-01T10:11:32Z</time>
    </rtept>
    <rtept lat="41.14501000" lon="-122.217140">
      <ele>1417.0000</ele>
      <time>2010-01-01T10:11:46Z</time>
    </rtept>
    <rtept lat="41.14506000" lon="-122.217200">
      <ele>1418.0000</ele>
      <time>2010-01-01T10:11:48Z</time>
    </rtept>
    <rtept lat="41.14529000" lon="-122.217500">
      <ele>1422.0000</ele>
      <time>2010-01-01T10:12:01Z</time>
    </rtept>
    <rtept lat="41.14557000" lon="-122.217800">
      <ele>1418.0000</ele>
      <time>2010-01-01T10:12:16Z</time>
    </rtept>
    <rtept lat="41.14585000" lon="-122.217940">
      <ele>1421.0000</ele>
      <time>2010-01-01T10:12:28Z</time>
    </rtept>
    <rtept lat="41.14604000" lon="-122.217980">
      <ele>1426.0000</ele>
      <time>2010-01-01T10:12:35Z</time>
    </rtept>
    <rtept lat="41.14621000" lon="-122.218020">
      <ele>1429.0000</ele>
      <time>2010-01-01T10:12:42Z</time>
    </rtept>
    <rtept lat="41.14645000" lon="-122.218130">
      <ele>1430.0000</ele>
      <time>2010-01-01T10:12:52Z</time>
    </rtept>
    <rtept lat="41.14659000" lon="-122.218220">
      <ele>1432.0000</ele>
      <time>2010-01-01T10:12:59Z</time>
    </rtept>
    <rtept lat="41.14665000" lon="-122.218310">
      <ele>1433.0000</ele>
      <time>2010-01-01T10:13:02Z</time>
    </rtept>
    <rtept lat="41.14673000" lon="-122.218390">
      <ele>1434.0000</ele>
      <time>2010-01-01T10:13:06Z</time>
    </rtept>
    <rtept lat="41.14690000" lon="-122.218560">
      <ele>1434.0000</ele>
      <time>2010-01-01T10:13:15Z</time>
    </rtept>
    <rtept lat="41.14699000" lon="-122.218700">
      <ele>1432.0000</ele>
      <time>2010-01-01T10:13:20Z</time>
    </rtept>
    <rtept lat="41.14703000" lon="-122.218920">
      <ele>1427.0000</ele>
      <time>2010-01-01T10:13:27Z</time>
    </rtept>
    <rtept lat="41.14709000" lon="-122.219240">
      <ele>1428.0000</ele>
      <time>2010-01-01T10:13:37Z</time>
    </rtept>
    <rtept lat="41.14715000" lon="-122.219480">
      <ele>1430.0000</ele>
      <time>2010-01-01T10:13:45Z</time>
    </rtept>
    <rtept lat="41.14721000" lon="-122.219750">
      <ele>1428.0000</ele>
      <time>2010-01-01T10:13:53Z</time>
    </rtept>
    <rtept lat="41.14745000" lon="-122.220130">
      <ele>1420.0000</ele>
      <time>2010-01-01T10:14:08Z</time>
    </rtept>
    <rtept lat="41.14772000" lon="-122.220420">
      <ele>1417.0000</ele>
      <time>2010-01-01T10:14:22Z</time>
    </rtept>
    <rtept lat="41.14799000" lon="-122.220770">
      <ele>1413.0000</ele>
      <time>2010-01-01T10:14:37Z</time>
    </rtept>
    <rtept lat="41.14811000" lon="-122.220900">
      <ele>1414.0000</ele>
      <time>2010-01-01T10:14:43Z</time>
    </rtept>
    <rtept lat="41.14826000" lon="-122.221080">
      <ele>1415.0000</ele>
      <time>2010-01-01T10:14:51Z</time>
    </rtept>
    <rtept lat="41.14837000" lon="-122.221340">
      <ele>1413.0000</ele>
      <time>2010-01-01T10:15:00Z</time>
    </rtept>
    <rtept lat="41.14845000" lon="-122.221820">
      <ele>1407.0000</ele>
      <time>2010-01-01T10:15:15Z</time>
    </rtept>
    <rtept lat="41.14843000" lon="-122.222030">
      <ele>1407.0000</ele>
      <time>2010-01-01T10:15:22Z</time>
    </rtept>
    <rtept lat="41.14835000" lon="-122.222320">
      <ele>1411.0000</ele>
      <time>2010-01-01T10:15:31Z</time>
    </rtept>
    <rtept lat="41.14835000" lon="-122.222420">
      <ele>1411.0000</ele>
      <time>2010-01-01T10:15:34Z</time>
    </rtept>
    <rtept lat="41.14836000" lon="-122.222480">
      <ele>1412.0000</ele>
      <time>2010-01-01T10:15:36Z</time>
    </rtept>
    <rtept lat="41.14845000" lon="-122.222580">
      <ele>1411.0000</ele>
      <time>2010-01-01T10:15:41Z</time>
    </rtept>
    <rtept lat="41.14853000" lon="-122.222620">
      <ele>1410.0000</ele>
      <time>2010-01-01T10:15:44Z</time>
    </rtept>
    <rtept lat="41.14872000" lon="-122.222790">
      <ele>1408.0000</ele>
      <time>2010-01-01T10:15:53Z</time>
    </rtept>
    <rtept lat="41.14891000" lon="-122.223070">
      <ele>1410.0000</ele>
      <time>2010-01-01T10:16:04Z</time>
    </rtept>
    <rtept lat="41.14898000" lon="-122.223260">
      <ele>1410.0000</ele>
      <time>2010-01-01T10:16:11Z</time>
    </rtept>
    <rtept lat="41.14900000" lon="-122.223480">
      <ele>1413.0000</ele>
      <time>2010-01-01T10:16:18Z</time>
    </rtept>
    <rtept lat="41.14901000" lon="-122.223680">
      <ele>1413.0000</ele>
      <time>2010-01-01T10:16:24Z</time>
    </rtept>
    <rtept lat="41.14898000" lon="-122.223810">
      <ele>1414.0000</ele>
      <time>2010-01-01T10:16:28Z</time>
    </rtept>
    <rtept lat="41.14889000" lon="-122.224080">
      <ele>1418.0000</ele>
      <time>2010-01-01T10:16:37Z</time>
    </rtept>
    <rtept lat="41.14889000" lon="-122.224170">
      <ele>1418.0000</ele>
      <time>2010-01-01T10:16:39Z</time>
    </rtept>
    <rtept lat="41.14891000" lon="-122.224250">
      <ele>1420.0000</ele>
      <time>2010-01-01T10:16:42Z</time>
    </rtept>
    <rtept lat="41.14929000" lon="-122.224680">
      <ele>1417.0000</ele>
      <time>2010-01-01T10:17:02Z</time>
    </rtept>
    <rtept lat="41.14957000" lon="-122.224810">
      <ele>1412.0000</ele>
      <time>2010-01-01T10:17:14Z</time>
    </rtept>
    <rtept lat="41.14966000" lon="-122.224840">
      <ele>1412.0000</ele>
      <time>2010-01-01T10:17:17Z</time>
    </rtept>
    <rtept lat="41.14978000" lon="-122.224920">
      <ele>1412.0000</ele>
      <time>2010-01-01T10:17:23Z</time>
    </rtept>
    <rtept lat="41.14989000" lon="-122.225050">
      <ele>1414.0000</ele>
      <time>2010-01-01T10:17:29Z</time>
    </rtept>
    <rtept lat="41.14995000" lon="-122.225180">
      <ele>1418.0000</ele>
      <time>2010-01-01T10:17:33Z</time>
    </rtept>
    <rtept lat="41.15018000" lon="-122.225610">
      <ele>1430.0000</ele>
      <time>2010-01-01T10:17:49Z</time>
    </rtept>
    <rtept lat="41.15052000" lon="-122.226010">
      <ele>1429.0000</ele>
      <time>2010-01-01T10:18:07Z</time>
    </rtept>
    <rtept lat="41.15074000" lon="-122.226100">
      <ele>1427.0000</ele>
      <time>2010-01-01T10:18:17Z</time>
    </rtept>
    <rtept lat="41.15090000" lon="-122.226110">
      <ele>1424.0000</ele>
      <time>2010-01-01T10:18:23Z</time>
    </rtept>
    <rtept lat="41.15101000" lon="-122.226150">
      <ele>1423.0000</ele>
      <time>2010-01-01T10:18:28Z</time>
    </rtept>
    <rtept lat="41.15119000" lon="-122.226260">
      <ele>1422.0000</ele>
      <time>2010-01-01T10:18:35Z</time>
    </rtept>
    <rtept lat="41.15160000" lon="-122.226700">
      <ele>1421.0000</ele>
      <time>2010-01-01T10:18:57Z</time>
    </rtept>
    <rtept lat="41.15180000" lon="-122.226850">
      <ele>1412.0000</ele>
      <time>2010-01-01T10:19:06Z</time>
    </rtept>
    <rtept lat="41.15184000" lon="-122.226920">
      <ele>1410.0000</ele>
      <time>2010-01-01T10:19:08Z</time>
    </rtept>
    <rtept lat="41.15184000" lon="-122.227030">
      <ele>1409.0000</ele>
      <time>2010-01-01T10:19:12Z</time>
    </rtept>
    <rtept lat="41.15177000" lon="-122.227140">
      <ele>1413.0000</ele>
      <time>2010-01-01T10:19:16Z</time>
    </rtept>
    <rtept lat="41.15168000" lon="-122.227230">
      <ele>1418.0000</ele>
      <time>2010-01-01T10:19:21Z</time>
    </rtept>
    <rtept lat="41.15155000" lon="-122.227410">
      <ele>1424.0000</ele>
      <time>2010-01-01T10:19:28Z</time>
    </rtept>
    <rtept lat="41.15140000" lon="-122.227680">
      <ele>1427.0000</ele>
      <time>2010-01-01T10:19:38Z</time>
    </rtept>
    <rtept lat="41.15134000" lon="-122.228060">
      <ele>1423.0000</ele>
      <time>2010-01-01T10:19:50Z</time>
    </rtept>
    <rtept lat="41.15133000" lon="-122.228260">
      <ele>1419.0000</ele>
      <time>2010-01-01T10:19:56Z</time>
    </rtept>
    <rtept lat="41.15138000" lon="-122.228490">
      <ele>1411.0000</ele>
      <time>2010-01-01T10:20:03Z</time>
    </rtept>
    <rtept lat="41.15141000" lon="-122.228550">
      <ele>1409.0000</ele>
      <time>2010-01-01T10:20:05Z</time>
    </rtept>
    <rtept lat="41.15141000" lon="-122.228600">
      <ele>1408.0000</ele>
      <time>2010-01-01T10:20:07Z</time>
    </rtept>
    <rtept lat="41.15137000" lon="-122.228690">
      <ele>1407.0000</ele>
      <time>2010-01-01T10:20:10Z</time>
    </rtept>
    <rtept lat="41.15125000" lon="-122.228840">
      <ele>1408.0000</ele>
      <time>2010-01-01T10:20:17Z</time>
    </rtept>
    <rtept lat="41.15111000" lon="-122.229150">
      <ele>1405.0000</ele>
      <time>2010-01-01T10:20:28Z</time>
    </rtept>
    <rtept lat="41.15103000" lon="-122.229250">
      <ele>1410.0000</ele>
      <time>2010-01-01T10:20:32Z</time>
    </rtept>
    <rtept lat="41.15084000" lon="-122.229520">
      <ele>1424.0000</ele>
      <time>2010-01-01T10:20:43Z</time>
    </rtept>
    <rtept lat="41.15078000" lon="-122.229670">
      <ele>1427.0000</ele>
      <time>2010-01-01T10:20:48Z</time>
    </rtept>
    <rtept lat="41.15071000" lon="-122.229900">
      <ele>1429.0000</ele>
      <time>2010-01-01T10:20:56Z</time>
    </rtept>
    <rtept lat="41.15070000" lon="-122.230020">
      <ele>1428.0000</ele>
      <time>2010-01-01T10:20:59Z</time>
    </rtept>
    <rtept lat="41.15072000" lon="-122.230260">
      <ele>1424.0000</ele>
      <time>2010-01-01T10:21:07Z</time>
    </rtept>
    <rtept lat="41.15075000" lon="-122.230430">
      <ele>1421.0000</ele>
      <time>2010-01-01T10:21:12Z</time>
    </rtept>
    <rtept lat="41.15073000" lon="-122.230530">
      <ele>1422.0000</ele>
      <time>2010-01-01T10:21:15Z</time>
    </rtept>
    <rtept lat="41.15063000" lon="-122.230740">
      <ele>1428.0000</ele>
      <time>2010-01-01T10:21:22Z</time>
    </rtept>
    <rtept lat="41.15062000" lon="-122.230900">
      <ele>1429.0000</ele>
      <time>2010-01-01T10:21:27Z</time>
    </rtept>
    <rtept lat="41.15063000" lon="-122.230950">
      <ele>1429.0000</ele>
      <time>2010-01-01T10:21:29Z</time>
    </rtept>
    <rtept lat="41.15066000" lon="-122.231500">
      <ele>1434.0000</ele>
      <time>2010-01-01T10:21:45Z</time>
    </rtept>
    <rtept lat="41.15070000" lon="-122.231680">
      <ele>1435.0000</ele>
      <time>2010-01-01T10:21:51Z</time>
    </rtept>
    <rtept lat="41.15087000" lon="-122.232160">
      <ele>1429.0000</ele>
      <time>2010-01-01T10:22:07Z</time>
    </rtept>
    <rtept lat="41.15097000" lon="-122.232370">
      <ele>1425.0000</ele>
      <time>2010-01-01T10:22:15Z</time>
    </rtept>
    <rtept lat="41.15110000" lon="-122.232580">
      <ele>1420.0000</ele>
      <time>2010-01-01T10:22:23Z</time>
    </rtept>
    <rtept lat="41.15113000" lon="-122.232630">
      <ele>1419.0000</ele>
      <time>2010-01-01T10:22:25Z</time>
    </rtept>
    <rtept lat="41.15114000" lon="-122.232740">
      <ele>1421.0000</ele>
      <time>2010-01-01T10:22:28Z</time>
    </rtept>
    <rtept lat="41.15112000" lon="-122.232820">
      <ele>1422.0000</ele>
      <time>2010-01-01T10:22:31Z</time>
    </rtept>
    <rtept lat="41.15102000" lon="-122.232950">
      <ele>1425.0000</ele>
      <time>2010-01-01T10:22:36Z</time>
    </rtept>
    <rtept lat="41.15092000" lon="-122.233060">
      <ele>1429.0000</ele>
      <time>2010-01-01T10:22:41Z</time>
    </rtept>
    <rtept lat="41.15083000" lon="-122.233180">
      <ele>1430.0000</ele>
      <time>2010-01-01T10:22:46Z</time>
    </rtept>
    <rtept lat="41.15073000" lon="-122.233300">
      <ele>1431.0000</ele>
      <time>2010-01-01T10:22:52Z</time>
    </rtept>
    <rtept lat="41.15066000" lon="-122.233450">
      <ele>1429.0000</ele>
      <time>2010-01-01T10:22:57Z</time>
    </rtept>
    <rtept lat="41.15060000" lon="-122.233500">
      <ele>1430.0000</ele>
      <time>2010-01-01T10:23:00Z</time>
    </rtept>
    <rtept lat="41.15039000" lon="-122.233740">
      <ele>1433.0000</ele>
      <time>2010-01-01T10:23:11Z</time>
    </rtept>
    <rtept lat="41.15029000" lon="-122.233900">
      <ele>1438.0000</ele>
      <time>2010-01-01T10:23:17Z</time>
    </rtept>
    <rtept lat="41.15025000" lon="-122.234100">
      <ele>1439.0000</ele>
      <time>2010-01-01T10:23:24Z</time>
    </rtept>
    <rtept lat="41.15025000" lon="-122.234270">
      <ele>1441.0000</ele>
      <time>2010-01-01T10:23:29Z</time>
    </rtept>
    <rtept lat="41.15043000" lon="-122.235280">
      <ele>1429.0000</ele>
      <time>2010-01-01T10:24:00Z</time>
    </rtept>
    <rtept lat="41.15050000" lon="-122.235630">
      <ele>1429.0000</ele>
      <time>2010-01-01T10:24:11Z</time>
    </rtept>
    <rtept lat="41.15052000" lon="-122.235900">
      <ele>1431.0000</ele>
      <time>2010-01-01T10:24:19Z</time>
    </rtept>
    <rtept lat="41.15049000" lon="-122.236310">
      <ele>1432.0000</ele>
      <time>2010-01-01T10:24:32Z</time>
    </rtept>
    <rtept lat="41.15039000" lon="-122.236530">
      <ele>1434.0000</ele>
      <time>2010-01-01T10:24:39Z</time>
    </rtept>
    <rtept lat="41.15032000" lon="-122.236620">
      <ele>1436.0000</ele>
      <time>2010-01-01T10:24:43Z</time>
    </rtept>
    <rtept lat="41.15023000" lon="-122.236710">
      <ele>1438.0000</ele>
      <time>2010-01-01T10:24:48Z</time>
    </rtept>
    <rtept lat="41.15010000" lon="-122.236770">
      <ele>1442.0000</ele>
      <time>2010-01-01T10:24:53Z</time>
    </rtept>
    <rtept lat="41.14955000" lon="-122.237150">
      <ele>1453.0000</ele>
      <time>2010-01-01T10:25:18Z</time>
    </rtept>
    <rtept lat="41.14941000" lon="-122.237260">
      <ele>1456.0000</ele>
      <time>2010-01-01T10:25:25Z</time>
    </rtept>
    <rtept lat="41.14934000" lon="-122.237370">
      <ele>1455.0000</ele>
      <time>2010-01-01T10:25:29Z</time>
    </rtept>
    <rtept lat="41.14929000" lon="-122.237620">
      <ele>1449.0000</ele>
      <time>2010-01-01T10:25:37Z</time>
    </rtept>
    <rtept lat="41.14931000" lon="-122.237890">
      <ele>1442.0000</ele>
      <time>2010-01-01T10:25:45Z</time>
    </rtept>
    <rtept lat="41.14931000" lon="-122.238200">
      <ele>1439.0000</ele>
      <time>2010-01-01T10:25:54Z</time>
    </rtept>
    <rtept lat="41.14930000" lon="-122.238240">
      <ele>1440.0000</ele>
      <time>2010-01-01T10:25:55Z</time>
    </rtept>
    <rtept lat="41.14928000" lon="-122.238510">
      <ele>1435.0000</ele>
      <time>2010-01-01T10:26:04Z</time>
    </rtept>
    <rtept lat="41.14920000" lon="-122.239030">
      <ele>1424.0000</ele>
      <time>2010-01-01T10:26:20Z</time>
    </rtept>
    <rtept lat="41.14915000" lon="-122.239140">
      <ele>1422.0000</ele>
      <time>2010-01-01T10:26:24Z</time>
    </rtept>
    <rtept lat="41.14906000" lon="-122.239260">
      <ele>1422.0000</ele>
      <time>2010-01-01T10:26:29Z</time>
    </rtept>
    <rtept lat="41.14838000" lon="-122.239710">
      <ele>1435.0000</ele>
      <time>2010-01-01T10:26:59Z</time>
    </rtept>
    <rtept lat="41.14821000" lon="-122.239850">
      <ele>1440.0000</ele>
      <time>2010-01-01T10:27:07Z</time>
    </rtept>
    <rtept lat="41.14799000" lon="-122.240140">
      <ele>1446.0000</ele>
      <time>2010-01-01T10:27:19Z</time>
    </rtept>
    <rtept lat="41.14792000" lon="-122.240280">
      <ele>1448.0000</ele>
      <time>2010-01-01T10:27:25Z</time>
    </rtept>
    <rtept lat="41.14790000" lon="-122.240400">
      <ele>1447.0000</ele>
      <time>2010-01-01T10:27:28Z</time>
    </rtept>
    <rtept lat="41.14792000" lon="-122.240530">
      <ele>1445.0000</ele>
      <time>2010-01-01T10:27:32Z</time>
    </rtept>
    <rtept lat="41.14798000" lon="-122.240700">
      <ele>1441.0000</ele>
      <time>2010-01-01T10:27:38Z</time>
    </rtept>
    <rtept lat="41.14810000" lon="-122.240910">
      <ele>1436.0000</ele>
      <time>2010-01-01T10:27:46Z</time>
    </rtept>
    <rtept lat="41.14815000" lon="-122.241090">
      <ele>1435.0000</ele>
      <time>2010-01-01T10:27:52Z</time>
    </rtept>
    <rtept lat="41.14820000" lon="-122.241520">
      <ele>1441.0000</ele>
      <time>2010-01-01T10:28:05Z</time>
    </rtept>
    <rtept lat="41.14826000" lon="-122.241660">
      <ele>1440.0000</ele>
      <time>2010-01-01T10:28:10Z</time>
    </rtept>
    <rtept lat="41.14827000" lon="-122.241710">
      <ele>1438.0000</ele>
      <time>2010-01-01T10:28:11Z</time>
    </rtept>
    <rtept lat="41.14834000" lon="-122.241860">
      <ele>1432.0000</ele>
      <time>2010-01-01T10:28:16Z</time>
    </rtept>
    <rtept lat="41.14834000" lon="-122.242540">
      <ele>1434.0000</ele>
      <time>2010-01-01T10:28:37Z</time>
    </rtept>
    <rtept lat="41.14839000" lon="-122.242720">
      <ele>1431.0000</ele>
      <time>2010-01-01T10:28:43Z</time>
    </rtept>
    <rtept lat="41.14852000" lon="-122.242920">
      <ele>1422.0000</ele>
      <time>2010-01-01T10:28:51Z</time>
    </rtept>
    <rtept lat="41.14856000" lon="-122.243060">
      <ele>1419.0000</ele>
      <time>2010-01-01T10:28:55Z</time>
    </rtept>
    <rtept lat="41.14857000" lon="-122.243170">
      <ele>1419.0000</ele>
      <time>2010-01-01T10:28:59Z</time>
    </rtept>
    <rtept lat="41.14856000" lon="-122.243210">
      <ele>1420.0000</ele>
      <time>2010-01-01T10:29:00Z</time>
    </rtept>
    <rtept lat="41.14855000" lon="-122.243500">
      <ele>1423.0000</ele>
      <time>2010-01-01T10:29:09Z</time>
    </rtept>
    <rtept lat="41.14858000" lon="-122.243710">
      <ele>1423.0000</ele>
      <time>2010-01-01T10:29:15Z</time>
    </rtept>
    <rtept lat="41.14867000" lon="-122.243920">
      <ele>1420.0000</ele>
      <time>2010-01-01T10:29:22Z</time>
    </rtept>
    <rtept lat="41.14898000" lon="-122.244350">
      <ele>1413.0000</ele>
      <time>2010-01-01T10:29:40Z</time>
    </rtept>
    <rtept lat="41.14909000" lon="-122.244850">
      <ele>1418.0000</ele>
      <time>2010-01-01T10:29:56Z</time>
    </rtept>
    <rtept lat="41.14929000" lon="-122.245390">
      <ele>1415.0000</ele>
      <time>2010-01-01T10:30:14Z</time>
    </rtept>
    <rtept lat="41.14929000" lon="-122.245520">
      <ele>1414.0000</ele>
      <time>2010-01-01T10:30:18Z</time>
    </rtept>
    <rtept lat="41.14921000" lon="-122.245700">
      <ele>1416.0000</ele>
      <time>2010-01-01T10:30:24Z</time>
    </rtept>
    <rtept lat="41.14902000" lon="-122.245800">
      <ele>1419.0000</ele>
      <time>2010-01-01T10:30:33Z</time>
    </rtept>
    <rtept lat="41.14882000" lon="-122.245840">
      <ele>1422.0000</ele>
      <time>2010-01-01T10:30:41Z</time>
    </rtept>
    <rtept lat="41.14847000" lon="-122.245840">
      <ele>1425.0000</ele>
      <time>2010-01-01T10:30:55Z</time>
    </rtept>
    <rtept lat="41.14803000" lon="-122.245780">
      <ele>1422.0000</ele>
      <time>2010-01-01T10:31:12Z</time>
    </rtept>
    <rtept lat="41.14783000" lon="-122.245720">
      <ele>1421.0000</ele>
      <time>2010-01-01T10:31:21Z</time>
    </rtept>
    <rtept lat="41.14757000" lon="-122.245620">
      <ele>1423.0000</ele>
      <time>2010-01-01T10:31:31Z</time>
    </rtept>
    <rtept lat="41.14734000" lon="-122.245580">
      <ele>1422.0000</ele>
      <time>2010-01-01T10:31:41Z</time>
    </rtept>
    <rtept lat="41.14717000" lon="-122.245580">
      <ele>1422.0000</ele>
      <time>2010-01-01T10:31:47Z</time>
    </rtept>
    <rtept lat="41.14700000" lon="-122.245620">
      <ele>1421.0000</ele>
      <time>2010-01-01T10:31:54Z</time>
    </rtept>
    <rtept lat="41.14691000" lon="-122.245660">
      <ele>1419.0000</ele>
      <time>2010-01-01T10:31:58Z</time>
    </rtept>
    <rtept lat="41.14681000" lon="-122.245630">
      <ele>1418.0000</ele>
      <time>2010-01-01T10:32:02Z</time>
    </rtept>
    <rtept lat="41.14665000" lon="-122.245550">
      <ele>1417.0000</ele>
      <time>2010-01-01T10:32:09Z</time>
    </rtept>
    <rtept lat="41.14648000" lon="-122.245340">
      <ele>1419.0000</ele>
      <time>2010-01-01T10:32:18Z</time>
    </rtept>
    <rtept lat="41.14635000" lon="-122.245230">
      <ele>1419.0000</ele>
      <time>2010-01-01T10:32:25Z</time>
    </rtept>
    <rtept lat="41.14617000" lon="-122.245150">
      <ele>1418.0000</ele>
      <time>2010-01-01T10:32:32Z</time>
    </rtept>
    <rtept lat="41.14587000" lon="-122.245190">
      <ele>1408.0000</ele>
      <time>2010-01-01T10:32:44Z</time>
    </rtept>
    <rtept lat="41.14548000" lon="-122.245110">
      <ele>1406.0000</ele>
      <time>2010-01-01T10:33:00Z</time>
    </rtept>
    <rtept lat="41.14536000" lon="-122.245120">
      <ele>1406.0000</ele>
      <time>2010-01-01T10:33:05Z</time>
    </rtept>
    <rtept lat="41.14522000" lon="-122.245150">
      <ele>1404.0000</ele>
      <time>2010-01-01T10:33:11Z</time>
    </rtept>
    <rtept lat="41.14503000" lon="-122.245220">
      <ele>1398.0000</ele>
      <time>2010-01-01T10:33:18Z</time>
    </rtept>
    <rtept lat="41.14486000" lon="-122.245230">
      <ele>1396.0000</ele>
      <time>2010-01-01T10:33:25Z</time>
    </rtept>
    <rtept lat="41.14471000" lon="-122.245160">
      <ele>1399.0000</ele>
      <time>2010-01-01T10:33:32Z</time>
    </rtept>
    <rtept lat="41.14433000" lon="-122.244890">
      <ele>1410.0000</ele>
      <time>2010-01-01T10:33:49Z</time>
    </rtept>
    <rtept lat="41.14422000" lon="-122.244890">
      <ele>1409.0000</ele>
      <time>2010-01-01T10:33:53Z</time>
    </rtept>
    <rtept lat="41.14410000" lon="-122.245000">
      <ele>1403.0000</ele>
      <time>2010-01-01T10:33:59Z</time>
    </rtept>
    <rtept lat="41.14395000" lon="-122.245220">
      <ele>1393.0000</ele>
      <time>2010-01-01T10:34:08Z</time>
    </rtept>
    <rtept lat="41.14387000" lon="-122.245240">
      <ele>1391.0000</ele>
      <time>2010-01-01T10:34:11Z</time>
    </rtept>
    <rtept lat="41.14376000" lon="-122.245260">
      <ele>1391.0000</ele>
      <time>2010-01-01T10:34:16Z</time>
    </rtept>
    <rtept lat="41.14355000" lon="-122.245150">
      <ele>1398.0000</ele>
      <time>2010-01-01T10:34:25Z</time>
    </rtept>
    <rtept lat="41.14341000" lon="-122.245030">
      <ele>1404.0000</ele>
      <time>2010-01-01T10:34:31Z</time>
    </rtept>
    <rtept lat="41.14330000" lon="-122.244920">
      <ele>1410.0000</ele>
      <time>2010-01-01T10:34:37Z</time>
    </rtept>
    <rtept lat="41.14327000" lon="-122.244900">
      <ele>1411.0000</ele>
      <time>2010-01-01T10:34:38Z</time>
    </rtept>
    <rtept lat="41.14316000" lon="-122.244850">
      <ele>1413.0000</ele>
      <time>2010-01-01T10:34:43Z</time>
    </rtept>
    <rtept lat="41.14300000" lon="-122.244810">
      <ele>1416.0000</ele>
      <time>2010-01-01T10:34:49Z</time>
    </rtept>
    <rtept lat="41.14284000" lon="-122.244810">
      <ele>1419.0000</ele>
      <time>2010-01-01T10:34:56Z</time>
    </rtept>
    <rtept lat="41.14263000" lon="-122.245060">
      <ele>1416.0000</ele>
      <time>2010-01-01T10:35:07Z</time>
    </rtept>
    <rtept lat="41.14251000" lon="-122.245140">
      <ele>1416.0000</ele>
      <time>2010-01-01T10:35:13Z</time>
    </rtept>
    <rtept lat="41.14241000" lon="-122.245250">
      <ele>1415.0000</ele>
      <time>2010-01-01T10:35:18Z</time>
    </rtept>
    <rtept lat="41.14238000" lon="-122.245350">
      <ele>1411.0000</ele>
      <time>2010-01-01T10:35:21Z</time>
    </rtept>
    <rtept lat="41.14237000" lon="-122.245400">
      <ele>1410.0000</ele>
      <time>2010-01-01T10:35:23Z</time>
    </rtept>
    <rtept lat="41.14234000" lon="-122.245490">
      <ele>1407.0000</ele>
      <time>2010-01-01T10:35:26Z</time>
    </rtept>
    <rtept lat="41.14217000" lon="-122.245690">
      <ele>1408.0000</ele>
      <time>2010-01-01T10:35:35Z</time>
    </rtept>
    <rtept lat="41.14209000" lon="-122.245880">
      <ele>1406.0000</ele>
      <time>2010-01-01T10:35:41Z</time>
    </rtept>
    <rtept lat="41.14208000" lon="-122.246150">
      <ele>1400.0000</ele>
      <time>2010-01-01T10:35:49Z</time>
    </rtept>
    <rtept lat="41.14209000" lon="-122.246420">
      <ele>1393.0000</ele>
      <time>2010-01-01T10:35:57Z</time>
    </rtept>
    <rtept lat="41.14207000" lon="-122.246570">
      <ele>1391.0000</ele>
      <time>2010-01-01T10:36:02Z</time>
    </rtept>
    <rtept lat="41.14204000" lon="-122.246610">
      <ele>1392.0000</ele>
      <time>2010-01-01T10:36:04Z</time>
    </rtept>
    <rtept lat="41.14200000" lon="-122.246770">
      <ele>1393.0000</ele>
      <time>2010-01-01T10:36:09Z</time>
    </rtept>
    <rtept lat="41.14199000" lon="-122.247070">
      <ele>1392.0000</ele>
      <time>2010-01-01T10:36:18Z</time>
    </rtept>
    <rtept lat="41.14201000" lon="-122.247270">
      <ele>1389.0000</ele>
      <time>2010-01-01T10:36:24Z</time>
    </rtept>
    <rtept lat="41.14204000" lon="-122.247440">
      <ele>1385.0000</ele>
      <time>2010-01-01T10:36:29Z</time>
    </rtept>
    <rtept lat="41.14203000" lon="-122.247670">
      <ele>1383.0000</ele>
      <time>2010-01-01T10:36:36Z</time>
    </rtept>
    <rtept lat="41.14186000" lon="-122.248180">
      <ele>1382.0000</ele>
      <time>2010-01-01T10:36:53Z</time>
    </rtept>
    <rtept lat="41.14182000" lon="-122.248260">
      <ele>1380.0000</ele>
      <time>2010-01-01T10:36:56Z</time>
    </rtept>
    <rtept lat="41.14166000" lon="-122.248700">
      <ele>1363.0000</ele>
      <time>2010-01-01T10:37:11Z</time>
    </rtept>
    <rtept lat="41.14155000" lon="-122.248750">
      <ele>1363.0000</ele>
      <time>2010-01-01T10:37:15Z</time>
    </rtept>
    <rtept lat="41.14144000" lon="-122.248710">
      <ele>1366.0000</ele>
      <time>2010-01-01T10:37:20Z</time>
    </rtept>
    <rtept lat="41.14130000" lon="-122.248680">
      <ele>1368.0000</ele>
      <time>2010-01-01T10:37:26Z</time>
    </rtept>
    <rtept lat="41.14084000" lon="-122.248540">
      <ele>1372.0000</ele>
      <time>2010-01-01T10:37:44Z</time>
    </rtept>
    <rtept lat="41.14075000" lon="-122.248490">
      <ele>1373.0000</ele>
      <time>2010-01-01T10:37:48Z</time>
    </rtept>
    <rtept lat="41.14052000" lon="-122.248280">
      <ele>1377.0000</ele>
      <time>2010-01-01T10:37:59Z</time>
    </rtept>
    <rtept lat="41.14045000" lon="-122.248280">
      <ele>1378.0000</ele>
      <time>2010-01-01T10:38:02Z</time>
    </rtept>
    <rtept lat="41.14031000" lon="-122.248400">
      <ele>1375.0000</ele>
      <time>2010-01-01T10:38:09Z</time>
    </rtept>
    <rtept lat="41.14016000" lon="-122.248450">
      <ele>1379.0000</ele>
      <time>2010-01-01T10:38:15Z</time>
    </rtept>
    <rtept lat="41.14008000" lon="-122.248540">
      <ele>1379.0000</ele>
      <time>2010-01-01T10:38:19Z</time>
    </rtept>
    <rtept lat="41.14002000" lon="-122.248650">
      <ele>1379.0000</ele>
      <time>2010-01-01T10:38:23Z</time>
    </rtept>
    <rtept lat="41.13978000" lon="-122.248920">
      <ele>1382.0000</ele>
      <time>2010-01-01T10:38:36Z</time>
    </rtept>
    <rtept lat="41.13962000" lon="-122.249310">
      <ele>1373.0000</ele>
      <time>2010-01-01T10:38:49Z</time>
    </rtept>
    <rtept lat="41.13954000" lon="-122.249390">
      <ele>1371.0000</ele>
      <time>2010-01-01T10:38:53Z</time>
    </rtept>
    <rtept lat="41.13938000" lon="-122.249510">
      <ele>1371.0000</ele>
      <time>2010-01-01T10:39:01Z</time>
    </rtept>
    <rtept lat="41.13925000" lon="-122.249570">
      <ele>1371.0000</ele>
      <time>2010-01-01T10:39:06Z</time>
    </rtept>
    <rtept lat="41.13902000" lon="-122.249550">
      <ele>1380.0000</ele>
      <time>2010-01-01T10:39:16Z</time>
    </rtept>
    <rtept lat="41.13878000" lon="-122.249580">
      <ele>1389.0000</ele>
      <time>2010-01-01T10:39:25Z</time>
    </rtept>
    <rtept lat="41.13857000" lon="-122.249760">
      <ele>1392.0000</ele>
      <time>2010-01-01T10:39:35Z</time>
    </rtept>
    <rtept lat="41.13843000" lon="-122.250260">
      <ele>1377.0000</ele>
      <time>2010-01-01T10:39:51Z</time>
    </rtept>
    <rtept lat="41.13832000" lon="-122.250360">
      <ele>1378.0000</ele>
      <time>2010-01-01T10:39:57Z</time>
    </rtept>
    <rtept lat="41.13808000" lon="-122.250490">
      <ele>1381.0000</ele>
      <time>2010-01-01T10:40:07Z</time>
    </rtept>
    <rtept lat="41.13801000" lon="-122.250580">
      <ele>1381.0000</ele>
      <time>2010-01-01T10:40:11Z</time>
    </rtept>
    <rtept lat="41.13796000" lon="-122.250710">
      <ele>1380.0000</ele>
      <time>2010-01-01T10:40:15Z</time>
    </rtept>
    <rtept lat="41.13793000" lon="-122.250860">
      <ele>1377.0000</ele>
      <time>2010-01-01T10:40:20Z</time>
    </rtept>
    <rtept lat="41.13787000" lon="-122.251460">
      <ele>1373.0000</ele>
      <time>2010-01-01T10:40:38Z</time>
    </rtept>
    <rtept lat="41.13779000" lon="-122.251860">
      <ele>1364.0000</ele>
      <time>2010-01-01T10:40:51Z</time>
    </rtept>
    <rtept lat="41.13771000" lon="-122.251980">
      <ele>1361.0000</ele>
      <time>2010-01-01T10:40:56Z</time>
    </rtept>
    <rtept lat="41.13766000" lon="-122.252030">
      <ele>1360.0000</ele>
      <time>2010-01-01T10:40:58Z</time>
    </rtept>
    <rtept lat="41.13760000" lon="-122.252060">
      <ele>1359.0000</ele>
      <time>2010-01-01T10:41:01Z</time>
    </rtept>
    <rtept lat="41.13748000" lon="-122.252050">
      <ele>1362.0000</ele>
      <time>2010-01-01T10:41:05Z</time>
    </rtept>
    <rtept lat="41.13720000" lon="-122.251940">
      <ele>1371.0000</ele>
      <time>2010-01-01T10:41:17Z</time>
    </rtept>
    <rtept lat="41.13709000" lon="-122.251940">
      <ele>1375.0000</ele>
      <time>2010-01-01T10:41:21Z</time>
    </rtept>
    <rtept lat="41.13692000" lon="-122.252020">
      <ele>1379.0000</ele>
      <time>2010-01-01T10:41:29Z</time>
    </rtept>
    <rtept lat="41.13684000" lon="-122.252160">
      <ele>1379.0000</ele>
      <time>2010-01-01T10:41:34Z</time>
    </rtept>
    <rtept lat="41.13672000" lon="-122.252300">
      <ele>1381.0000</ele>
      <time>2010-01-01T10:41:40Z</time>
    </rtept>
    <rtept lat="41.13668000" lon="-122.252300">
      <ele>1383.0000</ele>
      <time>2010-01-01T10:41:42Z</time>
    </rtept>
    <rtept lat="41.13650000" lon="-122.252410">
      <ele>1388.0000</ele>
      <time>2010-01-01T10:41:50Z</time>
    </rtept>
    <rtept lat="41.13636000" lon="-122.252550">
      <ele>1390.0000</ele>
      <time>2010-01-01T10:41:57Z</time>
    </rtept>
    <rtept lat="41.13630000" lon="-122.252700">
      <ele>1391.0000</ele>
      <time>2010-01-01T10:42:02Z</time>
    </rtept>
    <rtept lat="41.13629000" lon="-122.252840">
      <ele>1387.0000</ele>
      <time>2010-01-01T10:42:06Z</time>
    </rtept>
    <rtept lat="41.13633000" lon="-122.253080">
      <ele>1378.0000</ele>
      <time>2010-01-01T10:42:14Z</time>
    </rtept>
    <rtept lat="41.13633000" lon="-122.253320">
      <ele>1370.0000</ele>
      <time>2010-01-01T10:42:21Z</time>
    </rtept>
    <rtept lat="41.13631000" lon="-122.253480">
      <ele>1368.0000</ele>
      <time>2010-01-01T10:42:26Z</time>
    </rtept>
    <rtept lat="41.13624000" lon="-122.253610">
      <ele>1367.0000</ele>
      <time>2010-01-01T10:42:31Z</time>
    </rtept>
    <rtept lat="41.13616000" lon="-122.253670">
      <ele>1367.0000</ele>
      <time>2010-01-01T10:42:34Z</time>
    </rtept>
    <rtept lat="41.13594000" lon="-122.253720">
      <ele>1373.0000</ele>
      <time>2010-01-01T10:42:43Z</time>
    </rtept>
    <rtept lat="41.13573000" lon="-122.253810">
      <ele>1380.0000</ele>
      <time>2010-01-01T10:42:52Z</time>
    </rtept>
    <rtept lat="41.13560000" lon="-122.253930">
      <ele>1383.0000</ele>
      <time>2010-01-01T10:42:58Z</time>
    </rtept>
    <rtept lat="41.13553000" lon="-122.254030">
      <ele>1384.0000</ele>
      <time>2010-01-01T10:43:03Z</time>
    </rtept>
    <rtept lat="41.13554000" lon="-122.254600">
      <ele>1376.0000</ele>
      <time>2010-01-01T10:43:20Z</time>
    </rtept>
    <rtept lat="41.13546000" lon="-122.255060">
      <ele>1374.0000</ele>
      <time>2010-01-01T10:43:34Z</time>
    </rtept>
    <rtept lat="41.13543000" lon="-122.255230">
      <ele>1372.0000</ele>
      <time>2010-01-01T10:43:39Z</time>
    </rtept>
    <rtept lat="41.13538000" lon="-122.255390">
      <ele>1372.0000</ele>
      <time>2010-01-01T10:43:44Z</time>
    </rtept>
    <rtept lat="41.13540000" lon="-122.255530">
      <ele>1369.0000</ele>
      <time>2010-01-01T10:43:49Z</time>
    </rtept>
    <rtept lat="41.13553000" lon="-122.255940">
      <ele>1357.0000</ele>
      <time>2010-01-01T10:44:02Z</time>
    </rtept>
    <rtept lat="41.13554000" lon="-122.256150">
      <ele>1354.0000</ele>
      <time>2010-01-01T10:44:09Z</time>
    </rtept>
    <rtept lat="41.13546000" lon="-122.256350">
      <ele>1358.0000</ele>
      <time>2010-01-01T10:44:15Z</time>
    </rtept>
    <rtept lat="41.13543000" lon="-122.256400">
      <ele>1359.0000</ele>
      <time>2010-01-01T10:44:17Z</time>
    </rtept>
    <rtept lat="41.13539000" lon="-122.256600">
      <ele>1357.0000</ele>
      <time>2010-01-01T10:44:24Z</time>
    </rtept>
    <rtept lat="41.13538000" lon="-122.257030">
      <ele>1350.0000</ele>
      <time>2010-01-01T10:44:36Z</time>
    </rtept>
    <rtept lat="41.13532000" lon="-122.257300">
      <ele>1351.0000</ele>
      <time>2010-01-01T10:44:45Z</time>
    </rtept>
    <rtept lat="41.13522000" lon="-122.257540">
      <ele>1358.0000</ele>
      <time>2010-01-01T10:44:53Z</time>
    </rtept>
    <rtept lat="41.13521000" lon="-122.257690">
      <ele>1360.0000</ele>
      <time>2010-01-01T10:44:58Z</time>
    </rtept>
    <rtept lat="41.13526000" lon="-122.258220">
      <ele>1363.0000</ele>
      <time>2010-01-01T10:45:14Z</time>
    </rtept>
    <rtept lat="41.13539000" lon="-122.258340">
      <ele>1357.0000</ele>
      <time>2010-01-01T10:45:20Z</time>
    </rtept>
    <rtept lat="41.13552000" lon="-122.258570">
      <ele>1350.0000</ele>
      <time>2010-01-01T10:45:29Z</time>
    </rtept>
    <rtept lat="41.13559000" lon="-122.258840">
      <ele>1351.0000</ele>
      <time>2010-01-01T10:45:38Z</time>
    </rtept>
    <rtept lat="41.13560000" lon="-122.259200">
      <ele>1359.0000</ele>
      <time>2010-01-01T10:45:48Z</time>
    </rtept>
    <rtept lat="41.13558000" lon="-122.259360">
      <ele>1364.0000</ele>
      <time>2010-01-01T10:45:53Z</time>
    </rtept>
    <rtept lat="41.13551000" lon="-122.259460">
      <ele>1370.0000</ele>
      <time>2010-01-01T10:45:57Z</time>
    </rtept>
    <rtept lat="41.13541000" lon="-122.259560">
      <ele>1376.0000</ele>
      <time>2010-01-01T10:46:02Z</time>
    </rtept>
    <rtept lat="41.13540000" lon="-122.259670">
      <ele>1378.0000</ele>
      <time>2010-01-01T10:46:06Z</time>
    </rtept>
    <rtept lat="41.13543000" lon="-122.259810">
      <ele>1377.0000</ele>
      <time>2010-01-01T10:46:10Z</time>
    </rtept>
    <rtept lat="41.13557000" lon="-122.260040">
      <ele>1373.0000</ele>
      <time>2010-01-01T10:46:19Z</time>
    </rtept>
    <rtept lat="41.13567000" lon="-122.260140">
      <ele>1371.0000</ele>
      <time>2010-01-01T10:46:24Z</time>
    </rtept>
    <rtept lat="41.13585000" lon="-122.260170">
      <ele>1366.0000</ele>
      <time>2010-01-01T10:46:31Z</time>
    </rtept>
    <rtept lat="41.13615000" lon="-122.260260">
      <ele>1360.0000</ele>
      <time>2010-01-01T10:46:44Z</time>
    </rtept>
    <rtept lat="41.13625000" lon="-122.260380">
      <ele>1361.0000</ele>
      <time>2010-01-01T10:46:49Z</time>
    </rtept>
    <rtept lat="41.13638000" lon="-122.260590">
      <ele>1361.0000</ele>
      <time>2010-01-01T10:46:57Z</time>
    </rtept>
    <rtept lat="41.13648000" lon="-122.260690">
      <ele>1359.0000</ele>
      <time>2010-01-01T10:47:02Z</time>
    </rtept>
    <rtept lat="41.13661000" lon="-122.260750">
      <ele>1354.0000</ele>
      <time>2010-01-01T10:47:08Z</time>
    </rtept>
    <rtept lat="41.13706000" lon="-122.260830">
      <ele>1341.0000</ele>
      <time>2010-01-01T10:47:26Z</time>
    </rtept>
    <rtept lat="41.13723000" lon="-122.260930">
      <ele>1338.0000</ele>
      <time>2010-01-01T10:47:33Z</time>
    </rtept>
    <rtept lat="41.13752000" lon="-122.261060">
      <ele>1335.0000</ele>
      <time>2010-01-01T10:47:46Z</time>
    </rtept>
    <rtept lat="41.13755000" lon="-122.261010">
      <ele>1335.0000</ele>
      <time>2010-01-01T10:47:48Z</time>
    </rtept>
    <rtept lat="41.13739000" lon="-122.260910">
      <ele>1337.0000</ele>
      <time>2010-01-01T10:47:55Z</time>
    </rtept>
    <rtept lat="41.13725000" lon="-122.260760">
      <ele>1337.0000</ele>
      <time>2010-01-01T10:48:02Z</time>
    </rtept>
    <rtept lat="41.13708000" lon="-122.260610">
      <ele>1337.0000</ele>
      <time>2010-01-01T10:48:10Z</time>
    </rtept>
    <rtept lat="41.13667000" lon="-122.260470">
      <ele>1346.0000</ele>
      <time>2010-01-01T10:48:27Z</time>
    </rtept>
    <rtept lat="41.13653000" lon="-122.260330">
      <ele>1350.0000</ele>
      <time>2010-01-01T10:48:34Z</time>
    </rtept>
    <rtept lat="41.13641000" lon="-122.260080">
      <ele>1349.0000</ele>
      <time>2010-01-01T10:48:43Z</time>
    </rtept>
    <rtept lat="41.13628000" lon="-122.259920">
      <ele>1347.0000</ele>
      <time>2010-01-01T10:48:50Z</time>
    </rtept>
    <rtept lat="41.13587000" lon="-122.259750">
      <ele>1355.0000</ele>
      <time>2010-01-01T10:49:07Z</time>
    </rtept>
    <rtept lat="41.13584000" lon="-122.259670">
      <ele>1355.0000</ele>
      <time>2010-01-01T10:49:10Z</time>
    </rtept>
    <rtept lat="41.13585000" lon="-122.259500">
      <ele>1352.0000</ele>
      <time>2010-01-01T10:49:15Z</time>
    </rtept>
    <rtept lat="41.13593000" lon="-122.259320">
      <ele>1343.0000</ele>
      <time>2010-01-01T10:49:21Z</time>
    </rtept>
    <rtept lat="41.13600000" lon="-122.258950">
      <ele>1332.0000</ele>
      <time>2010-01-01T10:49:33Z</time>
    </rtept>
    <rtept lat="41.13608000" lon="-122.258700">
      <ele>1325.0000</ele>
      <time>2010-01-01T10:49:41Z</time>
    </rtept>
    <rtept lat="41.13609000" lon="-122.258490">
      <ele>1323.0000</ele>
      <time>2010-01-01T10:49:47Z</time>
    </rtept>
    <rtept lat="41.13608000" lon="-122.258240">
      <ele>1321.0000</ele>
      <time>2010-01-01T10:49:55Z</time>
    </rtept>
    <rtept lat="41.13603000" lon="-122.258060">
      <ele>1321.0000</ele>
      <time>2010-01-01T10:50:01Z</time>
    </rtept>
    <rtept lat="41.13581000" lon="-122.257850">
      <ele>1330.0000</ele>
      <time>2010-01-01T10:50:12Z</time>
    </rtept>
    <rtept lat="41.13577000" lon="-122.257730">
      <ele>1330.0000</ele>
      <time>2010-01-01T10:50:15Z</time>
    </rtept>
    <rtept lat="41.13577000" lon="-122.257680">
      <ele>1329.0000</ele>
      <time>2010-01-01T10:50:17Z</time>
    </rtept>
    <rtept lat="41.13583000" lon="-122.257500">
      <ele>1325.0000</ele>
      <time>2010-01-01T10:50:23Z</time>
    </rtept>
    <rtept lat="41.13600000" lon="-122.257250">
      <ele>1312.0000</ele>
      <time>2010-01-01T10:50:33Z</time>
    </rtept>
    <rtept lat="41.13603000" lon="-122.257110">
      <ele>1311.0000</ele>
      <time>2010-01-01T10:50:37Z</time>
    </rtept>
    <rtept lat="41.13605000" lon="-122.256880">
      <ele>1312.0000</ele>
      <time>2010-01-01T10:50:44Z</time>
    </rtept>
    <rtept lat="41.13610000" lon="-122.256710">
      <ele>1314.0000</ele>
      <time>2010-01-01T10:50:50Z</time>
    </rtept>
    <rtept lat="41.13621000" lon="-122.256550">
      <ele>1309.0000</ele>
      <time>2010-01-01T10:50:56Z</time>
    </rtept>
    <rtept lat="41.13629000" lon="-122.256370">
      <ele>1303.0000</ele>
      <time>2010-01-01T10:51:03Z</time>
    </rtept>
    <rtept lat="41.13634000" lon="-122.256180">
      <ele>1300.0000</ele>
      <time>2010-01-01T10:51:09Z</time>
    </rtept>
    <rtept lat="41.13629000" lon="-122.255790">
      <ele>1304.0000</ele>
      <time>2010-01-01T10:51:21Z</time>
    </rtept>
    <rtept lat="41.13625000" lon="-122.255610">
      <ele>1308.0000</ele>
      <time>2010-01-01T10:51:26Z</time>
    </rtept>
    <rtept lat="41.13618000" lon="-122.255490">
      <ele>1313.0000</ele>
      <time>2010-01-01T10:51:31Z</time>
    </rtept>
    <rtept lat="41.13619000" lon="-122.255350">
      <ele>1314.0000</ele>
      <time>2010-01-01T10:51:35Z</time>
    </rtept>
    <rtept lat="41.13626000" lon="-122.255170">
      <ele>1313.0000</ele>
      <time>2010-01-01T10:51:41Z</time>
    </rtept>
    <rtept lat="41.13630000" lon="-122.254910">
      <ele>1318.0000</ele>
      <time>2010-01-01T10:51:49Z</time>
    </rtept>
    <rtept lat="41.13630000" lon="-122.254790">
      <ele>1322.0000</ele>
      <time>2010-01-01T10:51:53Z</time>
    </rtept>
    <rtept lat="41.13636000" lon="-122.254730">
      <ele>1321.0000</ele>
      <time>2010-01-01T10:51:56Z</time>
    </rtept>
    <rtept lat="41.13679000" lon="-122.254710">
      <ele>1304.0000</ele>
      <time>2010-01-01T10:52:13Z</time>
    </rtept>
    <rtept lat="41.13694000" lon="-122.254670">
      <ele>1298.0000</ele>
      <time>2010-01-01T10:52:19Z</time>
    </rtept>
    <rtept lat="41.13709000" lon="-122.254590">
      <ele>1298.0000</ele>
      <time>2010-01-01T10:52:26Z</time>
    </rtept>
    <rtept lat="41.13716000" lon="-122.254490">
      <ele>1301.0000</ele>
      <time>2010-01-01T10:52:30Z</time>
    </rtept>
    <rtept lat="41.13719000" lon="-122.253990">
      <ele>1316.0000</ele>
      <time>2010-01-01T10:52:45Z</time>
    </rtept>
    <rtept lat="41.13720000" lon="-122.253560">
      <ele>1322.0000</ele>
      <time>2010-01-01T10:52:58Z</time>
    </rtept>
    <rtept lat="41.13728000" lon="-122.253430">
      <ele>1322.0000</ele>
      <time>2010-01-01T10:53:03Z</time>
    </rtept>
    <rtept lat="41.13734000" lon="-122.253410">
      <ele>1320.0000</ele>
      <time>2010-01-01T10:53:06Z</time>
    </rtept>
    <rtept lat="41.13742000" lon="-122.253400">
      <ele>1317.0000</ele>
      <time>2010-01-01T10:53:09Z</time>
    </rtept>
    <rtept lat="41.13786000" lon="-122.253550">
      <ele>1300.0000</ele>
      <time>2010-01-01T10:53:27Z</time>
    </rtept>
    <rtept lat="41.13802000" lon="-122.253640">
      <ele>1294.0000</ele>
      <time>2010-01-01T10:53:34Z</time>
    </rtept>
    <rtept lat="41.13823000" lon="-122.253690">
      <ele>1290.0000</ele>
      <time>2010-01-01T10:53:42Z</time>
    </rtept>
    <rtept lat="41.13862000" lon="-122.253610">
      <ele>1286.0000</ele>
      <time>2010-01-01T10:53:58Z</time>
    </rtept>
    <rtept lat="41.13875000" lon="-122.253460">
      <ele>1289.0000</ele>
      <time>2010-01-01T10:54:05Z</time>
    </rtept>
    <rtept lat="41.13893000" lon="-122.253160">
      <ele>1294.0000</ele>
      <time>2010-01-01T10:54:17Z</time>
    </rtept>
    <rtept lat="41.13913000" lon="-122.252970">
      <ele>1292.0000</ele>
      <time>2010-01-01T10:54:27Z</time>
    </rtept>
    <rtept lat="41.13918000" lon="-122.252800">
      <ele>1292.0000</ele>
      <time>2010-01-01T10:54:32Z</time>
    </rtept>
    <rtept lat="41.13918000" lon="-122.252750">
      <ele>1292.0000</ele>
      <time>2010-01-01T10:54:34Z</time>
    </rtept>
    <rtept lat="41.13924000" lon="-122.252300">
      <ele>1297.0000</ele>
      <time>2010-01-01T10:54:47Z</time>
    </rtept>
    <rtept lat="41.13928000" lon="-122.252270">
      <ele>1295.0000</ele>
      <time>2010-01-01T10:54:49Z</time>
    </rtept>
    <rtept lat="41.13961000" lon="-122.252250">
      <ele>1281.0000</ele>
      <time>2010-01-01T10:55:02Z</time>
    </rtept>
    <rtept lat="41.13974000" lon="-122.252200">
      <ele>1279.0000</ele>
      <time>2010-01-01T10:55:08Z</time>
    </rtept>
    <rtept lat="41.13983000" lon="-122.252120">
      <ele>1279.0000</ele>
      <time>2010-01-01T10:55:12Z</time>
    </rtept>
    <rtept lat="41.13988000" lon="-122.252020">
      <ele>1280.0000</ele>
      <time>2010-01-01T10:55:16Z</time>
    </rtept>
    <rtept lat="41.13989000" lon="-122.251880">
      <ele>1283.0000</ele>
      <time>2010-01-01T10:55:20Z</time>
    </rtept>
    <rtept lat="41.13989000" lon="-122.251690">
      <ele>1287.0000</ele>
      <time>2010-01-01T10:55:26Z</time>
    </rtept>
    <rtept lat="41.13987000" lon="-122.251550">
      <ele>1292.0000</ele>
      <time>2010-01-01T10:55:30Z</time>
    </rtept>
    <rtept lat="41.13987000" lon="-122.251360">
      <ele>1296.0000</ele>
      <time>2010-01-01T10:55:36Z</time>
    </rtept>
    <rtept lat="41.13991000" lon="-122.251310">
      <ele>1296.0000</ele>
      <time>2010-01-01T10:55:38Z</time>
    </rtept>
    <rtept lat="41.14054000" lon="-122.251230">
      <ele>1278.0000</ele>
      <time>2010-01-01T10:56:03Z</time>
    </rtept>
    <rtept lat="41.14069000" lon="-122.251140">
      <ele>1274.0000</ele>
      <time>2010-01-01T10:56:10Z</time>
    </rtept>
    <rtept lat="41.14086000" lon="-122.250960">
      <ele>1272.0000</ele>
      <time>2010-01-01T10:56:19Z</time>
    </rtept>
    <rtept lat="41.14103000" lon="-122.250680">
      <ele>1277.0000</ele>
      <time>2010-01-01T10:56:29Z</time>
    </rtept>
    <rtept lat="41.14109000" lon="-122.250660">
      <ele>1276.0000</ele>
      <time>2010-01-01T10:56:32Z</time>
    </rtept>
    <rtept lat="41.14116000" lon="-122.250690">
      <ele>1275.0000</ele>
      <time>2010-01-01T10:56:35Z</time>
    </rtept>
    <rtept lat="41.14130000" lon="-122.250810">
      <ele>1272.0000</ele>
      <time>2010-01-01T10:56:42Z</time>
    </rtept>
    <rtept lat="41.14152000" lon="-122.251120">
      <ele>1259.0000</ele>
      <time>2010-01-01T10:56:54Z</time>
    </rtept>
    <rtept lat="41.14177000" lon="-122.251450">
      <ele>1246.0000</ele>
      <time>2010-01-01T10:57:08Z</time>
    </rtept>
    <rtept lat="41.14221000" lon="-122.252010">
      <ele>1240.0000</ele>
      <time>2010-01-01T10:57:33Z</time>
    </rtept>
    <rtept lat="41.14232000" lon="-122.252250">
      <ele>1231.0000</ele>
      <time>2010-01-01T10:57:41Z</time>
    </rtept>
    <rtept lat="41.14236000" lon="-122.252260">
      <ele>1231.0000</ele>
      <time>2010-01-01T10:57:43Z</time>
    </rtept>
    <rtept lat="41.14241000" lon="-122.252190">
      <ele>1234.0000</ele>
      <time>2010-01-01T10:57:46Z</time>
    </rtept>
    <rtept lat="41.14245000" lon="-122.251740">
      <ele>1247.0000</ele>
      <time>2010-01-01T10:58:00Z</time>
    </rtept>
    <rtept lat="41.14255000" lon="-122.251340">
      <ele>1254.0000</ele>
      <time>2010-01-01T10:58:12Z</time>
    </rtept>
    <rtept lat="41.14273000" lon="-122.250760">
      <ele>1265.0000</ele>
      <time>2010-01-01T10:58:31Z</time>
    </rtept>
    <rtept lat="41.14282000" lon="-122.250680">
      <ele>1264.0000</ele>
      <time>2010-01-01T10:58:35Z</time>
    </rtept>
    <rtept lat="41.14309000" lon="-122.250500">
      <ele>1258.0000</ele>
      <time>2010-01-01T10:58:48Z</time>
    </rtept>
    <rtept lat="41.14334000" lon="-122.250270">
      <ele>1243.0000</ele>
      <time>2010-01-01T10:59:00Z</time>
    </rtept>
    <rtept lat="41.14349000" lon="-122.250140">
      <ele>1231.0000</ele>
      <time>2010-01-01T10:59:07Z</time>
    </rtept>
    <rtept lat="41.14358000" lon="-122.249980">
      <ele>1226.0000</ele>
      <time>2010-01-01T10:59:13Z</time>
    </rtept>
    <rtept lat="41.14361000" lon="-122.249800">
      <ele>1227.0000</ele>
      <time>2010-01-01T10:59:18Z</time>
    </rtept>
    <rtept lat="41.14358000" lon="-122.249170">
      <ele>1245.0000</ele>
      <time>2010-01-01T10:59:38Z</time>
    </rtept>
    <rtept lat="41.14361000" lon="-122.248960">
      <ele>1250.0000</ele>
      <time>2010-01-01T10:59:44Z</time>
    </rtept>
    <rtept lat="41.14366000" lon="-122.248910">
      <ele>1249.0000</ele>
      <time>2010-01-01T10:59:46Z</time>
    </rtept>
    <rtept lat="41.14372000" lon="-122.248860">
      <ele>1247.0000</ele>
      <time>2010-01-01T10:59:49Z</time>
    </rtept>
    <rtept lat="41.14382000" lon="-122.248840">
      <ele>1243.0000</ele>
      <time>2010-01-01T10:59:53Z</time>
    </rtept>
    <rtept lat="41.14437000" lon="-122.249030">
      <ele>1225.0000</ele>
      <time>2010-01-01T11:00:16Z</time>
    </rtept>
    <rtept lat="41.14455000" lon="-122.249020">
      <ele>1227.0000</ele>
      <time>2010-01-01T11:00:23Z</time>
    </rtept>
    <rtept lat="41.14483000" lon="-122.248860">
      <ele>1238.0000</ele>
      <time>2010-01-01T11:00:36Z</time>
    </rtept>
    <rtept lat="41.14494000" lon="-122.248870">
      <ele>1240.0000</ele>
      <time>2010-01-01T11:00:40Z</time>
    </rtept>
    <rtept lat="41.14517000" lon="-122.249230">
      <ele>1228.0000</ele>
      <time>2010-01-01T11:00:54Z</time>
    </rtept>
    <rtept lat="41.14544000" lon="-122.249430">
      <ele>1229.0000</ele>
      <time>2010-01-01T11:01:07Z</time>
    </rtept>
    <rtept lat="41.14599000" lon="-122.249670">
      <ele>1229.0000</ele>
      <time>2010-01-01T11:01:30Z</time>
    </rtept>
    <rtept lat="41.14614000" lon="-122.249680">
      <ele>1228.0000</ele>
      <time>2010-01-01T11:01:36Z</time>
    </rtept>
    <rtept lat="41.14623000" lon="-122.249640">
      <ele>1230.0000</ele>
      <time>2010-01-01T11:01:40Z</time>
    </rtept>
    <rtept lat="41.14626000" lon="-122.249610">
      <ele>1231.0000</ele>
      <time>2010-01-01T11:01:41Z</time>
    </rtept>
    <rtept lat="41.14654000" lon="-122.249540">
      <ele>1237.0000</ele>
      <time>2010-01-01T11:01:52Z</time>
    </rtept>
    <rtept lat="41.14663000" lon="-122.249600">
      <ele>1234.0000</ele>
      <time>2010-01-01T11:01:56Z</time>
    </rtept>
    <rtept lat="41.14672000" lon="-122.249750">
      <ele>1227.0000</ele>
      <time>2010-01-01T11:02:02Z</time>
    </rtept>
    <rtept lat="41.14683000" lon="-122.250050">
      <ele>1215.0000</ele>
      <time>2010-01-01T11:02:12Z</time>
    </rtept>
    <rtept lat="41.14695000" lon="-122.250210">
      <ele>1212.0000</ele>
      <time>2010-01-01T11:02:19Z</time>
    </rtept>
    <rtept lat="41.14702000" lon="-122.250240">
      <ele>1212.0000</ele>
      <time>2010-01-01T11:02:22Z</time>
    </rtept>
    <rtept lat="41.14706000" lon="-122.250230">
      <ele>1213.0000</ele>
      <time>2010-01-01T11:02:24Z</time>
    </rtept>
    <rtept lat="41.14715000" lon="-122.250170">
      <ele>1218.0000</ele>
      <time>2010-01-01T11:02:28Z</time>
    </rtept>
    <rtept lat="41.14735000" lon="-122.250060">
      <ele>1219.0000</ele>
      <time>2010-01-01T11:02:36Z</time>
    </rtept>
    <rtept lat="41.14756000" lon="-122.249930">
      <ele>1219.0000</ele>
      <time>2010-01-01T11:02:46Z</time>
    </rtept>
    <rtept lat="41.14759000" lon="-122.249920">
      <ele>1219.0000</ele>
      <time>2010-01-01T11:02:47Z</time>
    </rtept>
    <rtept lat="41.14768000" lon="-122.250000">
      <ele>1213.0000</ele>
      <time>2010-01-01T11:02:51Z</time>
    </rtept>
    <rtept lat="41.14775000" lon="-122.250010">
      <ele>1212.0000</ele>
      <time>2010-01-01T11:02:54Z</time>
    </rtept>
    <rtept lat="41.14794000" lon="-122.249950">
      <ele>1221.0000</ele>
      <time>2010-01-01T11:03:02Z</time>
    </rtept>
    <rtept lat="41.14803000" lon="-122.249970">
      <ele>1222.0000</ele>
      <time>2010-01-01T11:03:06Z</time>
    </rtept>
    <rtept lat="41.14811000" lon="-122.250030">
      <ele>1221.0000</ele>
      <time>2010-01-01T11:03:09Z</time>
    </rtept>
    <rtept lat="41.14822000" lon="-122.250150">
      <ele>1216.0000</ele>
      <time>2010-01-01T11:03:15Z</time>
    </rtept>
    <rtept lat="41.14837000" lon="-122.250210">
      <ele>1217.0000</ele>
      <time>2010-01-01T11:03:21Z</time>
    </rtept>
    <rtept lat="41.14842000" lon="-122.250250">
      <ele>1216.0000</ele>
      <time>2010-01-01T11:03:23Z</time>
    </rtept>
    <rtept lat="41.14852000" lon="-122.250400">
      <ele>1213.0000</ele>
      <time>2010-01-01T11:03:30Z</time>
    </rtept>
    <rtept lat="41.14858000" lon="-122.250860">
      <ele>1200.0000</ele>
      <time>2010-01-01T11:03:44Z</time>
    </rtept>
    <rtept lat="41.14860000" lon="-122.251000">
      <ele>1197.0000</ele>
      <time>2010-01-01T11:03:48Z</time>
    </rtept>
    <rtept lat="41.14865000" lon="-122.251120">
      <ele>1195.0000</ele>
      <time>2010-01-01T11:03:52Z</time>
    </rtept>
    <rtept lat="41.14877000" lon="-122.251190">
      <ele>1196.0000</ele>
      <time>2010-01-01T11:03:57Z</time>
    </rtept>
    <rtept lat="41.14898000" lon="-122.251200">
      <ele>1203.0000</ele>
      <time>2010-01-01T11:04:06Z</time>
    </rtept>
    <rtept lat="41.14934000" lon="-122.251330">
      <ele>1212.0000</ele>
      <time>2010-01-01T11:04:21Z</time>
    </rtept>
    <rtept lat="41.14949000" lon="-122.251410">
      <ele>1214.0000</ele>
      <time>2010-01-01T11:04:27Z</time>
    </rtept>
    <rtept lat="41.14957000" lon="-122.251510">
      <ele>1216.0000</ele>
      <time>2010-01-01T11:04:32Z</time>
    </rtept>
    <rtept lat="41.14967000" lon="-122.251680">
      <ele>1219.0000</ele>
      <time>2010-01-01T11:04:38Z</time>
    </rtept>
    <rtept lat="41.14969000" lon="-122.251890">
      <ele>1220.0000</ele>
      <time>2010-01-01T11:04:44Z</time>
    </rtept>
    <rtept lat="41.14965000" lon="-122.252060">
      <ele>1218.0000</ele>
      <time>2010-01-01T11:04:50Z</time>
    </rtept>
    <rtept lat="41.14963000" lon="-122.252100">
      <ele>1218.0000</ele>
      <time>2010-01-01T11:04:51Z</time>
    </rtept>
    <rtept lat="41.14959000" lon="-122.252240">
      <ele>1216.0000</ele>
      <time>2010-01-01T11:04:56Z</time>
    </rtept>
    <rtept lat="41.14950000" lon="-122.252470">
      <ele>1215.0000</ele>
      <time>2010-01-01T11:05:04Z</time>
    </rtept>
    <rtept lat="41.14946000" lon="-122.252730">
      <ele>1214.0000</ele>
      <time>2010-01-01T11:05:12Z</time>
    </rtept>
    <rtept lat="41.14940000" lon="-122.253270">
      <ele>1210.0000</ele>
      <time>2010-01-01T11:05:28Z</time>
    </rtept>
    <rtept lat="41.14940000" lon="-122.253500">
      <ele>1209.0000</ele>
      <time>2010-01-01T11:05:35Z</time>
    </rtept>
    <rtept lat="41.14941000" lon="-122.253640">
      <ele>1209.0000</ele>
      <time>2010-01-01T11:05:39Z</time>
    </rtept>
    <rtept lat="41.14953000" lon="-122.253900">
      <ele>1213.0000</ele>
      <time>2010-01-01T11:05:48Z</time>
    </rtept>
    <rtept lat="41.14963000" lon="-122.254050">
      <ele>1214.0000</ele>
      <time>2010-01-01T11:05:54Z</time>
    </rtept>
    <rtept lat="41.14976000" lon="-122.254420">
      <ele>1206.0000</ele>
      <time>2010-01-01T11:06:07Z</time>
    </rtept>
    <rtept lat="41.14987000" lon="-122.254760">
      <ele>1204.0000</ele>
      <time>2010-01-01T11:06:18Z</time>
    </rtept>
    <rtept lat="41.14990000" lon="-122.254850">
      <ele>1203.0000</ele>
      <time>2010-01-01T11:06:21Z</time>
    </rtept>
    <rtept lat="41.14998000" lon="-122.254900">
      <ele>1206.0000</ele>
      <time>2010-01-01T11:06:24Z</time>
    </rtept>
    <rtept lat="41.15024000" lon="-122.254970">
      <ele>1214.0000</ele>
      <time>2010-01-01T11:06:35Z</time>
    </rtept>
    <rtept lat="41.15034000" lon="-122.255020">
      <ele>1215.0000</ele>
      <time>2010-01-01T11:06:39Z</time>
    </rtept>
    <rtept lat="41.15051000" lon="-122.255170">
      <ele>1212.0000</ele>
      <time>2010-01-01T11:06:47Z</time>
    </rtept>
    <rtept lat="41.15062000" lon="-122.255320">
      <ele>1210.0000</ele>
      <time>2010-01-01T11:06:54Z</time>
    </rtept>
    <rtept lat="41.15072000" lon="-122.255500">
      <ele>1207.0000</ele>
      <time>2010-01-01T11:07:00Z</time>
    </rtept>
    <rtept lat="41.15082000" lon="-122.255630">
      <ele>1204.0000</ele>
      <time>2010-01-01T11:07:06Z</time>
    </rtept>
    <rtept lat="41.15094000" lon="-122.255730">
      <ele>1206.0000</ele>
      <time>2010-01-01T11:07:12Z</time>
    </rtept>
    <rtept lat="41.15116000" lon="-122.256110">
      <ele>1203.0000</ele>
      <time>2010-01-01T11:07:26Z</time>
    </rtept>
    <rtept lat="41.15129000" lon="-122.256500">
      <ele>1202.0000</ele>
      <time>2010-01-01T11:07:39Z</time>
    </rtept>
    <rtept lat="41.15126000" lon="-122.256860">
      <ele>1196.0000</ele>
      <time>2010-01-01T11:07:50Z</time>
    </rtept>
    <rtept lat="41.15129000" lon="-122.257280">
      <ele>1192.0000</ele>
      <time>2010-01-01T11:08:03Z</time>
    </rtept>
    <rtept lat="41.15132000" lon="-122.257480">
      <ele>1191.0000</ele>
      <time>2010-01-01T11:08:09Z</time>
    </rtept>
    <rtept lat="41.15130000" lon="-122.257640">
      <ele>1188.0000</ele>
      <time>2010-01-01T11:08:14Z</time>
    </rtept>
    <rtept lat="41.15132000" lon="-122.257750">
      <ele>1187.0000</ele>
      <time>2010-01-01T11:08:17Z</time>
    </rtept>
    <rtept lat="41.15142000" lon="-122.258010">
      <ele>1187.0000</ele>
      <time>2010-01-01T11:08:26Z</time>
    </rtept>
    <rtept lat="41.15150000" lon="-122.258110">
      <ele>1187.0000</ele>
      <time>2010-01-01T11:08:30Z</time>
    </rtept>
    <rtept lat="41.15150000" lon="-122.258100">
      <ele>1188.0000</ele>
      <time>2010-01-01T11:08:31Z</time>
    </rtept>
    <rtept lat="41.15157000" lon="-122.258180">
      <ele>1189.0000</ele>
      <time>2010-01-01T11:08:34Z</time>
    </rtept>
    <rtept lat="41.15169000" lon="-122.258520">
      <ele>1189.0000</ele>
      <time>2010-01-01T11:08:46Z</time>
    </rtept>
    <rtept lat="41.15171000" lon="-122.258750">
      <ele>1185.0000</ele>
      <time>2010-01-01T11:08:53Z</time>
    </rtept>
    <rtept lat="41.15173000" lon="-122.259070">
      <ele>1181.0000</ele>
      <time>2010-01-01T11:09:02Z</time>
    </rtept>
    <rtept lat="41.15169000" lon="-122.259680">
      <ele>1176.0000</ele>
      <time>2010-01-01T11:09:21Z</time>
    </rtept>
    <rtept lat="41.15171000" lon="-122.259950">
      <ele>1173.0000</ele>
      <time>2010-01-01T11:09:29Z</time>
    </rtept>
    <rtept lat="41.15176000" lon="-122.260060">
      <ele>1174.0000</ele>
      <time>2010-01-01T11:09:33Z</time>
    </rtept>
    <rtept lat="41.15178000" lon="-122.260240">
      <ele>1171.0000</ele>
      <time>2010-01-01T11:09:38Z</time>
    </rtept>
    <rtept lat="41.15179000" lon="-122.260660">
      <ele>1166.0000</ele>
      <time>2010-01-01T11:09:51Z</time>
    </rtept>
    <rtept lat="41.15185000" lon="-122.260800">
      <ele>1167.0000</ele>
      <time>2010-01-01T11:09:56Z</time>
    </rtept>
    <rtept lat="41.15193000" lon="-122.260970">
      <ele>1168.0000</ele>
      <time>2010-01-01T11:10:02Z</time>
    </rtept>
    <rtept lat="41.15205000" lon="-122.261070">
      <ele>1172.0000</ele>
      <time>2010-01-01T11:10:08Z</time>
    </rtept>
    <rtept lat="41.15211000" lon="-122.261360">
      <ele>1174.0000</ele>
      <time>2010-01-01T11:10:17Z</time>
    </rtept>
    <rtept lat="41.15211000" lon="-122.261700">
      <ele>1172.0000</ele>
      <time>2010-01-01T11:10:27Z</time>
    </rtept>
    <rtept lat="41.15213000" lon="-122.261820">
      <ele>1171.0000</ele>
      <time>2010-01-01T11:10:31Z</time>
    </rtept>
    <rtept lat="41.15228000" lon="-122.262190">
      <ele>1168.0000</ele>
      <time>2010-01-01T11:10:43Z</time>
    </rtept>
    <rtept lat="41.15236000" lon="-122.262340">
      <ele>1166.0000</ele>
      <time>2010-01-01T11:10:49Z</time>
    </rtept>
    <rtept lat="41.15246000" lon="-122.262450">
      <ele>1165.0000</ele>
      <time>2010-01-01T11:10:54Z</time>
    </rtept>
    <rtept lat="41.15276000" lon="-122.262670">
      <ele>1163.0000</ele>
      <time>2010-01-01T11:11:08Z</time>
    </rtept>
    <rtept lat="41.15289000" lon="-122.262820">
      <ele>1162.0000</ele>
      <time>2010-01-01T11:11:15Z</time>
    </rtept>
    <rtept lat="41.15297000" lon="-122.262930">
      <ele>1160.0000</ele>
      <time>2010-01-01T11:11:19Z</time>
    </rtept>
    <rtept lat="41.15305000" lon="-122.263080">
      <ele>1157.0000</ele>
      <time>2010-01-01T11:11:25Z</time>
    </rtept>
    <rtept lat="41.15319000" lon="-122.263250">
      <ele>1153.0000</ele>
      <time>2010-01-01T11:11:32Z</time>
    </rtept>
    <rtept lat="41.15326000" lon="-122.263280">
      <ele>1153.0000</ele>
      <time>2010-01-01T11:11:35Z</time>
    </rtept>
    <rtept lat="41.15335000" lon="-122.263260">
      <ele>1155.0000</ele>
      <time>2010-01-01T11:11:39Z</time>
    </rtept>
    <rtept lat="41.15363000" lon="-122.263140">
      <ele>1163.0000</ele>
      <time>2010-01-01T11:11:51Z</time>
    </rtept>
    <rtept lat="41.15379000" lon="-122.263130">
      <ele>1164.0000</ele>
      <time>2010-01-01T11:11:57Z</time>
    </rtept>
    <rtept lat="41.15401000" lon="-122.263180">
      <ele>1164.0000</ele>
      <time>2010-01-01T11:12:06Z</time>
    </rtept>
    <rtept lat="41.15428000" lon="-122.263500">
      <ele>1159.0000</ele>
      <time>2010-01-01T11:12:21Z</time>
    </rtept>
    <rtept lat="41.15443000" lon="-122.263710">
      <ele>1157.0000</ele>
      <time>2010-01-01T11:12:29Z</time>
    </rtept>
    <rtept lat="41.15459000" lon="-122.264040">
      <ele>1155.0000</ele>
      <time>2010-01-01T11:12:41Z</time>
    </rtept>
    <rtept lat="41.15473000" lon="-122.264280">
      <ele>1157.0000</ele>
      <time>2010-01-01T11:12:50Z</time>
    </rtept>
    <rtept lat="41.15518000" lon="-122.265430">
      <ele>1155.0000</ele>
      <time>2010-01-01T11:13:29Z</time>
    </rtept>
    <rtept lat="41.15526000" lon="-122.265800">
      <ele>1153.0000</ele>
      <time>2010-01-01T11:13:41Z</time>
    </rtept>
    <rtept lat="41.15533000" lon="-122.266000">
      <ele>1151.0000</ele>
      <time>2010-01-01T11:13:48Z</time>
    </rtept>
    <rtept lat="41.15541000" lon="-122.266210">
      <ele>1150.0000</ele>
      <time>2010-01-01T11:13:55Z</time>
    </rtept>
    <rtept lat="41.15562000" lon="-122.266680">
      <ele>1149.0000</ele>
      <time>2010-01-01T11:14:11Z</time>
    </rtept>
    <rtept lat="41.15566000" lon="-122.266850">
      <ele>1149.0000</ele>
      <time>2010-01-01T11:14:16Z</time>
    </rtept>
    <rtept lat="41.15564000" lon="-122.267100">
      <ele>1147.0000</ele>
      <time>2010-01-01T11:14:24Z</time>
    </rtept>
    <rtept lat="41.15567000" lon="-122.267220">
      <ele>1146.0000</ele>
      <time>2010-01-01T11:14:28Z</time>
    </rtept>
    <rtept lat="41.15570000" lon="-122.267310">
      <ele>1145.0000</ele>
      <time>2010-01-01T11:14:31Z</time>
    </rtept>
    <rtept lat="41.15570000" lon="-122.267450">
      <ele>1143.0000</ele>
      <time>2010-01-01T11:14:35Z</time>
    </rtept>
    <rtept lat="41.15565000" lon="-122.267580">
      <ele>1140.0000</ele>
      <time>2010-01-01T11:14:39Z</time>
    </rtept>
    <rtept lat="41.15566000" lon="-122.267910">
      <ele>1136.0000</ele>
      <time>2010-01-01T11:14:49Z</time>
    </rtept>
    <rtept lat="41.15574000" lon="-122.268110">
      <ele>1136.0000</ele>
      <time>2010-01-01T11:14:56Z</time>
    </rtept>
    <rtept lat="41.15581000" lon="-122.268210">
      <ele>1137.0000</ele>
      <time>2010-01-01T11:15:00Z</time>
    </rtept>
    <rtept lat="41.15586000" lon="-122.268260">
      <ele>1138.0000</ele>
      <time>2010-01-01T11:15:03Z</time>
    </rtept>
    <rtept lat="41.15593000" lon="-122.268270">
      <ele>1137.0000</ele>
      <time>2010-01-01T11:15:06Z</time>
    </rtept>
    <rtept lat="41.15601000" lon="-122.268140">
      <ele>1136.0000</ele>
      <time>2010-01-01T11:15:11Z</time>
    </rtept>
    <rtept lat="41.15603000" lon="-122.268100">
      <ele>1136.0000</ele>
      <time>2010-01-01T11:15:12Z</time>
    </rtept>
    <rtept lat="41.15613000" lon="-122.267600">
      <ele>1137.0000</ele>
      <time>2010-01-01T11:15:28Z</time>
    </rtept>
    <rtept lat="41.15613000" lon="-122.267250">
      <ele>1139.0000</ele>
      <time>2010-01-01T11:15:38Z</time>
    </rtept>
    <rtept lat="41.15621000" lon="-122.266810">
      <ele>1136.0000</ele>
      <time>2010-01-01T11:15:52Z</time>
    </rtept>
    <rtept lat="41.15624000" lon="-122.266570">
      <ele>1134.0000</ele>
      <time>2010-01-01T11:15:59Z</time>
    </rtept>
    <rtept lat="41.15630000" lon="-122.266580">
      <ele>1131.0000</ele>
      <time>2010-01-01T11:16:02Z</time>
    </rtept>
    <rtept lat="41.15627000" lon="-122.266860">
      <ele>1133.0000</ele>
      <time>2010-01-01T11:16:10Z</time>
    </rtept>
    <rtept lat="41.15630000" lon="-122.267120">
      <ele>1132.0000</ele>
      <time>2010-01-01T11:16:18Z</time>
    </rtept>
    <rtept lat="41.15645000" lon="-122.267560">
      <ele>1126.0000</ele>
      <time>2010-01-01T11:16:33Z</time>
    </rtept>
    <rtept lat="41.15645000" lon="-122.267740">
      <ele>1126.0000</ele>
      <time>2010-01-01T11:16:38Z</time>
    </rtept>
    <rtept lat="41.15640000" lon="-122.267970">
      <ele>1129.0000</ele>
      <time>2010-01-01T11:16:45Z</time>
    </rtept>
    <rtept lat="41.15640000" lon="-122.268260">
      <ele>1128.0000</ele>
      <time>2010-01-01T11:16:54Z</time>
    </rtept>
    <rtept lat="41.15645000" lon="-122.268420">
      <ele>1125.0000</ele>
      <time>2010-01-01T11:16:59Z</time>
    </rtept>
    <rtept lat="41.15666000" lon="-122.268990">
      <ele>1116.0000</ele>
      <time>2010-01-01T11:17:18Z</time>
    </rtept>
    <rtept lat="41.15673000" lon="-122.269260">
      <ele>1112.0000</ele>
      <time>2010-01-01T11:17:27Z</time>
    </rtept>
    <rtept lat="41.15677000" lon="-122.269530">
      <ele>1111.0000</ele>
      <time>2010-01-01T11:17:35Z</time>
    </rtept>
    <rtept lat="41.15678000" lon="-122.270090">
      <ele>1104.0000</ele>
      <time>2010-01-01T11:17:52Z</time>
    </rtept>
    <rtept lat="41.15668000" lon="-122.270410">
      <ele>1103.0000</ele>
      <time>2010-01-01T11:18:03Z</time>
    </rtept>
    <rtept lat="41.15667000" lon="-122.270610">
      <ele>1101.0000</ele>
      <time>2010-01-01T11:18:09Z</time>
    </rtept>
    <rtept lat="41.15664000" lon="-122.270720">
      <ele>1099.0000</ele>
      <time>2010-01-01T11:18:12Z</time>
    </rtept>
    <rtept lat="41.15658000" lon="-122.270780">
      <ele>1097.0000</ele>
      <time>2010-01-01T11:18:15Z</time>
    </rtept>
    <rtept lat="41.15648000" lon="-122.270800">
      <ele>1095.0000</ele>
      <time>2010-01-01T11:18:19Z</time>
    </rtept>
    <rtept lat="41.15639000" lon="-122.270750">
      <ele>1094.0000</ele>
      <time>2010-01-01T11:18:23Z</time>
    </rtept>
    <rtept lat="41.15623000" lon="-122.270550">
      <ele>1092.0000</ele>
      <time>2010-01-01T11:18:32Z</time>
    </rtept>
    <rtept lat="41.15598000" lon="-122.270150">
      <ele>1088.0000</ele>
      <time>2010-01-01T11:18:48Z</time>
    </rtept>
    <rtept lat="41.15585000" lon="-122.269990">
      <ele>1088.0000</ele>
      <time>2010-01-01T11:18:55Z</time>
    </rtept>
    <rtept lat="41.15577000" lon="-122.269880">
      <ele>1086.0000</ele>
      <time>2010-01-01T11:18:59Z</time>
    </rtept>
    <rtept lat="41.15561000" lon="-122.269770">
      <ele>1076.0000</ele>
      <time>2010-01-01T11:19:07Z</time>
    </rtept>
    <rtept lat="41.15531000" lon="-122.269240">
      <ele>1076.0000</ele>
      <time>2010-01-01T11:19:27Z</time>
    </rtept>
    <rtept lat="41.15514000" lon="-122.268780">
      <ele>1087.0000</ele>
      <time>2010-01-01T11:19:42Z</time>
    </rtept>
    <rtept lat="41.15509000" lon="-122.268720">
      <ele>1087.0000</ele>
      <time>2010-01-01T11:19:45Z</time>
    </rtept>
    <rtept lat="41.15478000" lon="-122.268680">
      <ele>1068.0000</ele>
      <time>2010-01-01T11:19:57Z</time>
    </rtept>
    <rtept lat="41.15472000" lon="-122.268610">
      <ele>1066.0000</ele>
      <time>2010-01-01T11:20:00Z</time>
    </rtept>
    <rtept lat="41.15467000" lon="-122.268530">
      <ele>1066.0000</ele>
      <time>2010-01-01T11:20:03Z</time>
    </rtept>
    <rtept lat="41.15466000" lon="-122.268490">
      <ele>1066.0000</ele>
      <time>2010-01-01T11:20:05Z</time>
    </rtept>
    <rtept lat="41.15458000" lon="-122.268230">
      <ele>1073.0000</ele>
      <time>2010-01-01T11:20:13Z</time>
    </rtept>
    <rtept lat="41.15437000" lon="-122.268010">
      <ele>1069.0000</ele>
      <time>2010-01-01T11:20:24Z</time>
    </rtept>
    <rtept lat="41.15423000" lon="-122.267940">
      <ele>1061.0000</ele>
      <time>2010-01-01T11:20:30Z</time>
    </rtept>
    <rtept lat="41.15409000" lon="-122.267890">
      <ele>1055.0000</ele>
      <time>2010-01-01T11:20:36Z</time>
    </rtept>
    <rtept lat="41.15389000" lon="-122.267690">
      <ele>1055.0000</ele>
      <time>2010-01-01T11:20:46Z</time>
    </rtept>
    <rtept lat="41.15382000" lon="-122.267410">
      <ele>1059.0000</ele>
      <time>2010-01-01T11:20:55Z</time>
    </rtept>
    <rtept lat="41.15383000" lon="-122.267240">
      <ele>1063.0000</ele>
      <time>2010-01-01T11:21:00Z</time>
    </rtept>
    <rtept lat="41.15377000" lon="-122.267210">
      <ele>1060.0000</ele>
      <time>2010-01-01T11:21:02Z</time>
    </rtept>
    <rtept lat="41.15372000" lon="-122.267320">
      <ele>1057.0000</ele>
      <time>2010-01-01T11:21:06Z</time>
    </rtept>
    <rtept lat="41.15373000" lon="-122.267570">
      <ele>1052.0000</ele>
      <time>2010-01-01T11:21:14Z</time>
    </rtept>
    <rtept lat="41.15374000" lon="-122.267670">
      <ele>1050.0000</ele>
      <time>2010-01-01T11:21:17Z</time>
    </rtept>
    <rtept lat="41.15381000" lon="-122.267800">
      <ele>1049.0000</ele>
      <time>2010-01-01T11:21:22Z</time>
    </rtept>
    <rtept lat="41.15400000" lon="-122.268040">
      <ele>1049.0000</ele>
      <time>2010-01-01T11:21:32Z</time>
    </rtept>
    <rtept lat="41.15417000" lon="-122.268170">
      <ele>1051.0000</ele>
      <time>2010-01-01T11:21:40Z</time>
    </rtept>
    <rtept lat="41.15431000" lon="-122.268330">
      <ele>1055.0000</ele>
      <time>2010-01-01T11:21:47Z</time>
    </rtept>
    <rtept lat="41.15436000" lon="-122.268740">
      <ele>1043.0000</ele>
      <time>2010-01-01T11:22:00Z</time>
    </rtept>
    <rtept lat="41.15432000" lon="-122.268970">
      <ele>1033.0000</ele>
      <time>2010-01-01T11:22:07Z</time>
    </rtept>
    <rtept lat="41.15435000" lon="-122.269070">
      <ele>1031.0000</ele>
      <time>2010-01-01T11:22:10Z</time>
    </rtept>
    <rtept lat="41.15442000" lon="-122.269160">
      <ele>1031.0000</ele>
      <time>2010-01-01T11:22:14Z</time>
    </rtept>
    <rtept lat="41.15452000" lon="-122.269200">
      <ele>1036.0000</ele>
      <time>2010-01-01T11:22:18Z</time>
    </rtept>
    <rtept lat="41.15470000" lon="-122.269180">
      <ele>1050.0000</ele>
      <time>2010-01-01T11:22:26Z</time>
    </rtept>
    <rtept lat="41.15477000" lon="-122.269190">
      <ele>1054.0000</ele>
      <time>2010-01-01T11:22:28Z</time>
    </rtept>
    <rtept lat="41.15482000" lon="-122.269230">
      <ele>1055.0000</ele>
      <time>2010-01-01T11:22:31Z</time>
    </rtept>
    <rtept lat="41.15486000" lon="-122.269350">
      <ele>1053.0000</ele>
      <time>2010-01-01T11:22:35Z</time>
    </rtept>
    <rtept lat="41.15490000" lon="-122.269480">
      <ele>1049.0000</ele>
      <time>2010-01-01T11:22:39Z</time>
    </rtept>
    <rtept lat="41.15490000" lon="-122.269650">
      <ele>1041.0000</ele>
      <time>2010-01-01T11:22:44Z</time>
    </rtept>
    <rtept lat="41.15504000" lon="-122.270140">
      <ele>1028.0000</ele>
      <time>2010-01-01T11:23:00Z</time>
    </rtept>
    <rtept lat="41.15516000" lon="-122.270420">
      <ele>1024.0000</ele>
      <time>2010-01-01T11:23:10Z</time>
    </rtept>
    <rtept lat="41.15529000" lon="-122.270490">
      <ele>1031.0000</ele>
      <time>2010-01-01T11:23:15Z</time>
    </rtept>
    <rtept lat="41.15535000" lon="-122.270570">
      <ele>1034.0000</ele>
      <time>2010-01-01T11:23:19Z</time>
    </rtept>
    <rtept lat="41.15540000" lon="-122.270670">
      <ele>1035.0000</ele>
      <time>2010-01-01T11:23:22Z</time>
    </rtept>
    <rtept lat="41.15543000" lon="-122.270810">
      <ele>1032.0000</ele>
      <time>2010-01-01T11:23:27Z</time>
    </rtept>
    <rtept lat="41.15544000" lon="-122.270940">
      <ele>1029.0000</ele>
      <time>2010-01-01T11:23:30Z</time>
    </rtept>
    <rtept lat="41.15555000" lon="-122.271250">
      <ele>1028.0000</ele>
      <time>2010-01-01T11:23:41Z</time>
    </rtept>
    <rtept lat="41.15558000" lon="-122.271400">
      <ele>1028.0000</ele>
      <time>2010-01-01T11:23:45Z</time>
    </rtept>
    <rtept lat="41.15543000" lon="-122.271710">
      <ele>1016.0000</ele>
      <time>2010-01-01T11:23:57Z</time>
    </rtept>
    <rtept lat="41.15537000" lon="-122.271950">
      <ele>1009.0000</ele>
      <time>2010-01-01T11:24:04Z</time>
    </rtept>
    <rtept lat="41.15530000" lon="-122.272220">
      <ele>1001.0000</ele>
      <time>2010-01-01T11:24:13Z</time>
    </rtept>
    <rtept lat="41.15530000" lon="-122.272480">
      <ele>1003.0000</ele>
      <time>2010-01-01T11:24:21Z</time>
    </rtept>
    <rtept lat="41.15559000" lon="-122.272710">
      <ele>1020.0000</ele>
      <time>2010-01-01T11:24:34Z</time>
    </rtept>
    <rtept lat="41.15578000" lon="-122.272890">
      <ele>1029.0000</ele>
      <time>2010-01-01T11:24:44Z</time>
    </rtept>
    <rtept lat="41.15579000" lon="-122.273060">
      <ele>1028.0000</ele>
      <time>2010-01-01T11:24:49Z</time>
    </rtept>
    <rtept lat="41.15579000" lon="-122.273370">
      <ele>1022.0000</ele>
      <time>2010-01-01T11:24:58Z</time>
    </rtept>
    <rtept lat="41.15583000" lon="-122.273700">
      <ele>1012.0000</ele>
      <time>2010-01-01T11:25:08Z</time>
    </rtept>
    <rtept lat="41.15590000" lon="-122.273980">
      <ele>1003.0000</ele>
      <time>2010-01-01T11:25:17Z</time>
    </rtept>
    <rtept lat="41.15603000" lon="-122.274000">
      <ele>1002.0000</ele>
      <time>2010-01-01T11:25:22Z</time>
    </rtept>
    <rtept lat="41.15629000" lon="-122.273860">
      <ele>1012.0000</ele>
      <time>2010-01-01T11:25:33Z</time>
    </rtept>
    <rtept lat="41.15663000" lon="-122.273800">
      <ele>1017.0000</ele>
      <time>2010-01-01T11:25:47Z</time>
    </rtept>
    <rtept lat="41.15691000" lon="-122.273790">
      <ele>1017.0000</ele>
      <time>2010-01-01T11:25:58Z</time>
    </rtept>
    <rtept lat="41.15700000" lon="-122.273900">
      <ele>1013.0000</ele>
      <time>2010-01-01T11:26:03Z</time>
    </rtept>
    <rtept lat="41.15717000" lon="-122.274250">
      <ele>1000.0000</ele>
      <time>2010-01-01T11:26:16Z</time>
    </rtept>
    <rtept lat="41.15725000" lon="-122.274360">
      <ele>996.00000</ele>
      <time>2010-01-01T11:26:20Z</time>
    </rtept>
    <rtept lat="41.15755000" lon="-122.274450">
      <ele>1000.0000</ele>
      <time>2010-01-01T11:26:33Z</time>
    </rtept>
    <rtept lat="41.15776000" lon="-122.274610">
      <ele>997.00000</ele>
      <time>2010-01-01T11:26:42Z</time>
    </rtept>
    <rtept lat="41.15816000" lon="-122.274690">
      <ele>1001.0000</ele>
      <time>2010-01-01T11:26:59Z</time>
    </rtept>
    <rtept lat="41.15861000" lon="-122.275180">
      <ele>992.00000</ele>
      <time>2010-01-01T11:27:22Z</time>
    </rtept>
    <rtept lat="41.15885000" lon="-122.275310">
      <ele>994.00000</ele>
      <time>2010-01-01T11:27:32Z</time>
    </rtept>
    <rtept lat="41.15899000" lon="-122.275510">
      <ele>992.00000</ele>
      <time>2010-01-01T11:27:41Z</time>
    </rtept>
    <rtept lat="41.15905000" lon="-122.275590">
      <ele>993.00000</ele>
      <time>2010-01-01T11:27:44Z</time>
    </rtept>
    <rtept lat="41.15914000" lon="-122.276070">
      <ele>986.00000</ele>
      <time>2010-01-01T11:27:59Z</time>
    </rtept>
    <rtept lat="41.15922000" lon="-122.276510">
      <ele>977.00000</ele>
      <time>2010-01-01T11:28:12Z</time>
    </rtept>
    <rtept lat="41.15946000" lon="-122.276660">
      <ele>977.00000</ele>
      <time>2010-01-01T11:28:23Z</time>
    </rtept>
    <rtept lat="41.15959000" lon="-122.276760">
      <ele>977.00000</ele>
      <time>2010-01-01T11:28:29Z</time>
    </rtept>
    <rtept lat="41.15966000" lon="-122.277060">
      <ele>966.00000</ele>
      <time>2010-01-01T11:28:39Z</time>
    </rtept>
    <rtept lat="41.15972000" lon="-122.277320">
      <ele>960.00000</ele>
      <time>2010-01-01T11:28:47Z</time>
    </rtept>
    <rtept lat="41.15981000" lon="-122.277400">
      <ele>960.00000</ele>
      <time>2010-01-01T11:28:51Z</time>
    </rtept>
    <rtept lat="41.15998000" lon="-122.277450">
      <ele>963.00000</ele>
      <time>2010-01-01T11:28:58Z</time>
    </rtept>
    <rtept lat="41.16018000" lon="-122.277380">
      <ele>963.00000</ele>
      <time>2010-01-01T11:29:06Z</time>
    </rtept>
    <rtept lat="41.16037000" lon="-122.277030">
      <ele>971.00000</ele>
      <time>2010-01-01T11:29:19Z</time>
    </rtept>
    <rtept lat="41.16054000" lon="-122.276820">
      <ele>971.00000</ele>
      <time>2010-01-01T11:29:29Z</time>
    </rtept>
    <rtept lat="41.16060000" lon="-122.276300">
      <ele>977.00000</ele>
      <time>2010-01-01T11:29:45Z</time>
    </rtept>
    <rtept lat="41.16056000" lon="-122.275770">
      <ele>976.00000</ele>
      <time>2010-01-01T11:30:01Z</time>
    </rtept>
    <rtept lat="41.16050000" lon="-122.275290">
      <ele>975.00000</ele>
      <time>2010-01-01T11:30:15Z</time>
    </rtept>
    <rtept lat="41.16061000" lon="-122.274810">
      <ele>957.00000</ele>
      <time>2010-01-01T11:30:30Z</time>
    </rtept>
    <rtept lat="41.16056000" lon="-122.274330">
      <ele>946.00000</ele>
      <time>2010-01-01T11:30:45Z</time>
    </rtept>
    <rtept lat="41.16057000" lon="-122.274120">
      <ele>940.00000</ele>
      <time>2010-01-01T11:30:51Z</time>
    </rtept>
    <rtept lat="41.16073000" lon="-122.274520">
      <ele>945.00000</ele>
      <time>2010-01-01T11:31:05Z</time>
    </rtept>
    <rtept lat="41.16079000" lon="-122.274880">
      <ele>951.00000</ele>
      <time>2010-01-01T11:31:16Z</time>
    </rtept>
    <rtept lat="41.16104000" lon="-122.275340">
      <ele>948.00000</ele>
      <time>2010-01-01T11:31:33Z</time>
    </rtept>
    <rtept lat="41.16134000" lon="-122.275580">
      <ele>940.00000</ele>
      <time>2010-01-01T11:31:47Z</time>
    </rtept>
    <rtept lat="41.16157000" lon="-122.275760">
      <ele>936.00000</ele>
      <time>2010-01-01T11:31:58Z</time>
    </rtept>
    <rtept lat="41.16189000" lon="-122.276040">
      <ele>932.00000</ele>
      <time>2010-01-01T11:32:13Z</time>
    </rtept>
    <rtept lat="41.16199000" lon="-122.276300">
      <ele>930.00000</ele>
      <time>2010-01-01T11:32:22Z</time>
    </rtept>
    <rtept lat="41.16198000" lon="-122.276560">
      <ele>932.00000</ele>
      <time>2010-01-01T11:32:30Z</time>
    </rtept>
    <rtept lat="41.16202000" lon="-122.276680">
      <ele>930.00000</ele>
      <time>2010-01-01T11:32:34Z</time>
    </rtept>
    <rtept lat="41.16202000" lon="-122.276950">
      <ele>928.00000</ele>
      <time>2010-01-01T11:32:42Z</time>
    </rtept>
    <rtept lat="41.16224000" lon="-122.277110">
      <ele>919.00000</ele>
      <time>2010-01-01T11:32:52Z</time>
    </rtept>
    <rtept lat="41.16223000" lon="-122.277250">
      <ele>918.00000</ele>
      <time>2010-01-01T11:32:56Z</time>
    </rtept>
    <rtept lat="41.16202000" lon="-122.277380">
      <ele>921.00000</ele>
      <time>2010-01-01T11:33:05Z</time>
    </rtept>
    <rtept lat="41.16196000" lon="-122.277520">
      <ele>920.00000</ele>
      <time>2010-01-01T11:33:10Z</time>
    </rtept>
    <rtept lat="41.16179000" lon="-122.277700">
      <ele>919.00000</ele>
      <time>2010-01-01T11:33:19Z</time>
    </rtept>
    <rtept lat="41.16160000" lon="-122.277900">
      <ele>918.00000</ele>
      <time>2010-01-01T11:33:29Z</time>
    </rtept>
    <rtept lat="41.16143000" lon="-122.277950">
      <ele>922.00000</ele>
      <time>2010-01-01T11:33:36Z</time>
    </rtept>
    <rtept lat="41.16133000" lon="-122.278070">
      <ele>922.00000</ele>
      <time>2010-01-01T11:33:41Z</time>
    </rtept>
    <rtept lat="41.16132000" lon="-122.278320">
      <ele>917.00000</ele>
      <time>2010-01-01T11:33:49Z</time>
    </rtept>
    <rtept lat="41.16127000" lon="-122.278540">
      <ele>914.00000</ele>
      <time>2010-01-01T11:33:56Z</time>
    </rtept>
    <rtept lat="41.16096000" lon="-122.278810">
      <ele>914.00000</ele>
      <time>2010-01-01T11:34:10Z</time>
    </rtept>
    <rtept lat="41.16092000" lon="-122.278920">
      <ele>911.00000</ele>
      <time>2010-01-01T11:34:14Z</time>
    </rtept>
    <rtept lat="41.16080000" lon="-122.278940">
      <ele>913.00000</ele>
      <time>2010-01-01T11:34:19Z</time>
    </rtept>
    <rtept lat="41.16066000" lon="-122.279300">
      <ele>903.00000</ele>
      <time>2010-01-01T11:34:31Z</time>
    </rtept>
    <rtept lat="41.16041000" lon="-122.279640">
      <ele>890.00000</ele>
      <time>2010-01-01T11:34:45Z</time>
    </rtept>
    <rtept lat="41.16017000" lon="-122.279830">
      <ele>886.00000</ele>
      <time>2010-01-01T11:34:57Z</time>
    </rtept>
    <rtept lat="41.15986000" lon="-122.279880">
      <ele>885.00000</ele>
      <time>2010-01-01T11:35:09Z</time>
    </rtept>
    <rtept lat="41.15969000" lon="-122.279990">
      <ele>880.00000</ele>
      <time>2010-01-01T11:35:17Z</time>
    </rtept>
    <rtept lat="41.15961000" lon="-122.280000">
      <ele>877.00000</ele>
      <time>2010-01-01T11:35:20Z</time>
    </rtept>
    <rtept lat="41.15959000" lon="-122.279940">
      <ele>878.00000</ele>
      <time>2010-01-01T11:35:22Z</time>
    </rtept>
    <rtept lat="41.15957000" lon="-122.279730">
      <ele>882.00000</ele>
      <time>2010-01-01T11:35:28Z</time>
    </rtept>
    <rtept lat="41.15958000" lon="-122.279590">
      <ele>885.00000</ele>
      <time>2010-01-01T11:35:33Z</time>
    </rtept>
    <rtept lat="41.15947000" lon="-122.279330">
      <ele>888.00000</ele>
      <time>2010-01-01T11:35:42Z</time>
    </rtept>
    <rtept lat="41.15940000" lon="-122.279270">
      <ele>888.00000</ele>
      <time>2010-01-01T11:35:45Z</time>
    </rtept>
    <rtept lat="41.15912000" lon="-122.279370">
      <ele>880.00000</ele>
      <time>2010-01-01T11:35:56Z</time>
    </rtept>
    <rtept lat="41.15882000" lon="-122.279390">
      <ele>880.00000</ele>
      <time>2010-01-01T11:36:09Z</time>
    </rtept>
    <rtept lat="41.15858000" lon="-122.279510">
      <ele>880.00000</ele>
      <time>2010-01-01T11:36:19Z</time>
    </rtept>
    <rtept lat="41.15847000" lon="-122.279590">
      <ele>879.00000</ele>
      <time>2010-01-01T11:36:24Z</time>
    </rtept>
    <rtept lat="41.15815000" lon="-122.279820">
      <ele>878.00000</ele>
      <time>2010-01-01T11:36:38Z</time>
    </rtept>
    <rtept lat="41.15789000" lon="-122.279870">
      <ele>878.00000</ele>
      <time>2010-01-01T11:36:49Z</time>
    </rtept>
    <rtept lat="41.15775000" lon="-122.279940">
      <ele>876.00000</ele>
      <time>2010-01-01T11:36:55Z</time>
    </rtept>
    <rtept lat="41.15756000" lon="-122.280030">
      <ele>872.00000</ele>
      <time>2010-01-01T11:37:03Z</time>
    </rtept>
    <rtept lat="41.15739000" lon="-122.279950">
      <ele>873.00000</ele>
      <time>2010-01-01T11:37:10Z</time>
    </rtept>
    <rtept lat="41.15724000" lon="-122.279990">
      <ele>873.00000</ele>
      <time>2010-01-01T11:37:16Z</time>
    </rtept>
    <rtept lat="41.15701000" lon="-122.280270">
      <ele>869.00000</ele>
      <time>2010-01-01T11:37:29Z</time>
    </rtept>
    <rtept lat="41.15683000" lon="-122.280430">
      <ele>863.00000</ele>
      <time>2010-01-01T11:37:37Z</time>
    </rtept>
    <rtept lat="41.15673000" lon="-122.280640">
      <ele>858.00000</ele>
      <time>2010-01-01T11:37:45Z</time>
    </rtept>
    <rtept lat="41.15672000" lon="-122.280910">
      <ele>852.00000</ele>
      <time>2010-01-01T11:37:53Z</time>
    </rtept>
    <rtept lat="41.15669000" lon="-122.281080">
      <ele>849.00000</ele>
      <time>2010-01-01T11:37:58Z</time>
    </rtept>
    <rtept lat="41.15652000" lon="-122.281150">
      <ele>848.00000</ele>
      <time>2010-01-01T11:38:05Z</time>
    </rtept>
    <rtept lat="41.15635000" lon="-122.281170">
      <ele>847.00000</ele>
      <time>2010-01-01T11:38:12Z</time>
    </rtept>
    <rtept lat="41.15599000" lon="-122.281200">
      <ele>844.00000</ele>
      <time>2010-01-01T11:38:27Z</time>
    </rtept>
    <rtept lat="41.15560000" lon="-122.281400">
      <ele>840.00000</ele>
      <time>2010-01-01T11:38:43Z</time>
    </rtept>
    <rtept lat="41.15544000" lon="-122.281630">
      <ele>837.00000</ele>
      <time>2010-01-01T11:38:53Z</time>
    </rtept>
    <rtept lat="41.15533000" lon="-122.281840">
      <ele>834.00000</ele>
      <time>2010-01-01T11:39:01Z</time>
    </rtept>
    <rtept lat="41.15529000" lon="-122.281990">
      <ele>832.00000</ele>
      <time>2010-01-01T11:39:05Z</time>
    </rtept>
    <rtept lat="41.15535000" lon="-122.282030">
      <ele>832.00000</ele>
      <time>2010-01-01T11:39:08Z</time>
    </rtept>
    <rtept lat="41.15554000" lon="-122.281880">
      <ele>836.00000</ele>
      <time>2010-01-01T11:39:17Z</time>
    </rtept>
    <rtept lat="41.15570000" lon="-122.281730">
      <ele>837.00000</ele>
      <time>2010-01-01T11:39:25Z</time>
    </rtept>
    <rtept lat="41.15591000" lon="-122.281600">
      <ele>837.00000</ele>
      <time>2010-01-01T11:39:34Z</time>
    </rtept>
    <rtept lat="41.15621000" lon="-122.281510">
      <ele>838.00000</ele>
      <time>2010-01-01T11:39:46Z</time>
    </rtept>
    <rtept lat="41.15637000" lon="-122.281570">
      <ele>836.00000</ele>
      <time>2010-01-01T11:39:53Z</time>
    </rtept>
    <rtept lat="41.15642000" lon="-122.281770">
      <ele>829.00000</ele>
      <time>2010-01-01T11:39:59Z</time>
    </rtept>
    <rtept lat="41.15648000" lon="-122.281900">
      <ele>824.00000</ele>
      <time>2010-01-01T11:40:04Z</time>
    </rtept>
    <rtept lat="41.15658000" lon="-122.281960">
      <ele>823.00000</ele>
      <time>2010-01-01T11:40:08Z</time>
    </rtept>
    <rtept lat="41.15674000" lon="-122.281930">
      <ele>823.00000</ele>
      <time>2010-01-01T11:40:15Z</time>
    </rtept>
    <rtept lat="41.15698000" lon="-122.281760">
      <ele>826.00000</ele>
      <time>2010-01-01T11:40:26Z</time>
    </rtept>
    <rtept lat="41.15711000" lon="-122.281590">
      <ele>829.00000</ele>
      <time>2010-01-01T11:40:33Z</time>
    </rtept>
    <rtept lat="41.15735000" lon="-122.281460">
      <ele>828.00000</ele>
      <time>2010-01-01T11:40:43Z</time>
    </rtept>
    <rtept lat="41.15748000" lon="-122.281440">
      <ele>827.00000</ele>
      <time>2010-01-01T11:40:49Z</time>
    </rtept>
    <rtept lat="41.15770000" lon="-122.281320">
      <ele>830.00000</ele>
      <time>2010-01-01T11:40:58Z</time>
    </rtept>
    <rtept lat="41.15804000" lon="-122.281270">
      <ele>831.00000</ele>
      <time>2010-01-01T11:41:12Z</time>
    </rtept>
    <rtept lat="41.15817000" lon="-122.281220">
      <ele>831.00000</ele>
      <time>2010-01-01T11:41:17Z</time>
    </rtept>
    <rtept lat="41.15833000" lon="-122.281090">
      <ele>832.00000</ele>
      <time>2010-01-01T11:41:25Z</time>
    </rtept>
    <rtept lat="41.15846000" lon="-122.281020">
      <ele>833.00000</ele>
      <time>2010-01-01T11:41:30Z</time>
    </rtept>
    <rtept lat="41.15850000" lon="-122.281290">
      <ele>824.00000</ele>
      <time>2010-01-01T11:41:39Z</time>
    </rtept>
    <rtept lat="41.15852000" lon="-122.281460">
      <ele>820.00000</ele>
      <time>2010-01-01T11:41:44Z</time>
    </rtept>
    <rtept lat="41.15858000" lon="-122.281600">
      <ele>819.00000</ele>
      <time>2010-01-01T11:41:49Z</time>
    </rtept>
    <rtept lat="41.15847000" lon="-122.281710">
      <ele>816.00000</ele>
      <time>2010-01-01T11:41:54Z</time>
    </rtept>
    <rtept lat="41.15833000" lon="-122.281800">
      <ele>812.00000</ele>
      <time>2010-01-01T11:42:00Z</time>
    </rtept>
    <rtept lat="41.15823000" lon="-122.281940">
      <ele>809.00000</ele>
      <time>2010-01-01T11:42:06Z</time>
    </rtept>
    <rtept lat="41.15818000" lon="-122.282130">
      <ele>806.00000</ele>
      <time>2010-01-01T11:42:12Z</time>
    </rtept>
    <rtept lat="41.15819000" lon="-122.282400">
      <ele>803.00000</ele>
      <time>2010-01-01T11:42:21Z</time>
    </rtept>
    <rtept lat="41.15834000" lon="-122.282630">
      <ele>805.00000</ele>
      <time>2010-01-01T11:42:30Z</time>
    </rtept>
    <rtept lat="41.15840000" lon="-122.282690">
      <ele>807.00000</ele>
      <time>2010-01-01T11:42:33Z</time>
    </rtept>
    <rtept lat="41.15840000" lon="-122.282780">
      <ele>805.00000</ele>
      <time>2010-01-01T11:42:35Z</time>
    </rtept>
    <rtept lat="41.15825000" lon="-122.283000">
      <ele>797.00000</ele>
      <time>2010-01-01T11:42:44Z</time>
    </rtept>
    <rtept lat="41.15823000" lon="-122.283110">
      <ele>796.00000</ele>
      <time>2010-01-01T11:42:48Z</time>
    </rtept>
    <rtept lat="41.15823000" lon="-122.283200">
      <ele>795.00000</ele>
      <time>2010-01-01T11:42:50Z</time>
    </rtept>
    <rtept lat="41.15827000" lon="-122.283300">
      <ele>796.00000</ele>
      <time>2010-01-01T11:42:54Z</time>
    </rtept>
    <rtept lat="41.15835000" lon="-122.283440">
      <ele>798.00000</ele>
      <time>2010-01-01T11:42:59Z</time>
    </rtept>
    <rtept lat="41.15826000" lon="-122.283660">
      <ele>794.00000</ele>
      <time>2010-01-01T11:43:07Z</time>
    </rtept>
    <rtept lat="41.15828000" lon="-122.283740">
      <ele>793.00000</ele>
      <time>2010-01-01T11:43:09Z</time>
    </rtept>
    <rtept lat="41.15831000" lon="-122.283830">
      <ele>793.00000</ele>
      <time>2010-01-01T11:43:12Z</time>
    </rtept>
    <rtept lat="41.15843000" lon="-122.283910">
      <ele>794.00000</ele>
      <time>2010-01-01T11:43:18Z</time>
    </rtept>
    <rtept lat="41.15846000" lon="-122.283930">
      <ele>794.00000</ele>
      <time>2010-01-01T11:43:19Z</time>
    </rtept>
    <rtept lat="41.15851000" lon="-122.284040">
      <ele>793.00000</ele>
      <time>2010-01-01T11:43:23Z</time>
    </rtept>
    <rtept lat="41.15860000" lon="-122.284130">
      <ele>792.00000</ele>
      <time>2010-01-01T11:43:27Z</time>
    </rtept>
    <rtept lat="41.15865000" lon="-122.284180">
      <ele>791.00000</ele>
      <time>2010-01-01T11:43:30Z</time>
    </rtept>
    <rtept lat="41.15870000" lon="-122.284210">
      <ele>791.00000</ele>
      <time>2010-01-01T11:43:32Z</time>
    </rtept>
    <rtept lat="41.15876000" lon="-122.284320">
      <ele>788.00000</ele>
      <time>2010-01-01T11:43:36Z</time>
    </rtept>
    <rtept lat="41.15883000" lon="-122.284500">
      <ele>784.00000</ele>
      <time>2010-01-01T11:43:42Z</time>
    </rtept>
    <rtept lat="41.15886000" lon="-122.284620">
      <ele>780.00000</ele>
      <time>2010-01-01T11:43:46Z</time>
    </rtept>
    <rtept lat="41.15893000" lon="-122.284680">
      <ele>778.00000</ele>
      <time>2010-01-01T11:43:49Z</time>
    </rtept>
    <rtept lat="41.15895000" lon="-122.284680">
      <ele>778.00000</ele>
      <time>2010-01-01T11:43:50Z</time>
    </rtept>
    <rtept lat="41.15900000" lon="-122.284670">
      <ele>778.00000</ele>
      <time>2010-01-01T11:43:52Z</time>
    </rtept>
    <rtept lat="41.15904000" lon="-122.284630">
      <ele>779.00000</ele>
      <time>2010-01-01T11:43:54Z</time>
    </rtept>
    <rtept lat="41.15912000" lon="-122.284550">
      <ele>781.00000</ele>
      <time>2010-01-01T11:43:58Z</time>
    </rtept>
    <rtept lat="41.15930000" lon="-122.284380">
      <ele>788.00000</ele>
      <time>2010-01-01T11:44:07Z</time>
    </rtept>
    <rtept lat="41.15936000" lon="-122.284350">
      <ele>789.00000</ele>
      <time>2010-01-01T11:44:10Z</time>
    </rtept>
    <rtept lat="41.15940000" lon="-122.284350">
      <ele>789.00000</ele>
      <time>2010-01-01T11:44:11Z</time>
    </rtept>
    <rtept lat="41.15955000" lon="-122.284380">
      <ele>788.00000</ele>
      <time>2010-01-01T11:44:17Z</time>
    </rtept>
    <rtept lat="41.15972000" lon="-122.284350">
      <ele>787.00000</ele>
      <time>2010-01-01T11:44:24Z</time>
    </rtept>
    <rtept lat="41.15984000" lon="-122.284370">
      <ele>786.00000</ele>
      <time>2010-01-01T11:44:29Z</time>
    </rtept>
    <rtept lat="41.15992000" lon="-122.284400">
      <ele>784.00000</ele>
      <time>2010-01-01T11:44:32Z</time>
    </rtept>
    <rtept lat="41.15997000" lon="-122.284480">
      <ele>782.00000</ele>
      <time>2010-01-01T11:44:35Z</time>
    </rtept>
    <rtept lat="41.15999000" lon="-122.284500">
      <ele>781.00000</ele>
      <time>2010-01-01T11:44:36Z</time>
    </rtept>
    <rtept lat="41.16002000" lon="-122.284510">
      <ele>781.00000</ele>
      <time>2010-01-01T11:44:38Z</time>
    </rtept>
    <rtept lat="41.16008000" lon="-122.284510">
      <ele>779.00000</ele>
      <time>2010-01-01T11:44:40Z</time>
    </rtept>
    <rtept lat="41.16030000" lon="-122.284370">
      <ele>779.00000</ele>
      <time>2010-01-01T11:44:50Z</time>
    </rtept>
    <rtept lat="41.16041000" lon="-122.284270">
      <ele>779.00000</ele>
      <time>2010-01-01T11:44:55Z</time>
    </rtept>
    <rtept lat="41.16053000" lon="-122.284230">
      <ele>776.00000</ele>
      <time>2010-01-01T11:45:00Z</time>
    </rtept>
    <rtept lat="41.16064000" lon="-122.284250">
      <ele>774.00000</ele>
      <time>2010-01-01T11:45:05Z</time>
    </rtept>
    <rtept lat="41.16074000" lon="-122.284330">
      <ele>770.00000</ele>
      <time>2010-01-01T11:45:09Z</time>
    </rtept>
    <rtept lat="41.16084000" lon="-122.284460">
      <ele>766.00000</ele>
      <time>2010-01-01T11:45:15Z</time>
    </rtept>
    <rtept lat="41.16095000" lon="-122.284530">
      <ele>764.00000</ele>
      <time>2010-01-01T11:45:20Z</time>
    </rtept>
    <rtept lat="41.16105000" lon="-122.284510">
      <ele>765.00000</ele>
      <time>2010-01-01T11:45:24Z</time>
    </rtept>
    <rtept lat="41.16110000" lon="-122.284460">
      <ele>765.00000</ele>
      <time>2010-01-01T11:45:26Z</time>
    </rtept>
    <rtept lat="41.16114000" lon="-122.284390">
      <ele>766.00000</ele>
      <time>2010-01-01T11:45:29Z</time>
    </rtept>
    <rtept lat="41.16116000" lon="-122.284330">
      <ele>766.00000</ele>
      <time>2010-01-01T11:45:31Z</time>
    </rtept>
    <rtept lat="41.16119000" lon="-122.284240">
      <ele>767.00000</ele>
      <time>2010-01-01T11:45:34Z</time>
    </rtept>
    <rtept lat="41.16125000" lon="-122.284020">
      <ele>768.00000</ele>
      <time>2010-01-01T11:45:41Z</time>
    </rtept>
    <rtept lat="41.16130000" lon="-122.283890">
      <ele>768.00000</ele>
      <time>2010-01-01T11:45:45Z</time>
    </rtept>
    <rtept lat="41.16136000" lon="-122.283810">
      <ele>768.00000</ele>
      <time>2010-01-01T11:45:49Z</time>
    </rtept>
    <rtept lat="41.16138000" lon="-122.283640">
      <ele>769.00000</ele>
      <time>2010-01-01T11:45:54Z</time>
    </rtept>
    <rtept lat="41.16142000" lon="-122.283490">
      <ele>769.00000</ele>
      <time>2010-01-01T11:45:59Z</time>
    </rtept>
    <rtept lat="41.16150000" lon="-122.283340">
      <ele>767.00000</ele>
      <time>2010-01-01T11:46:04Z</time>
    </rtept>
    <rtept lat="41.16154000" lon="-122.283130">
      <ele>769.00000</ele>
      <time>2010-01-01T11:46:11Z</time>
    </rtept>
    <rtept lat="41.16154000" lon="-122.282920">
      <ele>772.00000</ele>
      <time>2010-01-01T11:46:17Z</time>
    </rtept>
    <rtept lat="41.16156000" lon="-122.282790">
      <ele>773.00000</ele>
      <time>2010-01-01T11:46:21Z</time>
    </rtept>
    <rtept lat="41.16156000" lon="-122.282610">
      <ele>775.00000</ele>
      <time>2010-01-01T11:46:27Z</time>
    </rtept>
    <rtept lat="41.16155000" lon="-122.282560">
      <ele>776.00000</ele>
      <time>2010-01-01T11:46:28Z</time>
    </rtept>
    <rtept lat="41.16153000" lon="-122.282460">
      <ele>779.00000</ele>
      <time>2010-01-01T11:46:31Z</time>
    </rtept>
    <rtept lat="41.16153000" lon="-122.282410">
      <ele>780.00000</ele>
      <time>2010-01-01T11:46:33Z</time>
    </rtept>
    <rtept lat="41.16156000" lon="-122.282390">
      <ele>779.00000</ele>
      <time>2010-01-01T11:46:34Z</time>
    </rtept>
    <rtept lat="41.16159000" lon="-122.282400">
      <ele>778.00000</ele>
      <time>2010-01-01T11:46:35Z</time>
    </rtept>
    <rtept lat="41.16165000" lon="-122.282450">
      <ele>774.00000</ele>
      <time>2010-01-01T11:46:38Z</time>
    </rtept>
    <rtept lat="41.16167000" lon="-122.282490">
      <ele>773.00000</ele>
      <time>2010-01-01T11:46:40Z</time>
    </rtept>
    <rtept lat="41.16172000" lon="-122.282540">
      <ele>772.00000</ele>
      <time>2010-01-01T11:46:42Z</time>
    </rtept>
    <rtept lat="41.16173000" lon="-122.282580">
      <ele>771.00000</ele>
      <time>2010-01-01T11:46:43Z</time>
    </rtept>
    <rtept lat="41.16180000" lon="-122.282680">
      <ele>769.00000</ele>
      <time>2010-01-01T11:46:47Z</time>
    </rtept>
    <rtept lat="41.16183000" lon="-122.282710">
      <ele>768.00000</ele>
      <time>2010-01-01T11:46:49Z</time>
    </rtept>
    <rtept lat="41.16190000" lon="-122.282800">
      <ele>766.00000</ele>
      <time>2010-01-01T11:46:53Z</time>
    </rtept>
    <rtept lat="41.16198000" lon="-122.282880">
      <ele>763.00000</ele>
      <time>2010-01-01T11:46:57Z</time>
    </rtept>
    <rtept lat="41.16201000" lon="-122.282910">
      <ele>761.00000</ele>
      <time>2010-01-01T11:46:58Z</time>
    </rtept>
    <rtept lat="41.16205000" lon="-122.282910">
      <ele>761.00000</ele>
      <time>2010-01-01T11:47:00Z</time>
    </rtept>
    <rtept lat="41.16211000" lon="-122.282880">
      <ele>760.00000</ele>
      <time>2010-01-01T11:47:03Z</time>
    </rtept>
    <rtept lat="41.16218000" lon="-122.282830">
      <ele>760.00000</ele>
      <time>2010-01-01T11:47:06Z</time>
    </rtept>
    <rtept lat="41.16223000" lon="-122.282750">
      <ele>760.00000</ele>
      <time>2010-01-01T11:47:09Z</time>
    </rtept>
    <rtept lat="41.16224000" lon="-122.282700">
      <ele>761.00000</ele>
      <time>2010-01-01T11:47:10Z</time>
    </rtept>
    <rtept lat="41.16227000" lon="-122.282560">
      <ele>763.00000</ele>
      <time>2010-01-01T11:47:15Z</time>
    </rtept>
    <rtept lat="41.16228000" lon="-122.282510">
      <ele>763.00000</ele>
      <time>2010-01-01T11:47:16Z</time>
    </rtept>
    <rtept lat="41.16232000" lon="-122.282450">
      <ele>764.00000</ele>
      <time>2010-01-01T11:47:19Z</time>
    </rtept>
    <rtept lat="41.16235000" lon="-122.282430">
      <ele>763.00000</ele>
      <time>2010-01-01T11:47:20Z</time>
    </rtept>
    <rtept lat="41.16242000" lon="-122.282360">
      <ele>763.00000</ele>
      <time>2010-01-01T11:47:24Z</time>
    </rtept>
    <rtept lat="41.16247000" lon="-122.282290">
      <ele>763.00000</ele>
      <time>2010-01-01T11:47:27Z</time>
    </rtept>
    <rtept lat="41.16248000" lon="-122.282250">
      <ele>764.00000</ele>
      <time>2010-01-01T11:47:28Z</time>
    </rtept>
    <rtept lat="41.16251000" lon="-122.282210">
      <ele>764.00000</ele>
      <time>2010-01-01T11:47:30Z</time>
    </rtept>
    <rtept lat="41.16250000" lon="-122.282120">
      <ele>765.00000</ele>
      <time>2010-01-01T11:47:32Z</time>
    </rtept>
    <rtept lat="41.16248000" lon="-122.282070">
      <ele>767.00000</ele>
      <time>2010-01-01T11:47:34Z</time>
    </rtept>
    <rtept lat="41.16248000" lon="-122.282000">
      <ele>768.00000</ele>
      <time>2010-01-01T11:47:36Z</time>
    </rtept>
    <rtept lat="41.16252000" lon="-122.281980">
      <ele>768.00000</ele>
      <time>2010-01-01T11:47:38Z</time>
    </rtept>
    <rtept lat="41.16255000" lon="-122.281990">
      <ele>767.00000</ele>
      <time>2010-01-01T11:47:39Z</time>
    </rtept>
    <rtept lat="41.16260000" lon="-122.282040">
      <ele>766.00000</ele>
      <time>2010-01-01T11:47:42Z</time>
    </rtept>
    <rtept lat="41.16265000" lon="-122.282070">
      <ele>766.00000</ele>
      <time>2010-01-01T11:47:44Z</time>
    </rtept>
    <rtept lat="41.16272000" lon="-122.282050">
      <ele>766.00000</ele>
      <time>2010-01-01T11:47:47Z</time>
    </rtept>
    <rtept lat="41.16274000" lon="-122.282070">
      <ele>765.00000</ele>
      <time>2010-01-01T11:47:48Z</time>
    </rtept>
    <rtept lat="41.16278000" lon="-122.282120">
      <ele>765.00000</ele>
      <time>2010-01-01T11:47:50Z</time>
    </rtept>
    <rtept lat="41.16279000" lon="-122.282220">
      <ele>764.00000</ele>
      <time>2010-01-01T11:47:53Z</time>
    </rtept>
    <rtept lat="41.16287000" lon="-122.282530">
      <ele>759.00000</ele>
      <time>2010-01-01T11:48:03Z</time>
    </rtept>
    <rtept lat="41.16288000" lon="-122.282700">
      <ele>754.00000</ele>
      <time>2010-01-01T11:48:08Z</time>
    </rtept>
    <rtept lat="41.16301000" lon="-122.282880">
      <ele>749.00000</ele>
      <time>2010-01-01T11:48:15Z</time>
    </rtept>
    <rtept lat="41.16315000" lon="-122.282920">
      <ele>748.00000</ele>
      <time>2010-01-01T11:48:21Z</time>
    </rtept>
    <rtept lat="41.16322000" lon="-122.282860">
      <ele>749.00000</ele>
      <time>2010-01-01T11:48:24Z</time>
    </rtept>
    <rtept lat="41.16335000" lon="-122.282730">
      <ele>753.00000</ele>
      <time>2010-01-01T11:48:31Z</time>
    </rtept>
    <rtept lat="41.16349000" lon="-122.282630">
      <ele>752.00000</ele>
      <time>2010-01-01T11:48:37Z</time>
    </rtept>
    <rtept lat="41.16357000" lon="-122.282580">
      <ele>752.00000</ele>
      <time>2010-01-01T11:48:41Z</time>
    </rtept>
    <rtept lat="41.16367000" lon="-122.282490">
      <ele>751.00000</ele>
      <time>2010-01-01T11:48:46Z</time>
    </rtept>
    <rtept lat="41.16373000" lon="-122.282400">
      <ele>750.00000</ele>
      <time>2010-01-01T11:48:49Z</time>
    </rtept>
    <rtept lat="41.16379000" lon="-122.282360">
      <ele>749.00000</ele>
      <time>2010-01-01T11:48:52Z</time>
    </rtept>
    <rtept lat="41.16381000" lon="-122.282390">
      <ele>747.00000</ele>
      <time>2010-01-01T11:48:53Z</time>
    </rtept>
    <rtept lat="41.16380000" lon="-122.282470">
      <ele>746.00000</ele>
      <time>2010-01-01T11:48:56Z</time>
    </rtept>
    <rtept lat="41.16376000" lon="-122.282540">
      <ele>745.00000</ele>
      <time>2010-01-01T11:48:58Z</time>
    </rtept>
    <rtept lat="41.16367000" lon="-122.282660">
      <ele>746.00000</ele>
      <time>2010-01-01T11:49:03Z</time>
    </rtept>
    <rtept lat="41.16359000" lon="-122.282850">
      <ele>744.00000</ele>
      <time>2010-01-01T11:49:10Z</time>
    </rtept>
    <rtept lat="41.16357000" lon="-122.283000">
      <ele>741.00000</ele>
      <time>2010-01-01T11:49:15Z</time>
    </rtept>
    <rtept lat="41.16354000" lon="-122.283130">
      <ele>739.00000</ele>
      <time>2010-01-01T11:49:19Z</time>
    </rtept>
    <rtept lat="41.16352000" lon="-122.283160">
      <ele>739.00000</ele>
      <time>2010-01-01T11:49:20Z</time>
    </rtept>
    <rtept lat="41.16346000" lon="-122.283300">
      <ele>737.00000</ele>
      <time>2010-01-01T11:49:25Z</time>
    </rtept>
    <rtept lat="41.16337000" lon="-122.283390">
      <ele>737.00000</ele>
      <time>2010-01-01T11:49:29Z</time>
    </rtept>
    <rtept lat="41.16322000" lon="-122.283490">
      <ele>736.00000</ele>
      <time>2010-01-01T11:49:36Z</time>
    </rtept>
    <rtept lat="41.16310000" lon="-122.283540">
      <ele>734.00000</ele>
      <time>2010-01-01T11:49:41Z</time>
    </rtept>
    <rtept lat="41.16299000" lon="-122.283490">
      <ele>736.00000</ele>
      <time>2010-01-01T11:49:46Z</time>
    </rtept>
    <rtept lat="41.16289000" lon="-122.283320">
      <ele>739.00000</ele>
      <time>2010-01-01T11:49:52Z</time>
    </rtept>
    <rtept lat="41.16278000" lon="-122.283310">
      <ele>740.00000</ele>
      <time>2010-01-01T11:49:57Z</time>
    </rtept>
    <rtept lat="41.16272000" lon="-122.283410">
      <ele>739.00000</ele>
      <time>2010-01-01T11:50:00Z</time>
    </rtept>
    <rtept lat="41.16270000" lon="-122.283510">
      <ele>738.00000</ele>
      <time>2010-01-01T11:50:04Z</time>
    </rtept>
    <rtept lat="41.16266000" lon="-122.283660">
      <ele>737.00000</ele>
      <time>2010-01-01T11:50:08Z</time>
    </rtept>
    <rtept lat="41.16256000" lon="-122.283800">
      <ele>736.00000</ele>
      <time>2010-01-01T11:50:14Z</time>
    </rtept>
    <rtept lat="41.16250000" lon="-122.283880">
      <ele>736.00000</ele>
      <time>2010-01-01T11:50:18Z</time>
    </rtept>
    <rtept lat="41.16243000" lon="-122.283970">
      <ele>736.00000</ele>
      <time>2010-01-01T11:50:21Z</time>
    </rtept>
    <rtept lat="41.16230000" lon="-122.284040">
      <ele>738.00000</ele>
      <time>2010-01-01T11:50:27Z</time>
    </rtept>
    <rtept lat="41.16224000" lon="-122.284090">
      <ele>739.00000</ele>
      <time>2010-01-01T11:50:30Z</time>
    </rtept>
    <rtept lat="41.16218000" lon="-122.284170">
      <ele>740.00000</ele>
      <time>2010-01-01T11:50:33Z</time>
    </rtept>
    <rtept lat="41.16217000" lon="-122.284270">
      <ele>739.00000</ele>
      <time>2010-01-01T11:50:36Z</time>
    </rtept>
    <rtept lat="41.16221000" lon="-122.284400">
      <ele>736.00000</ele>
      <time>2010-01-01T11:50:41Z</time>
    </rtept>
    <rtept lat="41.16227000" lon="-122.284580">
      <ele>731.00000</ele>
      <time>2010-01-01T11:50:47Z</time>
    </rtept>
    <rtept lat="41.16228000" lon="-122.284670">
      <ele>729.00000</ele>
      <time>2010-01-01T11:50:49Z</time>
    </rtept>
    <rtept lat="41.16226000" lon="-122.284770">
      <ele>729.00000</ele>
      <time>2010-01-01T11:50:52Z</time>
    </rtept>
    <rtept lat="41.16225000" lon="-122.284810">
      <ele>729.00000</ele>
      <time>2010-01-01T11:50:54Z</time>
    </rtept>
    <rtept lat="41.16222000" lon="-122.284890">
      <ele>729.00000</ele>
      <time>2010-01-01T11:50:56Z</time>
    </rtept>
    <rtept lat="41.16213000" lon="-122.284980">
      <ele>730.00000</ele>
      <time>2010-01-01T11:51:01Z</time>
    </rtept>
    <rtept lat="41.16209000" lon="-122.285060">
      <ele>730.00000</ele>
      <time>2010-01-01T11:51:04Z</time>
    </rtept>
    <rtept lat="41.16209000" lon="-122.285140">
      <ele>729.00000</ele>
      <time>2010-01-01T11:51:06Z</time>
    </rtept>
    <rtept lat="41.16210000" lon="-122.285190">
      <ele>728.00000</ele>
      <time>2010-01-01T11:51:08Z</time>
    </rtept>
    <rtept lat="41.16209000" lon="-122.285360">
      <ele>725.00000</ele>
      <time>2010-01-01T11:51:13Z</time>
    </rtept>
    <rtept lat="41.16206000" lon="-122.285640">
      <ele>722.00000</ele>
      <time>2010-01-01T11:51:21Z</time>
    </rtept>
    <rtept lat="41.16201000" lon="-122.285920">
      <ele>719.00000</ele>
      <time>2010-01-01T11:51:30Z</time>
    </rtept>
    <rtept lat="41.16194000" lon="-122.286150">
      <ele>716.00000</ele>
      <time>2010-01-01T11:51:38Z</time>
    </rtept>
    <rtept lat="41.16180000" lon="-122.286370">
      <ele>717.00000</ele>
      <time>2010-01-01T11:51:46Z</time>
    </rtept>
    <rtept lat="41.16163000" lon="-122.286540">
      <ele>718.00000</ele>
      <time>2010-01-01T11:51:55Z</time>
    </rtept>
    <rtept lat="41.16146000" lon="-122.286740">
      <ele>716.00000</ele>
      <time>2010-01-01T11:52:04Z</time>
    </rtept>
    <rtept lat="41.16131000" lon="-122.286880">
      <ele>712.00000</ele>
      <time>2010-01-01T11:52:11Z</time>
    </rtept>
    <rtept lat="41.16114000" lon="-122.286930">
      <ele>711.00000</ele>
      <time>2010-01-01T11:52:18Z</time>
    </rtept>
    <rtept lat="41.16103000" lon="-122.286920">
      <ele>713.00000</ele>
      <time>2010-01-01T11:52:23Z</time>
    </rtept>
    <rtept lat="41.16096000" lon="-122.286900">
      <ele>714.00000</ele>
      <time>2010-01-01T11:52:25Z</time>
    </rtept>
    <rtept lat="41.16091000" lon="-122.286920">
      <ele>715.00000</ele>
      <time>2010-01-01T11:52:27Z</time>
    </rtept>
    <rtept lat="41.16086000" lon="-122.286980">
      <ele>715.00000</ele>
      <time>2010-01-01T11:52:30Z</time>
    </rtept>
    <rtept lat="41.16085000" lon="-122.287050">
      <ele>715.00000</ele>
      <time>2010-01-01T11:52:32Z</time>
    </rtept>
    <rtept lat="41.16085000" lon="-122.287170">
      <ele>713.00000</ele>
      <time>2010-01-01T11:52:36Z</time>
    </rtept>
    <rtept lat="41.16088000" lon="-122.287270">
      <ele>711.00000</ele>
      <time>2010-01-01T11:52:39Z</time>
    </rtept>
    <rtept lat="41.16094000" lon="-122.287390">
      <ele>708.00000</ele>
      <time>2010-01-01T11:52:44Z</time>
    </rtept>
    <rtept lat="41.16103000" lon="-122.287540">
      <ele>703.00000</ele>
      <time>2010-01-01T11:52:49Z</time>
    </rtept>
    <rtept lat="41.16106000" lon="-122.287570">
      <ele>701.00000</ele>
      <time>2010-01-01T11:52:51Z</time>
    </rtept>
    <rtept lat="41.16115000" lon="-122.287720">
      <ele>695.00000</ele>
      <time>2010-01-01T11:52:57Z</time>
    </rtept>
    <rtept lat="41.16118000" lon="-122.287830">
      <ele>692.00000</ele>
      <time>2010-01-01T11:53:00Z</time>
    </rtept>
    <rtept lat="41.16115000" lon="-122.287940">
      <ele>691.00000</ele>
      <time>2010-01-01T11:53:04Z</time>
    </rtept>
    <rtept lat="41.16110000" lon="-122.288020">
      <ele>692.00000</ele>
      <time>2010-01-01T11:53:07Z</time>
    </rtept>
    <rtept lat="41.16101000" lon="-122.288150">
      <ele>693.00000</ele>
      <time>2010-01-01T11:53:12Z</time>
    </rtept>
    <rtept lat="41.16095000" lon="-122.288250">
      <ele>693.00000</ele>
      <time>2010-01-01T11:53:16Z</time>
    </rtept>
    <rtept lat="41.16093000" lon="-122.288280">
      <ele>693.00000</ele>
      <time>2010-01-01T11:53:17Z</time>
    </rtept>
    <rtept lat="41.16082000" lon="-122.288390">
      <ele>694.00000</ele>
      <time>2010-01-01T11:53:23Z</time>
    </rtept>
    <rtept lat="41.16075000" lon="-122.288540">
      <ele>691.00000</ele>
      <time>2010-01-01T11:53:28Z</time>
    </rtept>
    <rtept lat="41.16069000" lon="-122.288620">
      <ele>690.00000</ele>
      <time>2010-01-01T11:53:31Z</time>
    </rtept>
    <rtept lat="41.16054000" lon="-122.288750">
      <ele>693.00000</ele>
      <time>2010-01-01T11:53:39Z</time>
    </rtept>
    <rtept lat="41.16051000" lon="-122.288790">
      <ele>693.00000</ele>
      <time>2010-01-01T11:53:40Z</time>
    </rtept>
    <rtept lat="41.16050000" lon="-122.288880">
      <ele>690.00000</ele>
      <time>2010-01-01T11:53:43Z</time>
    </rtept>
    <rtept lat="41.16054000" lon="-122.289100">
      <ele>686.00000</ele>
      <time>2010-01-01T11:53:50Z</time>
    </rtept>
    <rtept lat="41.16054000" lon="-122.289160">
      <ele>685.00000</ele>
      <time>2010-01-01T11:53:52Z</time>
    </rtept>
    <rtept lat="41.16047000" lon="-122.289290">
      <ele>684.00000</ele>
      <time>2010-01-01T11:53:56Z</time>
    </rtept>
    <rtept lat="41.16043000" lon="-122.289410">
      <ele>682.00000</ele>
      <time>2010-01-01T11:54:00Z</time>
    </rtept>
    <rtept lat="41.16039000" lon="-122.289510">
      <ele>681.00000</ele>
      <time>2010-01-01T11:54:04Z</time>
    </rtept>
    <rtept lat="41.16035000" lon="-122.289710">
      <ele>676.00000</ele>
      <time>2010-01-01T11:54:10Z</time>
    </rtept>
    <rtept lat="41.16027000" lon="-122.289850">
      <ele>674.00000</ele>
      <time>2010-01-01T11:54:15Z</time>
    </rtept>
    <rtept lat="41.16021000" lon="-122.289930">
      <ele>672.00000</ele>
      <time>2010-01-01T11:54:19Z</time>
    </rtept>
    <rtept lat="41.16012000" lon="-122.289930">
      <ele>673.00000</ele>
      <time>2010-01-01T11:54:22Z</time>
    </rtept>
    <rtept lat="41.15996000" lon="-122.289810">
      <ele>675.00000</ele>
      <time>2010-01-01T11:54:30Z</time>
    </rtept>
    <rtept lat="41.15991000" lon="-122.289790">
      <ele>675.00000</ele>
      <time>2010-01-01T11:54:32Z</time>
    </rtept>
    <rtept lat="41.15987000" lon="-122.289790">
      <ele>674.00000</ele>
      <time>2010-01-01T11:54:33Z</time>
    </rtept>
    <rtept lat="41.15982000" lon="-122.289780">
      <ele>673.00000</ele>
      <time>2010-01-01T11:54:35Z</time>
    </rtept>
    <rtept lat="41.15975000" lon="-122.289760">
      <ele>673.00000</ele>
      <time>2010-01-01T11:54:38Z</time>
    </rtept>
    <rtept lat="41.15965000" lon="-122.289660">
      <ele>672.00000</ele>
      <time>2010-01-01T11:54:43Z</time>
    </rtept>
    <rtept lat="41.15951000" lon="-122.289520">
      <ele>671.00000</ele>
      <time>2010-01-01T11:54:50Z</time>
    </rtept>
    <rtept lat="41.15946000" lon="-122.289540">
      <ele>669.00000</ele>
      <time>2010-01-01T11:54:52Z</time>
    </rtept>
    <rtept lat="41.15947000" lon="-122.289620">
      <ele>667.00000</ele>
      <time>2010-01-01T11:54:55Z</time>
    </rtept>
    <rtept lat="41.15957000" lon="-122.289780">
      <ele>666.00000</ele>
      <time>2010-01-01T11:55:01Z</time>
    </rtept>
    <rtept lat="41.15965000" lon="-122.289890">
      <ele>666.00000</ele>
      <time>2010-01-01T11:55:06Z</time>
    </rtept>
    <rtept lat="41.15979000" lon="-122.290070">
      <ele>665.00000</ele>
      <time>2010-01-01T11:55:14Z</time>
    </rtept>
    <rtept lat="41.15992000" lon="-122.290340">
      <ele>663.00000</ele>
      <time>2010-01-01T11:55:23Z</time>
    </rtept>
    <rtept lat="41.15999000" lon="-122.290510">
      <ele>662.00000</ele>
      <time>2010-01-01T11:55:29Z</time>
    </rtept>
    <rtept lat="41.16004000" lon="-122.290670">
      <ele>661.00000</ele>
      <time>2010-01-01T11:55:34Z</time>
    </rtept>
    <rtept lat="41.16006000" lon="-122.290900">
      <ele>659.00000</ele>
      <time>2010-01-01T11:55:41Z</time>
    </rtept>
    <rtept lat="41.16007000" lon="-122.291130">
      <ele>657.00000</ele>
      <time>2010-01-01T11:55:48Z</time>
    </rtept>
    <rtept lat="41.16005000" lon="-122.291420">
      <ele>656.00000</ele>
      <time>2010-01-01T11:55:57Z</time>
    </rtept>
    <rtept lat="41.16007000" lon="-122.291560">
      <ele>654.00000</ele>
      <time>2010-01-01T11:56:01Z</time>
    </rtept>
    <rtept lat="41.16015000" lon="-122.291770">
      <ele>653.00000</ele>
      <time>2010-01-01T11:56:08Z</time>
    </rtept>
    <rtept lat="41.16021000" lon="-122.291960">
      <ele>651.00000</ele>
      <time>2010-01-01T11:56:15Z</time>
    </rtept>
    <rtept lat="41.16026000" lon="-122.292140">
      <ele>650.00000</ele>
      <time>2010-01-01T11:56:20Z</time>
    </rtept>
    <rtept lat="41.16020000" lon="-122.292230">
      <ele>648.00000</ele>
      <time>2010-01-01T11:56:24Z</time>
    </rtept>
    <rtept lat="41.16018000" lon="-122.292270">
      <ele>647.00000</ele>
      <time>2010-01-01T11:56:25Z</time>
    </rtept>
    <rtept lat="41.16015000" lon="-122.292340">
      <ele>645.00000</ele>
      <time>2010-01-01T11:56:28Z</time>
    </rtept>
    <rtept lat="41.16013000" lon="-122.292420">
      <ele>644.00000</ele>
      <time>2010-01-01T11:56:30Z</time>
    </rtept>
    <rtept lat="41.16012000" lon="-122.292460">
      <ele>643.00000</ele>
      <time>2010-01-01T11:56:32Z</time>
    </rtept>
    <rtept lat="41.16013000" lon="-122.292570">
      <ele>642.00000</ele>
      <time>2010-01-01T11:56:35Z</time>
    </rtept>
    <rtept lat="41.16015000" lon="-122.292690">
      <ele>640.00000</ele>
      <time>2010-01-01T11:56:39Z</time>
    </rtept>
    <rtept lat="41.16016000" lon="-122.292730">
      <ele>640.00000</ele>
      <time>2010-01-01T11:56:40Z</time>
    </rtept>
    <rtept lat="41.16020000" lon="-122.292790">
      <ele>640.00000</ele>
      <time>2010-01-01T11:56:42Z</time>
    </rtept>
    <rtept lat="41.16023000" lon="-122.292830">
      <ele>640.00000</ele>
      <time>2010-01-01T11:56:44Z</time>
    </rtept>
    <rtept lat="41.16060000" lon="-122.293120">
      <ele>643.00000</ele>
      <time>2010-01-01T11:57:01Z</time>
    </rtept>
    <rtept lat="41.16066000" lon="-122.293520">
      <ele>639.00000</ele>
      <time>2010-01-01T11:57:14Z</time>
    </rtept>
    <rtept lat="41.16075000" lon="-122.294060">
      <ele>637.00000</ele>
      <time>2010-01-01T11:57:30Z</time>
    </rtept>
    <rtept lat="41.16080000" lon="-122.294390">
      <ele>641.00000</ele>
      <time>2010-01-01T11:57:40Z</time>
    </rtept>
    <rtept lat="41.16082000" lon="-122.294530">
      <ele>643.00000</ele>
      <time>2010-01-01T11:57:45Z</time>
    </rtept>
    <rtept lat="41.16083000" lon="-122.294740">
      <ele>647.00000</ele>
      <time>2010-01-01T11:57:51Z</time>
    </rtept>
    <rtept lat="41.16083000" lon="-122.294820">
      <ele>649.00000</ele>
      <time>2010-01-01T11:57:53Z</time>
    </rtept>
    <rtept lat="41.16083000" lon="-122.294860">
      <ele>650.00000</ele>
      <time>2010-01-01T11:57:55Z</time>
    </rtept>
    <rtept lat="41.16084000" lon="-122.294900">
      <ele>652.00000</ele>
      <time>2010-01-01T11:57:56Z</time>
    </rtept>
    <rtept lat="41.16085000" lon="-122.294960">
      <ele>653.00000</ele>
      <time>2010-01-01T11:57:58Z</time>
    </rtept>
    <rtept lat="41.16088000" lon="-122.295110">
      <ele>657.00000</ele>
      <time>2010-01-01T11:58:02Z</time>
    </rtept>
    <rtept lat="41.16147000" lon="-122.295330">
      <ele>657.00000</ele>
      <time>2010-01-01T11:58:27Z</time>
    </rtept>
    <rtept lat="41.16173000" lon="-122.295490">
      <ele>659.00000</ele>
      <time>2010-01-01T11:58:38Z</time>
    </rtept>
    <rtept lat="41.16233000" lon="-122.295860">
      <ele>659.00000</ele>
      <time>2010-01-01T11:59:05Z</time>
    </rtept>
    <rtept lat="41.16251000" lon="-122.296010">
      <ele>658.00000</ele>
      <time>2010-01-01T11:59:13Z</time>
    </rtept>
    <rtept lat="41.16258000" lon="-122.296170">
      <ele>658.00000</ele>
      <time>2010-01-01T11:59:19Z</time>
    </rtept>
    <rtept lat="41.16259000" lon="-122.296310">
      <ele>659.00000</ele>
      <time>2010-01-01T11:59:23Z</time>
    </rtept>
    <rtept lat="41.16267000" lon="-122.296560">
      <ele>658.00000</ele>
      <time>2010-01-01T11:59:31Z</time>
    </rtept>
    <rtept lat="41.16266000" lon="-122.296810">
      <ele>659.00000</ele>
      <time>2010-01-01T11:59:39Z</time>
    </rtept>
    <rtept lat="41.16261000" lon="-122.297000">
      <ele>660.00000</ele>
      <time>2010-01-01T11:59:45Z</time>
    </rtept>
    <rtept lat="41.16260000" lon="-122.297190">
      <ele>660.00000</ele>
      <time>2010-01-01T11:59:51Z</time>
    </rtept>
    <rtept lat="41.16256000" lon="-122.297450">
      <ele>660.00000</ele>
      <time>2010-01-01T11:59:59Z</time>
    </rtept>
    <rtept lat="41.16252000" lon="-122.297700">
      <ele>659.00000</ele>
      <time>2010-01-01T12:00:06Z</time>
    </rtept>
    <rtept lat="41.16250000" lon="-122.297840">
      <ele>659.00000</ele>
      <time>2010-01-01T12:00:11Z</time>
    </rtept>
    <rtept lat="41.16242000" lon="-122.298380">
      <ele>668.00000</ele>
      <time>2010-01-01T12:00:27Z</time>
    </rtept>
  </rte>
</gpx>

