<?xml version="1.0"?>
<gpx xmlns="http://www.topografix.com/GPX/1/1" xmlns:xsi="http://www.w3.org/2001/XMLSchema-instance" version="1.1" creator="AllTrails.com" xsi:schemaLocation="http://www.topografix.com/GPX/1/1 http://www.topografix.com/GPX/1/1/gpx.xsd">
  <metadata>
    <name><![CDATA[Pacific Crest Trail (PCT): Section O - Burney Falls to Castle Crags SP]]></name>
    <desc><![CDATA[]]></desc>
    <link href="http://www.alltrails.com">
      <text>AllTrails, LLC</text>
    </link>
    <bounds minlat="41.01072" minlon="-122.29838" maxlat="41.1796" maxlon="-121.65311"/>
  </metadata>
  <trk>
    <name><![CDATA[Pacific Crest Trail (PCT): Section O - Burney Falls to Castle Crags SP]]></name>
    <src>AllTrails</src>
    <trkseg>
      <trkpt lat="41.01072" lon="-121.65389">
        <ele>905.25</ele>
      </trkpt>
      <trkpt lat="41.01072" lon="-121.65389">
        <ele>905.25</ele>
      </trkpt>
      <trkpt lat="41.01072" lon="-121.65378">
        <ele>904.05</ele>
      </trkpt>
      <trkpt lat="41.01073" lon="-121.6535">
        <ele>900.92</ele>
      </trkpt>
      <trkpt lat="41.01075" lon="-121.65322">
        <ele>898.68</ele>
      </trkpt>
      <trkpt lat="41.01077" lon="-121.65311">
        <ele>897.27</ele>
      </trkpt>
      <trkpt lat="41.01116" lon="-121.65331">
        <ele>898.1</ele>
      </trkpt>
      <trkpt lat="41.01155" lon="-121.65347">
        <ele>899.48</ele>
      </trkpt>
      <trkpt lat="41.01169" lon="-121.65347">
        <ele>899.48</ele>
      </trkpt>
      <trkpt lat="41.0119" lon="-121.65332">
        <ele>897.86</ele>
      </trkpt>
      <trkpt lat="41.01204" lon="-121.65332">
        <ele>897.86</ele>
      </trkpt>
      <trkpt lat="41.01236" lon="-121.65348">
        <ele>898.58</ele>
      </trkpt>
      <trkpt lat="41.01264" lon="-121.65356">
        <ele>898.22</ele>
      </trkpt>
      <trkpt lat="41.01281" lon="-121.65367">
        <ele>897.87</ele>
      </trkpt>
      <trkpt lat="41.013" lon="-121.65366">
        <ele>896.81</ele>
      </trkpt>
      <trkpt lat="41.0132" lon="-121.65355">
        <ele>894.78</ele>
      </trkpt>
      <trkpt lat="41.01335" lon="-121.65354">
        <ele>893.86</ele>
      </trkpt>
      <trkpt lat="41.0134" lon="-121.65355">
        <ele>893.52</ele>
      </trkpt>
      <trkpt lat="41.0134" lon="-121.65355">
        <ele>893.52</ele>
      </trkpt>
      <trkpt lat="41.01352" lon="-121.65357">
        <ele>892.99</ele>
      </trkpt>
      <trkpt lat="41.01377" lon="-121.65377">
        <ele>893.2</ele>
      </trkpt>
      <trkpt lat="41.01388" lon="-121.6539">
        <ele>893.2</ele>
      </trkpt>
      <trkpt lat="41.01402" lon="-121.65392">
        <ele>892.72</ele>
      </trkpt>
      <trkpt lat="41.01416" lon="-121.65389">
        <ele>892.01</ele>
      </trkpt>
      <trkpt lat="41.01431" lon="-121.65396">
        <ele>891.87</ele>
      </trkpt>
      <trkpt lat="41.01442" lon="-121.65409">
        <ele>892.05</ele>
      </trkpt>
      <trkpt lat="41.01447" lon="-121.65429">
        <ele>892.82</ele>
      </trkpt>
      <trkpt lat="41.0145" lon="-121.65439">
        <ele>893.16</ele>
      </trkpt>
      <trkpt lat="41.01467" lon="-121.65444">
        <ele>892.54</ele>
      </trkpt>
      <trkpt lat="41.01488" lon="-121.6546">
        <ele>892.2</ele>
      </trkpt>
      <trkpt lat="41.0154" lon="-121.65474">
        <ele>884.42</ele>
      </trkpt>
      <trkpt lat="41.01553" lon="-121.65481">
        <ele>882.45</ele>
      </trkpt>
      <trkpt lat="41.01561" lon="-121.65493">
        <ele>883.17</ele>
      </trkpt>
      <trkpt lat="41.01564" lon="-121.65517">
        <ele>886.09</ele>
      </trkpt>
      <trkpt lat="41.01567" lon="-121.65531">
        <ele>888.14</ele>
      </trkpt>
      <trkpt lat="41.0158" lon="-121.65576">
        <ele>890.85</ele>
      </trkpt>
      <trkpt lat="41.01595" lon="-121.6561">
        <ele>890.71</ele>
      </trkpt>
      <trkpt lat="41.01607" lon="-121.6564">
        <ele>891.44</ele>
      </trkpt>
      <trkpt lat="41.01622" lon="-121.65665">
        <ele>890.62</ele>
      </trkpt>
      <trkpt lat="41.01624" lon="-121.65669">
        <ele>890.47</ele>
      </trkpt>
      <trkpt lat="41.01624" lon="-121.65669">
        <ele>890.47</ele>
      </trkpt>
      <trkpt lat="41.01634" lon="-121.65692">
        <ele>889.93</ele>
      </trkpt>
      <trkpt lat="41.01647" lon="-121.65725">
        <ele>889.55</ele>
      </trkpt>
      <trkpt lat="41.01667" lon="-121.65754">
        <ele>886.78</ele>
      </trkpt>
      <trkpt lat="41.01684" lon="-121.65773">
        <ele>884.8</ele>
      </trkpt>
      <trkpt lat="41.01741" lon="-121.65845">
        <ele>884.97</ele>
      </trkpt>
      <trkpt lat="41.0176" lon="-121.65865">
        <ele>884.39</ele>
      </trkpt>
      <trkpt lat="41.01781" lon="-121.65884">
        <ele>884.31</ele>
      </trkpt>
      <trkpt lat="41.01794" lon="-121.65908">
        <ele>885.02</ele>
      </trkpt>
      <trkpt lat="41.01807" lon="-121.65943">
        <ele>885.84</ele>
      </trkpt>
      <trkpt lat="41.01815" lon="-121.65985">
        <ele>886.37</ele>
      </trkpt>
      <trkpt lat="41.01817" lon="-121.66027">
        <ele>887.0</ele>
      </trkpt>
      <trkpt lat="41.01829" lon="-121.66048">
        <ele>887.0</ele>
      </trkpt>
      <trkpt lat="41.01829" lon="-121.66061">
        <ele>887.0</ele>
      </trkpt>
      <trkpt lat="41.0184" lon="-121.66075">
        <ele>887.0</ele>
      </trkpt>
      <trkpt lat="41.01847" lon="-121.66108">
        <ele>887.0</ele>
      </trkpt>
      <trkpt lat="41.01854" lon="-121.66121">
        <ele>887.0</ele>
      </trkpt>
      <trkpt lat="41.01872" lon="-121.66141">
        <ele>886.82</ele>
      </trkpt>
      <trkpt lat="41.0188" lon="-121.66152">
        <ele>886.0</ele>
      </trkpt>
      <trkpt lat="41.01891" lon="-121.66163">
        <ele>886.0</ele>
      </trkpt>
      <trkpt lat="41.01919" lon="-121.66175">
        <ele>885.0</ele>
      </trkpt>
      <trkpt lat="41.01934" lon="-121.662">
        <ele>884.13</ele>
      </trkpt>
      <trkpt lat="41.01938" lon="-121.66208">
        <ele>884.0</ele>
      </trkpt>
      <trkpt lat="41.01939" lon="-121.66222">
        <ele>884.0</ele>
      </trkpt>
      <trkpt lat="41.01937" lon="-121.66236">
        <ele>884.0</ele>
      </trkpt>
      <trkpt lat="41.01933" lon="-121.66265">
        <ele>884.0</ele>
      </trkpt>
      <trkpt lat="41.01926" lon="-121.66279">
        <ele>884.0</ele>
      </trkpt>
      <trkpt lat="41.01925" lon="-121.66282">
        <ele>884.0</ele>
      </trkpt>
      <trkpt lat="41.01925" lon="-121.66282">
        <ele>884.0</ele>
      </trkpt>
      <trkpt lat="41.01915" lon="-121.66307">
        <ele>884.15</ele>
      </trkpt>
      <trkpt lat="41.01912" lon="-121.66319">
        <ele>884.0</ele>
      </trkpt>
      <trkpt lat="41.01913" lon="-121.66334">
        <ele>883.96</ele>
      </trkpt>
      <trkpt lat="41.01907" lon="-121.66376">
        <ele>883.04</ele>
      </trkpt>
      <trkpt lat="41.01905" lon="-121.66409">
        <ele>882.26</ele>
      </trkpt>
      <trkpt lat="41.01902" lon="-121.66437">
        <ele>882.58</ele>
      </trkpt>
      <trkpt lat="41.01897" lon="-121.66455">
        <ele>883.12</ele>
      </trkpt>
      <trkpt lat="41.01894" lon="-121.66477">
        <ele>883.45</ele>
      </trkpt>
      <trkpt lat="41.01893" lon="-121.66487">
        <ele>882.96</ele>
      </trkpt>
      <trkpt lat="41.01888" lon="-121.66502">
        <ele>883.19</ele>
      </trkpt>
      <trkpt lat="41.01881" lon="-121.66517">
        <ele>883.99</ele>
      </trkpt>
      <trkpt lat="41.01882" lon="-121.66536">
        <ele>884.4</ele>
      </trkpt>
      <trkpt lat="41.01881" lon="-121.66563">
        <ele>884.85</ele>
      </trkpt>
      <trkpt lat="41.01885" lon="-121.66579">
        <ele>884.42</ele>
      </trkpt>
      <trkpt lat="41.01889" lon="-121.66594">
        <ele>883.99</ele>
      </trkpt>
      <trkpt lat="41.01895" lon="-121.66612">
        <ele>883.37</ele>
      </trkpt>
      <trkpt lat="41.01901" lon="-121.66649">
        <ele>883.69</ele>
      </trkpt>
      <trkpt lat="41.01906" lon="-121.66681">
        <ele>884.15</ele>
      </trkpt>
      <trkpt lat="41.01921" lon="-121.6674">
        <ele>881.06</ele>
      </trkpt>
      <trkpt lat="41.01921" lon="-121.6674">
        <ele>881.06</ele>
      </trkpt>
      <trkpt lat="41.01925" lon="-121.66754">
        <ele>880.24</ele>
      </trkpt>
      <trkpt lat="41.01931" lon="-121.66785">
        <ele>879.9</ele>
      </trkpt>
      <trkpt lat="41.01934" lon="-121.66813">
        <ele>879.38</ele>
      </trkpt>
      <trkpt lat="41.01933" lon="-121.66857">
        <ele>881.13</ele>
      </trkpt>
      <trkpt lat="41.01931" lon="-121.66886">
        <ele>882.36</ele>
      </trkpt>
      <trkpt lat="41.0193" lon="-121.66906">
        <ele>883.24</ele>
      </trkpt>
      <trkpt lat="41.01933" lon="-121.6692">
        <ele>881.94</ele>
      </trkpt>
      <trkpt lat="41.01939" lon="-121.6693">
        <ele>880.02</ele>
      </trkpt>
      <trkpt lat="41.01954" lon="-121.6695">
        <ele>874.48</ele>
      </trkpt>
      <trkpt lat="41.01967" lon="-121.66966">
        <ele>871.02</ele>
      </trkpt>
      <trkpt lat="41.01982" lon="-121.66989">
        <ele>867.64</ele>
      </trkpt>
      <trkpt lat="41.01996" lon="-121.67012">
        <ele>864.59</ele>
      </trkpt>
      <trkpt lat="41.02005" lon="-121.67031">
        <ele>861.65</ele>
      </trkpt>
      <trkpt lat="41.02009" lon="-121.6704">
        <ele>860.77</ele>
      </trkpt>
      <trkpt lat="41.0201" lon="-121.67044">
        <ele>861.12</ele>
      </trkpt>
      <trkpt lat="41.02008" lon="-121.67049">
        <ele>863.13</ele>
      </trkpt>
      <trkpt lat="41.02005" lon="-121.67057">
        <ele>866.08</ele>
      </trkpt>
      <trkpt lat="41.02003" lon="-121.67066">
        <ele>868.28</ele>
      </trkpt>
      <trkpt lat="41.02004" lon="-121.67076">
        <ele>869.91</ele>
      </trkpt>
      <trkpt lat="41.0201" lon="-121.67094">
        <ele>871.13</ele>
      </trkpt>
      <trkpt lat="41.02011" lon="-121.67107">
        <ele>873.55</ele>
      </trkpt>
      <trkpt lat="41.02024" lon="-121.67151">
        <ele>879.53</ele>
      </trkpt>
      <trkpt lat="41.02054" lon="-121.67196">
        <ele>876.84</ele>
      </trkpt>
      <trkpt lat="41.02086" lon="-121.67215">
        <ele>873.08</ele>
      </trkpt>
      <trkpt lat="41.02108" lon="-121.67225">
        <ele>870.57</ele>
      </trkpt>
      <trkpt lat="41.02127" lon="-121.67242">
        <ele>870.12</ele>
      </trkpt>
      <trkpt lat="41.02146" lon="-121.67255">
        <ele>866.55</ele>
      </trkpt>
      <trkpt lat="41.02152" lon="-121.67268">
        <ele>868.17</ele>
      </trkpt>
      <trkpt lat="41.02159" lon="-121.67291">
        <ele>871.34</ele>
      </trkpt>
      <trkpt lat="41.02169" lon="-121.67312">
        <ele>871.64</ele>
      </trkpt>
      <trkpt lat="41.02169" lon="-121.67312">
        <ele>871.64</ele>
      </trkpt>
      <trkpt lat="41.02175" lon="-121.67326">
        <ele>871.72</ele>
      </trkpt>
      <trkpt lat="41.02186" lon="-121.6736">
        <ele>871.74</ele>
      </trkpt>
      <trkpt lat="41.0219" lon="-121.67374">
        <ele>870.05</ele>
      </trkpt>
      <trkpt lat="41.02191" lon="-121.67389">
        <ele>867.08</ele>
      </trkpt>
      <trkpt lat="41.02188" lon="-121.67394">
        <ele>866.43</ele>
      </trkpt>
      <trkpt lat="41.02185" lon="-121.67393">
        <ele>867.69</ele>
      </trkpt>
      <trkpt lat="41.02172" lon="-121.67396">
        <ele>867.79</ele>
      </trkpt>
      <trkpt lat="41.02161" lon="-121.67394">
        <ele>868.18</ele>
      </trkpt>
      <trkpt lat="41.02145" lon="-121.67388">
        <ele>868.7</ele>
      </trkpt>
      <trkpt lat="41.02127" lon="-121.67383">
        <ele>867.43</ele>
      </trkpt>
      <trkpt lat="41.02117" lon="-121.67376">
        <ele>868.45</ele>
      </trkpt>
      <trkpt lat="41.02104" lon="-121.67375">
        <ele>866.85</ele>
      </trkpt>
      <trkpt lat="41.02086" lon="-121.67381">
        <ele>864.73</ele>
      </trkpt>
      <trkpt lat="41.02045" lon="-121.67405">
        <ele>860.6</ele>
      </trkpt>
      <trkpt lat="41.02044" lon="-121.6741">
        <ele>857.04</ele>
      </trkpt>
      <trkpt lat="41.02049" lon="-121.67413">
        <ele>854.66</ele>
      </trkpt>
      <trkpt lat="41.02056" lon="-121.67413">
        <ele>854.31</ele>
      </trkpt>
      <trkpt lat="41.02074" lon="-121.67403">
        <ele>855.88</ele>
      </trkpt>
      <trkpt lat="41.02094" lon="-121.67399">
        <ele>854.78</ele>
      </trkpt>
      <trkpt lat="41.02104" lon="-121.674">
        <ele>855.43</ele>
      </trkpt>
      <trkpt lat="41.02109" lon="-121.67406">
        <ele>853.38</ele>
      </trkpt>
      <trkpt lat="41.02124" lon="-121.67422">
        <ele>847.48</ele>
      </trkpt>
      <trkpt lat="41.0213" lon="-121.67426">
        <ele>847.05</ele>
      </trkpt>
      <trkpt lat="41.02149" lon="-121.6744">
        <ele>843.49</ele>
      </trkpt>
      <trkpt lat="41.02156" lon="-121.67444">
        <ele>842.09</ele>
      </trkpt>
      <trkpt lat="41.02159" lon="-121.67451">
        <ele>838.63</ele>
      </trkpt>
      <trkpt lat="41.02167" lon="-121.67459">
        <ele>835.75</ele>
      </trkpt>
      <trkpt lat="41.02173" lon="-121.67459">
        <ele>836.4</ele>
      </trkpt>
      <trkpt lat="41.02177" lon="-121.6746">
        <ele>836.36</ele>
      </trkpt>
      <trkpt lat="41.02175" lon="-121.67462">
        <ele>835.32</ele>
      </trkpt>
      <trkpt lat="41.02173" lon="-121.67466">
        <ele>833.6</ele>
      </trkpt>
      <trkpt lat="41.02166" lon="-121.67526">
        <ele>804.91</ele>
      </trkpt>
      <trkpt lat="41.02162" lon="-121.67541">
        <ele>807.5</ele>
      </trkpt>
      <trkpt lat="41.02155" lon="-121.67562">
        <ele>806.21</ele>
      </trkpt>
      <trkpt lat="41.02147" lon="-121.6758">
        <ele>816.33</ele>
      </trkpt>
      <trkpt lat="41.02129" lon="-121.67607">
        <ele>834.82</ele>
      </trkpt>
      <trkpt lat="41.02128" lon="-121.67612">
        <ele>837.66</ele>
      </trkpt>
      <trkpt lat="41.02128" lon="-121.67616">
        <ele>839.82</ele>
      </trkpt>
      <trkpt lat="41.02129" lon="-121.67621">
        <ele>842.34</ele>
      </trkpt>
      <trkpt lat="41.02132" lon="-121.67625">
        <ele>843.87</ele>
      </trkpt>
      <trkpt lat="41.0217" lon="-121.67677">
        <ele>850.4</ele>
      </trkpt>
      <trkpt lat="41.0217" lon="-121.67687">
        <ele>851.67</ele>
      </trkpt>
      <trkpt lat="41.02153" lon="-121.67668">
        <ele>852.24</ele>
      </trkpt>
      <trkpt lat="41.02152" lon="-121.67683">
        <ele>855.7</ele>
      </trkpt>
      <trkpt lat="41.02159" lon="-121.677">
        <ele>856.26</ele>
      </trkpt>
      <trkpt lat="41.02176" lon="-121.67717">
        <ele>853.42</ele>
      </trkpt>
      <trkpt lat="41.02193" lon="-121.67762">
        <ele>857.65</ele>
      </trkpt>
      <trkpt lat="41.02198" lon="-121.67772">
        <ele>860.36</ele>
      </trkpt>
      <trkpt lat="41.02202" lon="-121.67782">
        <ele>862.28</ele>
      </trkpt>
      <trkpt lat="41.02214" lon="-121.67795">
        <ele>862.88</ele>
      </trkpt>
      <trkpt lat="41.02226" lon="-121.67802">
        <ele>864.18</ele>
      </trkpt>
      <trkpt lat="41.02228" lon="-121.67828">
        <ele>869.47</ele>
      </trkpt>
      <trkpt lat="41.02227" lon="-121.67855">
        <ele>874.68</ele>
      </trkpt>
      <trkpt lat="41.02226" lon="-121.67882">
        <ele>875.26</ele>
      </trkpt>
      <trkpt lat="41.02227" lon="-121.6789">
        <ele>876.18</ele>
      </trkpt>
      <trkpt lat="41.02227" lon="-121.6789">
        <ele>876.18</ele>
      </trkpt>
      <trkpt lat="41.02229" lon="-121.67907">
        <ele>879.18</ele>
      </trkpt>
      <trkpt lat="41.02236" lon="-121.67929">
        <ele>881.31</ele>
      </trkpt>
      <trkpt lat="41.02238" lon="-121.67965">
        <ele>889.15</ele>
      </trkpt>
      <trkpt lat="41.02241" lon="-121.68005">
        <ele>890.03</ele>
      </trkpt>
      <trkpt lat="41.02239" lon="-121.6802">
        <ele>890.0</ele>
      </trkpt>
      <trkpt lat="41.02244" lon="-121.68054">
        <ele>891.35</ele>
      </trkpt>
      <trkpt lat="41.02239" lon="-121.68125">
        <ele>895.41</ele>
      </trkpt>
      <trkpt lat="41.02234" lon="-121.68164">
        <ele>897.19</ele>
      </trkpt>
      <trkpt lat="41.02233" lon="-121.68193">
        <ele>898.0</ele>
      </trkpt>
      <trkpt lat="41.0223" lon="-121.68215">
        <ele>898.0</ele>
      </trkpt>
      <trkpt lat="41.02222" lon="-121.68233">
        <ele>898.0</ele>
      </trkpt>
      <trkpt lat="41.02198" lon="-121.68262">
        <ele>898.0</ele>
      </trkpt>
      <trkpt lat="41.0217" lon="-121.68289">
        <ele>898.0</ele>
      </trkpt>
      <trkpt lat="41.02163" lon="-121.68312">
        <ele>898.0</ele>
      </trkpt>
      <trkpt lat="41.02158" lon="-121.68348">
        <ele>898.0</ele>
      </trkpt>
      <trkpt lat="41.02144" lon="-121.68365">
        <ele>897.0</ele>
      </trkpt>
      <trkpt lat="41.02133" lon="-121.68367">
        <ele>897.0</ele>
      </trkpt>
      <trkpt lat="41.02123" lon="-121.68381">
        <ele>897.0</ele>
      </trkpt>
      <trkpt lat="41.02119" lon="-121.68385">
        <ele>897.0</ele>
      </trkpt>
      <trkpt lat="41.02119" lon="-121.68385">
        <ele>897.0</ele>
      </trkpt>
      <trkpt lat="41.02109" lon="-121.68394">
        <ele>897.0</ele>
      </trkpt>
      <trkpt lat="41.0208" lon="-121.68412">
        <ele>898.0</ele>
      </trkpt>
      <trkpt lat="41.02066" lon="-121.68412">
        <ele>898.0</ele>
      </trkpt>
      <trkpt lat="41.02057" lon="-121.6841">
        <ele>898.0</ele>
      </trkpt>
      <trkpt lat="41.02044" lon="-121.68399">
        <ele>898.0</ele>
      </trkpt>
      <trkpt lat="41.02028" lon="-121.68379">
        <ele>898.98</ele>
      </trkpt>
      <trkpt lat="41.02014" lon="-121.6838">
        <ele>899.49</ele>
      </trkpt>
      <trkpt lat="41.02" lon="-121.68392">
        <ele>900.66</ele>
      </trkpt>
      <trkpt lat="41.01987" lon="-121.68393">
        <ele>901.96</ele>
      </trkpt>
      <trkpt lat="41.01976" lon="-121.68393">
        <ele>903.15</ele>
      </trkpt>
      <trkpt lat="41.01948" lon="-121.68402">
        <ele>908.82</ele>
      </trkpt>
      <trkpt lat="41.01926" lon="-121.68424">
        <ele>912.4</ele>
      </trkpt>
      <trkpt lat="41.01901" lon="-121.68452">
        <ele>916.26</ele>
      </trkpt>
      <trkpt lat="41.01876" lon="-121.68461">
        <ele>921.6</ele>
      </trkpt>
      <trkpt lat="41.01848" lon="-121.6848">
        <ele>924.25</ele>
      </trkpt>
      <trkpt lat="41.01817" lon="-121.68484">
        <ele>928.22</ele>
      </trkpt>
      <trkpt lat="41.0178" lon="-121.68486">
        <ele>930.02</ele>
      </trkpt>
      <trkpt lat="41.01747" lon="-121.68481">
        <ele>932.1</ele>
      </trkpt>
      <trkpt lat="41.01704" lon="-121.68456">
        <ele>937.29</ele>
      </trkpt>
      <trkpt lat="41.01684" lon="-121.68437">
        <ele>941.28</ele>
      </trkpt>
      <trkpt lat="41.01671" lon="-121.68427">
        <ele>943.12</ele>
      </trkpt>
      <trkpt lat="41.01671" lon="-121.68427">
        <ele>943.12</ele>
      </trkpt>
      <trkpt lat="41.01665" lon="-121.68422">
        <ele>944.27</ele>
      </trkpt>
      <trkpt lat="41.01629" lon="-121.68379">
        <ele>954.34</ele>
      </trkpt>
      <trkpt lat="41.01622" lon="-121.68372">
        <ele>957.44</ele>
      </trkpt>
      <trkpt lat="41.01609" lon="-121.68366">
        <ele>961.93</ele>
      </trkpt>
      <trkpt lat="41.01596" lon="-121.68359">
        <ele>965.26</ele>
      </trkpt>
      <trkpt lat="41.01583" lon="-121.68359">
        <ele>968.07</ele>
      </trkpt>
      <trkpt lat="41.01576" lon="-121.68368">
        <ele>969.58</ele>
      </trkpt>
      <trkpt lat="41.01567" lon="-121.68395">
        <ele>971.53</ele>
      </trkpt>
      <trkpt lat="41.01551" lon="-121.68548">
        <ele>974.57</ele>
      </trkpt>
      <trkpt lat="41.01547" lon="-121.68576">
        <ele>976.79</ele>
      </trkpt>
      <trkpt lat="41.01543" lon="-121.68607">
        <ele>978.55</ele>
      </trkpt>
      <trkpt lat="41.01538" lon="-121.68621">
        <ele>979.9</ele>
      </trkpt>
      <trkpt lat="41.01529" lon="-121.6864">
        <ele>981.0</ele>
      </trkpt>
      <trkpt lat="41.01522" lon="-121.6865">
        <ele>981.0</ele>
      </trkpt>
      <trkpt lat="41.01513" lon="-121.68655">
        <ele>981.0</ele>
      </trkpt>
      <trkpt lat="41.015" lon="-121.68662">
        <ele>981.0</ele>
      </trkpt>
      <trkpt lat="41.01491" lon="-121.68664">
        <ele>981.0</ele>
      </trkpt>
      <trkpt lat="41.01485" lon="-121.68673">
        <ele>980.8</ele>
      </trkpt>
      <trkpt lat="41.01481" lon="-121.68694">
        <ele>980.9</ele>
      </trkpt>
      <trkpt lat="41.01475" lon="-121.68716">
        <ele>978.6</ele>
      </trkpt>
      <trkpt lat="41.01467" lon="-121.68735">
        <ele>977.04</ele>
      </trkpt>
      <trkpt lat="41.01462" lon="-121.68751">
        <ele>975.78</ele>
      </trkpt>
      <trkpt lat="41.0146" lon="-121.68768">
        <ele>976.02</ele>
      </trkpt>
      <trkpt lat="41.01457" lon="-121.6878">
        <ele>976.46</ele>
      </trkpt>
      <trkpt lat="41.01448" lon="-121.68792">
        <ele>976.84</ele>
      </trkpt>
      <trkpt lat="41.01438" lon="-121.68799">
        <ele>975.41</ele>
      </trkpt>
      <trkpt lat="41.01425" lon="-121.68802">
        <ele>971.93</ele>
      </trkpt>
      <trkpt lat="41.01417" lon="-121.68807">
        <ele>970.42</ele>
      </trkpt>
      <trkpt lat="41.01411" lon="-121.68816">
        <ele>970.34</ele>
      </trkpt>
      <trkpt lat="41.0141" lon="-121.68823">
        <ele>970.97</ele>
      </trkpt>
      <trkpt lat="41.01413" lon="-121.68843">
        <ele>973.99</ele>
      </trkpt>
      <trkpt lat="41.01411" lon="-121.68854">
        <ele>972.69</ele>
      </trkpt>
      <trkpt lat="41.01411" lon="-121.68863">
        <ele>973.08</ele>
      </trkpt>
      <trkpt lat="41.01412" lon="-121.68872">
        <ele>972.82</ele>
      </trkpt>
      <trkpt lat="41.01409" lon="-121.68883">
        <ele>971.34</ele>
      </trkpt>
      <trkpt lat="41.01407" lon="-121.68893">
        <ele>970.96</ele>
      </trkpt>
      <trkpt lat="41.01404" lon="-121.689">
        <ele>970.63</ele>
      </trkpt>
      <trkpt lat="41.01396" lon="-121.68904">
        <ele>969.77</ele>
      </trkpt>
      <trkpt lat="41.01386" lon="-121.6892">
        <ele>969.69</ele>
      </trkpt>
      <trkpt lat="41.0138" lon="-121.68929">
        <ele>969.04</ele>
      </trkpt>
      <trkpt lat="41.01371" lon="-121.68931">
        <ele>968.07</ele>
      </trkpt>
      <trkpt lat="41.01366" lon="-121.68941">
        <ele>967.06</ele>
      </trkpt>
      <trkpt lat="41.01363" lon="-121.68948">
        <ele>966.49</ele>
      </trkpt>
      <trkpt lat="41.01357" lon="-121.68955">
        <ele>965.33</ele>
      </trkpt>
      <trkpt lat="41.01348" lon="-121.68959">
        <ele>963.15</ele>
      </trkpt>
      <trkpt lat="41.01341" lon="-121.6897">
        <ele>962.83</ele>
      </trkpt>
      <trkpt lat="41.01308" lon="-121.69049">
        <ele>963.32</ele>
      </trkpt>
      <trkpt lat="41.01302" lon="-121.6906">
        <ele>960.56</ele>
      </trkpt>
      <trkpt lat="41.013" lon="-121.69069">
        <ele>959.73</ele>
      </trkpt>
      <trkpt lat="41.013" lon="-121.69076">
        <ele>959.4</ele>
      </trkpt>
      <trkpt lat="41.01309" lon="-121.69109">
        <ele>962.72</ele>
      </trkpt>
      <trkpt lat="41.01323" lon="-121.69144">
        <ele>963.43</ele>
      </trkpt>
      <trkpt lat="41.01329" lon="-121.69174">
        <ele>960.91</ele>
      </trkpt>
      <trkpt lat="41.01335" lon="-121.69216">
        <ele>959.27</ele>
      </trkpt>
      <trkpt lat="41.0134" lon="-121.69255">
        <ele>959.88</ele>
      </trkpt>
      <trkpt lat="41.01343" lon="-121.69285">
        <ele>960.14</ele>
      </trkpt>
      <trkpt lat="41.01344" lon="-121.69309">
        <ele>960.08</ele>
      </trkpt>
      <trkpt lat="41.0134" lon="-121.6933">
        <ele>958.16</ele>
      </trkpt>
      <trkpt lat="41.01339" lon="-121.69347">
        <ele>957.84</ele>
      </trkpt>
      <trkpt lat="41.01341" lon="-121.69373">
        <ele>957.66</ele>
      </trkpt>
      <trkpt lat="41.01343" lon="-121.69398">
        <ele>958.04</ele>
      </trkpt>
      <trkpt lat="41.01345" lon="-121.6943">
        <ele>956.67</ele>
      </trkpt>
      <trkpt lat="41.01346" lon="-121.6944">
        <ele>956.18</ele>
      </trkpt>
      <trkpt lat="41.0134" lon="-121.69461">
        <ele>955.21</ele>
      </trkpt>
      <trkpt lat="41.01339" lon="-121.69474">
        <ele>955.0</ele>
      </trkpt>
      <trkpt lat="41.01334" lon="-121.69486">
        <ele>954.96</ele>
      </trkpt>
      <trkpt lat="41.01325" lon="-121.69493">
        <ele>954.98</ele>
      </trkpt>
      <trkpt lat="41.01314" lon="-121.69496">
        <ele>955.0</ele>
      </trkpt>
      <trkpt lat="41.01309" lon="-121.69508">
        <ele>955.0</ele>
      </trkpt>
      <trkpt lat="41.01309" lon="-121.69523">
        <ele>955.0</ele>
      </trkpt>
      <trkpt lat="41.01306" lon="-121.69532">
        <ele>954.98</ele>
      </trkpt>
      <trkpt lat="41.01292" lon="-121.69541">
        <ele>954.73</ele>
      </trkpt>
      <trkpt lat="41.01277" lon="-121.69561">
        <ele>954.92</ele>
      </trkpt>
      <trkpt lat="41.0127" lon="-121.69568">
        <ele>954.45</ele>
      </trkpt>
      <trkpt lat="41.01265" lon="-121.69582">
        <ele>954.95</ele>
      </trkpt>
      <trkpt lat="41.01266" lon="-121.69603">
        <ele>956.09</ele>
      </trkpt>
      <trkpt lat="41.01271" lon="-121.69624">
        <ele>957.39</ele>
      </trkpt>
      <trkpt lat="41.0127" lon="-121.69641">
        <ele>958.23</ele>
      </trkpt>
      <trkpt lat="41.01261" lon="-121.69659">
        <ele>960.17</ele>
      </trkpt>
      <trkpt lat="41.01256" lon="-121.69674">
        <ele>961.51</ele>
      </trkpt>
      <trkpt lat="41.01251" lon="-121.69697">
        <ele>963.28</ele>
      </trkpt>
      <trkpt lat="41.01248" lon="-121.69712">
        <ele>964.0</ele>
      </trkpt>
      <trkpt lat="41.01248" lon="-121.69736">
        <ele>965.89</ele>
      </trkpt>
      <trkpt lat="41.01243" lon="-121.69763">
        <ele>966.4</ele>
      </trkpt>
      <trkpt lat="41.01237" lon="-121.69779">
        <ele>967.0</ele>
      </trkpt>
      <trkpt lat="41.01235" lon="-121.69794">
        <ele>967.0</ele>
      </trkpt>
      <trkpt lat="41.0123" lon="-121.69809">
        <ele>967.0</ele>
      </trkpt>
      <trkpt lat="41.01228" lon="-121.6982">
        <ele>967.0</ele>
      </trkpt>
      <trkpt lat="41.01232" lon="-121.69837">
        <ele>968.0</ele>
      </trkpt>
      <trkpt lat="41.01233" lon="-121.6985">
        <ele>968.0</ele>
      </trkpt>
      <trkpt lat="41.01232" lon="-121.69861">
        <ele>968.0</ele>
      </trkpt>
      <trkpt lat="41.01226" lon="-121.69869">
        <ele>968.0</ele>
      </trkpt>
      <trkpt lat="41.0122" lon="-121.6988">
        <ele>967.73</ele>
      </trkpt>
      <trkpt lat="41.0122" lon="-121.6989">
        <ele>967.0</ele>
      </trkpt>
      <trkpt lat="41.01223" lon="-121.69904">
        <ele>967.0</ele>
      </trkpt>
      <trkpt lat="41.01225" lon="-121.69922">
        <ele>967.0</ele>
      </trkpt>
      <trkpt lat="41.01234" lon="-121.69936">
        <ele>965.94</ele>
      </trkpt>
      <trkpt lat="41.01258" lon="-121.69951">
        <ele>965.9</ele>
      </trkpt>
      <trkpt lat="41.01274" lon="-121.69954">
        <ele>966.36</ele>
      </trkpt>
      <trkpt lat="41.01283" lon="-121.69951">
        <ele>965.2</ele>
      </trkpt>
      <trkpt lat="41.01314" lon="-121.69925">
        <ele>964.27</ele>
      </trkpt>
      <trkpt lat="41.01328" lon="-121.69914">
        <ele>962.74</ele>
      </trkpt>
      <trkpt lat="41.01349" lon="-121.69883">
        <ele>961.2</ele>
      </trkpt>
      <trkpt lat="41.01357" lon="-121.69878">
        <ele>960.44</ele>
      </trkpt>
      <trkpt lat="41.01365" lon="-121.69881">
        <ele>959.58</ele>
      </trkpt>
      <trkpt lat="41.0139" lon="-121.69892">
        <ele>956.88</ele>
      </trkpt>
      <trkpt lat="41.01399" lon="-121.69903">
        <ele>955.91</ele>
      </trkpt>
      <trkpt lat="41.01408" lon="-121.69922">
        <ele>954.96</ele>
      </trkpt>
      <trkpt lat="41.01409" lon="-121.69924">
        <ele>954.86</ele>
      </trkpt>
      <trkpt lat="41.01409" lon="-121.69924">
        <ele>954.86</ele>
      </trkpt>
      <trkpt lat="41.01411" lon="-121.69937">
        <ele>954.61</ele>
      </trkpt>
      <trkpt lat="41.01417" lon="-121.6995">
        <ele>953.96</ele>
      </trkpt>
      <trkpt lat="41.01421" lon="-121.69959">
        <ele>953.23</ele>
      </trkpt>
      <trkpt lat="41.01424" lon="-121.69966">
        <ele>952.74</ele>
      </trkpt>
      <trkpt lat="41.01431" lon="-121.69968">
        <ele>951.91</ele>
      </trkpt>
      <trkpt lat="41.01439" lon="-121.69965">
        <ele>951.05</ele>
      </trkpt>
      <trkpt lat="41.01445" lon="-121.69958">
        <ele>950.48</ele>
      </trkpt>
      <trkpt lat="41.01454" lon="-121.69943">
        <ele>949.97</ele>
      </trkpt>
      <trkpt lat="41.01458" lon="-121.6994">
        <ele>949.54</ele>
      </trkpt>
      <trkpt lat="41.01467" lon="-121.69937">
        <ele>948.56</ele>
      </trkpt>
      <trkpt lat="41.01477" lon="-121.69925">
        <ele>947.48</ele>
      </trkpt>
      <trkpt lat="41.01482" lon="-121.69921">
        <ele>946.94</ele>
      </trkpt>
      <trkpt lat="41.01491" lon="-121.69921">
        <ele>945.97</ele>
      </trkpt>
      <trkpt lat="41.01496" lon="-121.69924">
        <ele>945.43</ele>
      </trkpt>
      <trkpt lat="41.01502" lon="-121.69932">
        <ele>944.78</ele>
      </trkpt>
      <trkpt lat="41.01506" lon="-121.69949">
        <ele>943.68</ele>
      </trkpt>
      <trkpt lat="41.01517" lon="-121.6998">
        <ele>941.3</ele>
      </trkpt>
      <trkpt lat="41.01519" lon="-121.70002">
        <ele>940.73</ele>
      </trkpt>
      <trkpt lat="41.01514" lon="-121.70008">
        <ele>940.56</ele>
      </trkpt>
      <trkpt lat="41.01514" lon="-121.70019">
        <ele>940.44</ele>
      </trkpt>
      <trkpt lat="41.01519" lon="-121.70051">
        <ele>937.49</ele>
      </trkpt>
      <trkpt lat="41.01523" lon="-121.70064">
        <ele>936.09</ele>
      </trkpt>
      <trkpt lat="41.01523" lon="-121.70073">
        <ele>934.23</ele>
      </trkpt>
      <trkpt lat="41.01522" lon="-121.70086">
        <ele>931.91</ele>
      </trkpt>
      <trkpt lat="41.01523" lon="-121.701">
        <ele>929.37</ele>
      </trkpt>
      <trkpt lat="41.01527" lon="-121.70119">
        <ele>927.91</ele>
      </trkpt>
      <trkpt lat="41.01533" lon="-121.7013">
        <ele>927.05</ele>
      </trkpt>
      <trkpt lat="41.01545" lon="-121.70141">
        <ele>927.26</ele>
      </trkpt>
      <trkpt lat="41.01554" lon="-121.70147">
        <ele>927.81</ele>
      </trkpt>
      <trkpt lat="41.01561" lon="-121.70156">
        <ele>926.89</ele>
      </trkpt>
      <trkpt lat="41.01565" lon="-121.70166">
        <ele>926.13</ele>
      </trkpt>
      <trkpt lat="41.01567" lon="-121.70179">
        <ele>925.38</ele>
      </trkpt>
      <trkpt lat="41.01572" lon="-121.70191">
        <ele>925.07</ele>
      </trkpt>
      <trkpt lat="41.01578" lon="-121.70201">
        <ele>925.99</ele>
      </trkpt>
      <trkpt lat="41.01579" lon="-121.70211">
        <ele>924.55</ele>
      </trkpt>
      <trkpt lat="41.01584" lon="-121.70221">
        <ele>924.48</ele>
      </trkpt>
      <trkpt lat="41.01596" lon="-121.70228">
        <ele>926.09</ele>
      </trkpt>
      <trkpt lat="41.01601" lon="-121.70237">
        <ele>924.94</ele>
      </trkpt>
      <trkpt lat="41.01604" lon="-121.70255">
        <ele>921.97</ele>
      </trkpt>
      <trkpt lat="41.01609" lon="-121.70272">
        <ele>921.42</ele>
      </trkpt>
      <trkpt lat="41.01614" lon="-121.70292">
        <ele>920.23</ele>
      </trkpt>
      <trkpt lat="41.01618" lon="-121.70311">
        <ele>918.9</ele>
      </trkpt>
      <trkpt lat="41.01619" lon="-121.70324">
        <ele>918.7</ele>
      </trkpt>
      <trkpt lat="41.01608" lon="-121.70362">
        <ele>917.66</ele>
      </trkpt>
      <trkpt lat="41.01608" lon="-121.70376">
        <ele>917.87</ele>
      </trkpt>
      <trkpt lat="41.01605" lon="-121.70387">
        <ele>917.73</ele>
      </trkpt>
      <trkpt lat="41.01597" lon="-121.704">
        <ele>917.0</ele>
      </trkpt>
      <trkpt lat="41.01597" lon="-121.70407">
        <ele>917.0</ele>
      </trkpt>
      <trkpt lat="41.01598" lon="-121.70414">
        <ele>917.0</ele>
      </trkpt>
      <trkpt lat="41.01603" lon="-121.70413">
        <ele>916.93</ele>
      </trkpt>
      <trkpt lat="41.01609" lon="-121.70408">
        <ele>916.95</ele>
      </trkpt>
      <trkpt lat="41.01615" lon="-121.70399">
        <ele>916.58</ele>
      </trkpt>
      <trkpt lat="41.01621" lon="-121.70392">
        <ele>916.6</ele>
      </trkpt>
      <trkpt lat="41.01627" lon="-121.70387">
        <ele>916.49</ele>
      </trkpt>
      <trkpt lat="41.01632" lon="-121.70387">
        <ele>915.95</ele>
      </trkpt>
      <trkpt lat="41.01635" lon="-121.7039">
        <ele>915.3</ele>
      </trkpt>
      <trkpt lat="41.01636" lon="-121.70401">
        <ele>914.0</ele>
      </trkpt>
      <trkpt lat="41.01641" lon="-121.70415">
        <ele>912.18</ele>
      </trkpt>
      <trkpt lat="41.01647" lon="-121.70427">
        <ele>908.65</ele>
      </trkpt>
      <trkpt lat="41.01662" lon="-121.70448">
        <ele>904.34</ele>
      </trkpt>
      <trkpt lat="41.01678" lon="-121.7046">
        <ele>900.74</ele>
      </trkpt>
      <trkpt lat="41.0169" lon="-121.70468">
        <ele>897.63</ele>
      </trkpt>
      <trkpt lat="41.01704" lon="-121.70472">
        <ele>895.04</ele>
      </trkpt>
      <trkpt lat="41.01716" lon="-121.70465">
        <ele>894.9</ele>
      </trkpt>
      <trkpt lat="41.01736" lon="-121.70448">
        <ele>894.38</ele>
      </trkpt>
      <trkpt lat="41.01754" lon="-121.70429">
        <ele>892.56</ele>
      </trkpt>
      <trkpt lat="41.01758" lon="-121.70413">
        <ele>895.73</ele>
      </trkpt>
      <trkpt lat="41.01761" lon="-121.70404">
        <ele>897.73</ele>
      </trkpt>
      <trkpt lat="41.01764" lon="-121.704">
        <ele>898.38</ele>
      </trkpt>
      <trkpt lat="41.01768" lon="-121.70401">
        <ele>897.19</ele>
      </trkpt>
      <trkpt lat="41.01774" lon="-121.70416">
        <ele>893.36</ele>
      </trkpt>
      <trkpt lat="41.01779" lon="-121.70423">
        <ele>892.76</ele>
      </trkpt>
      <trkpt lat="41.01789" lon="-121.70428">
        <ele>893.41</ele>
      </trkpt>
      <trkpt lat="41.01796" lon="-121.70432">
        <ele>895.25</ele>
      </trkpt>
      <trkpt lat="41.01797" lon="-121.70439">
        <ele>895.3</ele>
      </trkpt>
      <trkpt lat="41.01796" lon="-121.70447">
        <ele>895.16</ele>
      </trkpt>
      <trkpt lat="41.01791" lon="-121.70455">
        <ele>894.56</ele>
      </trkpt>
      <trkpt lat="41.01783" lon="-121.70456">
        <ele>892.52</ele>
      </trkpt>
      <trkpt lat="41.01775" lon="-121.70459">
        <ele>890.97</ele>
      </trkpt>
      <trkpt lat="41.01765" lon="-121.70468">
        <ele>889.96</ele>
      </trkpt>
      <trkpt lat="41.01762" lon="-121.70475">
        <ele>889.98</ele>
      </trkpt>
      <trkpt lat="41.01756" lon="-121.70486">
        <ele>890.14</ele>
      </trkpt>
      <trkpt lat="41.0175" lon="-121.70498">
        <ele>890.0</ele>
      </trkpt>
      <trkpt lat="41.01747" lon="-121.70511">
        <ele>889.8</ele>
      </trkpt>
      <trkpt lat="41.01747" lon="-121.70537">
        <ele>890.35</ele>
      </trkpt>
      <trkpt lat="41.01744" lon="-121.70569">
        <ele>888.06</ele>
      </trkpt>
      <trkpt lat="41.01744" lon="-121.70611">
        <ele>882.37</ele>
      </trkpt>
      <trkpt lat="41.01748" lon="-121.70631">
        <ele>879.82</ele>
      </trkpt>
      <trkpt lat="41.01753" lon="-121.70638">
        <ele>879.13</ele>
      </trkpt>
      <trkpt lat="41.01759" lon="-121.70639">
        <ele>879.0</ele>
      </trkpt>
      <trkpt lat="41.01765" lon="-121.70638">
        <ele>879.81</ele>
      </trkpt>
      <trkpt lat="41.01771" lon="-121.70636">
        <ele>880.89</ele>
      </trkpt>
      <trkpt lat="41.01776" lon="-121.70636">
        <ele>881.43</ele>
      </trkpt>
      <trkpt lat="41.01778" lon="-121.70642">
        <ele>880.71</ele>
      </trkpt>
      <trkpt lat="41.01778" lon="-121.70646">
        <ele>880.28</ele>
      </trkpt>
      <trkpt lat="41.01775" lon="-121.70654">
        <ele>879.7</ele>
      </trkpt>
      <trkpt lat="41.01768" lon="-121.70669">
        <ele>879.24</ele>
      </trkpt>
      <trkpt lat="41.01762" lon="-121.7068">
        <ele>879.61</ele>
      </trkpt>
      <trkpt lat="41.01758" lon="-121.70684">
        <ele>879.75</ele>
      </trkpt>
      <trkpt lat="41.01752" lon="-121.70688">
        <ele>879.22</ele>
      </trkpt>
      <trkpt lat="41.0175" lon="-121.70691">
        <ele>879.0</ele>
      </trkpt>
      <trkpt lat="41.0175" lon="-121.70697">
        <ele>878.72</ele>
      </trkpt>
      <trkpt lat="41.01755" lon="-121.70704">
        <ele>878.46</ele>
      </trkpt>
      <trkpt lat="41.01768" lon="-121.7071">
        <ele>877.64</ele>
      </trkpt>
      <trkpt lat="41.01819" lon="-121.70699">
        <ele>880.96</ele>
      </trkpt>
      <trkpt lat="41.01835" lon="-121.70701">
        <ele>883.65</ele>
      </trkpt>
      <trkpt lat="41.01849" lon="-121.70705">
        <ele>886.84</ele>
      </trkpt>
      <trkpt lat="41.01854" lon="-121.70708">
        <ele>887.54</ele>
      </trkpt>
      <trkpt lat="41.01866" lon="-121.70722">
        <ele>887.56</ele>
      </trkpt>
      <trkpt lat="41.01885" lon="-121.70738">
        <ele>887.0</ele>
      </trkpt>
      <trkpt lat="41.01901" lon="-121.70747">
        <ele>887.63</ele>
      </trkpt>
      <trkpt lat="41.01911" lon="-121.70749">
        <ele>888.84</ele>
      </trkpt>
      <trkpt lat="41.01917" lon="-121.70752">
        <ele>890.25</ele>
      </trkpt>
      <trkpt lat="41.01919" lon="-121.70761">
        <ele>891.25</ele>
      </trkpt>
      <trkpt lat="41.01919" lon="-121.7077">
        <ele>890.93</ele>
      </trkpt>
      <trkpt lat="41.01925" lon="-121.70779">
        <ele>889.49</ele>
      </trkpt>
      <trkpt lat="41.01934" lon="-121.70784">
        <ele>888.27</ele>
      </trkpt>
      <trkpt lat="41.01951" lon="-121.70783">
        <ele>889.14</ele>
      </trkpt>
      <trkpt lat="41.01968" lon="-121.70782">
        <ele>890.88</ele>
      </trkpt>
      <trkpt lat="41.01981" lon="-121.70785">
        <ele>891.18</ele>
      </trkpt>
      <trkpt lat="41.01991" lon="-121.70791">
        <ele>891.18</ele>
      </trkpt>
      <trkpt lat="41.02" lon="-121.70793">
        <ele>892.36</ele>
      </trkpt>
      <trkpt lat="41.0201" lon="-121.70806">
        <ele>891.06</ele>
      </trkpt>
      <trkpt lat="41.02036" lon="-121.70832">
        <ele>888.46</ele>
      </trkpt>
      <trkpt lat="41.0204" lon="-121.70836">
        <ele>886.56</ele>
      </trkpt>
      <trkpt lat="41.02046" lon="-121.70833">
        <ele>888.14</ele>
      </trkpt>
      <trkpt lat="41.02053" lon="-121.70828">
        <ele>890.72</ele>
      </trkpt>
      <trkpt lat="41.02065" lon="-121.70823">
        <ele>892.56</ele>
      </trkpt>
      <trkpt lat="41.02092" lon="-121.70822">
        <ele>893.06</ele>
      </trkpt>
      <trkpt lat="41.02117" lon="-121.70822">
        <ele>897.94</ele>
      </trkpt>
      <trkpt lat="41.02132" lon="-121.70825">
        <ele>900.54</ele>
      </trkpt>
      <trkpt lat="41.02151" lon="-121.7083">
        <ele>904.45</ele>
      </trkpt>
      <trkpt lat="41.02164" lon="-121.70836">
        <ele>905.56</ele>
      </trkpt>
      <trkpt lat="41.02178" lon="-121.70843">
        <ele>905.32</ele>
      </trkpt>
      <trkpt lat="41.0219" lon="-121.70855">
        <ele>904.72</ele>
      </trkpt>
      <trkpt lat="41.02199" lon="-121.70863">
        <ele>906.17</ele>
      </trkpt>
      <trkpt lat="41.02203" lon="-121.70877">
        <ele>905.26</ele>
      </trkpt>
      <trkpt lat="41.02208" lon="-121.70891">
        <ele>903.71</ele>
      </trkpt>
      <trkpt lat="41.02217" lon="-121.70903">
        <ele>903.7</ele>
      </trkpt>
      <trkpt lat="41.02221" lon="-121.7091">
        <ele>904.19</ele>
      </trkpt>
      <trkpt lat="41.02221" lon="-121.70918">
        <ele>903.47</ele>
      </trkpt>
      <trkpt lat="41.0222" lon="-121.70933">
        <ele>903.62</ele>
      </trkpt>
      <trkpt lat="41.02219" lon="-121.70948">
        <ele>903.78</ele>
      </trkpt>
      <trkpt lat="41.02223" lon="-121.70964">
        <ele>906.32</ele>
      </trkpt>
      <trkpt lat="41.02228" lon="-121.70974">
        <ele>908.55</ele>
      </trkpt>
      <trkpt lat="41.02229" lon="-121.70992">
        <ele>906.28</ele>
      </trkpt>
      <trkpt lat="41.02229" lon="-121.71031">
        <ele>906.49</ele>
      </trkpt>
      <trkpt lat="41.0223" lon="-121.71073">
        <ele>905.91</ele>
      </trkpt>
      <trkpt lat="41.0223" lon="-121.711">
        <ele>911.51</ele>
      </trkpt>
      <trkpt lat="41.02229" lon="-121.71123">
        <ele>913.41</ele>
      </trkpt>
      <trkpt lat="41.02221" lon="-121.7114">
        <ele>909.92</ele>
      </trkpt>
      <trkpt lat="41.02219" lon="-121.71154">
        <ele>909.15</ele>
      </trkpt>
      <trkpt lat="41.02218" lon="-121.71168">
        <ele>908.58</ele>
      </trkpt>
      <trkpt lat="41.02221" lon="-121.71186">
        <ele>912.88</ele>
      </trkpt>
      <trkpt lat="41.0222" lon="-121.71202">
        <ele>910.94</ele>
      </trkpt>
      <trkpt lat="41.02224" lon="-121.71218">
        <ele>909.14</ele>
      </trkpt>
      <trkpt lat="41.02234" lon="-121.71229">
        <ele>909.62</ele>
      </trkpt>
      <trkpt lat="41.02247" lon="-121.71237">
        <ele>911.24</ele>
      </trkpt>
      <trkpt lat="41.02271" lon="-121.71247">
        <ele>915.1</ele>
      </trkpt>
      <trkpt lat="41.02287" lon="-121.71257">
        <ele>915.48</ele>
      </trkpt>
      <trkpt lat="41.02303" lon="-121.71277">
        <ele>914.36</ele>
      </trkpt>
      <trkpt lat="41.02323" lon="-121.71303">
        <ele>909.67</ele>
      </trkpt>
      <trkpt lat="41.02338" lon="-121.71317">
        <ele>905.59</ele>
      </trkpt>
      <trkpt lat="41.02355" lon="-121.71317">
        <ele>908.66</ele>
      </trkpt>
      <trkpt lat="41.0237" lon="-121.71314">
        <ele>910.44</ele>
      </trkpt>
      <trkpt lat="41.02391" lon="-121.7131">
        <ele>912.12</ele>
      </trkpt>
      <trkpt lat="41.02399" lon="-121.71309">
        <ele>912.95</ele>
      </trkpt>
      <trkpt lat="41.02407" lon="-121.7131">
        <ele>914.03</ele>
      </trkpt>
      <trkpt lat="41.02419" lon="-121.71319">
        <ele>908.66</ele>
      </trkpt>
      <trkpt lat="41.02439" lon="-121.71326">
        <ele>911.96</ele>
      </trkpt>
      <trkpt lat="41.02455" lon="-121.71339">
        <ele>911.36</ele>
      </trkpt>
      <trkpt lat="41.02462" lon="-121.71348">
        <ele>907.98</ele>
      </trkpt>
      <trkpt lat="41.02473" lon="-121.71352">
        <ele>907.1</ele>
      </trkpt>
      <trkpt lat="41.02489" lon="-121.71353">
        <ele>909.19</ele>
      </trkpt>
      <trkpt lat="41.02501" lon="-121.71353">
        <ele>909.6</ele>
      </trkpt>
      <trkpt lat="41.02508" lon="-121.71356">
        <ele>908.68</ele>
      </trkpt>
      <trkpt lat="41.02507" lon="-121.71373">
        <ele>905.25</ele>
      </trkpt>
      <trkpt lat="41.02506" lon="-121.71376">
        <ele>905.65</ele>
      </trkpt>
      <trkpt lat="41.02503" lon="-121.71381">
        <ele>906.24</ele>
      </trkpt>
      <trkpt lat="41.02492" lon="-121.71391">
        <ele>906.65</ele>
      </trkpt>
      <trkpt lat="41.02494" lon="-121.71393">
        <ele>908.47</ele>
      </trkpt>
      <trkpt lat="41.02495" lon="-121.71395">
        <ele>909.84</ele>
      </trkpt>
      <trkpt lat="41.02498" lon="-121.71396">
        <ele>911.37</ele>
      </trkpt>
      <trkpt lat="41.02505" lon="-121.71393">
        <ele>911.86</ele>
      </trkpt>
      <trkpt lat="41.02508" lon="-121.71393">
        <ele>912.5</ele>
      </trkpt>
      <trkpt lat="41.0251" lon="-121.71396">
        <ele>914.17</ele>
      </trkpt>
      <trkpt lat="41.02503" lon="-121.71401">
        <ele>914.88</ele>
      </trkpt>
      <trkpt lat="41.02496" lon="-121.71405">
        <ele>914.98</ele>
      </trkpt>
      <trkpt lat="41.02486" lon="-121.71411">
        <ele>915.53</ele>
      </trkpt>
      <trkpt lat="41.02479" lon="-121.7142">
        <ele>918.0</ele>
      </trkpt>
      <trkpt lat="41.02473" lon="-121.71427">
        <ele>920.44</ele>
      </trkpt>
      <trkpt lat="41.02456" lon="-121.7143">
        <ele>920.76</ele>
      </trkpt>
      <trkpt lat="41.02439" lon="-121.71433">
        <ele>922.06</ele>
      </trkpt>
      <trkpt lat="41.02411" lon="-121.71417">
        <ele>916.73</ele>
      </trkpt>
      <trkpt lat="41.02397" lon="-121.71422">
        <ele>918.55</ele>
      </trkpt>
      <trkpt lat="41.02386" lon="-121.7142">
        <ele>914.99</ele>
      </trkpt>
      <trkpt lat="41.02379" lon="-121.71427">
        <ele>915.06</ele>
      </trkpt>
      <trkpt lat="41.02369" lon="-121.71439">
        <ele>914.2</ele>
      </trkpt>
      <trkpt lat="41.02367" lon="-121.71446">
        <ele>916.75</ele>
      </trkpt>
      <trkpt lat="41.02368" lon="-121.71459">
        <ele>923.52</ele>
      </trkpt>
      <trkpt lat="41.02365" lon="-121.71463">
        <ele>924.27</ele>
      </trkpt>
      <trkpt lat="41.02335" lon="-121.71458">
        <ele>920.95</ele>
      </trkpt>
      <trkpt lat="41.02312" lon="-121.71453">
        <ele>916.92</ele>
      </trkpt>
      <trkpt lat="41.02305" lon="-121.71457">
        <ele>919.21</ele>
      </trkpt>
      <trkpt lat="41.02291" lon="-121.71471">
        <ele>928.32</ele>
      </trkpt>
      <trkpt lat="41.02289" lon="-121.71479">
        <ele>930.83</ele>
      </trkpt>
      <trkpt lat="41.02291" lon="-121.71487">
        <ele>932.16</ele>
      </trkpt>
      <trkpt lat="41.02296" lon="-121.71495">
        <ele>933.44</ele>
      </trkpt>
      <trkpt lat="41.02303" lon="-121.715">
        <ele>933.55</ele>
      </trkpt>
      <trkpt lat="41.02313" lon="-121.71505">
        <ele>934.62</ele>
      </trkpt>
      <trkpt lat="41.02323" lon="-121.71507">
        <ele>936.37</ele>
      </trkpt>
      <trkpt lat="41.02343" lon="-121.71506">
        <ele>938.94</ele>
      </trkpt>
      <trkpt lat="41.02358" lon="-121.71505">
        <ele>937.96</ele>
      </trkpt>
      <trkpt lat="41.02372" lon="-121.71508">
        <ele>937.75</ele>
      </trkpt>
      <trkpt lat="41.02381" lon="-121.71516">
        <ele>939.02</ele>
      </trkpt>
      <trkpt lat="41.02392" lon="-121.71531">
        <ele>943.03</ele>
      </trkpt>
      <trkpt lat="41.024" lon="-121.71535">
        <ele>944.6</ele>
      </trkpt>
      <trkpt lat="41.02405" lon="-121.71532">
        <ele>944.31</ele>
      </trkpt>
      <trkpt lat="41.02416" lon="-121.7152">
        <ele>944.09</ele>
      </trkpt>
      <trkpt lat="41.02422" lon="-121.71515">
        <ele>943.84</ele>
      </trkpt>
      <trkpt lat="41.02434" lon="-121.7152">
        <ele>945.03</ele>
      </trkpt>
      <trkpt lat="41.0244" lon="-121.7153">
        <ele>946.52</ele>
      </trkpt>
      <trkpt lat="41.02444" lon="-121.71543">
        <ele>947.6</ele>
      </trkpt>
      <trkpt lat="41.02445" lon="-121.71572">
        <ele>949.06</ele>
      </trkpt>
      <trkpt lat="41.02448" lon="-121.71578">
        <ele>949.38</ele>
      </trkpt>
      <trkpt lat="41.02454" lon="-121.71587">
        <ele>950.03</ele>
      </trkpt>
      <trkpt lat="41.02477" lon="-121.71597">
        <ele>952.79</ele>
      </trkpt>
      <trkpt lat="41.02487" lon="-121.71604">
        <ele>954.1</ele>
      </trkpt>
      <trkpt lat="41.02498" lon="-121.71612">
        <ele>956.47</ele>
      </trkpt>
      <trkpt lat="41.02507" lon="-121.71623">
        <ele>958.27</ele>
      </trkpt>
      <trkpt lat="41.02512" lon="-121.71639">
        <ele>959.18</ele>
      </trkpt>
      <trkpt lat="41.02519" lon="-121.71662">
        <ele>960.69</ele>
      </trkpt>
      <trkpt lat="41.02528" lon="-121.71684">
        <ele>962.2</ele>
      </trkpt>
      <trkpt lat="41.02538" lon="-121.71697">
        <ele>963.68</ele>
      </trkpt>
      <trkpt lat="41.02553" lon="-121.71709">
        <ele>964.99</ele>
      </trkpt>
      <trkpt lat="41.02571" lon="-121.71721">
        <ele>966.51</ele>
      </trkpt>
      <trkpt lat="41.02602" lon="-121.71751">
        <ele>967.92</ele>
      </trkpt>
      <trkpt lat="41.02602" lon="-121.71751">
        <ele>967.92</ele>
      </trkpt>
      <trkpt lat="41.02615" lon="-121.7176">
        <ele>969.29</ele>
      </trkpt>
      <trkpt lat="41.02625" lon="-121.71781">
        <ele>967.98</ele>
      </trkpt>
      <trkpt lat="41.02627" lon="-121.71791">
        <ele>967.0</ele>
      </trkpt>
      <trkpt lat="41.02628" lon="-121.71802">
        <ele>966.65</ele>
      </trkpt>
      <trkpt lat="41.02626" lon="-121.71809">
        <ele>966.36</ele>
      </trkpt>
      <trkpt lat="41.02623" lon="-121.71811">
        <ele>965.99</ele>
      </trkpt>
      <trkpt lat="41.02613" lon="-121.71811">
        <ele>964.32</ele>
      </trkpt>
      <trkpt lat="41.02601" lon="-121.71815">
        <ele>964.04</ele>
      </trkpt>
      <trkpt lat="41.02595" lon="-121.71819">
        <ele>964.9</ele>
      </trkpt>
      <trkpt lat="41.0258" lon="-121.71822">
        <ele>966.69</ele>
      </trkpt>
      <trkpt lat="41.02569" lon="-121.71827">
        <ele>969.5</ele>
      </trkpt>
      <trkpt lat="41.02555" lon="-121.71833">
        <ele>971.95</ele>
      </trkpt>
      <trkpt lat="41.02534" lon="-121.71854">
        <ele>978.7</ele>
      </trkpt>
      <trkpt lat="41.02526" lon="-121.71858">
        <ele>979.99</ele>
      </trkpt>
      <trkpt lat="41.02505" lon="-121.71857">
        <ele>979.41</ele>
      </trkpt>
      <trkpt lat="41.02496" lon="-121.71859">
        <ele>979.45</ele>
      </trkpt>
      <trkpt lat="41.02489" lon="-121.71868">
        <ele>982.09</ele>
      </trkpt>
      <trkpt lat="41.02474" lon="-121.71893">
        <ele>987.89</ele>
      </trkpt>
      <trkpt lat="41.02456" lon="-121.71909">
        <ele>989.59</ele>
      </trkpt>
      <trkpt lat="41.02452" lon="-121.71919">
        <ele>991.32</ele>
      </trkpt>
      <trkpt lat="41.02447" lon="-121.71934">
        <ele>994.02</ele>
      </trkpt>
      <trkpt lat="41.02441" lon="-121.71947">
        <ele>995.9</ele>
      </trkpt>
      <trkpt lat="41.02427" lon="-121.71967">
        <ele>997.99</ele>
      </trkpt>
      <trkpt lat="41.02416" lon="-121.71977">
        <ele>998.96</ele>
      </trkpt>
      <trkpt lat="41.02404" lon="-121.7198">
        <ele>998.31</ele>
      </trkpt>
      <trkpt lat="41.02378" lon="-121.71982">
        <ele>996.1</ele>
      </trkpt>
      <trkpt lat="41.02364" lon="-121.71987">
        <ele>996.32</ele>
      </trkpt>
      <trkpt lat="41.02346" lon="-121.71996">
        <ele>997.14</ele>
      </trkpt>
      <trkpt lat="41.02335" lon="-121.72009">
        <ele>999.97</ele>
      </trkpt>
      <trkpt lat="41.02324" lon="-121.72028">
        <ele>1001.99</ele>
      </trkpt>
      <trkpt lat="41.0232" lon="-121.72037">
        <ele>1002.0</ele>
      </trkpt>
      <trkpt lat="41.02318" lon="-121.72047">
        <ele>1002.34</ele>
      </trkpt>
      <trkpt lat="41.02319" lon="-121.72057">
        <ele>1002.3</ele>
      </trkpt>
      <trkpt lat="41.02324" lon="-121.72067">
        <ele>1001.75</ele>
      </trkpt>
      <trkpt lat="41.02331" lon="-121.72079">
        <ele>1000.68</ele>
      </trkpt>
      <trkpt lat="41.02342" lon="-121.72083">
        <ele>1001.91</ele>
      </trkpt>
      <trkpt lat="41.02357" lon="-121.7208">
        <ele>1002.72</ele>
      </trkpt>
      <trkpt lat="41.02372" lon="-121.72078">
        <ele>1003.75</ele>
      </trkpt>
      <trkpt lat="41.0238" lon="-121.72075">
        <ele>1004.94</ele>
      </trkpt>
      <trkpt lat="41.02388" lon="-121.72066">
        <ele>1005.9</ele>
      </trkpt>
      <trkpt lat="41.02397" lon="-121.72063">
        <ele>1007.75</ele>
      </trkpt>
      <trkpt lat="41.02408" lon="-121.72061">
        <ele>1010.09</ele>
      </trkpt>
      <trkpt lat="41.02421" lon="-121.72066">
        <ele>1011.75</ele>
      </trkpt>
      <trkpt lat="41.02433" lon="-121.72074">
        <ele>1012.54</ele>
      </trkpt>
      <trkpt lat="41.0244" lon="-121.72076">
        <ele>1012.69</ele>
      </trkpt>
      <trkpt lat="41.02455" lon="-121.72076">
        <ele>1013.79</ele>
      </trkpt>
      <trkpt lat="41.02471" lon="-121.7208">
        <ele>1013.36</ele>
      </trkpt>
      <trkpt lat="41.02486" lon="-121.72087">
        <ele>1013.6</ele>
      </trkpt>
      <trkpt lat="41.02497" lon="-121.72092">
        <ele>1013.06</ele>
      </trkpt>
      <trkpt lat="41.02534" lon="-121.72098">
        <ele>1013.81</ele>
      </trkpt>
      <trkpt lat="41.02541" lon="-121.72095">
        <ele>1014.32</ele>
      </trkpt>
      <trkpt lat="41.02549" lon="-121.72097">
        <ele>1014.66</ele>
      </trkpt>
      <trkpt lat="41.02564" lon="-121.72109">
        <ele>1015.0</ele>
      </trkpt>
      <trkpt lat="41.02585" lon="-121.7211">
        <ele>1016.0</ele>
      </trkpt>
      <trkpt lat="41.02591" lon="-121.72115">
        <ele>1016.0</ele>
      </trkpt>
      <trkpt lat="41.02595" lon="-121.72134">
        <ele>1016.12</ele>
      </trkpt>
      <trkpt lat="41.02602" lon="-121.72159">
        <ele>1017.17</ele>
      </trkpt>
      <trkpt lat="41.02613" lon="-121.72209">
        <ele>1020.57</ele>
      </trkpt>
      <trkpt lat="41.02615" lon="-121.72225">
        <ele>1022.0</ele>
      </trkpt>
      <trkpt lat="41.02612" lon="-121.72252">
        <ele>1024.02</ele>
      </trkpt>
      <trkpt lat="41.02618" lon="-121.72278">
        <ele>1026.02</ele>
      </trkpt>
      <trkpt lat="41.02624" lon="-121.7231">
        <ele>1028.68</ele>
      </trkpt>
      <trkpt lat="41.02637" lon="-121.72348">
        <ele>1032.38</ele>
      </trkpt>
      <trkpt lat="41.02635" lon="-121.72375">
        <ele>1034.08</ele>
      </trkpt>
      <trkpt lat="41.02635" lon="-121.7239">
        <ele>1034.7</ele>
      </trkpt>
      <trkpt lat="41.02627" lon="-121.72404">
        <ele>1035.35</ele>
      </trkpt>
      <trkpt lat="41.02624" lon="-121.72424">
        <ele>1037.18</ele>
      </trkpt>
      <trkpt lat="41.0262" lon="-121.72433">
        <ele>1037.76</ele>
      </trkpt>
      <trkpt lat="41.0262" lon="-121.72446">
        <ele>1039.13</ele>
      </trkpt>
      <trkpt lat="41.02627" lon="-121.72482">
        <ele>1042.77</ele>
      </trkpt>
      <trkpt lat="41.02626" lon="-121.72499">
        <ele>1044.5</ele>
      </trkpt>
      <trkpt lat="41.02625" lon="-121.72515">
        <ele>1045.81</ele>
      </trkpt>
      <trkpt lat="41.02621" lon="-121.7253">
        <ele>1047.24</ele>
      </trkpt>
      <trkpt lat="41.02619" lon="-121.72533">
        <ele>1047.56</ele>
      </trkpt>
      <trkpt lat="41.02615" lon="-121.72548">
        <ele>1049.71</ele>
      </trkpt>
      <trkpt lat="41.0261" lon="-121.7256">
        <ele>1051.96</ele>
      </trkpt>
      <trkpt lat="41.02605" lon="-121.72569">
        <ele>1054.36</ele>
      </trkpt>
      <trkpt lat="41.02592" lon="-121.72575">
        <ele>1055.3</ele>
      </trkpt>
      <trkpt lat="41.02582" lon="-121.72567">
        <ele>1052.56</ele>
      </trkpt>
      <trkpt lat="41.0257" lon="-121.72566">
        <ele>1051.38</ele>
      </trkpt>
      <trkpt lat="41.02557" lon="-121.72567">
        <ele>1052.55</ele>
      </trkpt>
      <trkpt lat="41.0255" lon="-121.72569">
        <ele>1054.28</ele>
      </trkpt>
      <trkpt lat="41.02546" lon="-121.72574">
        <ele>1056.08</ele>
      </trkpt>
      <trkpt lat="41.0254" lon="-121.72575">
        <ele>1058.27</ele>
      </trkpt>
      <trkpt lat="41.02531" lon="-121.72571">
        <ele>1060.29</ele>
      </trkpt>
      <trkpt lat="41.02522" lon="-121.72559">
        <ele>1060.62</ele>
      </trkpt>
      <trkpt lat="41.0247" lon="-121.72534">
        <ele>1063.5</ele>
      </trkpt>
      <trkpt lat="41.02451" lon="-121.72531">
        <ele>1065.15</ele>
      </trkpt>
      <trkpt lat="41.02437" lon="-121.72524">
        <ele>1063.17</ele>
      </trkpt>
      <trkpt lat="41.02418" lon="-121.72518">
        <ele>1062.63</ele>
      </trkpt>
      <trkpt lat="41.02383" lon="-121.72517">
        <ele>1067.51</ele>
      </trkpt>
      <trkpt lat="41.02365" lon="-121.72521">
        <ele>1072.19</ele>
      </trkpt>
      <trkpt lat="41.02358" lon="-121.72522">
        <ele>1073.46</ele>
      </trkpt>
      <trkpt lat="41.02343" lon="-121.72523">
        <ele>1074.95</ele>
      </trkpt>
      <trkpt lat="41.02335" lon="-121.72528">
        <ele>1076.05</ele>
      </trkpt>
      <trkpt lat="41.02329" lon="-121.72539">
        <ele>1077.74</ele>
      </trkpt>
      <trkpt lat="41.02325" lon="-121.7257">
        <ele>1080.76</ele>
      </trkpt>
      <trkpt lat="41.02327" lon="-121.72591">
        <ele>1083.46</ele>
      </trkpt>
      <trkpt lat="41.02329" lon="-121.72601">
        <ele>1084.97</ele>
      </trkpt>
      <trkpt lat="41.02326" lon="-121.72622">
        <ele>1086.59</ele>
      </trkpt>
      <trkpt lat="41.02321" lon="-121.72651">
        <ele>1087.23</ele>
      </trkpt>
      <trkpt lat="41.0232" lon="-121.72673">
        <ele>1086.68</ele>
      </trkpt>
      <trkpt lat="41.02321" lon="-121.72689">
        <ele>1088.96</ele>
      </trkpt>
      <trkpt lat="41.02314" lon="-121.7271">
        <ele>1092.89</ele>
      </trkpt>
      <trkpt lat="41.02311" lon="-121.72728">
        <ele>1095.8</ele>
      </trkpt>
      <trkpt lat="41.02303" lon="-121.72743">
        <ele>1096.94</ele>
      </trkpt>
      <trkpt lat="41.02293" lon="-121.72768">
        <ele>1097.27</ele>
      </trkpt>
      <trkpt lat="41.0229" lon="-121.72778">
        <ele>1097.64</ele>
      </trkpt>
      <trkpt lat="41.02289" lon="-121.72799">
        <ele>1097.64</ele>
      </trkpt>
      <trkpt lat="41.0229" lon="-121.72818">
        <ele>1097.85</ele>
      </trkpt>
      <trkpt lat="41.02296" lon="-121.7284">
        <ele>1096.22</ele>
      </trkpt>
      <trkpt lat="41.02302" lon="-121.72857">
        <ele>1093.85</ele>
      </trkpt>
      <trkpt lat="41.02311" lon="-121.72868">
        <ele>1093.1</ele>
      </trkpt>
      <trkpt lat="41.0232" lon="-121.72873">
        <ele>1093.55</ele>
      </trkpt>
      <trkpt lat="41.02335" lon="-121.72876">
        <ele>1095.14</ele>
      </trkpt>
      <trkpt lat="41.02352" lon="-121.72883">
        <ele>1097.3</ele>
      </trkpt>
      <trkpt lat="41.0237" lon="-121.72893">
        <ele>1096.09</ele>
      </trkpt>
      <trkpt lat="41.02381" lon="-121.729">
        <ele>1096.24</ele>
      </trkpt>
      <trkpt lat="41.02396" lon="-121.72923">
        <ele>1099.55</ele>
      </trkpt>
      <trkpt lat="41.02414" lon="-121.72948">
        <ele>1101.93</ele>
      </trkpt>
      <trkpt lat="41.02418" lon="-121.72959">
        <ele>1102.09</ele>
      </trkpt>
      <trkpt lat="41.02418" lon="-121.72968">
        <ele>1102.26</ele>
      </trkpt>
      <trkpt lat="41.02418" lon="-121.72968">
        <ele>1102.26</ele>
      </trkpt>
      <trkpt lat="41.02418" lon="-121.72971">
        <ele>1102.59</ele>
      </trkpt>
      <trkpt lat="41.02417" lon="-121.72986">
        <ele>1104.14</ele>
      </trkpt>
      <trkpt lat="41.02415" lon="-121.72998">
        <ele>1105.53</ele>
      </trkpt>
      <trkpt lat="41.02412" lon="-121.73046">
        <ele>1111.44</ele>
      </trkpt>
      <trkpt lat="41.02414" lon="-121.73066">
        <ele>1113.04</ele>
      </trkpt>
      <trkpt lat="41.02417" lon="-121.7308">
        <ele>1112.43</ele>
      </trkpt>
      <trkpt lat="41.0242" lon="-121.73084">
        <ele>1112.65</ele>
      </trkpt>
      <trkpt lat="41.02429" lon="-121.73087">
        <ele>1114.14</ele>
      </trkpt>
      <trkpt lat="41.02447" lon="-121.7309">
        <ele>1117.11</ele>
      </trkpt>
      <trkpt lat="41.02458" lon="-121.73094">
        <ele>1118.23</ele>
      </trkpt>
      <trkpt lat="41.02471" lon="-121.731">
        <ele>1119.24</ele>
      </trkpt>
      <trkpt lat="41.02518" lon="-121.73114">
        <ele>1122.32</ele>
      </trkpt>
      <trkpt lat="41.02563" lon="-121.73114">
        <ele>1129.18</ele>
      </trkpt>
      <trkpt lat="41.02576" lon="-121.73115">
        <ele>1130.28</ele>
      </trkpt>
      <trkpt lat="41.02589" lon="-121.73121">
        <ele>1128.18</ele>
      </trkpt>
      <trkpt lat="41.02634" lon="-121.73151">
        <ele>1131.8</ele>
      </trkpt>
      <trkpt lat="41.02654" lon="-121.7316">
        <ele>1133.07</ele>
      </trkpt>
      <trkpt lat="41.02672" lon="-121.73171">
        <ele>1133.17</ele>
      </trkpt>
      <trkpt lat="41.02682" lon="-121.73171">
        <ele>1134.25</ele>
      </trkpt>
      <trkpt lat="41.02695" lon="-121.73174">
        <ele>1134.68</ele>
      </trkpt>
      <trkpt lat="41.02709" lon="-121.7318">
        <ele>1134.69</ele>
      </trkpt>
      <trkpt lat="41.02727" lon="-121.73192">
        <ele>1134.04</ele>
      </trkpt>
      <trkpt lat="41.02748" lon="-121.73201">
        <ele>1135.15</ele>
      </trkpt>
      <trkpt lat="41.0276" lon="-121.73212">
        <ele>1136.44</ele>
      </trkpt>
      <trkpt lat="41.02774" lon="-121.7323">
        <ele>1136.5</ele>
      </trkpt>
      <trkpt lat="41.02786" lon="-121.7324">
        <ele>1137.82</ele>
      </trkpt>
      <trkpt lat="41.02803" lon="-121.73255">
        <ele>1139.37</ele>
      </trkpt>
      <trkpt lat="41.02809" lon="-121.73272">
        <ele>1136.76</ele>
      </trkpt>
      <trkpt lat="41.02818" lon="-121.73288">
        <ele>1134.93</ele>
      </trkpt>
      <trkpt lat="41.02833" lon="-121.73311">
        <ele>1139.27</ele>
      </trkpt>
      <trkpt lat="41.02845" lon="-121.73332">
        <ele>1144.04</ele>
      </trkpt>
      <trkpt lat="41.02858" lon="-121.73352">
        <ele>1147.99</ele>
      </trkpt>
      <trkpt lat="41.02883" lon="-121.73403">
        <ele>1152.57</ele>
      </trkpt>
      <trkpt lat="41.02883" lon="-121.73427">
        <ele>1150.05</ele>
      </trkpt>
      <trkpt lat="41.02891" lon="-121.73448">
        <ele>1151.07</ele>
      </trkpt>
      <trkpt lat="41.02898" lon="-121.73466">
        <ele>1151.62</ele>
      </trkpt>
      <trkpt lat="41.02909" lon="-121.73486">
        <ele>1151.86</ele>
      </trkpt>
      <trkpt lat="41.02919" lon="-121.73494">
        <ele>1153.67</ele>
      </trkpt>
      <trkpt lat="41.02931" lon="-121.73504">
        <ele>1156.1</ele>
      </trkpt>
      <trkpt lat="41.02945" lon="-121.73521">
        <ele>1160.78</ele>
      </trkpt>
      <trkpt lat="41.02947" lon="-121.73526">
        <ele>1162.72</ele>
      </trkpt>
      <trkpt lat="41.02936" lon="-121.73534">
        <ele>1160.61</ele>
      </trkpt>
      <trkpt lat="41.02929" lon="-121.73548">
        <ele>1159.51</ele>
      </trkpt>
      <trkpt lat="41.02923" lon="-121.73572">
        <ele>1159.58</ele>
      </trkpt>
      <trkpt lat="41.02922" lon="-121.73628">
        <ele>1161.13</ele>
      </trkpt>
      <trkpt lat="41.02925" lon="-121.73652">
        <ele>1167.67</ele>
      </trkpt>
      <trkpt lat="41.02929" lon="-121.7368">
        <ele>1172.88</ele>
      </trkpt>
      <trkpt lat="41.02925" lon="-121.73684">
        <ele>1173.76</ele>
      </trkpt>
      <trkpt lat="41.02919" lon="-121.73686">
        <ele>1174.18</ele>
      </trkpt>
      <trkpt lat="41.02913" lon="-121.73683">
        <ele>1173.76</ele>
      </trkpt>
      <trkpt lat="41.02903" lon="-121.7368">
        <ele>1173.92</ele>
      </trkpt>
      <trkpt lat="41.02887" lon="-121.73678">
        <ele>1174.0</ele>
      </trkpt>
      <trkpt lat="41.02879" lon="-121.73679">
        <ele>1173.93</ele>
      </trkpt>
      <trkpt lat="41.02874" lon="-121.73684">
        <ele>1173.39</ele>
      </trkpt>
      <trkpt lat="41.02871" lon="-121.73697">
        <ele>1173.07</ele>
      </trkpt>
      <trkpt lat="41.02875" lon="-121.73717">
        <ele>1173.0</ele>
      </trkpt>
      <trkpt lat="41.0289" lon="-121.73755">
        <ele>1176.96</ele>
      </trkpt>
      <trkpt lat="41.02901" lon="-121.73787">
        <ele>1180.31</ele>
      </trkpt>
      <trkpt lat="41.02898" lon="-121.73796">
        <ele>1180.97</ele>
      </trkpt>
      <trkpt lat="41.02882" lon="-121.73792">
        <ele>1179.33</ele>
      </trkpt>
      <trkpt lat="41.02877" lon="-121.73802">
        <ele>1180.05</ele>
      </trkpt>
      <trkpt lat="41.02872" lon="-121.73813">
        <ele>1180.96</ele>
      </trkpt>
      <trkpt lat="41.02869" lon="-121.73829">
        <ele>1183.24</ele>
      </trkpt>
      <trkpt lat="41.02865" lon="-121.73865">
        <ele>1187.26</ele>
      </trkpt>
      <trkpt lat="41.02857" lon="-121.73883">
        <ele>1189.28</ele>
      </trkpt>
      <trkpt lat="41.02846" lon="-121.73891">
        <ele>1189.6</ele>
      </trkpt>
      <trkpt lat="41.02824" lon="-121.73916">
        <ele>1189.84</ele>
      </trkpt>
      <trkpt lat="41.02813" lon="-121.7393">
        <ele>1189.05</ele>
      </trkpt>
      <trkpt lat="41.02808" lon="-121.73948">
        <ele>1189.18</ele>
      </trkpt>
      <trkpt lat="41.02804" lon="-121.73973">
        <ele>1190.58</ele>
      </trkpt>
      <trkpt lat="41.02803" lon="-121.73999">
        <ele>1192.09</ele>
      </trkpt>
      <trkpt lat="41.02805" lon="-121.7404">
        <ele>1195.18</ele>
      </trkpt>
      <trkpt lat="41.02822" lon="-121.74094">
        <ele>1199.62</ele>
      </trkpt>
      <trkpt lat="41.02837" lon="-121.74125">
        <ele>1198.19</ele>
      </trkpt>
      <trkpt lat="41.02848" lon="-121.7416">
        <ele>1200.75</ele>
      </trkpt>
      <trkpt lat="41.02857" lon="-121.74202">
        <ele>1204.22</ele>
      </trkpt>
      <trkpt lat="41.02862" lon="-121.74234">
        <ele>1206.66</ele>
      </trkpt>
      <trkpt lat="41.02866" lon="-121.74255">
        <ele>1210.91</ele>
      </trkpt>
      <trkpt lat="41.02872" lon="-121.7429">
        <ele>1215.53</ele>
      </trkpt>
      <trkpt lat="41.02871" lon="-121.74339">
        <ele>1213.66</ele>
      </trkpt>
      <trkpt lat="41.02874" lon="-121.74373">
        <ele>1212.68</ele>
      </trkpt>
      <trkpt lat="41.02882" lon="-121.74418">
        <ele>1211.97</ele>
      </trkpt>
      <trkpt lat="41.02881" lon="-121.74439">
        <ele>1215.27</ele>
      </trkpt>
      <trkpt lat="41.02872" lon="-121.74457">
        <ele>1215.95</ele>
      </trkpt>
      <trkpt lat="41.02868" lon="-121.74479">
        <ele>1216.96</ele>
      </trkpt>
      <trkpt lat="41.02863" lon="-121.74502">
        <ele>1216.99</ele>
      </trkpt>
      <trkpt lat="41.02862" lon="-121.74526">
        <ele>1217.29</ele>
      </trkpt>
      <trkpt lat="41.02863" lon="-121.74577">
        <ele>1217.3</ele>
      </trkpt>
      <trkpt lat="41.02866" lon="-121.74601">
        <ele>1216.68</ele>
      </trkpt>
      <trkpt lat="41.02893" lon="-121.7466">
        <ele>1223.94</ele>
      </trkpt>
      <trkpt lat="41.0292" lon="-121.74716">
        <ele>1230.11</ele>
      </trkpt>
      <trkpt lat="41.02945" lon="-121.74762">
        <ele>1233.59</ele>
      </trkpt>
      <trkpt lat="41.02955" lon="-121.74778">
        <ele>1232.06</ele>
      </trkpt>
      <trkpt lat="41.0297" lon="-121.74788">
        <ele>1226.8</ele>
      </trkpt>
      <trkpt lat="41.02984" lon="-121.74792">
        <ele>1227.74</ele>
      </trkpt>
      <trkpt lat="41.02996" lon="-121.74796">
        <ele>1230.77</ele>
      </trkpt>
      <trkpt lat="41.03012" lon="-121.74803">
        <ele>1235.23</ele>
      </trkpt>
      <trkpt lat="41.03021" lon="-121.74813">
        <ele>1239.34</ele>
      </trkpt>
      <trkpt lat="41.0302" lon="-121.74844">
        <ele>1240.8</ele>
      </trkpt>
      <trkpt lat="41.03026" lon="-121.74887">
        <ele>1243.4</ele>
      </trkpt>
      <trkpt lat="41.03031" lon="-121.74913">
        <ele>1243.79</ele>
      </trkpt>
      <trkpt lat="41.03042" lon="-121.74948">
        <ele>1247.09</ele>
      </trkpt>
      <trkpt lat="41.03053" lon="-121.74972">
        <ele>1249.64</ele>
      </trkpt>
      <trkpt lat="41.03063" lon="-121.74989">
        <ele>1251.4</ele>
      </trkpt>
      <trkpt lat="41.03082" lon="-121.75006">
        <ele>1255.92</ele>
      </trkpt>
      <trkpt lat="41.03096" lon="-121.75014">
        <ele>1258.22</ele>
      </trkpt>
      <trkpt lat="41.03121" lon="-121.75028">
        <ele>1261.02</ele>
      </trkpt>
      <trkpt lat="41.03147" lon="-121.75035">
        <ele>1263.29</ele>
      </trkpt>
      <trkpt lat="41.03178" lon="-121.75036">
        <ele>1267.22</ele>
      </trkpt>
      <trkpt lat="41.03189" lon="-121.75033">
        <ele>1267.87</ele>
      </trkpt>
      <trkpt lat="41.03199" lon="-121.75036">
        <ele>1267.66</ele>
      </trkpt>
      <trkpt lat="41.03207" lon="-121.75051">
        <ele>1268.71</ele>
      </trkpt>
      <trkpt lat="41.03204" lon="-121.75061">
        <ele>1268.06</ele>
      </trkpt>
      <trkpt lat="41.03193" lon="-121.75077">
        <ele>1267.69</ele>
      </trkpt>
      <trkpt lat="41.03182" lon="-121.75118">
        <ele>1266.97</ele>
      </trkpt>
      <trkpt lat="41.03174" lon="-121.7515">
        <ele>1266.73</ele>
      </trkpt>
      <trkpt lat="41.03167" lon="-121.75184">
        <ele>1267.98</ele>
      </trkpt>
      <trkpt lat="41.03164" lon="-121.75206">
        <ele>1269.31</ele>
      </trkpt>
      <trkpt lat="41.03155" lon="-121.75242">
        <ele>1268.36</ele>
      </trkpt>
      <trkpt lat="41.03153" lon="-121.75266">
        <ele>1269.44</ele>
      </trkpt>
      <trkpt lat="41.03156" lon="-121.75296">
        <ele>1271.54</ele>
      </trkpt>
      <trkpt lat="41.03161" lon="-121.75314">
        <ele>1273.16</ele>
      </trkpt>
      <trkpt lat="41.03166" lon="-121.75328">
        <ele>1275.18</ele>
      </trkpt>
      <trkpt lat="41.03176" lon="-121.75339">
        <ele>1278.41</ele>
      </trkpt>
      <trkpt lat="41.03186" lon="-121.75345">
        <ele>1281.18</ele>
      </trkpt>
      <trkpt lat="41.03207" lon="-121.75354">
        <ele>1285.99</ele>
      </trkpt>
      <trkpt lat="41.03222" lon="-121.75364">
        <ele>1288.64</ele>
      </trkpt>
      <trkpt lat="41.03232" lon="-121.75362">
        <ele>1291.02</ele>
      </trkpt>
      <trkpt lat="41.03256" lon="-121.75352">
        <ele>1296.63</ele>
      </trkpt>
      <trkpt lat="41.03279" lon="-121.75347">
        <ele>1300.73</ele>
      </trkpt>
      <trkpt lat="41.03296" lon="-121.75356">
        <ele>1301.07</ele>
      </trkpt>
      <trkpt lat="41.03318" lon="-121.75375">
        <ele>1298.34</ele>
      </trkpt>
      <trkpt lat="41.0333" lon="-121.75405">
        <ele>1298.56</ele>
      </trkpt>
      <trkpt lat="41.03328" lon="-121.75423">
        <ele>1298.09</ele>
      </trkpt>
      <trkpt lat="41.03327" lon="-121.75451">
        <ele>1299.66</ele>
      </trkpt>
      <trkpt lat="41.03327" lon="-121.75471">
        <ele>1300.95</ele>
      </trkpt>
      <trkpt lat="41.03335" lon="-121.755">
        <ele>1306.36</ele>
      </trkpt>
      <trkpt lat="41.03337" lon="-121.75543">
        <ele>1309.83</ele>
      </trkpt>
      <trkpt lat="41.03331" lon="-121.75568">
        <ele>1309.33</ele>
      </trkpt>
      <trkpt lat="41.03315" lon="-121.75601">
        <ele>1306.06</ele>
      </trkpt>
      <trkpt lat="41.03311" lon="-121.75625">
        <ele>1305.76</ele>
      </trkpt>
      <trkpt lat="41.03311" lon="-121.75643">
        <ele>1305.76</ele>
      </trkpt>
      <trkpt lat="41.03324" lon="-121.7567">
        <ele>1308.98</ele>
      </trkpt>
      <trkpt lat="41.03341" lon="-121.75705">
        <ele>1313.2</ele>
      </trkpt>
      <trkpt lat="41.0336" lon="-121.75735">
        <ele>1313.0</ele>
      </trkpt>
      <trkpt lat="41.03378" lon="-121.75753">
        <ele>1311.18</ele>
      </trkpt>
      <trkpt lat="41.03401" lon="-121.75773">
        <ele>1306.55</ele>
      </trkpt>
      <trkpt lat="41.03421" lon="-121.75785">
        <ele>1303.56</ele>
      </trkpt>
      <trkpt lat="41.03436" lon="-121.7579">
        <ele>1301.36</ele>
      </trkpt>
      <trkpt lat="41.03459" lon="-121.7579">
        <ele>1301.04</ele>
      </trkpt>
      <trkpt lat="41.03482" lon="-121.75788">
        <ele>1300.63</ele>
      </trkpt>
      <trkpt lat="41.03482" lon="-121.75788">
        <ele>1300.63</ele>
      </trkpt>
      <trkpt lat="41.03501" lon="-121.75783">
        <ele>1301.2</ele>
      </trkpt>
      <trkpt lat="41.03533" lon="-121.75769">
        <ele>1303.81</ele>
      </trkpt>
      <trkpt lat="41.03593" lon="-121.75733">
        <ele>1311.46</ele>
      </trkpt>
      <trkpt lat="41.03609" lon="-121.75723">
        <ele>1313.96</ele>
      </trkpt>
      <trkpt lat="41.03629" lon="-121.75686">
        <ele>1325.8</ele>
      </trkpt>
      <trkpt lat="41.0367" lon="-121.75645">
        <ele>1337.3</ele>
      </trkpt>
      <trkpt lat="41.03708" lon="-121.75635">
        <ele>1334.8</ele>
      </trkpt>
      <trkpt lat="41.03753" lon="-121.756">
        <ele>1339.82</ele>
      </trkpt>
      <trkpt lat="41.03763" lon="-121.75591">
        <ele>1340.94</ele>
      </trkpt>
      <trkpt lat="41.03787" lon="-121.75568">
        <ele>1343.32</ele>
      </trkpt>
      <trkpt lat="41.03795" lon="-121.75556">
        <ele>1346.0</ele>
      </trkpt>
      <trkpt lat="41.03794" lon="-121.75549">
        <ele>1347.66</ele>
      </trkpt>
      <trkpt lat="41.03777" lon="-121.75542">
        <ele>1352.01</ele>
      </trkpt>
      <trkpt lat="41.03774" lon="-121.7553">
        <ele>1354.93</ele>
      </trkpt>
      <trkpt lat="41.03781" lon="-121.75524">
        <ele>1355.47</ele>
      </trkpt>
      <trkpt lat="41.03791" lon="-121.75516">
        <ele>1356.12</ele>
      </trkpt>
      <trkpt lat="41.03803" lon="-121.75501">
        <ele>1358.06</ele>
      </trkpt>
      <trkpt lat="41.03807" lon="-121.75487">
        <ele>1359.65</ele>
      </trkpt>
      <trkpt lat="41.03809" lon="-121.75463">
        <ele>1363.62</ele>
      </trkpt>
      <trkpt lat="41.03821" lon="-121.75432">
        <ele>1366.68</ele>
      </trkpt>
      <trkpt lat="41.03826" lon="-121.75416">
        <ele>1367.6</ele>
      </trkpt>
      <trkpt lat="41.03822" lon="-121.75398">
        <ele>1369.0</ele>
      </trkpt>
      <trkpt lat="41.03825" lon="-121.75389">
        <ele>1368.9</ele>
      </trkpt>
      <trkpt lat="41.03832" lon="-121.75378">
        <ele>1369.03</ele>
      </trkpt>
      <trkpt lat="41.03833" lon="-121.75363">
        <ele>1369.04</ele>
      </trkpt>
      <trkpt lat="41.03821" lon="-121.75343">
        <ele>1370.0</ele>
      </trkpt>
      <trkpt lat="41.03812" lon="-121.7534">
        <ele>1370.3</ele>
      </trkpt>
      <trkpt lat="41.03803" lon="-121.7534">
        <ele>1371.0</ele>
      </trkpt>
      <trkpt lat="41.038" lon="-121.75334">
        <ele>1371.0</ele>
      </trkpt>
      <trkpt lat="41.03803" lon="-121.75328">
        <ele>1371.0</ele>
      </trkpt>
      <trkpt lat="41.03807" lon="-121.75311">
        <ele>1370.84</ele>
      </trkpt>
      <trkpt lat="41.0382" lon="-121.75282">
        <ele>1367.34</ele>
      </trkpt>
      <trkpt lat="41.03817" lon="-121.75272">
        <ele>1366.9</ele>
      </trkpt>
      <trkpt lat="41.03811" lon="-121.75261">
        <ele>1367.82</ele>
      </trkpt>
      <trkpt lat="41.03802" lon="-121.75255">
        <ele>1369.31</ele>
      </trkpt>
      <trkpt lat="41.03798" lon="-121.75242">
        <ele>1369.63</ele>
      </trkpt>
      <trkpt lat="41.03795" lon="-121.75224">
        <ele>1370.28</ele>
      </trkpt>
      <trkpt lat="41.03788" lon="-121.75203">
        <ele>1373.66</ele>
      </trkpt>
      <trkpt lat="41.03785" lon="-121.75184">
        <ele>1375.89</ele>
      </trkpt>
      <trkpt lat="41.03783" lon="-121.75165">
        <ele>1379.49</ele>
      </trkpt>
      <trkpt lat="41.03784" lon="-121.75142">
        <ele>1380.66</ele>
      </trkpt>
      <trkpt lat="41.03789" lon="-121.75116">
        <ele>1381.68</ele>
      </trkpt>
      <trkpt lat="41.03793" lon="-121.75096">
        <ele>1381.07</ele>
      </trkpt>
      <trkpt lat="41.038" lon="-121.75082">
        <ele>1380.34</ele>
      </trkpt>
      <trkpt lat="41.03814" lon="-121.75059">
        <ele>1377.89</ele>
      </trkpt>
      <trkpt lat="41.03828" lon="-121.75044">
        <ele>1372.45</ele>
      </trkpt>
      <trkpt lat="41.03848" lon="-121.75029">
        <ele>1366.19</ele>
      </trkpt>
      <trkpt lat="41.03867" lon="-121.75017">
        <ele>1363.53</ele>
      </trkpt>
      <trkpt lat="41.03904" lon="-121.7499">
        <ele>1368.08</ele>
      </trkpt>
      <trkpt lat="41.03928" lon="-121.74962">
        <ele>1370.1</ele>
      </trkpt>
      <trkpt lat="41.03936" lon="-121.74936">
        <ele>1372.91</ele>
      </trkpt>
      <trkpt lat="41.03939" lon="-121.74908">
        <ele>1375.94</ele>
      </trkpt>
      <trkpt lat="41.03936" lon="-121.74874">
        <ele>1378.61</ele>
      </trkpt>
      <trkpt lat="41.03942" lon="-121.74844">
        <ele>1381.85</ele>
      </trkpt>
      <trkpt lat="41.03944" lon="-121.74822">
        <ele>1384.22</ele>
      </trkpt>
      <trkpt lat="41.03947" lon="-121.74805">
        <ele>1386.06</ele>
      </trkpt>
      <trkpt lat="41.03952" lon="-121.74792">
        <ele>1387.46</ele>
      </trkpt>
      <trkpt lat="41.03976" lon="-121.74777">
        <ele>1389.0</ele>
      </trkpt>
      <trkpt lat="41.04001" lon="-121.74775">
        <ele>1390.11</ele>
      </trkpt>
      <trkpt lat="41.04036" lon="-121.74774">
        <ele>1392.36</ele>
      </trkpt>
      <trkpt lat="41.0405" lon="-121.74775">
        <ele>1393.0</ele>
      </trkpt>
      <trkpt lat="41.04058" lon="-121.7477">
        <ele>1393.22</ele>
      </trkpt>
      <trkpt lat="41.04075" lon="-121.74754">
        <ele>1394.57</ele>
      </trkpt>
      <trkpt lat="41.04097" lon="-121.74749">
        <ele>1395.0</ele>
      </trkpt>
      <trkpt lat="41.04119" lon="-121.74747">
        <ele>1394.42</ele>
      </trkpt>
      <trkpt lat="41.04135" lon="-121.74743">
        <ele>1394.76</ele>
      </trkpt>
      <trkpt lat="41.04148" lon="-121.74737">
        <ele>1395.0</ele>
      </trkpt>
      <trkpt lat="41.04155" lon="-121.74727">
        <ele>1395.13</ele>
      </trkpt>
      <trkpt lat="41.04169" lon="-121.74717">
        <ele>1395.42</ele>
      </trkpt>
      <trkpt lat="41.0418" lon="-121.74709">
        <ele>1395.43</ele>
      </trkpt>
      <trkpt lat="41.04208" lon="-121.74709">
        <ele>1394.43</ele>
      </trkpt>
      <trkpt lat="41.04236" lon="-121.74708">
        <ele>1393.54</ele>
      </trkpt>
      <trkpt lat="41.04277" lon="-121.74691">
        <ele>1395.37</ele>
      </trkpt>
      <trkpt lat="41.0429" lon="-121.74692">
        <ele>1396.26</ele>
      </trkpt>
      <trkpt lat="41.04313" lon="-121.74696">
        <ele>1396.83</ele>
      </trkpt>
      <trkpt lat="41.0433" lon="-121.74716">
        <ele>1396.88</ele>
      </trkpt>
      <trkpt lat="41.04335" lon="-121.74727">
        <ele>1397.0</ele>
      </trkpt>
      <trkpt lat="41.04337" lon="-121.74734">
        <ele>1396.84</ele>
      </trkpt>
      <trkpt lat="41.04336" lon="-121.74748">
        <ele>1396.29</ele>
      </trkpt>
      <trkpt lat="41.04332" lon="-121.74764">
        <ele>1395.86</ele>
      </trkpt>
      <trkpt lat="41.04337" lon="-121.74808">
        <ele>1397.1</ele>
      </trkpt>
      <trkpt lat="41.04336" lon="-121.74848">
        <ele>1397.46</ele>
      </trkpt>
      <trkpt lat="41.04341" lon="-121.74876">
        <ele>1398.83</ele>
      </trkpt>
      <trkpt lat="41.04348" lon="-121.74902">
        <ele>1400.58</ele>
      </trkpt>
      <trkpt lat="41.0436" lon="-121.74927">
        <ele>1403.76</ele>
      </trkpt>
      <trkpt lat="41.04363" lon="-121.7499">
        <ele>1407.34</ele>
      </trkpt>
      <trkpt lat="41.04346" lon="-121.75033">
        <ele>1404.1</ele>
      </trkpt>
      <trkpt lat="41.04343" lon="-121.75068">
        <ele>1403.13</ele>
      </trkpt>
      <trkpt lat="41.04343" lon="-121.75068">
        <ele>1403.13</ele>
      </trkpt>
      <trkpt lat="41.04339" lon="-121.75101">
        <ele>1400.93</ele>
      </trkpt>
      <trkpt lat="41.04341" lon="-121.75117">
        <ele>1400.85</ele>
      </trkpt>
      <trkpt lat="41.04345" lon="-121.75136">
        <ele>1401.09</ele>
      </trkpt>
      <trkpt lat="41.04354" lon="-121.75148">
        <ele>1402.71</ele>
      </trkpt>
      <trkpt lat="41.04377" lon="-121.75173">
        <ele>1409.18</ele>
      </trkpt>
      <trkpt lat="41.0439" lon="-121.75189">
        <ele>1412.59</ele>
      </trkpt>
      <trkpt lat="41.04399" lon="-121.75212">
        <ele>1412.57</ele>
      </trkpt>
      <trkpt lat="41.04406" lon="-121.75236">
        <ele>1411.42</ele>
      </trkpt>
      <trkpt lat="41.0441" lon="-121.7527">
        <ele>1406.12</ele>
      </trkpt>
      <trkpt lat="41.04413" lon="-121.75304">
        <ele>1407.95</ele>
      </trkpt>
      <trkpt lat="41.04408" lon="-121.75336">
        <ele>1408.59</ele>
      </trkpt>
      <trkpt lat="41.04411" lon="-121.75366">
        <ele>1412.08</ele>
      </trkpt>
      <trkpt lat="41.04429" lon="-121.7541">
        <ele>1419.33</ele>
      </trkpt>
      <trkpt lat="41.04445" lon="-121.75436">
        <ele>1424.09</ele>
      </trkpt>
      <trkpt lat="41.04454" lon="-121.75453">
        <ele>1425.2</ele>
      </trkpt>
      <trkpt lat="41.04463" lon="-121.75473">
        <ele>1425.93</ele>
      </trkpt>
      <trkpt lat="41.04477" lon="-121.75498">
        <ele>1427.5</ele>
      </trkpt>
      <trkpt lat="41.04487" lon="-121.75519">
        <ele>1427.9</ele>
      </trkpt>
      <trkpt lat="41.04504" lon="-121.75543">
        <ele>1433.67</ele>
      </trkpt>
      <trkpt lat="41.04514" lon="-121.75565">
        <ele>1435.02</ele>
      </trkpt>
      <trkpt lat="41.04527" lon="-121.75584">
        <ele>1436.6</ele>
      </trkpt>
      <trkpt lat="41.04543" lon="-121.75622">
        <ele>1434.58</ele>
      </trkpt>
      <trkpt lat="41.04553" lon="-121.75644">
        <ele>1433.07</ele>
      </trkpt>
      <trkpt lat="41.04556" lon="-121.7567">
        <ele>1428.39</ele>
      </trkpt>
      <trkpt lat="41.04552" lon="-121.75691">
        <ele>1423.83</ele>
      </trkpt>
      <trkpt lat="41.04545" lon="-121.75719">
        <ele>1417.37</ele>
      </trkpt>
      <trkpt lat="41.0454" lon="-121.75732">
        <ele>1414.6</ele>
      </trkpt>
      <trkpt lat="41.04524" lon="-121.75739">
        <ele>1410.18</ele>
      </trkpt>
      <trkpt lat="41.04517" lon="-121.75777">
        <ele>1411.67</ele>
      </trkpt>
      <trkpt lat="41.04514" lon="-121.75822">
        <ele>1414.02</ele>
      </trkpt>
      <trkpt lat="41.04514" lon="-121.75844">
        <ele>1414.18</ele>
      </trkpt>
      <trkpt lat="41.04526" lon="-121.75876">
        <ele>1416.81</ele>
      </trkpt>
      <trkpt lat="41.04535" lon="-121.75902">
        <ele>1418.56</ele>
      </trkpt>
      <trkpt lat="41.04539" lon="-121.75927">
        <ele>1419.42</ele>
      </trkpt>
      <trkpt lat="41.04533" lon="-121.75949">
        <ele>1417.91</ele>
      </trkpt>
      <trkpt lat="41.04538" lon="-121.75975">
        <ele>1418.31</ele>
      </trkpt>
      <trkpt lat="41.04565" lon="-121.76025">
        <ele>1425.05</ele>
      </trkpt>
      <trkpt lat="41.04582" lon="-121.76043">
        <ele>1428.62</ele>
      </trkpt>
      <trkpt lat="41.046" lon="-121.76066">
        <ele>1431.6</ele>
      </trkpt>
      <trkpt lat="41.04612" lon="-121.76083">
        <ele>1434.19</ele>
      </trkpt>
      <trkpt lat="41.0463" lon="-121.76104">
        <ele>1437.11</ele>
      </trkpt>
      <trkpt lat="41.04644" lon="-121.76128">
        <ele>1439.73</ele>
      </trkpt>
      <trkpt lat="41.04652" lon="-121.76145">
        <ele>1441.45</ele>
      </trkpt>
      <trkpt lat="41.0466" lon="-121.76149">
        <ele>1443.49</ele>
      </trkpt>
      <trkpt lat="41.04687" lon="-121.76179">
        <ele>1449.26</ele>
      </trkpt>
      <trkpt lat="41.047" lon="-121.76195">
        <ele>1451.74</ele>
      </trkpt>
      <trkpt lat="41.04715" lon="-121.7621">
        <ele>1454.76</ele>
      </trkpt>
      <trkpt lat="41.0473" lon="-121.76235">
        <ele>1457.14</ele>
      </trkpt>
      <trkpt lat="41.04746" lon="-121.76258">
        <ele>1459.27</ele>
      </trkpt>
      <trkpt lat="41.04766" lon="-121.76287">
        <ele>1461.46</ele>
      </trkpt>
      <trkpt lat="41.04787" lon="-121.76308">
        <ele>1464.73</ele>
      </trkpt>
      <trkpt lat="41.04812" lon="-121.76345">
        <ele>1465.13</ele>
      </trkpt>
      <trkpt lat="41.04824" lon="-121.76358">
        <ele>1466.32</ele>
      </trkpt>
      <trkpt lat="41.04833" lon="-121.76381">
        <ele>1465.78</ele>
      </trkpt>
      <trkpt lat="41.04869" lon="-121.76434">
        <ele>1470.81</ele>
      </trkpt>
      <trkpt lat="41.04883" lon="-121.7645">
        <ele>1474.35</ele>
      </trkpt>
      <trkpt lat="41.04896" lon="-121.76465">
        <ele>1477.54</ele>
      </trkpt>
      <trkpt lat="41.04896" lon="-121.76492">
        <ele>1476.54</ele>
      </trkpt>
      <trkpt lat="41.049" lon="-121.76515">
        <ele>1476.4</ele>
      </trkpt>
      <trkpt lat="41.04912" lon="-121.76541">
        <ele>1477.99</ele>
      </trkpt>
      <trkpt lat="41.04929" lon="-121.76586">
        <ele>1479.38</ele>
      </trkpt>
      <trkpt lat="41.04955" lon="-121.76634">
        <ele>1481.81</ele>
      </trkpt>
      <trkpt lat="41.04972" lon="-121.76674">
        <ele>1482.95</ele>
      </trkpt>
      <trkpt lat="41.04981" lon="-121.76697">
        <ele>1483.62</ele>
      </trkpt>
      <trkpt lat="41.04987" lon="-121.76733">
        <ele>1484.19</ele>
      </trkpt>
      <trkpt lat="41.04989" lon="-121.76749">
        <ele>1484.62</ele>
      </trkpt>
      <trkpt lat="41.04987" lon="-121.76762">
        <ele>1484.89</ele>
      </trkpt>
      <trkpt lat="41.04982" lon="-121.76789">
        <ele>1486.32</ele>
      </trkpt>
      <trkpt lat="41.04975" lon="-121.76853">
        <ele>1490.72</ele>
      </trkpt>
      <trkpt lat="41.04967" lon="-121.76879">
        <ele>1490.8</ele>
      </trkpt>
      <trkpt lat="41.04966" lon="-121.76897">
        <ele>1491.94</ele>
      </trkpt>
      <trkpt lat="41.04968" lon="-121.76919">
        <ele>1494.34</ele>
      </trkpt>
      <trkpt lat="41.04964" lon="-121.76946">
        <ele>1496.39</ele>
      </trkpt>
      <trkpt lat="41.04964" lon="-121.76973">
        <ele>1498.41</ele>
      </trkpt>
      <trkpt lat="41.04962" lon="-121.76993">
        <ele>1499.93</ele>
      </trkpt>
      <trkpt lat="41.04957" lon="-121.77027">
        <ele>1501.63</ele>
      </trkpt>
      <trkpt lat="41.04945" lon="-121.77058">
        <ele>1501.08</ele>
      </trkpt>
      <trkpt lat="41.04932" lon="-121.77088">
        <ele>1499.47</ele>
      </trkpt>
      <trkpt lat="41.04912" lon="-121.77104">
        <ele>1493.72</ele>
      </trkpt>
      <trkpt lat="41.04887" lon="-121.77104">
        <ele>1489.87</ele>
      </trkpt>
      <trkpt lat="41.04872" lon="-121.77103">
        <ele>1493.0</ele>
      </trkpt>
      <trkpt lat="41.04822" lon="-121.77069">
        <ele>1497.13</ele>
      </trkpt>
      <trkpt lat="41.04793" lon="-121.77052">
        <ele>1498.94</ele>
      </trkpt>
      <trkpt lat="41.04776" lon="-121.77042">
        <ele>1500.26</ele>
      </trkpt>
      <trkpt lat="41.04776" lon="-121.77042">
        <ele>1500.26</ele>
      </trkpt>
      <trkpt lat="41.04768" lon="-121.77036">
        <ele>1499.99</ele>
      </trkpt>
      <trkpt lat="41.04759" lon="-121.77027">
        <ele>1499.89</ele>
      </trkpt>
      <trkpt lat="41.0473" lon="-121.77007">
        <ele>1500.67</ele>
      </trkpt>
      <trkpt lat="41.04703" lon="-121.76991">
        <ele>1501.13</ele>
      </trkpt>
      <trkpt lat="41.04676" lon="-121.76984">
        <ele>1502.54</ele>
      </trkpt>
      <trkpt lat="41.04652" lon="-121.76984">
        <ele>1505.86</ele>
      </trkpt>
      <trkpt lat="41.04634" lon="-121.76989">
        <ele>1508.34</ele>
      </trkpt>
      <trkpt lat="41.04614" lon="-121.77008">
        <ele>1513.82</ele>
      </trkpt>
      <trkpt lat="41.04603" lon="-121.77026">
        <ele>1516.81</ele>
      </trkpt>
      <trkpt lat="41.04568" lon="-121.77041">
        <ele>1519.43</ele>
      </trkpt>
      <trkpt lat="41.04559" lon="-121.77059">
        <ele>1521.37</ele>
      </trkpt>
      <trkpt lat="41.04559" lon="-121.77103">
        <ele>1526.0</ele>
      </trkpt>
      <trkpt lat="41.0456" lon="-121.77124">
        <ele>1527.19</ele>
      </trkpt>
      <trkpt lat="41.04557" lon="-121.77146">
        <ele>1528.12</ele>
      </trkpt>
      <trkpt lat="41.04555" lon="-121.77164">
        <ele>1528.98</ele>
      </trkpt>
      <trkpt lat="41.04553" lon="-121.77186">
        <ele>1529.75</ele>
      </trkpt>
      <trkpt lat="41.04568" lon="-121.77192">
        <ele>1531.25</ele>
      </trkpt>
      <trkpt lat="41.0458" lon="-121.77188">
        <ele>1531.94</ele>
      </trkpt>
      <trkpt lat="41.04591" lon="-121.77181">
        <ele>1532.38</ele>
      </trkpt>
      <trkpt lat="41.04605" lon="-121.77175">
        <ele>1532.31</ele>
      </trkpt>
      <trkpt lat="41.04619" lon="-121.77169">
        <ele>1532.89</ele>
      </trkpt>
      <trkpt lat="41.04632" lon="-121.77175">
        <ele>1533.9</ele>
      </trkpt>
      <trkpt lat="41.04646" lon="-121.7718">
        <ele>1534.78</ele>
      </trkpt>
      <trkpt lat="41.04662" lon="-121.7718">
        <ele>1535.44</ele>
      </trkpt>
      <trkpt lat="41.04682" lon="-121.77181">
        <ele>1535.25</ele>
      </trkpt>
      <trkpt lat="41.04701" lon="-121.77193">
        <ele>1535.14</ele>
      </trkpt>
      <trkpt lat="41.04723" lon="-121.77219">
        <ele>1536.57</ele>
      </trkpt>
      <trkpt lat="41.04735" lon="-121.77229">
        <ele>1536.35</ele>
      </trkpt>
      <trkpt lat="41.04753" lon="-121.77235">
        <ele>1535.38</ele>
      </trkpt>
      <trkpt lat="41.04771" lon="-121.77236">
        <ele>1534.22</ele>
      </trkpt>
      <trkpt lat="41.04788" lon="-121.77246">
        <ele>1534.46</ele>
      </trkpt>
      <trkpt lat="41.04803" lon="-121.77261">
        <ele>1534.46</ele>
      </trkpt>
      <trkpt lat="41.04816" lon="-121.77273">
        <ele>1534.36</ele>
      </trkpt>
      <trkpt lat="41.0484" lon="-121.773">
        <ele>1534.68</ele>
      </trkpt>
      <trkpt lat="41.04856" lon="-121.77315">
        <ele>1534.57</ele>
      </trkpt>
      <trkpt lat="41.04876" lon="-121.77343">
        <ele>1535.44</ele>
      </trkpt>
      <trkpt lat="41.04891" lon="-121.77362">
        <ele>1535.87</ele>
      </trkpt>
      <trkpt lat="41.04933" lon="-121.77397">
        <ele>1536.11</ele>
      </trkpt>
      <trkpt lat="41.04949" lon="-121.77409">
        <ele>1536.17</ele>
      </trkpt>
      <trkpt lat="41.04968" lon="-121.77415">
        <ele>1536.82</ele>
      </trkpt>
      <trkpt lat="41.04993" lon="-121.7741">
        <ele>1537.07</ele>
      </trkpt>
      <trkpt lat="41.05017" lon="-121.77409">
        <ele>1537.17</ele>
      </trkpt>
      <trkpt lat="41.05055" lon="-121.77415">
        <ele>1537.99</ele>
      </trkpt>
      <trkpt lat="41.05089" lon="-121.77418">
        <ele>1538.0</ele>
      </trkpt>
      <trkpt lat="41.05089" lon="-121.77418">
        <ele>1538.0</ele>
      </trkpt>
      <trkpt lat="41.05095" lon="-121.77418">
        <ele>1537.96</ele>
      </trkpt>
      <trkpt lat="41.05123" lon="-121.77424">
        <ele>1536.21</ele>
      </trkpt>
      <trkpt lat="41.05152" lon="-121.77436">
        <ele>1535.0</ele>
      </trkpt>
      <trkpt lat="41.05183" lon="-121.77443">
        <ele>1534.16</ele>
      </trkpt>
      <trkpt lat="41.05237" lon="-121.77461">
        <ele>1531.21</ele>
      </trkpt>
      <trkpt lat="41.05261" lon="-121.77467">
        <ele>1528.48</ele>
      </trkpt>
      <trkpt lat="41.05277" lon="-121.7747">
        <ele>1527.26</ele>
      </trkpt>
      <trkpt lat="41.05294" lon="-121.77458">
        <ele>1526.78</ele>
      </trkpt>
      <trkpt lat="41.05323" lon="-121.77438">
        <ele>1524.85</ele>
      </trkpt>
      <trkpt lat="41.05335" lon="-121.7743">
        <ele>1523.2</ele>
      </trkpt>
      <trkpt lat="41.05348" lon="-121.77426">
        <ele>1521.41</ele>
      </trkpt>
      <trkpt lat="41.05358" lon="-121.77426">
        <ele>1520.33</ele>
      </trkpt>
      <trkpt lat="41.05375" lon="-121.77431">
        <ele>1517.95</ele>
      </trkpt>
      <trkpt lat="41.05392" lon="-121.77435">
        <ele>1516.68</ele>
      </trkpt>
      <trkpt lat="41.0541" lon="-121.77445">
        <ele>1513.94</ele>
      </trkpt>
      <trkpt lat="41.05423" lon="-121.77453">
        <ele>1512.39</ele>
      </trkpt>
      <trkpt lat="41.05447" lon="-121.7747">
        <ele>1511.24</ele>
      </trkpt>
      <trkpt lat="41.05475" lon="-121.77489">
        <ele>1510.19</ele>
      </trkpt>
      <trkpt lat="41.05498" lon="-121.77507">
        <ele>1508.24</ele>
      </trkpt>
      <trkpt lat="41.05529" lon="-121.77526">
        <ele>1505.89</ele>
      </trkpt>
      <trkpt lat="41.05549" lon="-121.77558">
        <ele>1502.74</ele>
      </trkpt>
      <trkpt lat="41.0557" lon="-121.77585">
        <ele>1499.82</ele>
      </trkpt>
      <trkpt lat="41.05585" lon="-121.776">
        <ele>1498.2</ele>
      </trkpt>
      <trkpt lat="41.05589" lon="-121.77602">
        <ele>1498.0</ele>
      </trkpt>
      <trkpt lat="41.0559" lon="-121.77603">
        <ele>1498.0</ele>
      </trkpt>
      <trkpt lat="41.05608" lon="-121.7761">
        <ele>1498.78</ele>
      </trkpt>
      <trkpt lat="41.05614" lon="-121.77615">
        <ele>1499.49</ele>
      </trkpt>
      <trkpt lat="41.05622" lon="-121.77648">
        <ele>1499.37</ele>
      </trkpt>
      <trkpt lat="41.05623" lon="-121.77668">
        <ele>1498.18</ele>
      </trkpt>
      <trkpt lat="41.0563" lon="-121.77699">
        <ele>1496.59</ele>
      </trkpt>
      <trkpt lat="41.05634" lon="-121.77715">
        <ele>1495.72</ele>
      </trkpt>
      <trkpt lat="41.05661" lon="-121.77736">
        <ele>1497.9</ele>
      </trkpt>
      <trkpt lat="41.05669" lon="-121.77743">
        <ele>1498.44</ele>
      </trkpt>
      <trkpt lat="41.05681" lon="-121.77767">
        <ele>1499.17</ele>
      </trkpt>
      <trkpt lat="41.05686" lon="-121.77787">
        <ele>1499.18</ele>
      </trkpt>
      <trkpt lat="41.05686" lon="-121.77807">
        <ele>1497.16</ele>
      </trkpt>
      <trkpt lat="41.05702" lon="-121.77838">
        <ele>1497.31</ele>
      </trkpt>
      <trkpt lat="41.05719" lon="-121.77897">
        <ele>1492.86</ele>
      </trkpt>
      <trkpt lat="41.05736" lon="-121.77925">
        <ele>1491.13</ele>
      </trkpt>
      <trkpt lat="41.05751" lon="-121.77954">
        <ele>1489.22</ele>
      </trkpt>
      <trkpt lat="41.0576" lon="-121.77994">
        <ele>1489.16</ele>
      </trkpt>
      <trkpt lat="41.05765" lon="-121.78023">
        <ele>1488.76</ele>
      </trkpt>
      <trkpt lat="41.05789" lon="-121.78062">
        <ele>1489.66</ele>
      </trkpt>
      <trkpt lat="41.05799" lon="-121.78091">
        <ele>1489.29</ele>
      </trkpt>
      <trkpt lat="41.05807" lon="-121.78122">
        <ele>1486.98</ele>
      </trkpt>
      <trkpt lat="41.05815" lon="-121.7816">
        <ele>1483.74</ele>
      </trkpt>
      <trkpt lat="41.05824" lon="-121.78194">
        <ele>1482.04</ele>
      </trkpt>
      <trkpt lat="41.05826" lon="-121.78258">
        <ele>1478.52</ele>
      </trkpt>
      <trkpt lat="41.05822" lon="-121.78296">
        <ele>1476.56</ele>
      </trkpt>
      <trkpt lat="41.05827" lon="-121.78324">
        <ele>1475.32</ele>
      </trkpt>
      <trkpt lat="41.05834" lon="-121.78353">
        <ele>1472.95</ele>
      </trkpt>
      <trkpt lat="41.05841" lon="-121.78372">
        <ele>1470.65</ele>
      </trkpt>
      <trkpt lat="41.05854" lon="-121.78399">
        <ele>1466.91</ele>
      </trkpt>
      <trkpt lat="41.05864" lon="-121.78414">
        <ele>1465.07</ele>
      </trkpt>
      <trkpt lat="41.05882" lon="-121.78427">
        <ele>1461.77</ele>
      </trkpt>
      <trkpt lat="41.05894" lon="-121.78451">
        <ele>1456.03</ele>
      </trkpt>
      <trkpt lat="41.05907" lon="-121.78469">
        <ele>1452.36</ele>
      </trkpt>
      <trkpt lat="41.05918" lon="-121.78477">
        <ele>1450.48</ele>
      </trkpt>
      <trkpt lat="41.05928" lon="-121.7848">
        <ele>1449.94</ele>
      </trkpt>
      <trkpt lat="41.05952" lon="-121.78492">
        <ele>1446.05</ele>
      </trkpt>
      <trkpt lat="41.05966" lon="-121.785">
        <ele>1443.67</ele>
      </trkpt>
      <trkpt lat="41.05976" lon="-121.78503">
        <ele>1443.0</ele>
      </trkpt>
      <trkpt lat="41.06007" lon="-121.78516">
        <ele>1444.73</ele>
      </trkpt>
      <trkpt lat="41.06014" lon="-121.78519">
        <ele>1445.05</ele>
      </trkpt>
      <trkpt lat="41.06033" lon="-121.78523">
        <ele>1446.48</ele>
      </trkpt>
      <trkpt lat="41.06045" lon="-121.78527">
        <ele>1447.78</ele>
      </trkpt>
      <trkpt lat="41.06051" lon="-121.78534">
        <ele>1449.18</ele>
      </trkpt>
      <trkpt lat="41.06052" lon="-121.78546">
        <ele>1450.58</ele>
      </trkpt>
      <trkpt lat="41.06043" lon="-121.78563">
        <ele>1451.52</ele>
      </trkpt>
      <trkpt lat="41.06036" lon="-121.78584">
        <ele>1452.96</ele>
      </trkpt>
      <trkpt lat="41.06033" lon="-121.78603">
        <ele>1454.69</ele>
      </trkpt>
      <trkpt lat="41.06036" lon="-121.78616">
        <ele>1456.42</ele>
      </trkpt>
      <trkpt lat="41.06045" lon="-121.78643">
        <ele>1459.3</ele>
      </trkpt>
      <trkpt lat="41.06063" lon="-121.78666">
        <ele>1463.73</ele>
      </trkpt>
      <trkpt lat="41.06075" lon="-121.78678">
        <ele>1466.1</ele>
      </trkpt>
      <trkpt lat="41.06083" lon="-121.78686">
        <ele>1467.05</ele>
      </trkpt>
      <trkpt lat="41.06083" lon="-121.78686">
        <ele>1467.05</ele>
      </trkpt>
      <trkpt lat="41.06095" lon="-121.78697">
        <ele>1469.72</ele>
      </trkpt>
      <trkpt lat="41.06105" lon="-121.78714">
        <ele>1472.38</ele>
      </trkpt>
      <trkpt lat="41.0612" lon="-121.78728">
        <ele>1474.96</ele>
      </trkpt>
      <trkpt lat="41.06137" lon="-121.78741">
        <ele>1478.62</ele>
      </trkpt>
      <trkpt lat="41.06153" lon="-121.78757">
        <ele>1482.8</ele>
      </trkpt>
      <trkpt lat="41.06172" lon="-121.78772">
        <ele>1486.58</ele>
      </trkpt>
      <trkpt lat="41.06215" lon="-121.78785">
        <ele>1490.22</ele>
      </trkpt>
      <trkpt lat="41.0624" lon="-121.78783">
        <ele>1491.92</ele>
      </trkpt>
      <trkpt lat="41.0627" lon="-121.78773">
        <ele>1494.59</ele>
      </trkpt>
      <trkpt lat="41.06299" lon="-121.78753">
        <ele>1497.77</ele>
      </trkpt>
      <trkpt lat="41.06323" lon="-121.78738">
        <ele>1499.3</ele>
      </trkpt>
      <trkpt lat="41.06337" lon="-121.78723">
        <ele>1500.0</ele>
      </trkpt>
      <trkpt lat="41.06353" lon="-121.78712">
        <ele>1501.0</ele>
      </trkpt>
      <trkpt lat="41.06406" lon="-121.78707">
        <ele>1501.95</ele>
      </trkpt>
      <trkpt lat="41.06425" lon="-121.78718">
        <ele>1502.0</ele>
      </trkpt>
      <trkpt lat="41.06444" lon="-121.78716">
        <ele>1502.0</ele>
      </trkpt>
      <trkpt lat="41.06456" lon="-121.78721">
        <ele>1502.0</ele>
      </trkpt>
      <trkpt lat="41.06476" lon="-121.78739">
        <ele>1502.0</ele>
      </trkpt>
      <trkpt lat="41.06491" lon="-121.78745">
        <ele>1501.55</ele>
      </trkpt>
      <trkpt lat="41.06544" lon="-121.78779">
        <ele>1501.87</ele>
      </trkpt>
      <trkpt lat="41.06578" lon="-121.78796">
        <ele>1502.0</ele>
      </trkpt>
      <trkpt lat="41.06596" lon="-121.78796">
        <ele>1502.0</ele>
      </trkpt>
      <trkpt lat="41.0662" lon="-121.788">
        <ele>1502.0</ele>
      </trkpt>
      <trkpt lat="41.06635" lon="-121.78801">
        <ele>1501.49</ele>
      </trkpt>
      <trkpt lat="41.06645" lon="-121.78805">
        <ele>1501.02</ele>
      </trkpt>
      <trkpt lat="41.06655" lon="-121.78825">
        <ele>1500.23</ele>
      </trkpt>
      <trkpt lat="41.06677" lon="-121.78856">
        <ele>1500.0</ele>
      </trkpt>
      <trkpt lat="41.06694" lon="-121.78874">
        <ele>1500.95</ele>
      </trkpt>
      <trkpt lat="41.06698" lon="-121.78889">
        <ele>1501.38</ele>
      </trkpt>
      <trkpt lat="41.06708" lon="-121.78895">
        <ele>1502.0</ele>
      </trkpt>
      <trkpt lat="41.06721" lon="-121.78913">
        <ele>1502.87</ele>
      </trkpt>
      <trkpt lat="41.06736" lon="-121.78932">
        <ele>1503.49</ele>
      </trkpt>
      <trkpt lat="41.06743" lon="-121.7895">
        <ele>1504.24</ele>
      </trkpt>
      <trkpt lat="41.06745" lon="-121.78965">
        <ele>1503.82</ele>
      </trkpt>
      <trkpt lat="41.0675" lon="-121.78974">
        <ele>1504.0</ele>
      </trkpt>
      <trkpt lat="41.06758" lon="-121.78992">
        <ele>1504.85</ele>
      </trkpt>
      <trkpt lat="41.06778" lon="-121.79009">
        <ele>1508.02</ele>
      </trkpt>
      <trkpt lat="41.06801" lon="-121.79031">
        <ele>1510.51</ele>
      </trkpt>
      <trkpt lat="41.06822" lon="-121.7906">
        <ele>1512.78</ele>
      </trkpt>
      <trkpt lat="41.06849" lon="-121.79124">
        <ele>1514.69</ele>
      </trkpt>
      <trkpt lat="41.06855" lon="-121.7916">
        <ele>1514.34</ele>
      </trkpt>
      <trkpt lat="41.06855" lon="-121.7916">
        <ele>1514.34</ele>
      </trkpt>
      <trkpt lat="41.06859" lon="-121.79182">
        <ele>1514.04</ele>
      </trkpt>
      <trkpt lat="41.06866" lon="-121.792">
        <ele>1513.93</ele>
      </trkpt>
      <trkpt lat="41.06899" lon="-121.79232">
        <ele>1517.04</ele>
      </trkpt>
      <trkpt lat="41.06921" lon="-121.79244">
        <ele>1519.77</ele>
      </trkpt>
      <trkpt lat="41.06941" lon="-121.79256">
        <ele>1522.63</ele>
      </trkpt>
      <trkpt lat="41.06958" lon="-121.79271">
        <ele>1524.46</ele>
      </trkpt>
      <trkpt lat="41.06982" lon="-121.79289">
        <ele>1527.06</ele>
      </trkpt>
      <trkpt lat="41.07014" lon="-121.79301">
        <ele>1530.51</ele>
      </trkpt>
      <trkpt lat="41.07071" lon="-121.79333">
        <ele>1536.69</ele>
      </trkpt>
      <trkpt lat="41.07087" lon="-121.79345">
        <ele>1538.4</ele>
      </trkpt>
      <trkpt lat="41.07097" lon="-121.79354">
        <ele>1539.35</ele>
      </trkpt>
      <trkpt lat="41.07106" lon="-121.79365">
        <ele>1540.22</ele>
      </trkpt>
      <trkpt lat="41.07117" lon="-121.79379">
        <ele>1540.7</ele>
      </trkpt>
      <trkpt lat="41.07141" lon="-121.79431">
        <ele>1542.8</ele>
      </trkpt>
      <trkpt lat="41.07155" lon="-121.79478">
        <ele>1543.58</ele>
      </trkpt>
      <trkpt lat="41.0716" lon="-121.79518">
        <ele>1543.3</ele>
      </trkpt>
      <trkpt lat="41.07161" lon="-121.79541">
        <ele>1542.35</ele>
      </trkpt>
      <trkpt lat="41.07164" lon="-121.79565">
        <ele>1541.42</ele>
      </trkpt>
      <trkpt lat="41.07166" lon="-121.79612">
        <ele>1539.76</ele>
      </trkpt>
      <trkpt lat="41.0717" lon="-121.79626">
        <ele>1539.86</ele>
      </trkpt>
      <trkpt lat="41.07185" lon="-121.79662">
        <ele>1541.45</ele>
      </trkpt>
      <trkpt lat="41.07222" lon="-121.79703">
        <ele>1548.93</ele>
      </trkpt>
      <trkpt lat="41.07262" lon="-121.79744">
        <ele>1556.34</ele>
      </trkpt>
      <trkpt lat="41.07273" lon="-121.79758">
        <ele>1558.1</ele>
      </trkpt>
      <trkpt lat="41.07301" lon="-121.79817">
        <ele>1559.78</ele>
      </trkpt>
      <trkpt lat="41.07328" lon="-121.79866">
        <ele>1560.62</ele>
      </trkpt>
      <trkpt lat="41.07352" lon="-121.79891">
        <ele>1562.8</ele>
      </trkpt>
      <trkpt lat="41.07374" lon="-121.79917">
        <ele>1564.75</ele>
      </trkpt>
      <trkpt lat="41.0739" lon="-121.79931">
        <ele>1566.69</ele>
      </trkpt>
      <trkpt lat="41.07404" lon="-121.79941">
        <ele>1568.64</ele>
      </trkpt>
      <trkpt lat="41.07431" lon="-121.79968">
        <ele>1571.55</ele>
      </trkpt>
      <trkpt lat="41.07495" lon="-121.80026">
        <ele>1579.2</ele>
      </trkpt>
      <trkpt lat="41.07516" lon="-121.80056">
        <ele>1581.14</ele>
      </trkpt>
      <trkpt lat="41.07516" lon="-121.80056">
        <ele>1581.14</ele>
      </trkpt>
      <trkpt lat="41.0753" lon="-121.80075">
        <ele>1582.38</ele>
      </trkpt>
      <trkpt lat="41.07556" lon="-121.80131">
        <ele>1583.95</ele>
      </trkpt>
      <trkpt lat="41.07562" lon="-121.80149">
        <ele>1584.3</ele>
      </trkpt>
      <trkpt lat="41.07564" lon="-121.80154">
        <ele>1584.19</ele>
      </trkpt>
      <trkpt lat="41.07573" lon="-121.80166">
        <ele>1585.77</ele>
      </trkpt>
      <trkpt lat="41.07592" lon="-121.80185">
        <ele>1587.89</ele>
      </trkpt>
      <trkpt lat="41.07605" lon="-121.80192">
        <ele>1589.94</ele>
      </trkpt>
      <trkpt lat="41.07616" lon="-121.80195">
        <ele>1592.0</ele>
      </trkpt>
      <trkpt lat="41.07643" lon="-121.80207">
        <ele>1595.37</ele>
      </trkpt>
      <trkpt lat="41.0766" lon="-121.80205">
        <ele>1596.72</ele>
      </trkpt>
      <trkpt lat="41.07684" lon="-121.80197">
        <ele>1597.58</ele>
      </trkpt>
      <trkpt lat="41.07707" lon="-121.80181">
        <ele>1599.71</ele>
      </trkpt>
      <trkpt lat="41.07717" lon="-121.80172">
        <ele>1601.41</ele>
      </trkpt>
      <trkpt lat="41.07717" lon="-121.80172">
        <ele>1601.41</ele>
      </trkpt>
      <trkpt lat="41.07724" lon="-121.80165">
        <ele>1602.17</ele>
      </trkpt>
      <trkpt lat="41.07746" lon="-121.80131">
        <ele>1606.14</ele>
      </trkpt>
      <trkpt lat="41.07773" lon="-121.80095">
        <ele>1610.87</ele>
      </trkpt>
      <trkpt lat="41.07794" lon="-121.80077">
        <ele>1612.38</ele>
      </trkpt>
      <trkpt lat="41.0782" lon="-121.80057">
        <ele>1613.41</ele>
      </trkpt>
      <trkpt lat="41.07888" lon="-121.79985">
        <ele>1619.15</ele>
      </trkpt>
      <trkpt lat="41.07898" lon="-121.79975">
        <ele>1620.13</ele>
      </trkpt>
      <trkpt lat="41.0791" lon="-121.79948">
        <ele>1624.95</ele>
      </trkpt>
      <trkpt lat="41.07928" lon="-121.79925">
        <ele>1630.08</ele>
      </trkpt>
      <trkpt lat="41.07941" lon="-121.79911">
        <ele>1633.21</ele>
      </trkpt>
      <trkpt lat="41.07957" lon="-121.79904">
        <ele>1634.16</ele>
      </trkpt>
      <trkpt lat="41.07966" lon="-121.79897">
        <ele>1634.96</ele>
      </trkpt>
      <trkpt lat="41.07975" lon="-121.79885">
        <ele>1637.12</ele>
      </trkpt>
      <trkpt lat="41.08007" lon="-121.79863">
        <ele>1637.64</ele>
      </trkpt>
      <trkpt lat="41.08037" lon="-121.79848">
        <ele>1637.42</ele>
      </trkpt>
      <trkpt lat="41.08061" lon="-121.79841">
        <ele>1636.69</ele>
      </trkpt>
      <trkpt lat="41.08075" lon="-121.79836">
        <ele>1636.3</ele>
      </trkpt>
      <trkpt lat="41.08103" lon="-121.79825">
        <ele>1635.45</ele>
      </trkpt>
      <trkpt lat="41.0814" lon="-121.79798">
        <ele>1645.08</ele>
      </trkpt>
      <trkpt lat="41.08147" lon="-121.79793">
        <ele>1647.07</ele>
      </trkpt>
      <trkpt lat="41.08169" lon="-121.79797">
        <ele>1646.72</ele>
      </trkpt>
      <trkpt lat="41.08184" lon="-121.79803">
        <ele>1645.7</ele>
      </trkpt>
      <trkpt lat="41.08196" lon="-121.79813">
        <ele>1643.76</ele>
      </trkpt>
      <trkpt lat="41.08204" lon="-121.79816">
        <ele>1643.52</ele>
      </trkpt>
      <trkpt lat="41.08235" lon="-121.79824">
        <ele>1645.4</ele>
      </trkpt>
      <trkpt lat="41.08254" lon="-121.79827">
        <ele>1646.48</ele>
      </trkpt>
      <trkpt lat="41.08278" lon="-121.79842">
        <ele>1642.26</ele>
      </trkpt>
      <trkpt lat="41.08302" lon="-121.79847">
        <ele>1641.39</ele>
      </trkpt>
      <trkpt lat="41.08338" lon="-121.79858">
        <ele>1638.01</ele>
      </trkpt>
      <trkpt lat="41.08352" lon="-121.79867">
        <ele>1635.09</ele>
      </trkpt>
      <trkpt lat="41.08369" lon="-121.79872">
        <ele>1633.47</ele>
      </trkpt>
      <trkpt lat="41.08389" lon="-121.79869">
        <ele>1635.3</ele>
      </trkpt>
      <trkpt lat="41.08427" lon="-121.79853">
        <ele>1638.88</ele>
      </trkpt>
      <trkpt lat="41.08452" lon="-121.79848">
        <ele>1639.42</ele>
      </trkpt>
      <trkpt lat="41.08466" lon="-121.79847">
        <ele>1640.52</ele>
      </trkpt>
      <trkpt lat="41.08484" lon="-121.79855">
        <ele>1640.59</ele>
      </trkpt>
      <trkpt lat="41.08493" lon="-121.79866">
        <ele>1639.56</ele>
      </trkpt>
      <trkpt lat="41.085" lon="-121.7987">
        <ele>1641.04</ele>
      </trkpt>
      <trkpt lat="41.08515" lon="-121.79864">
        <ele>1644.93</ele>
      </trkpt>
      <trkpt lat="41.0853" lon="-121.79865">
        <ele>1647.92</ele>
      </trkpt>
      <trkpt lat="41.08562" lon="-121.79885">
        <ele>1651.52</ele>
      </trkpt>
      <trkpt lat="41.08571" lon="-121.79893">
        <ele>1652.89</ele>
      </trkpt>
      <trkpt lat="41.08571" lon="-121.79893">
        <ele>1652.89</ele>
      </trkpt>
      <trkpt lat="41.08574" lon="-121.79896">
        <ele>1653.22</ele>
      </trkpt>
      <trkpt lat="41.08584" lon="-121.79904">
        <ele>1656.14</ele>
      </trkpt>
      <trkpt lat="41.08591" lon="-121.79916">
        <ele>1657.5</ele>
      </trkpt>
      <trkpt lat="41.08602" lon="-121.79927">
        <ele>1661.0</ele>
      </trkpt>
      <trkpt lat="41.08616" lon="-121.79929">
        <ele>1661.16</ele>
      </trkpt>
      <trkpt lat="41.08621" lon="-121.79914">
        <ele>1659.71</ele>
      </trkpt>
      <trkpt lat="41.08627" lon="-121.79909">
        <ele>1659.17</ele>
      </trkpt>
      <trkpt lat="41.08635" lon="-121.79913">
        <ele>1659.37</ele>
      </trkpt>
      <trkpt lat="41.08646" lon="-121.79924">
        <ele>1660.02</ele>
      </trkpt>
      <trkpt lat="41.08665" lon="-121.79923">
        <ele>1658.86</ele>
      </trkpt>
      <trkpt lat="41.08686" lon="-121.79916">
        <ele>1656.77</ele>
      </trkpt>
      <trkpt lat="41.08699" lon="-121.79915">
        <ele>1655.24</ele>
      </trkpt>
      <trkpt lat="41.08712" lon="-121.79918">
        <ele>1654.39</ele>
      </trkpt>
      <trkpt lat="41.08726" lon="-121.79928">
        <ele>1654.5</ele>
      </trkpt>
      <trkpt lat="41.08731" lon="-121.7994">
        <ele>1655.6</ele>
      </trkpt>
      <trkpt lat="41.08734" lon="-121.79993">
        <ele>1659.46</ele>
      </trkpt>
      <trkpt lat="41.08737" lon="-121.80013">
        <ele>1657.81</ele>
      </trkpt>
      <trkpt lat="41.08745" lon="-121.80026">
        <ele>1656.08</ele>
      </trkpt>
      <trkpt lat="41.08752" lon="-121.80054">
        <ele>1652.74</ele>
      </trkpt>
      <trkpt lat="41.08756" lon="-121.80069">
        <ele>1650.25</ele>
      </trkpt>
      <trkpt lat="41.08769" lon="-121.80075">
        <ele>1647.85</ele>
      </trkpt>
      <trkpt lat="41.08798" lon="-121.80092">
        <ele>1645.82</ele>
      </trkpt>
      <trkpt lat="41.08827" lon="-121.80108">
        <ele>1643.0</ele>
      </trkpt>
      <trkpt lat="41.08857" lon="-121.80118">
        <ele>1642.0</ele>
      </trkpt>
      <trkpt lat="41.0887" lon="-121.80131">
        <ele>1641.0</ele>
      </trkpt>
      <trkpt lat="41.08889" lon="-121.80156">
        <ele>1639.15</ele>
      </trkpt>
      <trkpt lat="41.08906" lon="-121.80163">
        <ele>1638.4</ele>
      </trkpt>
      <trkpt lat="41.08924" lon="-121.80169">
        <ele>1637.55</ele>
      </trkpt>
      <trkpt lat="41.08962" lon="-121.80174">
        <ele>1638.19</ele>
      </trkpt>
      <trkpt lat="41.08986" lon="-121.80161">
        <ele>1641.1</ele>
      </trkpt>
      <trkpt lat="41.09027" lon="-121.80112">
        <ele>1645.92</ele>
      </trkpt>
      <trkpt lat="41.09036" lon="-121.80103">
        <ele>1646.89</ele>
      </trkpt>
      <trkpt lat="41.09044" lon="-121.80101">
        <ele>1647.75</ele>
      </trkpt>
      <trkpt lat="41.09053" lon="-121.80102">
        <ele>1648.72</ele>
      </trkpt>
      <trkpt lat="41.09057" lon="-121.80103">
        <ele>1649.0</ele>
      </trkpt>
      <trkpt lat="41.09064" lon="-121.80106">
        <ele>1649.0</ele>
      </trkpt>
      <trkpt lat="41.09075" lon="-121.8011">
        <ele>1649.88</ele>
      </trkpt>
      <trkpt lat="41.09093" lon="-121.8012">
        <ele>1651.92</ele>
      </trkpt>
      <trkpt lat="41.09098" lon="-121.80119">
        <ele>1651.7</ele>
      </trkpt>
      <trkpt lat="41.09107" lon="-121.80117">
        <ele>1650.72</ele>
      </trkpt>
      <trkpt lat="41.09119" lon="-121.80106">
        <ele>1647.04</ele>
      </trkpt>
      <trkpt lat="41.09125" lon="-121.80104">
        <ele>1645.96</ele>
      </trkpt>
      <trkpt lat="41.09131" lon="-121.80106">
        <ele>1645.83</ele>
      </trkpt>
      <trkpt lat="41.09139" lon="-121.80102">
        <ele>1645.02</ele>
      </trkpt>
      <trkpt lat="41.09152" lon="-121.80089">
        <ele>1644.03</ele>
      </trkpt>
      <trkpt lat="41.09159" lon="-121.80086">
        <ele>1644.51</ele>
      </trkpt>
      <trkpt lat="41.09174" lon="-121.80084">
        <ele>1645.94</ele>
      </trkpt>
      <trkpt lat="41.09181" lon="-121.80085">
        <ele>1647.36</ele>
      </trkpt>
      <trkpt lat="41.09195" lon="-121.80083">
        <ele>1649.05</ele>
      </trkpt>
      <trkpt lat="41.09201" lon="-121.80076">
        <ele>1648.83</ele>
      </trkpt>
      <trkpt lat="41.09211" lon="-121.80058">
        <ele>1648.84</ele>
      </trkpt>
      <trkpt lat="41.09217" lon="-121.80048">
        <ele>1649.06</ele>
      </trkpt>
      <trkpt lat="41.09228" lon="-121.8004">
        <ele>1649.69</ele>
      </trkpt>
      <trkpt lat="41.09237" lon="-121.80035">
        <ele>1650.29</ele>
      </trkpt>
      <trkpt lat="41.09253" lon="-121.80031">
        <ele>1652.34</ele>
      </trkpt>
      <trkpt lat="41.09263" lon="-121.80031">
        <ele>1654.5</ele>
      </trkpt>
      <trkpt lat="41.09271" lon="-121.8003">
        <ele>1656.28</ele>
      </trkpt>
      <trkpt lat="41.09275" lon="-121.80027">
        <ele>1656.87</ele>
      </trkpt>
      <trkpt lat="41.0928" lon="-121.8002">
        <ele>1655.96</ele>
      </trkpt>
      <trkpt lat="41.09292" lon="-121.80012">
        <ele>1655.96</ele>
      </trkpt>
      <trkpt lat="41.09297" lon="-121.80012">
        <ele>1657.04</ele>
      </trkpt>
      <trkpt lat="41.09301" lon="-121.80013">
        <ele>1658.23</ele>
      </trkpt>
      <trkpt lat="41.09307" lon="-121.80018">
        <ele>1660.84</ele>
      </trkpt>
      <trkpt lat="41.0931" lon="-121.80024">
        <ele>1662.47</ele>
      </trkpt>
      <trkpt lat="41.09313" lon="-121.80025">
        <ele>1662.96</ele>
      </trkpt>
      <trkpt lat="41.09316" lon="-121.80024">
        <ele>1662.96</ele>
      </trkpt>
      <trkpt lat="41.0932" lon="-121.80015">
        <ele>1661.15</ele>
      </trkpt>
      <trkpt lat="41.09323" lon="-121.80014">
        <ele>1661.36</ele>
      </trkpt>
      <trkpt lat="41.09329" lon="-121.8001">
        <ele>1660.77</ele>
      </trkpt>
      <trkpt lat="41.09332" lon="-121.80003">
        <ele>1659.5</ele>
      </trkpt>
      <trkpt lat="41.0933" lon="-121.79991">
        <ele>1656.35</ele>
      </trkpt>
      <trkpt lat="41.09339" lon="-121.79978">
        <ele>1658.6</ele>
      </trkpt>
      <trkpt lat="41.09343" lon="-121.79972">
        <ele>1660.15</ele>
      </trkpt>
      <trkpt lat="41.09343" lon="-121.79964">
        <ele>1660.98</ele>
      </trkpt>
      <trkpt lat="41.09341" lon="-121.79952">
        <ele>1661.69</ele>
      </trkpt>
      <trkpt lat="41.09341" lon="-121.79942">
        <ele>1661.87</ele>
      </trkpt>
      <trkpt lat="41.09344" lon="-121.79935">
        <ele>1662.15</ele>
      </trkpt>
      <trkpt lat="41.09348" lon="-121.79931">
        <ele>1662.58</ele>
      </trkpt>
      <trkpt lat="41.09354" lon="-121.79928">
        <ele>1663.23</ele>
      </trkpt>
      <trkpt lat="41.09362" lon="-121.79927">
        <ele>1664.01</ele>
      </trkpt>
      <trkpt lat="41.09376" lon="-121.79932">
        <ele>1665.26</ele>
      </trkpt>
      <trkpt lat="41.09385" lon="-121.79933">
        <ele>1666.34</ele>
      </trkpt>
      <trkpt lat="41.09414" lon="-121.79925">
        <ele>1668.61</ele>
      </trkpt>
      <trkpt lat="41.09428" lon="-121.79926">
        <ele>1670.23</ele>
      </trkpt>
      <trkpt lat="41.09442" lon="-121.79927">
        <ele>1671.85</ele>
      </trkpt>
      <trkpt lat="41.09456" lon="-121.79929">
        <ele>1673.33</ele>
      </trkpt>
      <trkpt lat="41.09467" lon="-121.79937">
        <ele>1673.76</ele>
      </trkpt>
      <trkpt lat="41.09477" lon="-121.79949">
        <ele>1674.47</ele>
      </trkpt>
      <trkpt lat="41.09484" lon="-121.79958">
        <ele>1675.05</ele>
      </trkpt>
      <trkpt lat="41.0949" lon="-121.7996">
        <ele>1674.47</ele>
      </trkpt>
      <trkpt lat="41.09494" lon="-121.79957">
        <ele>1673.01</ele>
      </trkpt>
      <trkpt lat="41.09498" lon="-121.79949">
        <ele>1670.92</ele>
      </trkpt>
      <trkpt lat="41.09506" lon="-121.79945">
        <ele>1669.41</ele>
      </trkpt>
      <trkpt lat="41.09511" lon="-121.79946">
        <ele>1669.17</ele>
      </trkpt>
      <trkpt lat="41.09515" lon="-121.79942">
        <ele>1668.74</ele>
      </trkpt>
      <trkpt lat="41.09517" lon="-121.79935">
        <ele>1667.96</ele>
      </trkpt>
      <trkpt lat="41.09521" lon="-121.79928">
        <ele>1666.92</ele>
      </trkpt>
      <trkpt lat="41.09525" lon="-121.79909">
        <ele>1666.52</ele>
      </trkpt>
      <trkpt lat="41.09525" lon="-121.79909">
        <ele>1666.52</ele>
      </trkpt>
      <trkpt lat="41.09527" lon="-121.79904">
        <ele>1666.46</ele>
      </trkpt>
      <trkpt lat="41.09533" lon="-121.79883">
        <ele>1666.26</ele>
      </trkpt>
      <trkpt lat="41.09544" lon="-121.79859">
        <ele>1666.97</ele>
      </trkpt>
      <trkpt lat="41.09553" lon="-121.79843">
        <ele>1667.26</ele>
      </trkpt>
      <trkpt lat="41.09561" lon="-121.79827">
        <ele>1667.21</ele>
      </trkpt>
      <trkpt lat="41.09568" lon="-121.79814">
        <ele>1666.51</ele>
      </trkpt>
      <trkpt lat="41.09574" lon="-121.79813">
        <ele>1667.59</ele>
      </trkpt>
      <trkpt lat="41.09586" lon="-121.7981">
        <ele>1669.4</ele>
      </trkpt>
      <trkpt lat="41.09589" lon="-121.79802">
        <ele>1668.46</ele>
      </trkpt>
      <trkpt lat="41.09595" lon="-121.79792">
        <ele>1667.45</ele>
      </trkpt>
      <trkpt lat="41.096" lon="-121.79786">
        <ele>1667.49</ele>
      </trkpt>
      <trkpt lat="41.09609" lon="-121.79786">
        <ele>1668.66</ele>
      </trkpt>
      <trkpt lat="41.09612" lon="-121.79783">
        <ele>1668.76</ele>
      </trkpt>
      <trkpt lat="41.09613" lon="-121.79777">
        <ele>1668.32</ele>
      </trkpt>
      <trkpt lat="41.09612" lon="-121.79765">
        <ele>1667.19</ele>
      </trkpt>
      <trkpt lat="41.09613" lon="-121.79762">
        <ele>1667.41</ele>
      </trkpt>
      <trkpt lat="41.09616" lon="-121.79755">
        <ele>1667.6</ele>
      </trkpt>
      <trkpt lat="41.09626" lon="-121.79753">
        <ele>1668.93</ele>
      </trkpt>
      <trkpt lat="41.09636" lon="-121.79752">
        <ele>1669.9</ele>
      </trkpt>
      <trkpt lat="41.09652" lon="-121.79756">
        <ele>1672.3</ele>
      </trkpt>
      <trkpt lat="41.09658" lon="-121.79756">
        <ele>1672.3</ele>
      </trkpt>
      <trkpt lat="41.09662" lon="-121.79755">
        <ele>1672.08</ele>
      </trkpt>
      <trkpt lat="41.09674" lon="-121.79742">
        <ele>1669.27</ele>
      </trkpt>
      <trkpt lat="41.09688" lon="-121.79737">
        <ele>1668.19</ele>
      </trkpt>
      <trkpt lat="41.09692" lon="-121.79733">
        <ele>1667.33</ele>
      </trkpt>
      <trkpt lat="41.09698" lon="-121.79729">
        <ele>1665.91</ele>
      </trkpt>
      <trkpt lat="41.09705" lon="-121.79728">
        <ele>1665.25</ele>
      </trkpt>
      <trkpt lat="41.09726" lon="-121.79728">
        <ele>1664.62</ele>
      </trkpt>
      <trkpt lat="41.09737" lon="-121.79729">
        <ele>1663.87</ele>
      </trkpt>
      <trkpt lat="41.09744" lon="-121.79726">
        <ele>1662.46</ele>
      </trkpt>
      <trkpt lat="41.09752" lon="-121.79718">
        <ele>1660.33</ele>
      </trkpt>
      <trkpt lat="41.09765" lon="-121.7969">
        <ele>1656.52</ele>
      </trkpt>
      <trkpt lat="41.09769" lon="-121.79675">
        <ele>1654.9</ele>
      </trkpt>
      <trkpt lat="41.09768" lon="-121.7966">
        <ele>1653.28</ele>
      </trkpt>
      <trkpt lat="41.09771" lon="-121.79645">
        <ele>1651.66</ele>
      </trkpt>
      <trkpt lat="41.09775" lon="-121.7963">
        <ele>1650.04</ele>
      </trkpt>
      <trkpt lat="41.09777" lon="-121.7962">
        <ele>1649.88</ele>
      </trkpt>
      <trkpt lat="41.09776" lon="-121.79612">
        <ele>1648.9</ele>
      </trkpt>
      <trkpt lat="41.09776" lon="-121.79596">
        <ele>1647.37</ele>
      </trkpt>
      <trkpt lat="41.09775" lon="-121.79578">
        <ele>1646.42</ele>
      </trkpt>
      <trkpt lat="41.09772" lon="-121.7957">
        <ele>1646.0</ele>
      </trkpt>
      <trkpt lat="41.09775" lon="-121.79552">
        <ele>1645.0</ele>
      </trkpt>
      <trkpt lat="41.0978" lon="-121.79544">
        <ele>1644.75</ele>
      </trkpt>
      <trkpt lat="41.09787" lon="-121.79544">
        <ele>1644.75</ele>
      </trkpt>
      <trkpt lat="41.09803" lon="-121.79546">
        <ele>1644.97</ele>
      </trkpt>
      <trkpt lat="41.09811" lon="-121.79545">
        <ele>1644.94</ele>
      </trkpt>
      <trkpt lat="41.09819" lon="-121.7953">
        <ele>1644.24</ele>
      </trkpt>
      <trkpt lat="41.09824" lon="-121.79508">
        <ele>1644.0</ele>
      </trkpt>
      <trkpt lat="41.09826" lon="-121.79493">
        <ele>1644.0</ele>
      </trkpt>
      <trkpt lat="41.09836" lon="-121.79458">
        <ele>1644.29</ele>
      </trkpt>
      <trkpt lat="41.09841" lon="-121.79425">
        <ele>1645.0</ele>
      </trkpt>
      <trkpt lat="41.09846" lon="-121.79386">
        <ele>1647.37</ele>
      </trkpt>
      <trkpt lat="41.09849" lon="-121.79375">
        <ele>1648.19</ele>
      </trkpt>
      <trkpt lat="41.09848" lon="-121.79368">
        <ele>1648.73</ele>
      </trkpt>
      <trkpt lat="41.0982" lon="-121.7935">
        <ele>1647.64</ele>
      </trkpt>
      <trkpt lat="41.0981" lon="-121.7934">
        <ele>1649.28</ele>
      </trkpt>
      <trkpt lat="41.09808" lon="-121.79326">
        <ele>1650.79</ele>
      </trkpt>
      <trkpt lat="41.09812" lon="-121.79306">
        <ele>1652.65</ele>
      </trkpt>
      <trkpt lat="41.09819" lon="-121.79275">
        <ele>1655.07</ele>
      </trkpt>
      <trkpt lat="41.09821" lon="-121.79252">
        <ele>1656.19</ele>
      </trkpt>
      <trkpt lat="41.09823" lon="-121.79239">
        <ele>1656.88</ele>
      </trkpt>
      <trkpt lat="41.09827" lon="-121.79214">
        <ele>1658.24</ele>
      </trkpt>
      <trkpt lat="41.09832" lon="-121.79162">
        <ele>1660.78</ele>
      </trkpt>
      <trkpt lat="41.09827" lon="-121.79137">
        <ele>1660.63</ele>
      </trkpt>
      <trkpt lat="41.09823" lon="-121.79095">
        <ele>1658.88</ele>
      </trkpt>
      <trkpt lat="41.09824" lon="-121.79073">
        <ele>1657.88</ele>
      </trkpt>
      <trkpt lat="41.09827" lon="-121.79052">
        <ele>1656.93</ele>
      </trkpt>
      <trkpt lat="41.09834" lon="-121.79032">
        <ele>1656.53</ele>
      </trkpt>
      <trkpt lat="41.09843" lon="-121.79015">
        <ele>1656.68</ele>
      </trkpt>
      <trkpt lat="41.09859" lon="-121.78987">
        <ele>1657.37</ele>
      </trkpt>
      <trkpt lat="41.09887" lon="-121.78943">
        <ele>1655.84</ele>
      </trkpt>
      <trkpt lat="41.09894" lon="-121.78935">
        <ele>1654.98</ele>
      </trkpt>
      <trkpt lat="41.09907" lon="-121.78928">
        <ele>1654.22</ele>
      </trkpt>
      <trkpt lat="41.09921" lon="-121.78924">
        <ele>1653.12</ele>
      </trkpt>
      <trkpt lat="41.09933" lon="-121.78925">
        <ele>1651.35</ele>
      </trkpt>
      <trkpt lat="41.09935" lon="-121.78931">
        <ele>1651.59</ele>
      </trkpt>
      <trkpt lat="41.09942" lon="-121.78949">
        <ele>1652.65</ele>
      </trkpt>
      <trkpt lat="41.09948" lon="-121.78966">
        <ele>1654.5</ele>
      </trkpt>
      <trkpt lat="41.0996" lon="-121.78988">
        <ele>1656.05</ele>
      </trkpt>
      <trkpt lat="41.0997" lon="-121.78999">
        <ele>1655.5</ele>
      </trkpt>
      <trkpt lat="41.09986" lon="-121.79006">
        <ele>1651.83</ele>
      </trkpt>
      <trkpt lat="41.09997" lon="-121.79019">
        <ele>1650.04</ele>
      </trkpt>
      <trkpt lat="41.1001" lon="-121.79025">
        <ele>1646.06</ele>
      </trkpt>
      <trkpt lat="41.10028" lon="-121.79026">
        <ele>1639.4</ele>
      </trkpt>
      <trkpt lat="41.10031" lon="-121.79025">
        <ele>1638.75</ele>
      </trkpt>
      <trkpt lat="41.10035" lon="-121.79017">
        <ele>1636.02</ele>
      </trkpt>
      <trkpt lat="41.10035" lon="-121.79">
        <ele>1634.0</ele>
      </trkpt>
      <trkpt lat="41.1004" lon="-121.78983">
        <ele>1633.43</ele>
      </trkpt>
      <trkpt lat="41.10047" lon="-121.78965">
        <ele>1632.3</ele>
      </trkpt>
      <trkpt lat="41.1005" lon="-121.7895">
        <ele>1631.24</ele>
      </trkpt>
      <trkpt lat="41.10054" lon="-121.78939">
        <ele>1630.31</ele>
      </trkpt>
      <trkpt lat="41.10079" lon="-121.78901">
        <ele>1628.15</ele>
      </trkpt>
      <trkpt lat="41.10079" lon="-121.78901">
        <ele>1628.15</ele>
      </trkpt>
      <trkpt lat="41.1009" lon="-121.78878">
        <ele>1625.14</ele>
      </trkpt>
      <trkpt lat="41.10103" lon="-121.78853">
        <ele>1622.5</ele>
      </trkpt>
      <trkpt lat="41.10113" lon="-121.78839">
        <ele>1621.94</ele>
      </trkpt>
      <trkpt lat="41.10147" lon="-121.78818">
        <ele>1622.26</ele>
      </trkpt>
      <trkpt lat="41.10161" lon="-121.78806">
        <ele>1620.1</ele>
      </trkpt>
      <trkpt lat="41.10193" lon="-121.78795">
        <ele>1622.7</ele>
      </trkpt>
      <trkpt lat="41.10203" lon="-121.78776">
        <ele>1621.72</ele>
      </trkpt>
      <trkpt lat="41.1021" lon="-121.78742">
        <ele>1617.63</ele>
      </trkpt>
      <trkpt lat="41.10218" lon="-121.78711">
        <ele>1613.3</ele>
      </trkpt>
      <trkpt lat="41.10226" lon="-121.78695">
        <ele>1612.9</ele>
      </trkpt>
      <trkpt lat="41.10235" lon="-121.78686">
        <ele>1612.59</ele>
      </trkpt>
      <trkpt lat="41.10247" lon="-121.78682">
        <ele>1612.99</ele>
      </trkpt>
      <trkpt lat="41.10258" lon="-121.7868">
        <ele>1613.74</ele>
      </trkpt>
      <trkpt lat="41.10272" lon="-121.78666">
        <ele>1610.86</ele>
      </trkpt>
      <trkpt lat="41.10283" lon="-121.78661">
        <ele>1609.43</ele>
      </trkpt>
      <trkpt lat="41.10298" lon="-121.78661">
        <ele>1607.59</ele>
      </trkpt>
      <trkpt lat="41.10314" lon="-121.78672">
        <ele>1607.33</ele>
      </trkpt>
      <trkpt lat="41.10334" lon="-121.78691">
        <ele>1605.46</ele>
      </trkpt>
      <trkpt lat="41.10352" lon="-121.78699">
        <ele>1602.44</ele>
      </trkpt>
      <trkpt lat="41.10367" lon="-121.78699">
        <ele>1599.2</ele>
      </trkpt>
      <trkpt lat="41.10394" lon="-121.78706">
        <ele>1595.39</ele>
      </trkpt>
      <trkpt lat="41.10409" lon="-121.78705">
        <ele>1592.11</ele>
      </trkpt>
      <trkpt lat="41.10425" lon="-121.787">
        <ele>1589.66</ele>
      </trkpt>
      <trkpt lat="41.10453" lon="-121.78687">
        <ele>1589.12</ele>
      </trkpt>
      <trkpt lat="41.10479" lon="-121.7868">
        <ele>1589.29</ele>
      </trkpt>
      <trkpt lat="41.105" lon="-121.7867">
        <ele>1589.72</ele>
      </trkpt>
      <trkpt lat="41.10511" lon="-121.7865">
        <ele>1589.58</ele>
      </trkpt>
      <trkpt lat="41.10511" lon="-121.78618">
        <ele>1586.56</ele>
      </trkpt>
      <trkpt lat="41.1052" lon="-121.78583">
        <ele>1588.29</ele>
      </trkpt>
      <trkpt lat="41.10536" lon="-121.78531">
        <ele>1589.78</ele>
      </trkpt>
      <trkpt lat="41.10552" lon="-121.78498">
        <ele>1589.4</ele>
      </trkpt>
      <trkpt lat="41.10569" lon="-121.78468">
        <ele>1587.54</ele>
      </trkpt>
      <trkpt lat="41.10582" lon="-121.78458">
        <ele>1586.86</ele>
      </trkpt>
      <trkpt lat="41.10603" lon="-121.78449">
        <ele>1586.49</ele>
      </trkpt>
      <trkpt lat="41.10622" lon="-121.78444">
        <ele>1585.95</ele>
      </trkpt>
      <trkpt lat="41.10645" lon="-121.78445">
        <ele>1585.08</ele>
      </trkpt>
      <trkpt lat="41.10661" lon="-121.78451">
        <ele>1585.32</ele>
      </trkpt>
      <trkpt lat="41.10678" lon="-121.78451">
        <ele>1583.71</ele>
      </trkpt>
      <trkpt lat="41.10696" lon="-121.78451">
        <ele>1582.42</ele>
      </trkpt>
      <trkpt lat="41.10705" lon="-121.78446">
        <ele>1580.74</ele>
      </trkpt>
      <trkpt lat="41.10715" lon="-121.7844">
        <ele>1578.3</ele>
      </trkpt>
      <trkpt lat="41.10723" lon="-121.78438">
        <ele>1577.22</ele>
      </trkpt>
      <trkpt lat="41.10744" lon="-121.78448">
        <ele>1575.43</ele>
      </trkpt>
      <trkpt lat="41.10757" lon="-121.78461">
        <ele>1574.28</ele>
      </trkpt>
      <trkpt lat="41.10762" lon="-121.78476">
        <ele>1574.82</ele>
      </trkpt>
      <trkpt lat="41.10774" lon="-121.78486">
        <ele>1573.9</ele>
      </trkpt>
      <trkpt lat="41.10788" lon="-121.7848">
        <ele>1570.72</ele>
      </trkpt>
      <trkpt lat="41.10801" lon="-121.78478">
        <ele>1568.42</ele>
      </trkpt>
      <trkpt lat="41.10815" lon="-121.78478">
        <ele>1565.6</ele>
      </trkpt>
      <trkpt lat="41.10824" lon="-121.78484">
        <ele>1565.28</ele>
      </trkpt>
      <trkpt lat="41.10839" lon="-121.78508">
        <ele>1565.5</ele>
      </trkpt>
      <trkpt lat="41.10847" lon="-121.78529">
        <ele>1566.18</ele>
      </trkpt>
      <trkpt lat="41.10852" lon="-121.78545">
        <ele>1565.97</ele>
      </trkpt>
      <trkpt lat="41.10852" lon="-121.78566">
        <ele>1567.95</ele>
      </trkpt>
      <trkpt lat="41.10851" lon="-121.78594">
        <ele>1569.28</ele>
      </trkpt>
      <trkpt lat="41.1085" lon="-121.78609">
        <ele>1570.22</ele>
      </trkpt>
      <trkpt lat="41.1084" lon="-121.78621">
        <ele>1572.51</ele>
      </trkpt>
      <trkpt lat="41.10838" lon="-121.78633">
        <ele>1572.49</ele>
      </trkpt>
      <trkpt lat="41.10842" lon="-121.78655">
        <ele>1570.44</ele>
      </trkpt>
      <trkpt lat="41.10836" lon="-121.78679">
        <ele>1570.42</ele>
      </trkpt>
      <trkpt lat="41.10839" lon="-121.78693">
        <ele>1569.78</ele>
      </trkpt>
      <trkpt lat="41.10852" lon="-121.78709">
        <ele>1568.53</ele>
      </trkpt>
      <trkpt lat="41.10863" lon="-121.7872">
        <ele>1567.51</ele>
      </trkpt>
      <trkpt lat="41.10878" lon="-121.78729">
        <ele>1566.82</ele>
      </trkpt>
      <trkpt lat="41.10911" lon="-121.78726">
        <ele>1561.43</ele>
      </trkpt>
      <trkpt lat="41.10924" lon="-121.78738">
        <ele>1562.62</ele>
      </trkpt>
      <trkpt lat="41.10924" lon="-121.78738">
        <ele>1562.62</ele>
      </trkpt>
      <trkpt lat="41.10935" lon="-121.78749">
        <ele>1562.82</ele>
      </trkpt>
      <trkpt lat="41.10947" lon="-121.78744">
        <ele>1560.08</ele>
      </trkpt>
      <trkpt lat="41.10973" lon="-121.78719">
        <ele>1555.44</ele>
      </trkpt>
      <trkpt lat="41.10993" lon="-121.78687">
        <ele>1550.68</ele>
      </trkpt>
      <trkpt lat="41.11005" lon="-121.78654">
        <ele>1548.54</ele>
      </trkpt>
      <trkpt lat="41.11021" lon="-121.78646">
        <ele>1551.1</ele>
      </trkpt>
      <trkpt lat="41.11029" lon="-121.78636">
        <ele>1551.86</ele>
      </trkpt>
      <trkpt lat="41.11042" lon="-121.78603">
        <ele>1552.13</ele>
      </trkpt>
      <trkpt lat="41.11046" lon="-121.78543">
        <ele>1547.96</ele>
      </trkpt>
      <trkpt lat="41.11057" lon="-121.7852">
        <ele>1548.47</ele>
      </trkpt>
      <trkpt lat="41.11075" lon="-121.78491">
        <ele>1550.23</ele>
      </trkpt>
      <trkpt lat="41.11082" lon="-121.78484">
        <ele>1550.36</ele>
      </trkpt>
      <trkpt lat="41.11088" lon="-121.78476">
        <ele>1550.42</ele>
      </trkpt>
      <trkpt lat="41.11106" lon="-121.78459">
        <ele>1552.47</ele>
      </trkpt>
      <trkpt lat="41.11124" lon="-121.78413">
        <ele>1552.0</ele>
      </trkpt>
      <trkpt lat="41.11128" lon="-121.78408">
        <ele>1551.89</ele>
      </trkpt>
      <trkpt lat="41.11138" lon="-121.78395">
        <ele>1551.9</ele>
      </trkpt>
      <trkpt lat="41.11158" lon="-121.78375">
        <ele>1552.56</ele>
      </trkpt>
      <trkpt lat="41.11178" lon="-121.78369">
        <ele>1554.08</ele>
      </trkpt>
      <trkpt lat="41.11202" lon="-121.78358">
        <ele>1555.48</ele>
      </trkpt>
      <trkpt lat="41.11227" lon="-121.78339">
        <ele>1557.13</ele>
      </trkpt>
      <trkpt lat="41.1126" lon="-121.78309">
        <ele>1557.45</ele>
      </trkpt>
      <trkpt lat="41.11269" lon="-121.78296">
        <ele>1557.05</ele>
      </trkpt>
      <trkpt lat="41.1127" lon="-121.7827">
        <ele>1556.16</ele>
      </trkpt>
      <trkpt lat="41.11273" lon="-121.78234">
        <ele>1554.76</ele>
      </trkpt>
      <trkpt lat="41.1128" lon="-121.78199">
        <ele>1554.24</ele>
      </trkpt>
      <trkpt lat="41.11299" lon="-121.78167">
        <ele>1554.61</ele>
      </trkpt>
      <trkpt lat="41.11323" lon="-121.78133">
        <ele>1557.21</ele>
      </trkpt>
      <trkpt lat="41.11336" lon="-121.78103">
        <ele>1559.29</ele>
      </trkpt>
      <trkpt lat="41.11344" lon="-121.78065">
        <ele>1560.15</ele>
      </trkpt>
      <trkpt lat="41.11358" lon="-121.78042">
        <ele>1561.51</ele>
      </trkpt>
      <trkpt lat="41.11366" lon="-121.78021">
        <ele>1561.53</ele>
      </trkpt>
      <trkpt lat="41.11364" lon="-121.77983">
        <ele>1560.89</ele>
      </trkpt>
      <trkpt lat="41.11356" lon="-121.77927">
        <ele>1568.22</ele>
      </trkpt>
      <trkpt lat="41.11345" lon="-121.77913">
        <ele>1568.66</ele>
      </trkpt>
      <trkpt lat="41.11333" lon="-121.77896">
        <ele>1568.19</ele>
      </trkpt>
      <trkpt lat="41.1133" lon="-121.77875">
        <ele>1569.28</ele>
      </trkpt>
      <trkpt lat="41.11332" lon="-121.77856">
        <ele>1570.33</ele>
      </trkpt>
      <trkpt lat="41.11337" lon="-121.77817">
        <ele>1571.79</ele>
      </trkpt>
      <trkpt lat="41.11345" lon="-121.77783">
        <ele>1572.26</ele>
      </trkpt>
      <trkpt lat="41.11352" lon="-121.7776">
        <ele>1573.02</ele>
      </trkpt>
      <trkpt lat="41.11356" lon="-121.77747">
        <ele>1573.45</ele>
      </trkpt>
      <trkpt lat="41.11362" lon="-121.77734">
        <ele>1574.1</ele>
      </trkpt>
      <trkpt lat="41.1137" lon="-121.77713">
        <ele>1575.92</ele>
      </trkpt>
      <trkpt lat="41.11386" lon="-121.77685">
        <ele>1579.7</ele>
      </trkpt>
      <trkpt lat="41.11395" lon="-121.77666">
        <ele>1581.71</ele>
      </trkpt>
      <trkpt lat="41.11397" lon="-121.77642">
        <ele>1582.88</ele>
      </trkpt>
      <trkpt lat="41.11398" lon="-121.77612">
        <ele>1583.97</ele>
      </trkpt>
      <trkpt lat="41.11406" lon="-121.7758">
        <ele>1584.85</ele>
      </trkpt>
      <trkpt lat="41.11412" lon="-121.77565">
        <ele>1585.5</ele>
      </trkpt>
      <trkpt lat="41.11422" lon="-121.7756">
        <ele>1586.58</ele>
      </trkpt>
      <trkpt lat="41.11438" lon="-121.7756">
        <ele>1587.3</ele>
      </trkpt>
      <trkpt lat="41.11457" lon="-121.77567">
        <ele>1588.0</ele>
      </trkpt>
      <trkpt lat="41.11471" lon="-121.77563">
        <ele>1588.0</ele>
      </trkpt>
      <trkpt lat="41.11484" lon="-121.77551">
        <ele>1587.46</ele>
      </trkpt>
      <trkpt lat="41.115" lon="-121.77524">
        <ele>1584.0</ele>
      </trkpt>
      <trkpt lat="41.1151" lon="-121.77507">
        <ele>1582.02</ele>
      </trkpt>
      <trkpt lat="41.11529" lon="-121.77509">
        <ele>1576.93</ele>
      </trkpt>
      <trkpt lat="41.11546" lon="-121.77514">
        <ele>1574.01</ele>
      </trkpt>
      <trkpt lat="41.11562" lon="-121.77536">
        <ele>1571.11</ele>
      </trkpt>
      <trkpt lat="41.11579" lon="-121.77552">
        <ele>1568.14</ele>
      </trkpt>
      <trkpt lat="41.11605" lon="-121.77588">
        <ele>1562.66</ele>
      </trkpt>
      <trkpt lat="41.11605" lon="-121.77588">
        <ele>1562.66</ele>
      </trkpt>
      <trkpt lat="41.11609" lon="-121.77594">
        <ele>1562.26</ele>
      </trkpt>
      <trkpt lat="41.11626" lon="-121.77619">
        <ele>1561.73</ele>
      </trkpt>
      <trkpt lat="41.11644" lon="-121.77642">
        <ele>1560.23</ele>
      </trkpt>
      <trkpt lat="41.11655" lon="-121.77651">
        <ele>1559.65</ele>
      </trkpt>
      <trkpt lat="41.11692" lon="-121.77659">
        <ele>1553.57</ele>
      </trkpt>
      <trkpt lat="41.11729" lon="-121.77673">
        <ele>1547.27</ele>
      </trkpt>
      <trkpt lat="41.11762" lon="-121.77672">
        <ele>1544.28</ele>
      </trkpt>
      <trkpt lat="41.11784" lon="-121.77676">
        <ele>1543.34</ele>
      </trkpt>
      <trkpt lat="41.11822" lon="-121.77692">
        <ele>1543.9</ele>
      </trkpt>
      <trkpt lat="41.11837" lon="-121.77701">
        <ele>1544.59</ele>
      </trkpt>
      <trkpt lat="41.1185" lon="-121.777">
        <ele>1544.52</ele>
      </trkpt>
      <trkpt lat="41.11873" lon="-121.77688">
        <ele>1544.28</ele>
      </trkpt>
      <trkpt lat="41.11879" lon="-121.77686">
        <ele>1544.93</ele>
      </trkpt>
      <trkpt lat="41.11886" lon="-121.77648">
        <ele>1544.38</ele>
      </trkpt>
      <trkpt lat="41.11895" lon="-121.77618">
        <ele>1545.66</ele>
      </trkpt>
      <trkpt lat="41.11909" lon="-121.77579">
        <ele>1547.26</ele>
      </trkpt>
      <trkpt lat="41.11914" lon="-121.77562">
        <ele>1547.12</ele>
      </trkpt>
      <trkpt lat="41.11926" lon="-121.77551">
        <ele>1547.52</ele>
      </trkpt>
      <trkpt lat="41.11938" lon="-121.77545">
        <ele>1548.16</ele>
      </trkpt>
      <trkpt lat="41.11944" lon="-121.77546">
        <ele>1548.92</ele>
      </trkpt>
      <trkpt lat="41.11944" lon="-121.77546">
        <ele>1548.92</ele>
      </trkpt>
      <trkpt lat="41.1195" lon="-121.77546">
        <ele>1548.97</ele>
      </trkpt>
      <trkpt lat="41.1196" lon="-121.77552">
        <ele>1549.62</ele>
      </trkpt>
      <trkpt lat="41.1197" lon="-121.77573">
        <ele>1550.88</ele>
      </trkpt>
      <trkpt lat="41.11991" lon="-121.77592">
        <ele>1553.03</ele>
      </trkpt>
      <trkpt lat="41.12008" lon="-121.77616">
        <ele>1556.39</ele>
      </trkpt>
      <trkpt lat="41.12018" lon="-121.77621">
        <ele>1557.94</ele>
      </trkpt>
      <trkpt lat="41.12052" lon="-121.77621">
        <ele>1562.26</ele>
      </trkpt>
      <trkpt lat="41.12062" lon="-121.77628">
        <ele>1563.7</ele>
      </trkpt>
      <trkpt lat="41.12077" lon="-121.7765">
        <ele>1566.32</ele>
      </trkpt>
      <trkpt lat="41.12086" lon="-121.77651">
        <ele>1567.58</ele>
      </trkpt>
      <trkpt lat="41.12098" lon="-121.77655">
        <ele>1569.58</ele>
      </trkpt>
      <trkpt lat="41.1211" lon="-121.77657">
        <ele>1571.76</ele>
      </trkpt>
      <trkpt lat="41.12119" lon="-121.7766">
        <ele>1572.85</ele>
      </trkpt>
      <trkpt lat="41.1213" lon="-121.77666">
        <ele>1574.11</ele>
      </trkpt>
      <trkpt lat="41.12136" lon="-121.77678">
        <ele>1574.69</ele>
      </trkpt>
      <trkpt lat="41.12173" lon="-121.77741">
        <ele>1577.68</ele>
      </trkpt>
      <trkpt lat="41.12188" lon="-121.77775">
        <ele>1579.61</ele>
      </trkpt>
      <trkpt lat="41.12207" lon="-121.77802">
        <ele>1581.49</ele>
      </trkpt>
      <trkpt lat="41.12233" lon="-121.77838">
        <ele>1581.74</ele>
      </trkpt>
      <trkpt lat="41.1228" lon="-121.7786">
        <ele>1582.24</ele>
      </trkpt>
      <trkpt lat="41.12299" lon="-121.7787">
        <ele>1580.79</ele>
      </trkpt>
      <trkpt lat="41.12314" lon="-121.7787">
        <ele>1580.08</ele>
      </trkpt>
      <trkpt lat="41.12331" lon="-121.77866">
        <ele>1579.2</ele>
      </trkpt>
      <trkpt lat="41.12356" lon="-121.77854">
        <ele>1578.64</ele>
      </trkpt>
      <trkpt lat="41.12371" lon="-121.7784">
        <ele>1578.1</ele>
      </trkpt>
      <trkpt lat="41.12387" lon="-121.77814">
        <ele>1578.58</ele>
      </trkpt>
      <trkpt lat="41.12434" lon="-121.77765">
        <ele>1580.02</ele>
      </trkpt>
      <trkpt lat="41.12447" lon="-121.77749">
        <ele>1579.66</ele>
      </trkpt>
      <trkpt lat="41.12452" lon="-121.77733">
        <ele>1582.04</ele>
      </trkpt>
      <trkpt lat="41.12466" lon="-121.77711">
        <ele>1583.77</ele>
      </trkpt>
      <trkpt lat="41.12477" lon="-121.77699">
        <ele>1583.74</ele>
      </trkpt>
      <trkpt lat="41.12491" lon="-121.77696">
        <ele>1581.8</ele>
      </trkpt>
      <trkpt lat="41.1252" lon="-121.7768">
        <ele>1580.8</ele>
      </trkpt>
      <trkpt lat="41.12535" lon="-121.77675">
        <ele>1578.54</ele>
      </trkpt>
      <trkpt lat="41.12545" lon="-121.77656">
        <ele>1579.43</ele>
      </trkpt>
      <trkpt lat="41.12563" lon="-121.77628">
        <ele>1581.74</ele>
      </trkpt>
      <trkpt lat="41.12586" lon="-121.77614">
        <ele>1579.8</ele>
      </trkpt>
      <trkpt lat="41.12597" lon="-121.77592">
        <ele>1581.67</ele>
      </trkpt>
      <trkpt lat="41.12608" lon="-121.77532">
        <ele>1583.67</ele>
      </trkpt>
      <trkpt lat="41.1261" lon="-121.77515">
        <ele>1583.36</ele>
      </trkpt>
      <trkpt lat="41.1261" lon="-121.77515">
        <ele>1583.36</ele>
      </trkpt>
      <trkpt lat="41.1261" lon="-121.77509">
        <ele>1583.36</ele>
      </trkpt>
      <trkpt lat="41.12607" lon="-121.77448">
        <ele>1583.89</ele>
      </trkpt>
      <trkpt lat="41.12607" lon="-121.77408">
        <ele>1585.44</ele>
      </trkpt>
      <trkpt lat="41.12608" lon="-121.77352">
        <ele>1587.0</ele>
      </trkpt>
      <trkpt lat="41.1262" lon="-121.77315">
        <ele>1588.98</ele>
      </trkpt>
      <trkpt lat="41.12624" lon="-121.77295">
        <ele>1590.05</ele>
      </trkpt>
      <trkpt lat="41.12639" lon="-121.77277">
        <ele>1592.08</ele>
      </trkpt>
      <trkpt lat="41.12652" lon="-121.77265">
        <ele>1593.8</ele>
      </trkpt>
      <trkpt lat="41.1268" lon="-121.77264">
        <ele>1596.93</ele>
      </trkpt>
      <trkpt lat="41.12716" lon="-121.77271">
        <ele>1601.12</ele>
      </trkpt>
      <trkpt lat="41.12755" lon="-121.77266">
        <ele>1608.94</ele>
      </trkpt>
      <trkpt lat="41.12787" lon="-121.77273">
        <ele>1610.03</ele>
      </trkpt>
      <trkpt lat="41.12825" lon="-121.77278">
        <ele>1612.93</ele>
      </trkpt>
      <trkpt lat="41.12849" lon="-121.77274">
        <ele>1616.61</ele>
      </trkpt>
      <trkpt lat="41.12868" lon="-121.7728">
        <ele>1617.02</ele>
      </trkpt>
      <trkpt lat="41.12876" lon="-121.77284">
        <ele>1616.79</ele>
      </trkpt>
      <trkpt lat="41.12891" lon="-121.77289">
        <ele>1616.33</ele>
      </trkpt>
      <trkpt lat="41.12911" lon="-121.77305">
        <ele>1610.26</ele>
      </trkpt>
      <trkpt lat="41.12932" lon="-121.7731">
        <ele>1609.08</ele>
      </trkpt>
      <trkpt lat="41.1296" lon="-121.77312">
        <ele>1610.9</ele>
      </trkpt>
      <trkpt lat="41.12979" lon="-121.77314">
        <ele>1612.84</ele>
      </trkpt>
      <trkpt lat="41.12995" lon="-121.77326">
        <ele>1610.72</ele>
      </trkpt>
      <trkpt lat="41.13009" lon="-121.77336">
        <ele>1609.1</ele>
      </trkpt>
      <trkpt lat="41.13024" lon="-121.77347">
        <ele>1606.38</ele>
      </trkpt>
      <trkpt lat="41.13024" lon="-121.77347">
        <ele>1606.38</ele>
      </trkpt>
      <trkpt lat="41.1303" lon="-121.77352">
        <ele>1604.94</ele>
      </trkpt>
      <trkpt lat="41.13046" lon="-121.77359">
        <ele>1602.68</ele>
      </trkpt>
      <trkpt lat="41.13071" lon="-121.77363">
        <ele>1599.58</ele>
      </trkpt>
      <trkpt lat="41.13091" lon="-121.77351">
        <ele>1599.53</ele>
      </trkpt>
      <trkpt lat="41.1311" lon="-121.77347">
        <ele>1594.93</ele>
      </trkpt>
      <trkpt lat="41.1312" lon="-121.77323">
        <ele>1596.35</ele>
      </trkpt>
      <trkpt lat="41.13125" lon="-121.77313">
        <ele>1596.39</ele>
      </trkpt>
      <trkpt lat="41.13139" lon="-121.77316">
        <ele>1590.82</ele>
      </trkpt>
      <trkpt lat="41.13152" lon="-121.77314">
        <ele>1585.46</ele>
      </trkpt>
      <trkpt lat="41.13167" lon="-121.77303">
        <ele>1582.45</ele>
      </trkpt>
      <trkpt lat="41.13179" lon="-121.77274">
        <ele>1588.29</ele>
      </trkpt>
      <trkpt lat="41.13191" lon="-121.77257">
        <ele>1590.32</ele>
      </trkpt>
      <trkpt lat="41.13207" lon="-121.77232">
        <ele>1593.12</ele>
      </trkpt>
      <trkpt lat="41.13222" lon="-121.77223">
        <ele>1593.77</ele>
      </trkpt>
      <trkpt lat="41.13241" lon="-121.7722">
        <ele>1592.71</ele>
      </trkpt>
      <trkpt lat="41.13261" lon="-121.77224">
        <ele>1590.42</ele>
      </trkpt>
      <trkpt lat="41.13273" lon="-121.77224">
        <ele>1590.03</ele>
      </trkpt>
      <trkpt lat="41.13297" lon="-121.77196">
        <ele>1595.43</ele>
      </trkpt>
      <trkpt lat="41.13311" lon="-121.77182">
        <ele>1597.44</ele>
      </trkpt>
      <trkpt lat="41.13331" lon="-121.77172">
        <ele>1597.52</ele>
      </trkpt>
      <trkpt lat="41.13352" lon="-121.7717">
        <ele>1595.25</ele>
      </trkpt>
      <trkpt lat="41.13374" lon="-121.77175">
        <ele>1589.42</ele>
      </trkpt>
      <trkpt lat="41.13379" lon="-121.7717">
        <ele>1589.42</ele>
      </trkpt>
      <trkpt lat="41.13383" lon="-121.77157">
        <ele>1592.36</ele>
      </trkpt>
      <trkpt lat="41.13395" lon="-121.77161">
        <ele>1589.31</ele>
      </trkpt>
      <trkpt lat="41.13415" lon="-121.77178">
        <ele>1582.51</ele>
      </trkpt>
      <trkpt lat="41.13446" lon="-121.77183">
        <ele>1577.14</ele>
      </trkpt>
      <trkpt lat="41.13489" lon="-121.77176">
        <ele>1566.73</ele>
      </trkpt>
      <trkpt lat="41.13524" lon="-121.77177">
        <ele>1558.18</ele>
      </trkpt>
      <trkpt lat="41.13541" lon="-121.77173">
        <ele>1556.2</ele>
      </trkpt>
      <trkpt lat="41.13561" lon="-121.77156">
        <ele>1557.65</ele>
      </trkpt>
      <trkpt lat="41.13569" lon="-121.77142">
        <ele>1559.88</ele>
      </trkpt>
      <trkpt lat="41.13591" lon="-121.77121">
        <ele>1563.04</ele>
      </trkpt>
      <trkpt lat="41.13605" lon="-121.77106">
        <ele>1564.76</ele>
      </trkpt>
      <trkpt lat="41.13611" lon="-121.77107">
        <ele>1563.9</ele>
      </trkpt>
      <trkpt lat="41.13621" lon="-121.77107">
        <ele>1563.34</ele>
      </trkpt>
      <trkpt lat="41.13635" lon="-121.77116">
        <ele>1559.36</ele>
      </trkpt>
      <trkpt lat="41.13643" lon="-121.77117">
        <ele>1558.0</ele>
      </trkpt>
      <trkpt lat="41.13655" lon="-121.77108">
        <ele>1558.19</ele>
      </trkpt>
      <trkpt lat="41.13668" lon="-121.77107">
        <ele>1555.98</ele>
      </trkpt>
      <trkpt lat="41.13687" lon="-121.77109">
        <ele>1551.22</ele>
      </trkpt>
      <trkpt lat="41.13718" lon="-121.77122">
        <ele>1542.56</ele>
      </trkpt>
      <trkpt lat="41.1374" lon="-121.77122">
        <ele>1540.65</ele>
      </trkpt>
      <trkpt lat="41.13753" lon="-121.77131">
        <ele>1540.03</ele>
      </trkpt>
      <trkpt lat="41.13763" lon="-121.77144">
        <ele>1539.26</ele>
      </trkpt>
      <trkpt lat="41.13779" lon="-121.77152">
        <ele>1540.77</ele>
      </trkpt>
      <trkpt lat="41.13799" lon="-121.7718">
        <ele>1541.29</ele>
      </trkpt>
      <trkpt lat="41.13812" lon="-121.77189">
        <ele>1541.3</ele>
      </trkpt>
      <trkpt lat="41.13822" lon="-121.77185">
        <ele>1544.33</ele>
      </trkpt>
      <trkpt lat="41.1384" lon="-121.77169">
        <ele>1548.15</ele>
      </trkpt>
      <trkpt lat="41.13892" lon="-121.77162">
        <ele>1549.5</ele>
      </trkpt>
      <trkpt lat="41.13913" lon="-121.77169">
        <ele>1546.98</ele>
      </trkpt>
      <trkpt lat="41.13928" lon="-121.77175">
        <ele>1539.56</ele>
      </trkpt>
      <trkpt lat="41.13943" lon="-121.77162">
        <ele>1541.08</ele>
      </trkpt>
      <trkpt lat="41.13964" lon="-121.77129">
        <ele>1537.99</ele>
      </trkpt>
      <trkpt lat="41.1401" lon="-121.77101">
        <ele>1533.99</ele>
      </trkpt>
      <trkpt lat="41.14031" lon="-121.77105">
        <ele>1532.99</ele>
      </trkpt>
      <trkpt lat="41.14062" lon="-121.77127">
        <ele>1530.3</ele>
      </trkpt>
      <trkpt lat="41.14084" lon="-121.77143">
        <ele>1527.93</ele>
      </trkpt>
      <trkpt lat="41.14105" lon="-121.7717">
        <ele>1525.66</ele>
      </trkpt>
      <trkpt lat="41.14128" lon="-121.77193">
        <ele>1523.2</ele>
      </trkpt>
      <trkpt lat="41.14135" lon="-121.77207">
        <ele>1521.27</ele>
      </trkpt>
      <trkpt lat="41.14154" lon="-121.77241">
        <ele>1518.0</ele>
      </trkpt>
      <trkpt lat="41.14165" lon="-121.77252">
        <ele>1517.14</ele>
      </trkpt>
      <trkpt lat="41.14177" lon="-121.77269">
        <ele>1516.0</ele>
      </trkpt>
      <trkpt lat="41.14186" lon="-121.77285">
        <ele>1516.0</ele>
      </trkpt>
      <trkpt lat="41.14196" lon="-121.7732">
        <ele>1513.17</ele>
      </trkpt>
      <trkpt lat="41.14199" lon="-121.77348">
        <ele>1511.1</ele>
      </trkpt>
      <trkpt lat="41.14209" lon="-121.77381">
        <ele>1510.42</ele>
      </trkpt>
      <trkpt lat="41.14214" lon="-121.77392">
        <ele>1510.0</ele>
      </trkpt>
      <trkpt lat="41.14214" lon="-121.77392">
        <ele>1510.0</ele>
      </trkpt>
      <trkpt lat="41.14233" lon="-121.77433">
        <ele>1506.69</ele>
      </trkpt>
      <trkpt lat="41.14254" lon="-121.77461">
        <ele>1507.72</ele>
      </trkpt>
      <trkpt lat="41.14295" lon="-121.775">
        <ele>1512.72</ele>
      </trkpt>
      <trkpt lat="41.14305" lon="-121.77528">
        <ele>1512.85</ele>
      </trkpt>
      <trkpt lat="41.14322" lon="-121.77551">
        <ele>1514.04</ele>
      </trkpt>
      <trkpt lat="41.14345" lon="-121.77572">
        <ele>1517.17</ele>
      </trkpt>
      <trkpt lat="41.14362" lon="-121.77585">
        <ele>1519.57</ele>
      </trkpt>
      <trkpt lat="41.14378" lon="-121.77588">
        <ele>1522.05</ele>
      </trkpt>
      <trkpt lat="41.14401" lon="-121.77597">
        <ele>1523.66</ele>
      </trkpt>
      <trkpt lat="41.14422" lon="-121.77621">
        <ele>1523.06</ele>
      </trkpt>
      <trkpt lat="41.14435" lon="-121.77647">
        <ele>1524.08</ele>
      </trkpt>
      <trkpt lat="41.14448" lon="-121.7766">
        <ele>1527.49</ele>
      </trkpt>
      <trkpt lat="41.14479" lon="-121.77669">
        <ele>1534.21</ele>
      </trkpt>
      <trkpt lat="41.14503" lon="-121.77684">
        <ele>1537.45</ele>
      </trkpt>
      <trkpt lat="41.14573" lon="-121.77687">
        <ele>1540.43</ele>
      </trkpt>
      <trkpt lat="41.14591" lon="-121.77681">
        <ele>1543.28</ele>
      </trkpt>
      <trkpt lat="41.14629" lon="-121.7766">
        <ele>1548.51</ele>
      </trkpt>
      <trkpt lat="41.1465" lon="-121.7764">
        <ele>1552.56</ele>
      </trkpt>
      <trkpt lat="41.14677" lon="-121.77614">
        <ele>1557.06</ele>
      </trkpt>
      <trkpt lat="41.14722" lon="-121.77595">
        <ele>1559.0</ele>
      </trkpt>
      <trkpt lat="41.14742" lon="-121.77561">
        <ele>1563.33</ele>
      </trkpt>
      <trkpt lat="41.14748" lon="-121.77534">
        <ele>1567.97</ele>
      </trkpt>
      <trkpt lat="41.14762" lon="-121.77473">
        <ele>1572.94</ele>
      </trkpt>
      <trkpt lat="41.14768" lon="-121.77428">
        <ele>1573.99</ele>
      </trkpt>
      <trkpt lat="41.14766" lon="-121.77387">
        <ele>1576.2</ele>
      </trkpt>
      <trkpt lat="41.14774" lon="-121.77366">
        <ele>1577.78</ele>
      </trkpt>
      <trkpt lat="41.14791" lon="-121.77341">
        <ele>1579.43</ele>
      </trkpt>
      <trkpt lat="41.14811" lon="-121.77326">
        <ele>1580.59</ele>
      </trkpt>
      <trkpt lat="41.1486" lon="-121.77304">
        <ele>1582.88</ele>
      </trkpt>
      <trkpt lat="41.14874" lon="-121.77306">
        <ele>1583.39</ele>
      </trkpt>
      <trkpt lat="41.14881" lon="-121.77317">
        <ele>1584.0</ele>
      </trkpt>
      <trkpt lat="41.1489" lon="-121.77365">
        <ele>1585.0</ele>
      </trkpt>
      <trkpt lat="41.1489" lon="-121.77394">
        <ele>1586.07</ele>
      </trkpt>
      <trkpt lat="41.14887" lon="-121.77447">
        <ele>1589.07</ele>
      </trkpt>
      <trkpt lat="41.14892" lon="-121.77464">
        <ele>1591.37</ele>
      </trkpt>
      <trkpt lat="41.14899" lon="-121.77475">
        <ele>1593.09</ele>
      </trkpt>
      <trkpt lat="41.14908" lon="-121.77471">
        <ele>1593.94</ele>
      </trkpt>
      <trkpt lat="41.14914" lon="-121.77455">
        <ele>1593.81</ele>
      </trkpt>
      <trkpt lat="41.14926" lon="-121.77447">
        <ele>1595.29</ele>
      </trkpt>
      <trkpt lat="41.14945" lon="-121.77443">
        <ele>1598.91</ele>
      </trkpt>
      <trkpt lat="41.14956" lon="-121.77435">
        <ele>1600.48</ele>
      </trkpt>
      <trkpt lat="41.1497" lon="-121.77409">
        <ele>1600.89</ele>
      </trkpt>
      <trkpt lat="41.14985" lon="-121.77392">
        <ele>1602.97</ele>
      </trkpt>
      <trkpt lat="41.15001" lon="-121.77361">
        <ele>1603.2</ele>
      </trkpt>
      <trkpt lat="41.15013" lon="-121.77347">
        <ele>1605.0</ele>
      </trkpt>
      <trkpt lat="41.15029" lon="-121.77339">
        <ele>1607.88</ele>
      </trkpt>
      <trkpt lat="41.15068" lon="-121.77296">
        <ele>1612.66</ele>
      </trkpt>
      <trkpt lat="41.15109" lon="-121.77268">
        <ele>1617.49</ele>
      </trkpt>
      <trkpt lat="41.15109" lon="-121.77269">
        <ele>1617.56</ele>
      </trkpt>
      <trkpt lat="41.15113" lon="-121.77266">
        <ele>1617.93</ele>
      </trkpt>
      <trkpt lat="41.15127" lon="-121.77258">
        <ele>1619.3</ele>
      </trkpt>
      <trkpt lat="41.15149" lon="-121.77274">
        <ele>1624.74</ele>
      </trkpt>
      <trkpt lat="41.15159" lon="-121.7726">
        <ele>1624.42</ele>
      </trkpt>
      <trkpt lat="41.15173" lon="-121.77249">
        <ele>1625.58</ele>
      </trkpt>
      <trkpt lat="41.1519" lon="-121.77239">
        <ele>1626.85</ele>
      </trkpt>
      <trkpt lat="41.15208" lon="-121.77239">
        <ele>1629.65</ele>
      </trkpt>
      <trkpt lat="41.15222" lon="-121.77245">
        <ele>1632.44</ele>
      </trkpt>
      <trkpt lat="41.1524" lon="-121.77258">
        <ele>1634.99</ele>
      </trkpt>
      <trkpt lat="41.15251" lon="-121.77274">
        <ele>1637.06</ele>
      </trkpt>
      <trkpt lat="41.15272" lon="-121.77327">
        <ele>1644.32</ele>
      </trkpt>
      <trkpt lat="41.15282" lon="-121.77346">
        <ele>1645.91</ele>
      </trkpt>
      <trkpt lat="41.15294" lon="-121.77368">
        <ele>1646.18</ele>
      </trkpt>
      <trkpt lat="41.15313" lon="-121.77395">
        <ele>1647.0</ele>
      </trkpt>
      <trkpt lat="41.15336" lon="-121.77408">
        <ele>1646.94</ele>
      </trkpt>
      <trkpt lat="41.15367" lon="-121.77418">
        <ele>1646.08</ele>
      </trkpt>
      <trkpt lat="41.15379" lon="-121.77424">
        <ele>1644.42</ele>
      </trkpt>
      <trkpt lat="41.15426" lon="-121.77425">
        <ele>1641.09</ele>
      </trkpt>
      <trkpt lat="41.15436" lon="-121.77421">
        <ele>1640.36</ele>
      </trkpt>
      <trkpt lat="41.15449" lon="-121.77408">
        <ele>1640.41</ele>
      </trkpt>
      <trkpt lat="41.15463" lon="-121.77401">
        <ele>1640.0</ele>
      </trkpt>
      <trkpt lat="41.1548" lon="-121.77405">
        <ele>1639.12</ele>
      </trkpt>
      <trkpt lat="41.1549" lon="-121.77398">
        <ele>1638.98</ele>
      </trkpt>
      <trkpt lat="41.15507" lon="-121.77402">
        <ele>1639.0</ele>
      </trkpt>
      <trkpt lat="41.15533" lon="-121.77399">
        <ele>1638.26</ele>
      </trkpt>
      <trkpt lat="41.15556" lon="-121.77416">
        <ele>1638.0</ele>
      </trkpt>
      <trkpt lat="41.1557" lon="-121.77414">
        <ele>1636.99</ele>
      </trkpt>
      <trkpt lat="41.15578" lon="-121.77403">
        <ele>1633.66</ele>
      </trkpt>
      <trkpt lat="41.15603" lon="-121.77416">
        <ele>1633.28</ele>
      </trkpt>
      <trkpt lat="41.15618" lon="-121.77415">
        <ele>1626.83</ele>
      </trkpt>
      <trkpt lat="41.15632" lon="-121.77408">
        <ele>1624.29</ele>
      </trkpt>
      <trkpt lat="41.15642" lon="-121.77402">
        <ele>1624.42</ele>
      </trkpt>
      <trkpt lat="41.15652" lon="-121.77399">
        <ele>1624.51</ele>
      </trkpt>
      <trkpt lat="41.15663" lon="-121.77399">
        <ele>1625.09</ele>
      </trkpt>
      <trkpt lat="41.15705" lon="-121.77429">
        <ele>1624.67</ele>
      </trkpt>
      <trkpt lat="41.15736" lon="-121.77436">
        <ele>1623.47</ele>
      </trkpt>
      <trkpt lat="41.15752" lon="-121.77447">
        <ele>1621.51</ele>
      </trkpt>
      <trkpt lat="41.15772" lon="-121.77474">
        <ele>1615.38</ele>
      </trkpt>
      <trkpt lat="41.15784" lon="-121.77491">
        <ele>1613.99</ele>
      </trkpt>
      <trkpt lat="41.15792" lon="-121.77523">
        <ele>1613.78</ele>
      </trkpt>
      <trkpt lat="41.158" lon="-121.77537">
        <ele>1613.4</ele>
      </trkpt>
      <trkpt lat="41.15802" lon="-121.77549">
        <ele>1613.62</ele>
      </trkpt>
      <trkpt lat="41.15799" lon="-121.77563">
        <ele>1614.43</ele>
      </trkpt>
      <trkpt lat="41.15803" lon="-121.7758">
        <ele>1614.56</ele>
      </trkpt>
      <trkpt lat="41.15809" lon="-121.77592">
        <ele>1615.0</ele>
      </trkpt>
      <trkpt lat="41.15829" lon="-121.77619">
        <ele>1614.0</ele>
      </trkpt>
      <trkpt lat="41.15839" lon="-121.77626">
        <ele>1613.15</ele>
      </trkpt>
      <trkpt lat="41.15886" lon="-121.77642">
        <ele>1611.1</ele>
      </trkpt>
      <trkpt lat="41.15911" lon="-121.77665">
        <ele>1610.93</ele>
      </trkpt>
      <trkpt lat="41.15925" lon="-121.77682">
        <ele>1610.76</ele>
      </trkpt>
      <trkpt lat="41.15936" lon="-121.77714">
        <ele>1609.51</ele>
      </trkpt>
      <trkpt lat="41.15949" lon="-121.77734">
        <ele>1603.24</ele>
      </trkpt>
      <trkpt lat="41.15961" lon="-121.77742">
        <ele>1601.18</ele>
      </trkpt>
      <trkpt lat="41.15975" lon="-121.77757">
        <ele>1600.0</ele>
      </trkpt>
      <trkpt lat="41.15974" lon="-121.77786">
        <ele>1600.19</ele>
      </trkpt>
      <trkpt lat="41.15974" lon="-121.77809">
        <ele>1600.26</ele>
      </trkpt>
      <trkpt lat="41.15977" lon="-121.77829">
        <ele>1600.82</ele>
      </trkpt>
      <trkpt lat="41.15986" lon="-121.77853">
        <ele>1602.64</ele>
      </trkpt>
      <trkpt lat="41.16021" lon="-121.77881">
        <ele>1607.98</ele>
      </trkpt>
      <trkpt lat="41.16075" lon="-121.77876">
        <ele>1615.14</ele>
      </trkpt>
      <trkpt lat="41.161" lon="-121.77883">
        <ele>1620.67</ele>
      </trkpt>
      <trkpt lat="41.16173" lon="-121.77878">
        <ele>1613.26</ele>
      </trkpt>
      <trkpt lat="41.16197" lon="-121.77896">
        <ele>1613.0</ele>
      </trkpt>
      <trkpt lat="41.16217" lon="-121.77919">
        <ele>1612.86</ele>
      </trkpt>
      <trkpt lat="41.16245" lon="-121.77936">
        <ele>1611.95</ele>
      </trkpt>
      <trkpt lat="41.16255" lon="-121.77949">
        <ele>1611.77</ele>
      </trkpt>
      <trkpt lat="41.16259" lon="-121.77965">
        <ele>1611.72</ele>
      </trkpt>
      <trkpt lat="41.16257" lon="-121.77971">
        <ele>1610.43</ele>
      </trkpt>
      <trkpt lat="41.16255" lon="-121.77976">
        <ele>1609.21</ele>
      </trkpt>
      <trkpt lat="41.16256" lon="-121.77982">
        <ele>1608.87</ele>
      </trkpt>
      <trkpt lat="41.16259" lon="-121.77983">
        <ele>1609.75</ele>
      </trkpt>
      <trkpt lat="41.16272" lon="-121.77997">
        <ele>1611.0</ele>
      </trkpt>
      <trkpt lat="41.1628" lon="-121.7801">
        <ele>1611.54</ele>
      </trkpt>
      <trkpt lat="41.16286" lon="-121.78022">
        <ele>1610.69</ele>
      </trkpt>
      <trkpt lat="41.1629" lon="-121.78025">
        <ele>1609.66</ele>
      </trkpt>
      <trkpt lat="41.16297" lon="-121.78032">
        <ele>1606.97</ele>
      </trkpt>
      <trkpt lat="41.16306" lon="-121.78035">
        <ele>1605.17</ele>
      </trkpt>
      <trkpt lat="41.16315" lon="-121.78035">
        <ele>1604.2</ele>
      </trkpt>
      <trkpt lat="41.16324" lon="-121.78027">
        <ele>1604.09</ele>
      </trkpt>
      <trkpt lat="41.16333" lon="-121.78023">
        <ele>1603.55</ele>
      </trkpt>
      <trkpt lat="41.16343" lon="-121.78021">
        <ele>1603.73</ele>
      </trkpt>
      <trkpt lat="41.1636" lon="-121.78012">
        <ele>1604.7</ele>
      </trkpt>
      <trkpt lat="41.16375" lon="-121.77997">
        <ele>1607.66</ele>
      </trkpt>
      <trkpt lat="41.16419" lon="-121.78014">
        <ele>1611.23</ele>
      </trkpt>
      <trkpt lat="41.16423" lon="-121.78021">
        <ele>1609.88</ele>
      </trkpt>
      <trkpt lat="41.16428" lon="-121.78023">
        <ele>1609.77</ele>
      </trkpt>
      <trkpt lat="41.16444" lon="-121.78021">
        <ele>1612.15</ele>
      </trkpt>
      <trkpt lat="41.16444" lon="-121.7802">
        <ele>1612.47</ele>
      </trkpt>
      <trkpt lat="41.16497" lon="-121.78012">
        <ele>1621.82</ele>
      </trkpt>
      <trkpt lat="41.16509" lon="-121.78008">
        <ele>1623.14</ele>
      </trkpt>
      <trkpt lat="41.16515" lon="-121.77993">
        <ele>1623.85</ele>
      </trkpt>
      <trkpt lat="41.16545" lon="-121.77963">
        <ele>1617.42</ele>
      </trkpt>
      <trkpt lat="41.16556" lon="-121.7796">
        <ele>1615.27</ele>
      </trkpt>
      <trkpt lat="41.16599" lon="-121.77949">
        <ele>1616.71</ele>
      </trkpt>
      <trkpt lat="41.16616" lon="-121.77952">
        <ele>1619.04</ele>
      </trkpt>
      <trkpt lat="41.16631" lon="-121.77965">
        <ele>1618.64</ele>
      </trkpt>
      <trkpt lat="41.16644" lon="-121.77986">
        <ele>1613.7</ele>
      </trkpt>
      <trkpt lat="41.16663" lon="-121.78009">
        <ele>1614.1</ele>
      </trkpt>
      <trkpt lat="41.16674" lon="-121.78034">
        <ele>1610.94</ele>
      </trkpt>
      <trkpt lat="41.16704" lon="-121.78075">
        <ele>1610.72</ele>
      </trkpt>
      <trkpt lat="41.16713" lon="-121.78076">
        <ele>1613.97</ele>
      </trkpt>
      <trkpt lat="41.16732" lon="-121.78086">
        <ele>1613.36</ele>
      </trkpt>
      <trkpt lat="41.16735" lon="-121.78098">
        <ele>1610.99</ele>
      </trkpt>
      <trkpt lat="41.16736" lon="-121.78109">
        <ele>1609.29</ele>
      </trkpt>
      <trkpt lat="41.16742" lon="-121.78119">
        <ele>1609.98</ele>
      </trkpt>
      <trkpt lat="41.16745" lon="-121.78123">
        <ele>1610.89</ele>
      </trkpt>
      <trkpt lat="41.16742" lon="-121.78138">
        <ele>1606.74</ele>
      </trkpt>
      <trkpt lat="41.16743" lon="-121.78147">
        <ele>1606.1</ele>
      </trkpt>
      <trkpt lat="41.16746" lon="-121.78149">
        <ele>1607.13</ele>
      </trkpt>
      <trkpt lat="41.16747" lon="-121.78164">
        <ele>1604.6</ele>
      </trkpt>
      <trkpt lat="41.16755" lon="-121.78185">
        <ele>1602.22</ele>
      </trkpt>
      <trkpt lat="41.16767" lon="-121.78197">
        <ele>1605.51</ele>
      </trkpt>
      <trkpt lat="41.16776" lon="-121.78208">
        <ele>1607.74</ele>
      </trkpt>
      <trkpt lat="41.16782" lon="-121.78236">
        <ele>1602.63</ele>
      </trkpt>
      <trkpt lat="41.16786" lon="-121.78241">
        <ele>1602.55</ele>
      </trkpt>
      <trkpt lat="41.16813" lon="-121.78236">
        <ele>1610.66</ele>
      </trkpt>
      <trkpt lat="41.16823" lon="-121.78237">
        <ele>1611.86</ele>
      </trkpt>
      <trkpt lat="41.16836" lon="-121.78242">
        <ele>1610.36</ele>
      </trkpt>
      <trkpt lat="41.16849" lon="-121.78241">
        <ele>1610.22</ele>
      </trkpt>
      <trkpt lat="41.16867" lon="-121.78232">
        <ele>1614.5</ele>
      </trkpt>
      <trkpt lat="41.16876" lon="-121.78232">
        <ele>1615.5</ele>
      </trkpt>
      <trkpt lat="41.16883" lon="-121.78238">
        <ele>1614.7</ele>
      </trkpt>
      <trkpt lat="41.16887" lon="-121.78248">
        <ele>1611.65</ele>
      </trkpt>
      <trkpt lat="41.16898" lon="-121.78259">
        <ele>1611.02</ele>
      </trkpt>
      <trkpt lat="41.16914" lon="-121.78267">
        <ele>1615.18</ele>
      </trkpt>
      <trkpt lat="41.1692" lon="-121.78273">
        <ele>1616.47</ele>
      </trkpt>
      <trkpt lat="41.16922" lon="-121.78283">
        <ele>1615.74</ele>
      </trkpt>
      <trkpt lat="41.16906" lon="-121.78308">
        <ele>1613.11</ele>
      </trkpt>
      <trkpt lat="41.16909" lon="-121.78329">
        <ele>1614.17</ele>
      </trkpt>
      <trkpt lat="41.16907" lon="-121.78344">
        <ele>1613.96</ele>
      </trkpt>
      <trkpt lat="41.16916" lon="-121.78362">
        <ele>1614.77</ele>
      </trkpt>
      <trkpt lat="41.16919" lon="-121.7837">
        <ele>1614.29</ele>
      </trkpt>
      <trkpt lat="41.16913" lon="-121.78381">
        <ele>1613.46</ele>
      </trkpt>
      <trkpt lat="41.16898" lon="-121.78393">
        <ele>1610.96</ele>
      </trkpt>
      <trkpt lat="41.16889" lon="-121.78406">
        <ele>1606.34</ele>
      </trkpt>
      <trkpt lat="41.16886" lon="-121.78414">
        <ele>1604.04</ele>
      </trkpt>
      <trkpt lat="41.16888" lon="-121.7842">
        <ele>1603.93</ele>
      </trkpt>
      <trkpt lat="41.16903" lon="-121.78428">
        <ele>1607.35</ele>
      </trkpt>
      <trkpt lat="41.16908" lon="-121.7844">
        <ele>1607.12</ele>
      </trkpt>
      <trkpt lat="41.16908" lon="-121.78452">
        <ele>1605.38</ele>
      </trkpt>
      <trkpt lat="41.16907" lon="-121.78472">
        <ele>1602.85</ele>
      </trkpt>
      <trkpt lat="41.16905" lon="-121.78482">
        <ele>1600.16</ele>
      </trkpt>
      <trkpt lat="41.16905" lon="-121.78482">
        <ele>1600.16</ele>
      </trkpt>
      <trkpt lat="41.16901" lon="-121.78498">
        <ele>1597.14</ele>
      </trkpt>
      <trkpt lat="41.16898" lon="-121.78515">
        <ele>1594.96</ele>
      </trkpt>
      <trkpt lat="41.16902" lon="-121.78526">
        <ele>1594.55</ele>
      </trkpt>
      <trkpt lat="41.16906" lon="-121.78535">
        <ele>1594.76</ele>
      </trkpt>
      <trkpt lat="41.16923" lon="-121.7855">
        <ele>1596.57</ele>
      </trkpt>
      <trkpt lat="41.16935" lon="-121.7855">
        <ele>1597.2</ele>
      </trkpt>
      <trkpt lat="41.16942" lon="-121.78538">
        <ele>1598.16</ele>
      </trkpt>
      <trkpt lat="41.16951" lon="-121.78528">
        <ele>1599.24</ele>
      </trkpt>
      <trkpt lat="41.16969" lon="-121.78524">
        <ele>1598.61</ele>
      </trkpt>
      <trkpt lat="41.16981" lon="-121.78525">
        <ele>1599.55</ele>
      </trkpt>
      <trkpt lat="41.17009" lon="-121.78524">
        <ele>1602.21</ele>
      </trkpt>
      <trkpt lat="41.17016" lon="-121.78524">
        <ele>1602.22</ele>
      </trkpt>
      <trkpt lat="41.17025" lon="-121.78532">
        <ele>1600.79</ele>
      </trkpt>
      <trkpt lat="41.17037" lon="-121.78556">
        <ele>1599.89</ele>
      </trkpt>
      <trkpt lat="41.17047" lon="-121.78589">
        <ele>1596.69</ele>
      </trkpt>
      <trkpt lat="41.17049" lon="-121.78607">
        <ele>1597.17</ele>
      </trkpt>
      <trkpt lat="41.17044" lon="-121.78639">
        <ele>1594.01</ele>
      </trkpt>
      <trkpt lat="41.17046" lon="-121.78656">
        <ele>1594.02</ele>
      </trkpt>
      <trkpt lat="41.17042" lon="-121.7867">
        <ele>1591.61</ele>
      </trkpt>
      <trkpt lat="41.17031" lon="-121.78676">
        <ele>1588.7</ele>
      </trkpt>
      <trkpt lat="41.17021" lon="-121.78677">
        <ele>1586.74</ele>
      </trkpt>
      <trkpt lat="41.17008" lon="-121.78678">
        <ele>1584.95</ele>
      </trkpt>
      <trkpt lat="41.17" lon="-121.78688">
        <ele>1584.3</ele>
      </trkpt>
      <trkpt lat="41.16998" lon="-121.78705">
        <ele>1584.11</ele>
      </trkpt>
      <trkpt lat="41.17" lon="-121.78721">
        <ele>1583.26</ele>
      </trkpt>
      <trkpt lat="41.16997" lon="-121.78738">
        <ele>1581.61</ele>
      </trkpt>
      <trkpt lat="41.16991" lon="-121.78753">
        <ele>1580.44</ele>
      </trkpt>
      <trkpt lat="41.16991" lon="-121.78774">
        <ele>1581.69</ele>
      </trkpt>
      <trkpt lat="41.16987" lon="-121.78792">
        <ele>1579.98</ele>
      </trkpt>
      <trkpt lat="41.1698" lon="-121.788">
        <ele>1576.36</ele>
      </trkpt>
      <trkpt lat="41.16975" lon="-121.78809">
        <ele>1574.2</ele>
      </trkpt>
      <trkpt lat="41.16974" lon="-121.78826">
        <ele>1573.56</ele>
      </trkpt>
      <trkpt lat="41.16981" lon="-121.78838">
        <ele>1575.29</ele>
      </trkpt>
      <trkpt lat="41.16989" lon="-121.78856">
        <ele>1575.54</ele>
      </trkpt>
      <trkpt lat="41.16991" lon="-121.78869">
        <ele>1573.38</ele>
      </trkpt>
      <trkpt lat="41.17" lon="-121.7888">
        <ele>1573.88</ele>
      </trkpt>
      <trkpt lat="41.1702" lon="-121.78911">
        <ele>1571.48</ele>
      </trkpt>
      <trkpt lat="41.17026" lon="-121.78924">
        <ele>1569.86</ele>
      </trkpt>
      <trkpt lat="41.17031" lon="-121.7894">
        <ele>1565.3</ele>
      </trkpt>
      <trkpt lat="41.17043" lon="-121.7895">
        <ele>1564.49</ele>
      </trkpt>
      <trkpt lat="41.17052" lon="-121.7895">
        <ele>1566.43</ele>
      </trkpt>
      <trkpt lat="41.17067" lon="-121.78948">
        <ele>1570.32</ele>
      </trkpt>
      <trkpt lat="41.17077" lon="-121.78945">
        <ele>1573.15</ele>
      </trkpt>
      <trkpt lat="41.17087" lon="-121.78947">
        <ele>1574.64</ele>
      </trkpt>
      <trkpt lat="41.17091" lon="-121.78974">
        <ele>1573.15</ele>
      </trkpt>
      <trkpt lat="41.17095" lon="-121.78989">
        <ele>1572.76</ele>
      </trkpt>
      <trkpt lat="41.17095" lon="-121.78999">
        <ele>1571.63</ele>
      </trkpt>
      <trkpt lat="41.17089" lon="-121.79003">
        <ele>1570.16</ele>
      </trkpt>
      <trkpt lat="41.17081" lon="-121.79018">
        <ele>1569.19</ele>
      </trkpt>
      <trkpt lat="41.1707" lon="-121.79022">
        <ele>1566.54</ele>
      </trkpt>
      <trkpt lat="41.17052" lon="-121.79021">
        <ele>1561.01</ele>
      </trkpt>
      <trkpt lat="41.17044" lon="-121.79022">
        <ele>1558.01</ele>
      </trkpt>
      <trkpt lat="41.17041" lon="-121.79031">
        <ele>1556.86</ele>
      </trkpt>
      <trkpt lat="41.1704" lon="-121.79078">
        <ele>1555.14</ele>
      </trkpt>
      <trkpt lat="41.17046" lon="-121.7909">
        <ele>1556.18</ele>
      </trkpt>
      <trkpt lat="41.17055" lon="-121.791">
        <ele>1557.97</ele>
      </trkpt>
      <trkpt lat="41.1706" lon="-121.79113">
        <ele>1557.03</ele>
      </trkpt>
      <trkpt lat="41.17075" lon="-121.79126">
        <ele>1558.59</ele>
      </trkpt>
      <trkpt lat="41.17078" lon="-121.79134">
        <ele>1558.18</ele>
      </trkpt>
      <trkpt lat="41.17078" lon="-121.79164">
        <ele>1555.14</ele>
      </trkpt>
      <trkpt lat="41.17082" lon="-121.79173">
        <ele>1555.03</ele>
      </trkpt>
      <trkpt lat="41.17095" lon="-121.7919">
        <ele>1558.14</ele>
      </trkpt>
      <trkpt lat="41.17102" lon="-121.79195">
        <ele>1559.91</ele>
      </trkpt>
      <trkpt lat="41.17104" lon="-121.79206">
        <ele>1558.45</ele>
      </trkpt>
      <trkpt lat="41.17116" lon="-121.79221">
        <ele>1559.32</ele>
      </trkpt>
      <trkpt lat="41.17128" lon="-121.79242">
        <ele>1557.66</ele>
      </trkpt>
      <trkpt lat="41.17136" lon="-121.79263">
        <ele>1557.25</ele>
      </trkpt>
      <trkpt lat="41.17157" lon="-121.79292">
        <ele>1559.4</ele>
      </trkpt>
      <trkpt lat="41.1718" lon="-121.79315">
        <ele>1560.44</ele>
      </trkpt>
      <trkpt lat="41.17185" lon="-121.79337">
        <ele>1561.37</ele>
      </trkpt>
      <trkpt lat="41.17182" lon="-121.79355">
        <ele>1561.31</ele>
      </trkpt>
      <trkpt lat="41.17181" lon="-121.79377">
        <ele>1561.1</ele>
      </trkpt>
      <trkpt lat="41.17168" lon="-121.79429">
        <ele>1559.14</ele>
      </trkpt>
      <trkpt lat="41.17166" lon="-121.79447">
        <ele>1559.88</ele>
      </trkpt>
      <trkpt lat="41.17174" lon="-121.7947">
        <ele>1561.58</ele>
      </trkpt>
      <trkpt lat="41.17175" lon="-121.79475">
        <ele>1561.8</ele>
      </trkpt>
      <trkpt lat="41.17173" lon="-121.79488">
        <ele>1561.37</ele>
      </trkpt>
      <trkpt lat="41.17166" lon="-121.79498">
        <ele>1559.93</ele>
      </trkpt>
      <trkpt lat="41.17157" lon="-121.79525">
        <ele>1558.96</ele>
      </trkpt>
      <trkpt lat="41.17145" lon="-121.79555">
        <ele>1557.66</ele>
      </trkpt>
      <trkpt lat="41.1714" lon="-121.79571">
        <ele>1557.2</ele>
      </trkpt>
      <trkpt lat="41.17134" lon="-121.79593">
        <ele>1557.47</ele>
      </trkpt>
      <trkpt lat="41.17134" lon="-121.79608">
        <ele>1557.79</ele>
      </trkpt>
      <trkpt lat="41.17141" lon="-121.79637">
        <ele>1561.07</ele>
      </trkpt>
      <trkpt lat="41.17144" lon="-121.79644">
        <ele>1562.1</ele>
      </trkpt>
      <trkpt lat="41.17145" lon="-121.79653">
        <ele>1563.01</ele>
      </trkpt>
      <trkpt lat="41.17143" lon="-121.79662">
        <ele>1563.16</ele>
      </trkpt>
      <trkpt lat="41.17138" lon="-121.79668">
        <ele>1562.9</ele>
      </trkpt>
      <trkpt lat="41.1712" lon="-121.79683">
        <ele>1560.92</ele>
      </trkpt>
      <trkpt lat="41.17114" lon="-121.7969">
        <ele>1559.98</ele>
      </trkpt>
      <trkpt lat="41.17111" lon="-121.79701">
        <ele>1559.98</ele>
      </trkpt>
      <trkpt lat="41.17111" lon="-121.7971">
        <ele>1559.98</ele>
      </trkpt>
      <trkpt lat="41.17111" lon="-121.7971">
        <ele>1559.98</ele>
      </trkpt>
      <trkpt lat="41.17117" lon="-121.79718">
        <ele>1560.64</ele>
      </trkpt>
      <trkpt lat="41.17126" lon="-121.79722">
        <ele>1561.62</ele>
      </trkpt>
      <trkpt lat="41.17135" lon="-121.7973">
        <ele>1562.58</ele>
      </trkpt>
      <trkpt lat="41.1714" lon="-121.79739">
        <ele>1564.05</ele>
      </trkpt>
      <trkpt lat="41.17144" lon="-121.79757">
        <ele>1565.86</ele>
      </trkpt>
      <trkpt lat="41.17138" lon="-121.79786">
        <ele>1566.7</ele>
      </trkpt>
      <trkpt lat="41.17132" lon="-121.79807">
        <ele>1566.92</ele>
      </trkpt>
      <trkpt lat="41.17123" lon="-121.7983">
        <ele>1566.49</ele>
      </trkpt>
      <trkpt lat="41.17112" lon="-121.79862">
        <ele>1565.48</ele>
      </trkpt>
      <trkpt lat="41.17104" lon="-121.7988">
        <ele>1565.78</ele>
      </trkpt>
      <trkpt lat="41.171" lon="-121.79894">
        <ele>1566.95</ele>
      </trkpt>
      <trkpt lat="41.17087" lon="-121.79924">
        <ele>1566.77</ele>
      </trkpt>
      <trkpt lat="41.17079" lon="-121.79937">
        <ele>1567.46</ele>
      </trkpt>
      <trkpt lat="41.17069" lon="-121.79951">
        <ele>1568.32</ele>
      </trkpt>
      <trkpt lat="41.17065" lon="-121.79963">
        <ele>1569.04</ele>
      </trkpt>
      <trkpt lat="41.17065" lon="-121.7998">
        <ele>1569.9</ele>
      </trkpt>
      <trkpt lat="41.17063" lon="-121.79995">
        <ele>1570.41</ele>
      </trkpt>
      <trkpt lat="41.17063" lon="-121.80008">
        <ele>1569.72</ele>
      </trkpt>
      <trkpt lat="41.1707" lon="-121.80022">
        <ele>1569.56</ele>
      </trkpt>
      <trkpt lat="41.17076" lon="-121.80026">
        <ele>1570.21</ele>
      </trkpt>
      <trkpt lat="41.17086" lon="-121.80024">
        <ele>1571.29</ele>
      </trkpt>
      <trkpt lat="41.17091" lon="-121.80025">
        <ele>1571.83</ele>
      </trkpt>
      <trkpt lat="41.17101" lon="-121.80035">
        <ele>1572.71</ele>
      </trkpt>
      <trkpt lat="41.17119" lon="-121.80045">
        <ele>1574.71</ele>
      </trkpt>
      <trkpt lat="41.17136" lon="-121.8005">
        <ele>1577.09</ele>
      </trkpt>
      <trkpt lat="41.17168" lon="-121.80099">
        <ele>1585.28</ele>
      </trkpt>
      <trkpt lat="41.17189" lon="-121.8011">
        <ele>1586.35</ele>
      </trkpt>
      <trkpt lat="41.17205" lon="-121.80111">
        <ele>1584.85</ele>
      </trkpt>
      <trkpt lat="41.17213" lon="-121.80115">
        <ele>1584.41</ele>
      </trkpt>
      <trkpt lat="41.17226" lon="-121.80129">
        <ele>1585.46</ele>
      </trkpt>
      <trkpt lat="41.17239" lon="-121.80147">
        <ele>1587.13</ele>
      </trkpt>
      <trkpt lat="41.17252" lon="-121.80168">
        <ele>1587.64</ele>
      </trkpt>
      <trkpt lat="41.1726" lon="-121.80195">
        <ele>1590.74</ele>
      </trkpt>
      <trkpt lat="41.17269" lon="-121.80215">
        <ele>1591.06</ele>
      </trkpt>
      <trkpt lat="41.17269" lon="-121.80245">
        <ele>1595.25</ele>
      </trkpt>
      <trkpt lat="41.17266" lon="-121.80272">
        <ele>1595.82</ele>
      </trkpt>
      <trkpt lat="41.17264" lon="-121.80296">
        <ele>1595.5</ele>
      </trkpt>
      <trkpt lat="41.17264" lon="-121.80335">
        <ele>1591.68</ele>
      </trkpt>
      <trkpt lat="41.17263" lon="-121.80354">
        <ele>1589.15</ele>
      </trkpt>
      <trkpt lat="41.17254" lon="-121.80377">
        <ele>1590.72</ele>
      </trkpt>
      <trkpt lat="41.1725" lon="-121.80397">
        <ele>1590.12</ele>
      </trkpt>
      <trkpt lat="41.17243" lon="-121.80411">
        <ele>1591.64</ele>
      </trkpt>
      <trkpt lat="41.17238" lon="-121.80425">
        <ele>1592.28</ele>
      </trkpt>
      <trkpt lat="41.17238" lon="-121.80434">
        <ele>1591.31</ele>
      </trkpt>
      <trkpt lat="41.17242" lon="-121.80452">
        <ele>1586.93</ele>
      </trkpt>
      <trkpt lat="41.17244" lon="-121.80466">
        <ele>1584.62</ele>
      </trkpt>
      <trkpt lat="41.1724" lon="-121.80478">
        <ele>1584.62</ele>
      </trkpt>
      <trkpt lat="41.17236" lon="-121.80522">
        <ele>1581.54</ele>
      </trkpt>
      <trkpt lat="41.17239" lon="-121.80567">
        <ele>1580.42</ele>
      </trkpt>
      <trkpt lat="41.17245" lon="-121.80582">
        <ele>1580.4</ele>
      </trkpt>
      <trkpt lat="41.17287" lon="-121.80675">
        <ele>1578.01</ele>
      </trkpt>
      <trkpt lat="41.17295" lon="-121.80698">
        <ele>1576.8</ele>
      </trkpt>
      <trkpt lat="41.17298" lon="-121.80721">
        <ele>1576.26</ele>
      </trkpt>
      <trkpt lat="41.17299" lon="-121.8076">
        <ele>1573.75</ele>
      </trkpt>
      <trkpt lat="41.17293" lon="-121.80797">
        <ele>1572.35</ele>
      </trkpt>
      <trkpt lat="41.17283" lon="-121.80832">
        <ele>1572.51</ele>
      </trkpt>
      <trkpt lat="41.17245" lon="-121.80936">
        <ele>1570.03</ele>
      </trkpt>
      <trkpt lat="41.17229" lon="-121.80985">
        <ele>1568.31</ele>
      </trkpt>
      <trkpt lat="41.17207" lon="-121.81029">
        <ele>1569.31</ele>
      </trkpt>
      <trkpt lat="41.172" lon="-121.8106">
        <ele>1565.35</ele>
      </trkpt>
      <trkpt lat="41.17175" lon="-121.81123">
        <ele>1558.45</ele>
      </trkpt>
      <trkpt lat="41.17162" lon="-121.81147">
        <ele>1556.33</ele>
      </trkpt>
      <trkpt lat="41.17152" lon="-121.81158">
        <ele>1556.62</ele>
      </trkpt>
      <trkpt lat="41.17137" lon="-121.8117">
        <ele>1557.89</ele>
      </trkpt>
      <trkpt lat="41.17116" lon="-121.81183">
        <ele>1560.42</ele>
      </trkpt>
      <trkpt lat="41.1711" lon="-121.8119">
        <ele>1559.68</ele>
      </trkpt>
      <trkpt lat="41.17104" lon="-121.81198">
        <ele>1558.77</ele>
      </trkpt>
      <trkpt lat="41.17095" lon="-121.81221">
        <ele>1555.74</ele>
      </trkpt>
      <trkpt lat="41.17083" lon="-121.81238">
        <ele>1556.4</ele>
      </trkpt>
      <trkpt lat="41.17062" lon="-121.81263">
        <ele>1558.2</ele>
      </trkpt>
      <trkpt lat="41.17042" lon="-121.81293">
        <ele>1557.94</ele>
      </trkpt>
      <trkpt lat="41.17033" lon="-121.8131">
        <ele>1558.39</ele>
      </trkpt>
      <trkpt lat="41.17026" lon="-121.81327">
        <ele>1558.01</ele>
      </trkpt>
      <trkpt lat="41.17021" lon="-121.81343">
        <ele>1556.68</ele>
      </trkpt>
      <trkpt lat="41.17021" lon="-121.8136">
        <ele>1554.58</ele>
      </trkpt>
      <trkpt lat="41.17018" lon="-121.81377">
        <ele>1554.44</ele>
      </trkpt>
      <trkpt lat="41.17015" lon="-121.81386">
        <ele>1555.57</ele>
      </trkpt>
      <trkpt lat="41.17013" lon="-121.81394">
        <ele>1556.52</ele>
      </trkpt>
      <trkpt lat="41.17021" lon="-121.81415">
        <ele>1554.42</ele>
      </trkpt>
      <trkpt lat="41.1703" lon="-121.81459">
        <ele>1554.85</ele>
      </trkpt>
      <trkpt lat="41.1703" lon="-121.81481">
        <ele>1556.28</ele>
      </trkpt>
      <trkpt lat="41.17047" lon="-121.81545">
        <ele>1555.64</ele>
      </trkpt>
      <trkpt lat="41.17057" lon="-121.81649">
        <ele>1554.53</ele>
      </trkpt>
      <trkpt lat="41.17062" lon="-121.8167">
        <ele>1552.61</ele>
      </trkpt>
      <trkpt lat="41.17062" lon="-121.8167">
        <ele>1552.61</ele>
      </trkpt>
      <trkpt lat="41.17065" lon="-121.81688">
        <ele>1550.96</ele>
      </trkpt>
      <trkpt lat="41.17061" lon="-121.81731">
        <ele>1550.85</ele>
      </trkpt>
      <trkpt lat="41.17051" lon="-121.81756">
        <ele>1552.34</ele>
      </trkpt>
      <trkpt lat="41.17037" lon="-121.81784">
        <ele>1554.01</ele>
      </trkpt>
      <trkpt lat="41.17026" lon="-121.81832">
        <ele>1553.22</ele>
      </trkpt>
      <trkpt lat="41.17015" lon="-121.81878">
        <ele>1551.56</ele>
      </trkpt>
      <trkpt lat="41.17011" lon="-121.81921">
        <ele>1548.81</ele>
      </trkpt>
      <trkpt lat="41.17013" lon="-121.81929">
        <ele>1548.73</ele>
      </trkpt>
      <trkpt lat="41.1702" lon="-121.81941">
        <ele>1549.63</ele>
      </trkpt>
      <trkpt lat="41.17057" lon="-121.81979">
        <ele>1553.73</ele>
      </trkpt>
      <trkpt lat="41.17068" lon="-121.81998">
        <ele>1555.44</ele>
      </trkpt>
      <trkpt lat="41.17086" lon="-121.82018">
        <ele>1556.66</ele>
      </trkpt>
      <trkpt lat="41.17094" lon="-121.82034">
        <ele>1557.37</ele>
      </trkpt>
      <trkpt lat="41.17099" lon="-121.82067">
        <ele>1559.54</ele>
      </trkpt>
      <trkpt lat="41.17101" lon="-121.82083">
        <ele>1561.93</ele>
      </trkpt>
      <trkpt lat="41.17106" lon="-121.821">
        <ele>1562.9</ele>
      </trkpt>
      <trkpt lat="41.1712" lon="-121.82114">
        <ele>1562.36</ele>
      </trkpt>
      <trkpt lat="41.17128" lon="-121.82129">
        <ele>1562.28</ele>
      </trkpt>
      <trkpt lat="41.17137" lon="-121.82135">
        <ele>1561.45</ele>
      </trkpt>
      <trkpt lat="41.1715" lon="-121.82137">
        <ele>1559.8</ele>
      </trkpt>
      <trkpt lat="41.17166" lon="-121.82149">
        <ele>1562.03</ele>
      </trkpt>
      <trkpt lat="41.1718" lon="-121.82153">
        <ele>1563.26</ele>
      </trkpt>
      <trkpt lat="41.17231" lon="-121.82174">
        <ele>1566.64</ele>
      </trkpt>
      <trkpt lat="41.17284" lon="-121.82215">
        <ele>1571.24</ele>
      </trkpt>
      <trkpt lat="41.17308" lon="-121.82236">
        <ele>1573.35</ele>
      </trkpt>
      <trkpt lat="41.1734" lon="-121.82252">
        <ele>1573.44</ele>
      </trkpt>
      <trkpt lat="41.17351" lon="-121.82269">
        <ele>1574.14</ele>
      </trkpt>
      <trkpt lat="41.17376" lon="-121.82314">
        <ele>1578.88</ele>
      </trkpt>
      <trkpt lat="41.1738" lon="-121.82315">
        <ele>1579.08</ele>
      </trkpt>
      <trkpt lat="41.17395" lon="-121.82306">
        <ele>1579.71</ele>
      </trkpt>
      <trkpt lat="41.17415" lon="-121.82287">
        <ele>1581.82</ele>
      </trkpt>
      <trkpt lat="41.17471" lon="-121.82224">
        <ele>1588.76</ele>
      </trkpt>
      <trkpt lat="41.17482" lon="-121.82222">
        <ele>1590.09</ele>
      </trkpt>
      <trkpt lat="41.1749" lon="-121.82216">
        <ele>1591.17</ele>
      </trkpt>
      <trkpt lat="41.17507" lon="-121.82194">
        <ele>1593.48</ele>
      </trkpt>
      <trkpt lat="41.1753" lon="-121.82182">
        <ele>1595.24</ele>
      </trkpt>
      <trkpt lat="41.17545" lon="-121.8218">
        <ele>1596.86</ele>
      </trkpt>
      <trkpt lat="41.17562" lon="-121.82185">
        <ele>1597.99</ele>
      </trkpt>
      <trkpt lat="41.17579" lon="-121.82197">
        <ele>1599.66</ele>
      </trkpt>
      <trkpt lat="41.17589" lon="-121.82206">
        <ele>1600.25</ele>
      </trkpt>
      <trkpt lat="41.17607" lon="-121.8223">
        <ele>1601.37</ele>
      </trkpt>
      <trkpt lat="41.17621" lon="-121.82258">
        <ele>1602.99</ele>
      </trkpt>
      <trkpt lat="41.17632" lon="-121.82272">
        <ele>1604.28</ele>
      </trkpt>
      <trkpt lat="41.1765" lon="-121.82281">
        <ele>1604.28</ele>
      </trkpt>
      <trkpt lat="41.17677" lon="-121.823">
        <ele>1603.88</ele>
      </trkpt>
      <trkpt lat="41.17688" lon="-121.82314">
        <ele>1603.61</ele>
      </trkpt>
      <trkpt lat="41.17696" lon="-121.8233">
        <ele>1603.3</ele>
      </trkpt>
      <trkpt lat="41.17703" lon="-121.82336">
        <ele>1602.71</ele>
      </trkpt>
      <trkpt lat="41.17719" lon="-121.82345">
        <ele>1602.61</ele>
      </trkpt>
      <trkpt lat="41.17736" lon="-121.82354">
        <ele>1602.86</ele>
      </trkpt>
      <trkpt lat="41.17755" lon="-121.82358">
        <ele>1602.79</ele>
      </trkpt>
      <trkpt lat="41.17773" lon="-121.82353">
        <ele>1600.7</ele>
      </trkpt>
      <trkpt lat="41.17792" lon="-121.8236">
        <ele>1600.88</ele>
      </trkpt>
      <trkpt lat="41.17816" lon="-121.82376">
        <ele>1603.22</ele>
      </trkpt>
      <trkpt lat="41.17844" lon="-121.82389">
        <ele>1604.02</ele>
      </trkpt>
      <trkpt lat="41.17903" lon="-121.82388">
        <ele>1602.81</ele>
      </trkpt>
      <trkpt lat="41.17921" lon="-121.82392">
        <ele>1603.51</ele>
      </trkpt>
      <trkpt lat="41.17937" lon="-121.82405">
        <ele>1603.35</ele>
      </trkpt>
      <trkpt lat="41.17946" lon="-121.82422">
        <ele>1602.62</ele>
      </trkpt>
      <trkpt lat="41.17951" lon="-121.82435">
        <ele>1602.15</ele>
      </trkpt>
      <trkpt lat="41.17954" lon="-121.82457">
        <ele>1603.25</ele>
      </trkpt>
      <trkpt lat="41.17954" lon="-121.82494">
        <ele>1605.24</ele>
      </trkpt>
      <trkpt lat="41.17954" lon="-121.82545">
        <ele>1601.04</ele>
      </trkpt>
      <trkpt lat="41.17948" lon="-121.82562">
        <ele>1603.04</ele>
      </trkpt>
      <trkpt lat="41.17932" lon="-121.82588">
        <ele>1605.02</ele>
      </trkpt>
      <trkpt lat="41.17931" lon="-121.82601">
        <ele>1603.04</ele>
      </trkpt>
      <trkpt lat="41.17928" lon="-121.82608">
        <ele>1602.89</ele>
      </trkpt>
      <trkpt lat="41.17921" lon="-121.82621">
        <ele>1601.93</ele>
      </trkpt>
      <trkpt lat="41.179" lon="-121.82654">
        <ele>1601.77</ele>
      </trkpt>
      <trkpt lat="41.17874" lon="-121.82686">
        <ele>1607.13</ele>
      </trkpt>
      <trkpt lat="41.17857" lon="-121.82703">
        <ele>1608.96</ele>
      </trkpt>
      <trkpt lat="41.17836" lon="-121.82719">
        <ele>1610.66</ele>
      </trkpt>
      <trkpt lat="41.17806" lon="-121.82761">
        <ele>1612.49</ele>
      </trkpt>
      <trkpt lat="41.17796" lon="-121.8278">
        <ele>1611.58</ele>
      </trkpt>
      <trkpt lat="41.17794" lon="-121.82796">
        <ele>1609.29</ele>
      </trkpt>
      <trkpt lat="41.17795" lon="-121.82796">
        <ele>1609.18</ele>
      </trkpt>
      <trkpt lat="41.17794" lon="-121.82802">
        <ele>1608.63</ele>
      </trkpt>
      <trkpt lat="41.17796" lon="-121.82822">
        <ele>1607.06</ele>
      </trkpt>
      <trkpt lat="41.17804" lon="-121.82839">
        <ele>1605.93</ele>
      </trkpt>
      <trkpt lat="41.17805" lon="-121.8285">
        <ele>1605.24</ele>
      </trkpt>
      <trkpt lat="41.17802" lon="-121.82862">
        <ele>1606.44</ele>
      </trkpt>
      <trkpt lat="41.17793" lon="-121.8288">
        <ele>1607.03</ele>
      </trkpt>
      <trkpt lat="41.1778" lon="-121.82898">
        <ele>1611.26</ele>
      </trkpt>
      <trkpt lat="41.17777" lon="-121.82908">
        <ele>1612.39</ele>
      </trkpt>
      <trkpt lat="41.17774" lon="-121.82936">
        <ele>1613.14</ele>
      </trkpt>
      <trkpt lat="41.17771" lon="-121.82947">
        <ele>1612.92</ele>
      </trkpt>
      <trkpt lat="41.17769" lon="-121.82965">
        <ele>1611.42</ele>
      </trkpt>
      <trkpt lat="41.17766" lon="-121.82979">
        <ele>1609.88</ele>
      </trkpt>
      <trkpt lat="41.17759" lon="-121.82986">
        <ele>1610.64</ele>
      </trkpt>
      <trkpt lat="41.1774" lon="-121.83012">
        <ele>1612.02</ele>
      </trkpt>
      <trkpt lat="41.17718" lon="-121.83041">
        <ele>1614.32</ele>
      </trkpt>
      <trkpt lat="41.17703" lon="-121.83073">
        <ele>1613.35</ele>
      </trkpt>
      <trkpt lat="41.17695" lon="-121.83094">
        <ele>1612.74</ele>
      </trkpt>
      <trkpt lat="41.17688" lon="-121.83105">
        <ele>1613.05</ele>
      </trkpt>
      <trkpt lat="41.17676" lon="-121.8311">
        <ele>1614.23</ele>
      </trkpt>
      <trkpt lat="41.17665" lon="-121.83118">
        <ele>1615.62</ele>
      </trkpt>
      <trkpt lat="41.17645" lon="-121.83135">
        <ele>1618.1</ele>
      </trkpt>
      <trkpt lat="41.17632" lon="-121.83155">
        <ele>1620.3</ele>
      </trkpt>
      <trkpt lat="41.1762" lon="-121.8318">
        <ele>1620.04</ele>
      </trkpt>
      <trkpt lat="41.17607" lon="-121.83199">
        <ele>1620.67</ele>
      </trkpt>
      <trkpt lat="41.17589" lon="-121.83221">
        <ele>1621.52</ele>
      </trkpt>
      <trkpt lat="41.17572" lon="-121.8325">
        <ele>1623.67</ele>
      </trkpt>
      <trkpt lat="41.17557" lon="-121.83267">
        <ele>1626.56</ele>
      </trkpt>
      <trkpt lat="41.1755" lon="-121.83287">
        <ele>1627.2</ele>
      </trkpt>
      <trkpt lat="41.17542" lon="-121.83301">
        <ele>1628.88</ele>
      </trkpt>
      <trkpt lat="41.1753" lon="-121.83315">
        <ele>1630.24</ele>
      </trkpt>
      <trkpt lat="41.17506" lon="-121.8333">
        <ele>1634.42</ele>
      </trkpt>
      <trkpt lat="41.17476" lon="-121.83359">
        <ele>1642.32</ele>
      </trkpt>
      <trkpt lat="41.17468" lon="-121.83382">
        <ele>1642.37</ele>
      </trkpt>
      <trkpt lat="41.17453" lon="-121.83411">
        <ele>1644.79</ele>
      </trkpt>
      <trkpt lat="41.17448" lon="-121.83441">
        <ele>1643.6</ele>
      </trkpt>
      <trkpt lat="41.1745" lon="-121.83466">
        <ele>1641.2</ele>
      </trkpt>
      <trkpt lat="41.17448" lon="-121.83479">
        <ele>1641.12</ele>
      </trkpt>
      <trkpt lat="41.17434" lon="-121.83501">
        <ele>1645.26</ele>
      </trkpt>
      <trkpt lat="41.17433" lon="-121.83514">
        <ele>1645.59</ele>
      </trkpt>
      <trkpt lat="41.17444" lon="-121.83528">
        <ele>1644.15</ele>
      </trkpt>
      <trkpt lat="41.17449" lon="-121.83556">
        <ele>1647.08</ele>
      </trkpt>
      <trkpt lat="41.17462" lon="-121.83588">
        <ele>1648.37</ele>
      </trkpt>
      <trkpt lat="41.17473" lon="-121.83623">
        <ele>1651.01</ele>
      </trkpt>
      <trkpt lat="41.17485" lon="-121.83676">
        <ele>1654.49</ele>
      </trkpt>
      <trkpt lat="41.17494" lon="-121.83689">
        <ele>1652.42</ele>
      </trkpt>
      <trkpt lat="41.17521" lon="-121.83712">
        <ele>1655.22</ele>
      </trkpt>
      <trkpt lat="41.17547" lon="-121.83719">
        <ele>1659.91</ele>
      </trkpt>
      <trkpt lat="41.1756" lon="-121.8372">
        <ele>1659.16</ele>
      </trkpt>
      <trkpt lat="41.17577" lon="-121.83712">
        <ele>1657.21</ele>
      </trkpt>
      <trkpt lat="41.17593" lon="-121.83705">
        <ele>1658.37</ele>
      </trkpt>
      <trkpt lat="41.17605" lon="-121.83676">
        <ele>1655.36</ele>
      </trkpt>
      <trkpt lat="41.17616" lon="-121.83654">
        <ele>1653.51</ele>
      </trkpt>
      <trkpt lat="41.17631" lon="-121.83648">
        <ele>1656.13</ele>
      </trkpt>
      <trkpt lat="41.17645" lon="-121.83652">
        <ele>1659.01</ele>
      </trkpt>
      <trkpt lat="41.176" lon="-121.83716">
        <ele>1662.52</ele>
      </trkpt>
      <trkpt lat="41.17588" lon="-121.83737">
        <ele>1665.3</ele>
      </trkpt>
      <trkpt lat="41.17575" lon="-121.83739">
        <ele>1664.35</ele>
      </trkpt>
      <trkpt lat="41.17562" lon="-121.83755">
        <ele>1669.62</ele>
      </trkpt>
      <trkpt lat="41.17542" lon="-121.83757">
        <ele>1671.27</ele>
      </trkpt>
      <trkpt lat="41.17517" lon="-121.83768">
        <ele>1673.67</ele>
      </trkpt>
      <trkpt lat="41.17489" lon="-121.83762">
        <ele>1671.97</ele>
      </trkpt>
      <trkpt lat="41.17476" lon="-121.83757">
        <ele>1673.84</ele>
      </trkpt>
      <trkpt lat="41.1745" lon="-121.83721">
        <ele>1679.34</ele>
      </trkpt>
      <trkpt lat="41.17443" lon="-121.83723">
        <ele>1682.55</ele>
      </trkpt>
      <trkpt lat="41.17438" lon="-121.83703">
        <ele>1680.71</ele>
      </trkpt>
      <trkpt lat="41.1743" lon="-121.83693">
        <ele>1683.24</ele>
      </trkpt>
      <trkpt lat="41.17426" lon="-121.83691">
        <ele>1684.97</ele>
      </trkpt>
      <trkpt lat="41.17427" lon="-121.83702">
        <ele>1684.63</ele>
      </trkpt>
      <trkpt lat="41.17431" lon="-121.83739">
        <ele>1688.17</ele>
      </trkpt>
      <trkpt lat="41.17436" lon="-121.83779">
        <ele>1690.87</ele>
      </trkpt>
      <trkpt lat="41.17434" lon="-121.83794">
        <ele>1693.17</ele>
      </trkpt>
      <trkpt lat="41.17429" lon="-121.83808">
        <ele>1695.86</ele>
      </trkpt>
      <trkpt lat="41.17437" lon="-121.83843">
        <ele>1701.7</ele>
      </trkpt>
      <trkpt lat="41.1746" lon="-121.83854">
        <ele>1698.87</ele>
      </trkpt>
      <trkpt lat="41.1746" lon="-121.83864">
        <ele>1700.05</ele>
      </trkpt>
      <trkpt lat="41.17473" lon="-121.83878">
        <ele>1697.59</ele>
      </trkpt>
      <trkpt lat="41.17479" lon="-121.83894">
        <ele>1696.54</ele>
      </trkpt>
      <trkpt lat="41.17477" lon="-121.83913">
        <ele>1697.06</ele>
      </trkpt>
      <trkpt lat="41.17474" lon="-121.83927">
        <ele>1701.2</ele>
      </trkpt>
      <trkpt lat="41.17469" lon="-121.83938">
        <ele>1704.89</ele>
      </trkpt>
      <trkpt lat="41.17465" lon="-121.83948">
        <ele>1708.11</ele>
      </trkpt>
      <trkpt lat="41.17475" lon="-121.83955">
        <ele>1706.68</ele>
      </trkpt>
      <trkpt lat="41.17489" lon="-121.83962">
        <ele>1705.98</ele>
      </trkpt>
      <trkpt lat="41.17515" lon="-121.83965">
        <ele>1708.44</ele>
      </trkpt>
      <trkpt lat="41.17542" lon="-121.83969">
        <ele>1708.61</ele>
      </trkpt>
      <trkpt lat="41.17551" lon="-121.83973">
        <ele>1709.17</ele>
      </trkpt>
      <trkpt lat="41.17566" lon="-121.83989">
        <ele>1713.65</ele>
      </trkpt>
      <trkpt lat="41.17583" lon="-121.83997">
        <ele>1715.66</ele>
      </trkpt>
      <trkpt lat="41.17591" lon="-121.84011">
        <ele>1718.05</ele>
      </trkpt>
      <trkpt lat="41.17596" lon="-121.84018">
        <ele>1719.29</ele>
      </trkpt>
      <trkpt lat="41.17613" lon="-121.84028">
        <ele>1720.84</ele>
      </trkpt>
      <trkpt lat="41.17621" lon="-121.84045">
        <ele>1722.72</ele>
      </trkpt>
      <trkpt lat="41.17627" lon="-121.84065">
        <ele>1724.61</ele>
      </trkpt>
      <trkpt lat="41.17636" lon="-121.84077">
        <ele>1725.26</ele>
      </trkpt>
      <trkpt lat="41.1765" lon="-121.84079">
        <ele>1723.6</ele>
      </trkpt>
      <trkpt lat="41.17663" lon="-121.8409">
        <ele>1727.59</ele>
      </trkpt>
      <trkpt lat="41.17685" lon="-121.84096">
        <ele>1729.1</ele>
      </trkpt>
      <trkpt lat="41.17708" lon="-121.84108">
        <ele>1731.68</ele>
      </trkpt>
      <trkpt lat="41.17744" lon="-121.84125">
        <ele>1735.18</ele>
      </trkpt>
      <trkpt lat="41.17761" lon="-121.84134">
        <ele>1736.47</ele>
      </trkpt>
      <trkpt lat="41.17789" lon="-121.84154">
        <ele>1738.5</ele>
      </trkpt>
      <trkpt lat="41.17813" lon="-121.84214">
        <ele>1739.41</ele>
      </trkpt>
      <trkpt lat="41.1782" lon="-121.84296">
        <ele>1751.58</ele>
      </trkpt>
      <trkpt lat="41.17825" lon="-121.84317">
        <ele>1755.16</ele>
      </trkpt>
      <trkpt lat="41.17831" lon="-121.84327">
        <ele>1755.88</ele>
      </trkpt>
      <trkpt lat="41.17847" lon="-121.84334">
        <ele>1754.81</ele>
      </trkpt>
      <trkpt lat="41.17862" lon="-121.8434">
        <ele>1755.88</ele>
      </trkpt>
      <trkpt lat="41.17877" lon="-121.84337">
        <ele>1754.15</ele>
      </trkpt>
      <trkpt lat="41.17887" lon="-121.84342">
        <ele>1755.14</ele>
      </trkpt>
      <trkpt lat="41.17895" lon="-121.84357">
        <ele>1758.5</ele>
      </trkpt>
      <trkpt lat="41.17908" lon="-121.84398">
        <ele>1763.85</ele>
      </trkpt>
      <trkpt lat="41.17917" lon="-121.84434">
        <ele>1766.8</ele>
      </trkpt>
      <trkpt lat="41.17918" lon="-121.84453">
        <ele>1768.77</ele>
      </trkpt>
      <trkpt lat="41.17917" lon="-121.84458">
        <ele>1769.89</ele>
      </trkpt>
      <trkpt lat="41.17909" lon="-121.84458">
        <ele>1772.41</ele>
      </trkpt>
      <trkpt lat="41.17889" lon="-121.84452">
        <ele>1775.79</ele>
      </trkpt>
      <trkpt lat="41.17877" lon="-121.8444">
        <ele>1776.46</ele>
      </trkpt>
      <trkpt lat="41.17869" lon="-121.84432">
        <ele>1776.8</ele>
      </trkpt>
      <trkpt lat="41.17858" lon="-121.84418">
        <ele>1776.48</ele>
      </trkpt>
      <trkpt lat="41.17852" lon="-121.84414">
        <ele>1776.41</ele>
      </trkpt>
      <trkpt lat="41.17848" lon="-121.84423">
        <ele>1778.1</ele>
      </trkpt>
      <trkpt lat="41.17867" lon="-121.84466">
        <ele>1782.87</ele>
      </trkpt>
      <trkpt lat="41.1788" lon="-121.84482">
        <ele>1783.05</ele>
      </trkpt>
      <trkpt lat="41.17894" lon="-121.845">
        <ele>1786.34</ele>
      </trkpt>
      <trkpt lat="41.17911" lon="-121.84527">
        <ele>1791.2</ele>
      </trkpt>
      <trkpt lat="41.1794" lon="-121.84583">
        <ele>1794.79</ele>
      </trkpt>
      <trkpt lat="41.17953" lon="-121.84608">
        <ele>1801.55</ele>
      </trkpt>
      <trkpt lat="41.17958" lon="-121.84632">
        <ele>1806.38</ele>
      </trkpt>
      <trkpt lat="41.1796" lon="-121.84656">
        <ele>1807.32</ele>
      </trkpt>
      <trkpt lat="41.17954" lon="-121.84688">
        <ele>1808.97</ele>
      </trkpt>
      <trkpt lat="41.17947" lon="-121.8471">
        <ele>1809.72</ele>
      </trkpt>
      <trkpt lat="41.17935" lon="-121.84734">
        <ele>1808.73</ele>
      </trkpt>
      <trkpt lat="41.17921" lon="-121.84751">
        <ele>1807.89</ele>
      </trkpt>
      <trkpt lat="41.17921" lon="-121.84751">
        <ele>1807.89</ele>
      </trkpt>
      <trkpt lat="41.17919" lon="-121.84754">
        <ele>1807.57</ele>
      </trkpt>
      <trkpt lat="41.17899" lon="-121.8477">
        <ele>1806.84</ele>
      </trkpt>
      <trkpt lat="41.1787" lon="-121.8479">
        <ele>1803.01</ele>
      </trkpt>
      <trkpt lat="41.17816" lon="-121.84812">
        <ele>1797.3</ele>
      </trkpt>
      <trkpt lat="41.17788" lon="-121.84826">
        <ele>1795.79</ele>
      </trkpt>
      <trkpt lat="41.17752" lon="-121.8483">
        <ele>1795.36</ele>
      </trkpt>
      <trkpt lat="41.17742" lon="-121.84838">
        <ele>1795.0</ele>
      </trkpt>
      <trkpt lat="41.1771" lon="-121.84843">
        <ele>1793.65</ele>
      </trkpt>
      <trkpt lat="41.17696" lon="-121.84859">
        <ele>1792.04</ele>
      </trkpt>
      <trkpt lat="41.1769" lon="-121.84876">
        <ele>1792.29</ele>
      </trkpt>
      <trkpt lat="41.17694" lon="-121.84934">
        <ele>1795.04</ele>
      </trkpt>
      <trkpt lat="41.17697" lon="-121.84948">
        <ele>1795.72</ele>
      </trkpt>
      <trkpt lat="41.17696" lon="-121.84972">
        <ele>1795.83</ele>
      </trkpt>
      <trkpt lat="41.17694" lon="-121.85009">
        <ele>1797.1</ele>
      </trkpt>
      <trkpt lat="41.17697" lon="-121.85035">
        <ele>1797.66</ele>
      </trkpt>
      <trkpt lat="41.17708" lon="-121.85068">
        <ele>1795.61</ele>
      </trkpt>
      <trkpt lat="41.17714" lon="-121.85101">
        <ele>1794.57</ele>
      </trkpt>
      <trkpt lat="41.17714" lon="-121.85131">
        <ele>1794.66</ele>
      </trkpt>
      <trkpt lat="41.17713" lon="-121.85151">
        <ele>1793.99</ele>
      </trkpt>
      <trkpt lat="41.17704" lon="-121.8519">
        <ele>1797.42</ele>
      </trkpt>
      <trkpt lat="41.17709" lon="-121.85216">
        <ele>1799.8</ele>
      </trkpt>
      <trkpt lat="41.17717" lon="-121.85266">
        <ele>1803.42</ele>
      </trkpt>
      <trkpt lat="41.17725" lon="-121.85282">
        <ele>1802.86</ele>
      </trkpt>
      <trkpt lat="41.17747" lon="-121.85297">
        <ele>1800.12</ele>
      </trkpt>
      <trkpt lat="41.17759" lon="-121.85314">
        <ele>1800.79</ele>
      </trkpt>
      <trkpt lat="41.17793" lon="-121.85387">
        <ele>1803.02</ele>
      </trkpt>
      <trkpt lat="41.17825" lon="-121.85431">
        <ele>1800.85</ele>
      </trkpt>
      <trkpt lat="41.17843" lon="-121.85451">
        <ele>1801.32</ele>
      </trkpt>
      <trkpt lat="41.17856" lon="-121.85472">
        <ele>1803.06</ele>
      </trkpt>
      <trkpt lat="41.17873" lon="-121.85529">
        <ele>1809.43</ele>
      </trkpt>
      <trkpt lat="41.17879" lon="-121.85536">
        <ele>1808.14</ele>
      </trkpt>
      <trkpt lat="41.17893" lon="-121.85546">
        <ele>1807.52</ele>
      </trkpt>
      <trkpt lat="41.17891" lon="-121.85552">
        <ele>1807.91</ele>
      </trkpt>
      <trkpt lat="41.17882" lon="-121.85554">
        <ele>1808.12</ele>
      </trkpt>
      <trkpt lat="41.17857" lon="-121.85552">
        <ele>1810.6</ele>
      </trkpt>
      <trkpt lat="41.17774" lon="-121.85535">
        <ele>1815.1</ele>
      </trkpt>
      <trkpt lat="41.17725" lon="-121.85532">
        <ele>1820.88</ele>
      </trkpt>
      <trkpt lat="41.17672" lon="-121.85538">
        <ele>1823.58</ele>
      </trkpt>
      <trkpt lat="41.17655" lon="-121.85552">
        <ele>1818.8</ele>
      </trkpt>
      <trkpt lat="41.17644" lon="-121.85552">
        <ele>1820.43</ele>
      </trkpt>
      <trkpt lat="41.17624" lon="-121.85541">
        <ele>1827.9</ele>
      </trkpt>
      <trkpt lat="41.17558" lon="-121.85536">
        <ele>1839.1</ele>
      </trkpt>
      <trkpt lat="41.1755" lon="-121.85539">
        <ele>1838.28</ele>
      </trkpt>
      <trkpt lat="41.17547" lon="-121.85548">
        <ele>1835.37</ele>
      </trkpt>
      <trkpt lat="41.17544" lon="-121.85552">
        <ele>1834.4</ele>
      </trkpt>
      <trkpt lat="41.17533" lon="-121.85552">
        <ele>1836.83</ele>
      </trkpt>
      <trkpt lat="41.17532" lon="-121.85565">
        <ele>1834.68</ele>
      </trkpt>
      <trkpt lat="41.17531" lon="-121.85585">
        <ele>1833.14</ele>
      </trkpt>
      <trkpt lat="41.17522" lon="-121.85605">
        <ele>1834.82</ele>
      </trkpt>
      <trkpt lat="41.17513" lon="-121.85613">
        <ele>1836.65</ele>
      </trkpt>
      <trkpt lat="41.17494" lon="-121.85611">
        <ele>1845.01</ele>
      </trkpt>
      <trkpt lat="41.17473" lon="-121.85626">
        <ele>1849.06</ele>
      </trkpt>
      <trkpt lat="41.1746" lon="-121.85651">
        <ele>1848.34</ele>
      </trkpt>
      <trkpt lat="41.17451" lon="-121.85657">
        <ele>1849.98</ele>
      </trkpt>
      <trkpt lat="41.17443" lon="-121.8567">
        <ele>1850.86</ele>
      </trkpt>
      <trkpt lat="41.17439" lon="-121.85693">
        <ele>1850.62</ele>
      </trkpt>
      <trkpt lat="41.17439" lon="-121.85707">
        <ele>1849.03</ele>
      </trkpt>
      <trkpt lat="41.17433" lon="-121.85731">
        <ele>1850.01</ele>
      </trkpt>
      <trkpt lat="41.17427" lon="-121.85748">
        <ele>1850.84</ele>
      </trkpt>
      <trkpt lat="41.17414" lon="-121.85765">
        <ele>1853.86</ele>
      </trkpt>
      <trkpt lat="41.1741" lon="-121.85778">
        <ele>1855.88</ele>
      </trkpt>
      <trkpt lat="41.17408" lon="-121.85807">
        <ele>1858.69</ele>
      </trkpt>
      <trkpt lat="41.17413" lon="-121.85834">
        <ele>1857.48</ele>
      </trkpt>
      <trkpt lat="41.17411" lon="-121.85856">
        <ele>1860.9</ele>
      </trkpt>
      <trkpt lat="41.17414" lon="-121.85885">
        <ele>1859.88</ele>
      </trkpt>
      <trkpt lat="41.17421" lon="-121.85904">
        <ele>1856.53</ele>
      </trkpt>
      <trkpt lat="41.17426" lon="-121.85911">
        <ele>1853.36</ele>
      </trkpt>
      <trkpt lat="41.17424" lon="-121.8592">
        <ele>1855.25</ele>
      </trkpt>
      <trkpt lat="41.17419" lon="-121.85924">
        <ele>1857.35</ele>
      </trkpt>
      <trkpt lat="41.17404" lon="-121.85925">
        <ele>1862.3</ele>
      </trkpt>
      <trkpt lat="41.1739" lon="-121.85922">
        <ele>1863.27</ele>
      </trkpt>
      <trkpt lat="41.17366" lon="-121.85912">
        <ele>1865.75</ele>
      </trkpt>
      <trkpt lat="41.17349" lon="-121.85909">
        <ele>1867.54</ele>
      </trkpt>
      <trkpt lat="41.17339" lon="-121.85913">
        <ele>1867.18</ele>
      </trkpt>
      <trkpt lat="41.17324" lon="-121.85924">
        <ele>1866.22</ele>
      </trkpt>
      <trkpt lat="41.17318" lon="-121.85939">
        <ele>1865.51</ele>
      </trkpt>
      <trkpt lat="41.17318" lon="-121.8595">
        <ele>1865.31</ele>
      </trkpt>
      <trkpt lat="41.17319" lon="-121.85958">
        <ele>1865.35</ele>
      </trkpt>
      <trkpt lat="41.17322" lon="-121.85969">
        <ele>1864.02</ele>
      </trkpt>
      <trkpt lat="41.1732" lon="-121.8597">
        <ele>1864.56</ele>
      </trkpt>
      <trkpt lat="41.17316" lon="-121.85967">
        <ele>1866.18</ele>
      </trkpt>
      <trkpt lat="41.17301" lon="-121.85964">
        <ele>1867.45</ele>
      </trkpt>
      <trkpt lat="41.17293" lon="-121.85966">
        <ele>1867.0</ele>
      </trkpt>
      <trkpt lat="41.17278" lon="-121.85976">
        <ele>1866.18</ele>
      </trkpt>
      <trkpt lat="41.17265" lon="-121.8599">
        <ele>1863.92</ele>
      </trkpt>
      <trkpt lat="41.17254" lon="-121.86011">
        <ele>1861.33</ele>
      </trkpt>
      <trkpt lat="41.17246" lon="-121.86038">
        <ele>1856.92</ele>
      </trkpt>
      <trkpt lat="41.17234" lon="-121.86061">
        <ele>1853.1</ele>
      </trkpt>
      <trkpt lat="41.17216" lon="-121.86078">
        <ele>1849.7</ele>
      </trkpt>
      <trkpt lat="41.17191" lon="-121.861">
        <ele>1849.09</ele>
      </trkpt>
      <trkpt lat="41.17189" lon="-121.86103">
        <ele>1848.98</ele>
      </trkpt>
      <trkpt lat="41.17189" lon="-121.86103">
        <ele>1848.98</ele>
      </trkpt>
      <trkpt lat="41.1718" lon="-121.86116">
        <ele>1848.95</ele>
      </trkpt>
      <trkpt lat="41.17169" lon="-121.86155">
        <ele>1845.45</ele>
      </trkpt>
      <trkpt lat="41.17162" lon="-121.86216">
        <ele>1841.51</ele>
      </trkpt>
      <trkpt lat="41.17159" lon="-121.86244">
        <ele>1842.48</ele>
      </trkpt>
      <trkpt lat="41.17162" lon="-121.86266">
        <ele>1842.38</ele>
      </trkpt>
      <trkpt lat="41.17168" lon="-121.86294">
        <ele>1841.32</ele>
      </trkpt>
      <trkpt lat="41.17174" lon="-121.86308">
        <ele>1840.04</ele>
      </trkpt>
      <trkpt lat="41.17179" lon="-121.8632">
        <ele>1839.23</ele>
      </trkpt>
      <trkpt lat="41.17175" lon="-121.86333">
        <ele>1842.26</ele>
      </trkpt>
      <trkpt lat="41.17171" lon="-121.86343">
        <ele>1843.64</ele>
      </trkpt>
      <trkpt lat="41.17167" lon="-121.86358">
        <ele>1845.89</ele>
      </trkpt>
      <trkpt lat="41.17166" lon="-121.86392">
        <ele>1844.19</ele>
      </trkpt>
      <trkpt lat="41.17159" lon="-121.86422">
        <ele>1845.38</ele>
      </trkpt>
      <trkpt lat="41.17156" lon="-121.86462">
        <ele>1842.65</ele>
      </trkpt>
      <trkpt lat="41.17155" lon="-121.86499">
        <ele>1833.0</ele>
      </trkpt>
      <trkpt lat="41.17154" lon="-121.86522">
        <ele>1832.37</ele>
      </trkpt>
      <trkpt lat="41.17155" lon="-121.86536">
        <ele>1832.26</ele>
      </trkpt>
      <trkpt lat="41.17159" lon="-121.86552">
        <ele>1832.44</ele>
      </trkpt>
      <trkpt lat="41.17174" lon="-121.86585">
        <ele>1831.8</ele>
      </trkpt>
      <trkpt lat="41.17184" lon="-121.86618">
        <ele>1831.26</ele>
      </trkpt>
      <trkpt lat="41.17193" lon="-121.86637">
        <ele>1830.42</ele>
      </trkpt>
      <trkpt lat="41.17202" lon="-121.86673">
        <ele>1832.29</ele>
      </trkpt>
      <trkpt lat="41.17228" lon="-121.86742">
        <ele>1830.15</ele>
      </trkpt>
      <trkpt lat="41.17234" lon="-121.86773">
        <ele>1832.12</ele>
      </trkpt>
      <trkpt lat="41.17253" lon="-121.86812">
        <ele>1827.4</ele>
      </trkpt>
      <trkpt lat="41.17258" lon="-121.8683">
        <ele>1827.32</ele>
      </trkpt>
      <trkpt lat="41.17259" lon="-121.86849">
        <ele>1828.83</ele>
      </trkpt>
      <trkpt lat="41.17259" lon="-121.86869">
        <ele>1830.16</ele>
      </trkpt>
      <trkpt lat="41.17263" lon="-121.86901">
        <ele>1829.29</ele>
      </trkpt>
      <trkpt lat="41.17269" lon="-121.86919">
        <ele>1827.94</ele>
      </trkpt>
      <trkpt lat="41.17271" lon="-121.86936">
        <ele>1828.42</ele>
      </trkpt>
      <trkpt lat="41.17268" lon="-121.86965">
        <ele>1832.56</ele>
      </trkpt>
      <trkpt lat="41.17268" lon="-121.86981">
        <ele>1833.51</ele>
      </trkpt>
      <trkpt lat="41.17271" lon="-121.86994">
        <ele>1835.61</ele>
      </trkpt>
      <trkpt lat="41.17278" lon="-121.87013">
        <ele>1837.08</ele>
      </trkpt>
      <trkpt lat="41.17296" lon="-121.8705">
        <ele>1837.35</ele>
      </trkpt>
      <trkpt lat="41.17312" lon="-121.87077">
        <ele>1837.15</ele>
      </trkpt>
      <trkpt lat="41.17325" lon="-121.87112">
        <ele>1837.6</ele>
      </trkpt>
      <trkpt lat="41.17328" lon="-121.87122">
        <ele>1837.03</ele>
      </trkpt>
      <trkpt lat="41.17336" lon="-121.87134">
        <ele>1835.46</ele>
      </trkpt>
      <trkpt lat="41.17347" lon="-121.87144">
        <ele>1833.68</ele>
      </trkpt>
      <trkpt lat="41.17384" lon="-121.87199">
        <ele>1832.55</ele>
      </trkpt>
      <trkpt lat="41.1739" lon="-121.87215">
        <ele>1832.98</ele>
      </trkpt>
      <trkpt lat="41.17415" lon="-121.87256">
        <ele>1829.48</ele>
      </trkpt>
      <trkpt lat="41.17421" lon="-121.87272">
        <ele>1829.44</ele>
      </trkpt>
      <trkpt lat="41.17429" lon="-121.87296">
        <ele>1829.3</ele>
      </trkpt>
      <trkpt lat="41.17452" lon="-121.87374">
        <ele>1832.94</ele>
      </trkpt>
      <trkpt lat="41.17466" lon="-121.87419">
        <ele>1832.6</ele>
      </trkpt>
      <trkpt lat="41.17468" lon="-121.8745">
        <ele>1835.19</ele>
      </trkpt>
      <trkpt lat="41.17467" lon="-121.87494">
        <ele>1837.85</ele>
      </trkpt>
      <trkpt lat="41.17467" lon="-121.87494">
        <ele>1837.85</ele>
      </trkpt>
      <trkpt lat="41.17465" lon="-121.87557">
        <ele>1842.5</ele>
      </trkpt>
      <trkpt lat="41.17465" lon="-121.87583">
        <ele>1845.3</ele>
      </trkpt>
      <trkpt lat="41.17468" lon="-121.87607">
        <ele>1848.23</ele>
      </trkpt>
      <trkpt lat="41.17471" lon="-121.87627">
        <ele>1849.26</ele>
      </trkpt>
      <trkpt lat="41.17476" lon="-121.87634">
        <ele>1848.66</ele>
      </trkpt>
      <trkpt lat="41.17489" lon="-121.87659">
        <ele>1850.06</ele>
      </trkpt>
      <trkpt lat="41.17513" lon="-121.8769">
        <ele>1848.14</ele>
      </trkpt>
      <trkpt lat="41.17541" lon="-121.87723">
        <ele>1844.46</ele>
      </trkpt>
      <trkpt lat="41.17568" lon="-121.87761">
        <ele>1843.22</ele>
      </trkpt>
      <trkpt lat="41.17571" lon="-121.87769">
        <ele>1843.77</ele>
      </trkpt>
      <trkpt lat="41.17579" lon="-121.87806">
        <ele>1848.56</ele>
      </trkpt>
      <trkpt lat="41.17584" lon="-121.87818">
        <ele>1850.54</ele>
      </trkpt>
      <trkpt lat="41.17593" lon="-121.87836">
        <ele>1852.5</ele>
      </trkpt>
      <trkpt lat="41.17621" lon="-121.87869">
        <ele>1853.56</ele>
      </trkpt>
      <trkpt lat="41.17627" lon="-121.87882">
        <ele>1854.82</ele>
      </trkpt>
      <trkpt lat="41.17641" lon="-121.87895">
        <ele>1853.64</ele>
      </trkpt>
      <trkpt lat="41.17652" lon="-121.87898">
        <ele>1850.72</ele>
      </trkpt>
      <trkpt lat="41.17659" lon="-121.87903">
        <ele>1849.36</ele>
      </trkpt>
      <trkpt lat="41.17666" lon="-121.87916">
        <ele>1850.01</ele>
      </trkpt>
      <trkpt lat="41.17671" lon="-121.87938">
        <ele>1853.2</ele>
      </trkpt>
      <trkpt lat="41.17674" lon="-121.87959">
        <ele>1855.99</ele>
      </trkpt>
      <trkpt lat="41.17679" lon="-121.88002">
        <ele>1858.41</ele>
      </trkpt>
      <trkpt lat="41.17681" lon="-121.88016">
        <ele>1858.85</ele>
      </trkpt>
      <trkpt lat="41.17679" lon="-121.88034">
        <ele>1859.89</ele>
      </trkpt>
      <trkpt lat="41.17682" lon="-121.8805">
        <ele>1860.4</ele>
      </trkpt>
      <trkpt lat="41.17682" lon="-121.88067">
        <ele>1861.65</ele>
      </trkpt>
      <trkpt lat="41.17678" lon="-121.88082">
        <ele>1862.22</ele>
      </trkpt>
      <trkpt lat="41.1767" lon="-121.88121">
        <ele>1861.94</ele>
      </trkpt>
      <trkpt lat="41.17665" lon="-121.88137">
        <ele>1863.13</ele>
      </trkpt>
      <trkpt lat="41.1766" lon="-121.88152">
        <ele>1863.4</ele>
      </trkpt>
      <trkpt lat="41.17658" lon="-121.88168">
        <ele>1864.45</ele>
      </trkpt>
      <trkpt lat="41.17658" lon="-121.88197">
        <ele>1867.53</ele>
      </trkpt>
      <trkpt lat="41.17656" lon="-121.88215">
        <ele>1868.58</ele>
      </trkpt>
      <trkpt lat="41.17652" lon="-121.88225">
        <ele>1867.38</ele>
      </trkpt>
      <trkpt lat="41.1765" lon="-121.88234">
        <ele>1867.05</ele>
      </trkpt>
      <trkpt lat="41.17654" lon="-121.88259">
        <ele>1871.15</ele>
      </trkpt>
      <trkpt lat="41.17655" lon="-121.88273">
        <ele>1872.92</ele>
      </trkpt>
      <trkpt lat="41.1766" lon="-121.88288">
        <ele>1876.12</ele>
      </trkpt>
      <trkpt lat="41.17662" lon="-121.88298">
        <ele>1876.8</ele>
      </trkpt>
      <trkpt lat="41.17662" lon="-121.88308">
        <ele>1875.71</ele>
      </trkpt>
      <trkpt lat="41.17658" lon="-121.88346">
        <ele>1869.32</ele>
      </trkpt>
      <trkpt lat="41.17655" lon="-121.88365">
        <ele>1867.96</ele>
      </trkpt>
      <trkpt lat="41.17654" lon="-121.88384">
        <ele>1867.53</ele>
      </trkpt>
      <trkpt lat="41.17652" lon="-121.88394">
        <ele>1866.43</ele>
      </trkpt>
      <trkpt lat="41.17652" lon="-121.88403">
        <ele>1865.72</ele>
      </trkpt>
      <trkpt lat="41.17656" lon="-121.88425">
        <ele>1865.56</ele>
      </trkpt>
      <trkpt lat="41.17658" lon="-121.88441">
        <ele>1864.5</ele>
      </trkpt>
      <trkpt lat="41.1766" lon="-121.88449">
        <ele>1864.56</ele>
      </trkpt>
      <trkpt lat="41.17665" lon="-121.88461">
        <ele>1864.85</ele>
      </trkpt>
      <trkpt lat="41.17672" lon="-121.88468">
        <ele>1865.35</ele>
      </trkpt>
      <trkpt lat="41.17683" lon="-121.88477">
        <ele>1866.25</ele>
      </trkpt>
      <trkpt lat="41.1769" lon="-121.88494">
        <ele>1864.65</ele>
      </trkpt>
      <trkpt lat="41.1769" lon="-121.88513">
        <ele>1862.6</ele>
      </trkpt>
      <trkpt lat="41.17688" lon="-121.88528">
        <ele>1860.28</ele>
      </trkpt>
      <trkpt lat="41.17689" lon="-121.8854">
        <ele>1859.09</ele>
      </trkpt>
      <trkpt lat="41.17695" lon="-121.88574">
        <ele>1856.07</ele>
      </trkpt>
      <trkpt lat="41.17695" lon="-121.88593">
        <ele>1853.97</ele>
      </trkpt>
      <trkpt lat="41.177" lon="-121.88609">
        <ele>1851.96</ele>
      </trkpt>
      <trkpt lat="41.17708" lon="-121.88639">
        <ele>1849.45</ele>
      </trkpt>
      <trkpt lat="41.17708" lon="-121.88639">
        <ele>1849.45</ele>
      </trkpt>
      <trkpt lat="41.17711" lon="-121.88653">
        <ele>1848.26</ele>
      </trkpt>
      <trkpt lat="41.17716" lon="-121.88684">
        <ele>1845.46</ele>
      </trkpt>
      <trkpt lat="41.17727" lon="-121.88717">
        <ele>1843.56</ele>
      </trkpt>
      <trkpt lat="41.17736" lon="-121.88745">
        <ele>1840.54</ele>
      </trkpt>
      <trkpt lat="41.17733" lon="-121.88763">
        <ele>1838.6</ele>
      </trkpt>
      <trkpt lat="41.17733" lon="-121.8878">
        <ele>1836.12</ele>
      </trkpt>
      <trkpt lat="41.17733" lon="-121.8881">
        <ele>1833.52</ele>
      </trkpt>
      <trkpt lat="41.17735" lon="-121.8882">
        <ele>1832.79</ele>
      </trkpt>
      <trkpt lat="41.17737" lon="-121.88825">
        <ele>1832.3</ele>
      </trkpt>
      <trkpt lat="41.17743" lon="-121.88831">
        <ele>1831.01</ele>
      </trkpt>
      <trkpt lat="41.17751" lon="-121.88831">
        <ele>1830.14</ele>
      </trkpt>
      <trkpt lat="41.17758" lon="-121.88834">
        <ele>1828.99</ele>
      </trkpt>
      <trkpt lat="41.17759" lon="-121.88836">
        <ele>1828.45</ele>
      </trkpt>
      <trkpt lat="41.17759" lon="-121.88839">
        <ele>1827.8</ele>
      </trkpt>
      <trkpt lat="41.17754" lon="-121.88843">
        <ele>1827.48</ele>
      </trkpt>
      <trkpt lat="41.17747" lon="-121.88846">
        <ele>1827.71</ele>
      </trkpt>
      <trkpt lat="41.17736" lon="-121.88855">
        <ele>1827.83</ele>
      </trkpt>
      <trkpt lat="41.1772" lon="-121.88881">
        <ele>1824.74</ele>
      </trkpt>
      <trkpt lat="41.17708" lon="-121.88901">
        <ele>1822.23</ele>
      </trkpt>
      <trkpt lat="41.17696" lon="-121.88956">
        <ele>1816.37</ele>
      </trkpt>
      <trkpt lat="41.17696" lon="-121.88973">
        <ele>1814.34</ele>
      </trkpt>
      <trkpt lat="41.17692" lon="-121.88993">
        <ele>1812.3</ele>
      </trkpt>
      <trkpt lat="41.17685" lon="-121.89031">
        <ele>1809.71</ele>
      </trkpt>
      <trkpt lat="41.17675" lon="-121.89072">
        <ele>1806.52</ele>
      </trkpt>
      <trkpt lat="41.17674" lon="-121.89081">
        <ele>1805.72</ele>
      </trkpt>
      <trkpt lat="41.17678" lon="-121.89084">
        <ele>1804.2</ele>
      </trkpt>
      <trkpt lat="41.17684" lon="-121.89079">
        <ele>1802.85</ele>
      </trkpt>
      <trkpt lat="41.17695" lon="-121.89068">
        <ele>1801.54</ele>
      </trkpt>
      <trkpt lat="41.17704" lon="-121.89054">
        <ele>1801.1</ele>
      </trkpt>
      <trkpt lat="41.17712" lon="-121.89039">
        <ele>1801.0</ele>
      </trkpt>
      <trkpt lat="41.17723" lon="-121.89022">
        <ele>1800.51</ele>
      </trkpt>
      <trkpt lat="41.1774" lon="-121.89007">
        <ele>1799.4</ele>
      </trkpt>
      <trkpt lat="41.17747" lon="-121.89002">
        <ele>1798.96</ele>
      </trkpt>
      <trkpt lat="41.1776" lon="-121.89">
        <ele>1796.92</ele>
      </trkpt>
      <trkpt lat="41.17771" lon="-121.89">
        <ele>1795.46</ele>
      </trkpt>
      <trkpt lat="41.17771" lon="-121.89004">
        <ele>1794.72</ele>
      </trkpt>
      <trkpt lat="41.17767" lon="-121.89016">
        <ele>1793.6</ele>
      </trkpt>
      <trkpt lat="41.17759" lon="-121.89032">
        <ele>1792.6</ele>
      </trkpt>
      <trkpt lat="41.17755" lon="-121.89053">
        <ele>1790.2</ele>
      </trkpt>
      <trkpt lat="41.17749" lon="-121.89069">
        <ele>1788.76</ele>
      </trkpt>
      <trkpt lat="41.1774" lon="-121.89089">
        <ele>1787.55</ele>
      </trkpt>
      <trkpt lat="41.17724" lon="-121.89116">
        <ele>1786.99</ele>
      </trkpt>
      <trkpt lat="41.1771" lon="-121.89134">
        <ele>1787.02</ele>
      </trkpt>
      <trkpt lat="41.17702" lon="-121.89152">
        <ele>1785.54</ele>
      </trkpt>
      <trkpt lat="41.17676" lon="-121.89258">
        <ele>1770.24</ele>
      </trkpt>
      <trkpt lat="41.17663" lon="-121.89274">
        <ele>1771.0</ele>
      </trkpt>
      <trkpt lat="41.17653" lon="-121.89285">
        <ele>1771.39</ele>
      </trkpt>
      <trkpt lat="41.1765" lon="-121.89292">
        <ele>1770.53</ele>
      </trkpt>
      <trkpt lat="41.1765" lon="-121.89314">
        <ele>1765.05</ele>
      </trkpt>
      <trkpt lat="41.17646" lon="-121.89327">
        <ele>1761.82</ele>
      </trkpt>
      <trkpt lat="41.17643" lon="-121.89333">
        <ele>1759.55</ele>
      </trkpt>
      <trkpt lat="41.17632" lon="-121.89341">
        <ele>1756.73</ele>
      </trkpt>
      <trkpt lat="41.17627" lon="-121.89342">
        <ele>1755.64</ele>
      </trkpt>
      <trkpt lat="41.17625" lon="-121.89347">
        <ele>1752.86</ele>
      </trkpt>
      <trkpt lat="41.17632" lon="-121.89348">
        <ele>1754.07</ele>
      </trkpt>
      <trkpt lat="41.17641" lon="-121.89347">
        <ele>1755.8</ele>
      </trkpt>
      <trkpt lat="41.17653" lon="-121.89343">
        <ele>1757.87</ele>
      </trkpt>
      <trkpt lat="41.17663" lon="-121.89329">
        <ele>1760.05</ele>
      </trkpt>
      <trkpt lat="41.17668" lon="-121.89317">
        <ele>1761.13</ele>
      </trkpt>
      <trkpt lat="41.17671" lon="-121.89318">
        <ele>1760.07</ele>
      </trkpt>
      <trkpt lat="41.17675" lon="-121.89323">
        <ele>1758.33</ele>
      </trkpt>
      <trkpt lat="41.17679" lon="-121.89349">
        <ele>1753.85</ele>
      </trkpt>
      <trkpt lat="41.17679" lon="-121.89358">
        <ele>1751.34</ele>
      </trkpt>
      <trkpt lat="41.17675" lon="-121.89366">
        <ele>1749.52</ele>
      </trkpt>
      <trkpt lat="41.17663" lon="-121.89376">
        <ele>1747.18</ele>
      </trkpt>
      <trkpt lat="41.17632" lon="-121.89387">
        <ele>1738.38</ele>
      </trkpt>
      <trkpt lat="41.17622" lon="-121.8939">
        <ele>1734.17</ele>
      </trkpt>
      <trkpt lat="41.17614" lon="-121.89389">
        <ele>1733.96</ele>
      </trkpt>
      <trkpt lat="41.17606" lon="-121.89385">
        <ele>1736.55</ele>
      </trkpt>
      <trkpt lat="41.17602" lon="-121.89386">
        <ele>1736.91</ele>
      </trkpt>
      <trkpt lat="41.17596" lon="-121.89397">
        <ele>1735.19</ele>
      </trkpt>
      <trkpt lat="41.17583" lon="-121.89415">
        <ele>1733.43</ele>
      </trkpt>
      <trkpt lat="41.17571" lon="-121.89425">
        <ele>1733.53</ele>
      </trkpt>
      <trkpt lat="41.17559" lon="-121.89426">
        <ele>1734.61</ele>
      </trkpt>
      <trkpt lat="41.17541" lon="-121.89426">
        <ele>1733.98</ele>
      </trkpt>
      <trkpt lat="41.17528" lon="-121.89437">
        <ele>1729.44</ele>
      </trkpt>
      <trkpt lat="41.1752" lon="-121.89439">
        <ele>1728.76</ele>
      </trkpt>
      <trkpt lat="41.17515" lon="-121.89439">
        <ele>1728.76</ele>
      </trkpt>
      <trkpt lat="41.17498" lon="-121.89458">
        <ele>1722.03</ele>
      </trkpt>
      <trkpt lat="41.17489" lon="-121.89465">
        <ele>1719.52</ele>
      </trkpt>
      <trkpt lat="41.17482" lon="-121.89468">
        <ele>1718.4</ele>
      </trkpt>
      <trkpt lat="41.17474" lon="-121.89467">
        <ele>1716.62</ele>
      </trkpt>
      <trkpt lat="41.17475" lon="-121.8947">
        <ele>1716.15</ele>
      </trkpt>
      <trkpt lat="41.17485" lon="-121.89475">
        <ele>1716.78</ele>
      </trkpt>
      <trkpt lat="41.17492" lon="-121.89475">
        <ele>1717.4</ele>
      </trkpt>
      <trkpt lat="41.17497" lon="-121.89472">
        <ele>1718.05</ele>
      </trkpt>
      <trkpt lat="41.175" lon="-121.89473">
        <ele>1717.83</ele>
      </trkpt>
      <trkpt lat="41.17504" lon="-121.89471">
        <ele>1718.26</ele>
      </trkpt>
      <trkpt lat="41.17507" lon="-121.89472">
        <ele>1718.05</ele>
      </trkpt>
      <trkpt lat="41.17507" lon="-121.89475">
        <ele>1717.4</ele>
      </trkpt>
      <trkpt lat="41.175" lon="-121.8948">
        <ele>1716.32</ele>
      </trkpt>
      <trkpt lat="41.17493" lon="-121.89488">
        <ele>1714.59</ele>
      </trkpt>
      <trkpt lat="41.17482" lon="-121.89495">
        <ele>1712.14</ele>
      </trkpt>
      <trkpt lat="41.17471" lon="-121.89501">
        <ele>1709.65</ele>
      </trkpt>
      <trkpt lat="41.17454" lon="-121.89516">
        <ele>1704.05</ele>
      </trkpt>
      <trkpt lat="41.17441" lon="-121.89525">
        <ele>1699.77</ele>
      </trkpt>
      <trkpt lat="41.17433" lon="-121.89532">
        <ele>1697.98</ele>
      </trkpt>
      <trkpt lat="41.17427" lon="-121.89547">
        <ele>1699.12</ele>
      </trkpt>
      <trkpt lat="41.17421" lon="-121.89561">
        <ele>1699.06</ele>
      </trkpt>
      <trkpt lat="41.17415" lon="-121.89572">
        <ele>1699.56</ele>
      </trkpt>
      <trkpt lat="41.17408" lon="-121.89581">
        <ele>1699.76</ele>
      </trkpt>
      <trkpt lat="41.174" lon="-121.89589">
        <ele>1699.81</ele>
      </trkpt>
      <trkpt lat="41.174" lon="-121.8959">
        <ele>1699.92</ele>
      </trkpt>
      <trkpt lat="41.17388" lon="-121.89595">
        <ele>1699.06</ele>
      </trkpt>
      <trkpt lat="41.17383" lon="-121.89601">
        <ele>1698.21</ele>
      </trkpt>
      <trkpt lat="41.17382" lon="-121.89612">
        <ele>1701.45</ele>
      </trkpt>
      <trkpt lat="41.1738" lon="-121.8962">
        <ele>1704.88</ele>
      </trkpt>
      <trkpt lat="41.17364" lon="-121.89653">
        <ele>1705.92</ele>
      </trkpt>
      <trkpt lat="41.17358" lon="-121.89664">
        <ele>1704.45</ele>
      </trkpt>
      <trkpt lat="41.17354" lon="-121.89674">
        <ele>1703.62</ele>
      </trkpt>
      <trkpt lat="41.17349" lon="-121.89684">
        <ele>1700.97</ele>
      </trkpt>
      <trkpt lat="41.17349" lon="-121.89691">
        <ele>1702.92</ele>
      </trkpt>
      <trkpt lat="41.17354" lon="-121.89699">
        <ele>1709.26</ele>
      </trkpt>
      <trkpt lat="41.17355" lon="-121.89707">
        <ele>1711.17</ele>
      </trkpt>
      <trkpt lat="41.17352" lon="-121.89716">
        <ele>1711.69</ele>
      </trkpt>
      <trkpt lat="41.17347" lon="-121.8974">
        <ele>1712.95</ele>
      </trkpt>
      <trkpt lat="41.17343" lon="-121.8975">
        <ele>1713.0</ele>
      </trkpt>
      <trkpt lat="41.1734" lon="-121.89766">
        <ele>1712.76</ele>
      </trkpt>
      <trkpt lat="41.17339" lon="-121.89778">
        <ele>1713.41</ele>
      </trkpt>
      <trkpt lat="41.17336" lon="-121.89791">
        <ele>1714.71</ele>
      </trkpt>
      <trkpt lat="41.17332" lon="-121.89801">
        <ele>1715.15</ele>
      </trkpt>
      <trkpt lat="41.17328" lon="-121.89807">
        <ele>1716.06</ele>
      </trkpt>
      <trkpt lat="41.17324" lon="-121.89817">
        <ele>1715.75</ele>
      </trkpt>
      <trkpt lat="41.17318" lon="-121.89827">
        <ele>1716.18</ele>
      </trkpt>
      <trkpt lat="41.17308" lon="-121.89833">
        <ele>1715.67</ele>
      </trkpt>
      <trkpt lat="41.173" lon="-121.8984">
        <ele>1714.86</ele>
      </trkpt>
      <trkpt lat="41.17289" lon="-121.89852">
        <ele>1715.35</ele>
      </trkpt>
      <trkpt lat="41.17279" lon="-121.89858">
        <ele>1712.98</ele>
      </trkpt>
      <trkpt lat="41.17271" lon="-121.8986">
        <ele>1709.74</ele>
      </trkpt>
      <trkpt lat="41.17266" lon="-121.89864">
        <ele>1709.2</ele>
      </trkpt>
      <trkpt lat="41.17256" lon="-121.89891">
        <ele>1715.8</ele>
      </trkpt>
      <trkpt lat="41.17244" lon="-121.89916">
        <ele>1716.57</ele>
      </trkpt>
      <trkpt lat="41.17243" lon="-121.89958">
        <ele>1724.59</ele>
      </trkpt>
      <trkpt lat="41.17238" lon="-121.89968">
        <ele>1724.95</ele>
      </trkpt>
      <trkpt lat="41.17233" lon="-121.89975">
        <ele>1724.58</ele>
      </trkpt>
      <trkpt lat="41.17229" lon="-121.89988">
        <ele>1724.31</ele>
      </trkpt>
      <trkpt lat="41.1722" lon="-121.90003">
        <ele>1722.68</ele>
      </trkpt>
      <trkpt lat="41.17219" lon="-121.90006">
        <ele>1722.83</ele>
      </trkpt>
      <trkpt lat="41.17219" lon="-121.90006">
        <ele>1722.83</ele>
      </trkpt>
      <trkpt lat="41.17216" lon="-121.90014">
        <ele>1723.17</ele>
      </trkpt>
      <trkpt lat="41.17212" lon="-121.90028">
        <ele>1723.69</ele>
      </trkpt>
      <trkpt lat="41.17212" lon="-121.9004">
        <ele>1723.83</ele>
      </trkpt>
      <trkpt lat="41.17205" lon="-121.90057">
        <ele>1724.13</ele>
      </trkpt>
      <trkpt lat="41.17198" lon="-121.90067">
        <ele>1723.82</ele>
      </trkpt>
      <trkpt lat="41.17195" lon="-121.90074">
        <ele>1723.99</ele>
      </trkpt>
      <trkpt lat="41.17193" lon="-121.90082">
        <ele>1724.54</ele>
      </trkpt>
      <trkpt lat="41.17188" lon="-121.90108">
        <ele>1724.46</ele>
      </trkpt>
      <trkpt lat="41.17189" lon="-121.90119">
        <ele>1724.94</ele>
      </trkpt>
      <trkpt lat="41.17187" lon="-121.90124">
        <ele>1725.0</ele>
      </trkpt>
      <trkpt lat="41.17183" lon="-121.90128">
        <ele>1724.72</ele>
      </trkpt>
      <trkpt lat="41.17181" lon="-121.90143">
        <ele>1725.24</ele>
      </trkpt>
      <trkpt lat="41.17182" lon="-121.90152">
        <ele>1726.07</ele>
      </trkpt>
      <trkpt lat="41.17184" lon="-121.90161">
        <ele>1727.26</ele>
      </trkpt>
      <trkpt lat="41.17188" lon="-121.90171">
        <ele>1728.49</ele>
      </trkpt>
      <trkpt lat="41.17194" lon="-121.90181">
        <ele>1729.17</ele>
      </trkpt>
      <trkpt lat="41.172" lon="-121.90189">
        <ele>1728.61</ele>
      </trkpt>
      <trkpt lat="41.17211" lon="-121.902">
        <ele>1727.31</ele>
      </trkpt>
      <trkpt lat="41.17217" lon="-121.90213">
        <ele>1728.26</ele>
      </trkpt>
      <trkpt lat="41.1722" lon="-121.90221">
        <ele>1728.7</ele>
      </trkpt>
      <trkpt lat="41.17213" lon="-121.90265">
        <ele>1736.6</ele>
      </trkpt>
      <trkpt lat="41.17215" lon="-121.90274">
        <ele>1736.71</ele>
      </trkpt>
      <trkpt lat="41.17219" lon="-121.90282">
        <ele>1736.01</ele>
      </trkpt>
      <trkpt lat="41.17226" lon="-121.90286">
        <ele>1732.85</ele>
      </trkpt>
      <trkpt lat="41.17233" lon="-121.90294">
        <ele>1729.81</ele>
      </trkpt>
      <trkpt lat="41.17243" lon="-121.90321">
        <ele>1727.87</ele>
      </trkpt>
      <trkpt lat="41.17244" lon="-121.90333">
        <ele>1729.82</ele>
      </trkpt>
      <trkpt lat="41.17247" lon="-121.90338">
        <ele>1729.29</ele>
      </trkpt>
      <trkpt lat="41.17268" lon="-121.90346">
        <ele>1727.47</ele>
      </trkpt>
      <trkpt lat="41.17281" lon="-121.90344">
        <ele>1727.8</ele>
      </trkpt>
      <trkpt lat="41.17291" lon="-121.9034">
        <ele>1727.31</ele>
      </trkpt>
      <trkpt lat="41.17291" lon="-121.9034">
        <ele>1727.31</ele>
      </trkpt>
      <trkpt lat="41.17298" lon="-121.90337">
        <ele>1726.77</ele>
      </trkpt>
      <trkpt lat="41.1731" lon="-121.90337">
        <ele>1727.87</ele>
      </trkpt>
      <trkpt lat="41.17323" lon="-121.90329">
        <ele>1726.43</ele>
      </trkpt>
      <trkpt lat="41.17335" lon="-121.90326">
        <ele>1727.42</ele>
      </trkpt>
      <trkpt lat="41.17348" lon="-121.90325">
        <ele>1727.08</ele>
      </trkpt>
      <trkpt lat="41.17363" lon="-121.90316">
        <ele>1724.9</ele>
      </trkpt>
      <trkpt lat="41.17367" lon="-121.90317">
        <ele>1724.45</ele>
      </trkpt>
      <trkpt lat="41.17368" lon="-121.90328">
        <ele>1724.51</ele>
      </trkpt>
      <trkpt lat="41.17366" lon="-121.90354">
        <ele>1724.71</ele>
      </trkpt>
      <trkpt lat="41.17364" lon="-121.90368">
        <ele>1724.14</ele>
      </trkpt>
      <trkpt lat="41.17357" lon="-121.90391">
        <ele>1723.53</ele>
      </trkpt>
      <trkpt lat="41.17352" lon="-121.9042">
        <ele>1720.61</ele>
      </trkpt>
      <trkpt lat="41.17351" lon="-121.9043">
        <ele>1719.34</ele>
      </trkpt>
      <trkpt lat="41.17345" lon="-121.90444">
        <ele>1718.56</ele>
      </trkpt>
      <trkpt lat="41.1733" lon="-121.90466">
        <ele>1718.63</ele>
      </trkpt>
      <trkpt lat="41.17324" lon="-121.90491">
        <ele>1715.96</ele>
      </trkpt>
      <trkpt lat="41.17314" lon="-121.90516">
        <ele>1714.62</ele>
      </trkpt>
      <trkpt lat="41.17303" lon="-121.90537">
        <ele>1718.11</ele>
      </trkpt>
      <trkpt lat="41.17296" lon="-121.90554">
        <ele>1719.26</ele>
      </trkpt>
      <trkpt lat="41.17295" lon="-121.90565">
        <ele>1718.26</ele>
      </trkpt>
      <trkpt lat="41.17298" lon="-121.90571">
        <ele>1716.9</ele>
      </trkpt>
      <trkpt lat="41.17319" lon="-121.90612">
        <ele>1712.04</ele>
      </trkpt>
      <trkpt lat="41.17321" lon="-121.90621">
        <ele>1711.26</ele>
      </trkpt>
      <trkpt lat="41.17317" lon="-121.90632">
        <ele>1710.51</ele>
      </trkpt>
      <trkpt lat="41.17313" lon="-121.90634">
        <ele>1710.92</ele>
      </trkpt>
      <trkpt lat="41.17306" lon="-121.90633">
        <ele>1712.54</ele>
      </trkpt>
      <trkpt lat="41.17288" lon="-121.90647">
        <ele>1712.26</ele>
      </trkpt>
      <trkpt lat="41.17288" lon="-121.90647">
        <ele>1712.26</ele>
      </trkpt>
      <trkpt lat="41.17284" lon="-121.9065">
        <ele>1711.99</ele>
      </trkpt>
      <trkpt lat="41.17269" lon="-121.90657">
        <ele>1711.12</ele>
      </trkpt>
      <trkpt lat="41.17256" lon="-121.9066">
        <ele>1715.77</ele>
      </trkpt>
      <trkpt lat="41.17251" lon="-121.90666">
        <ele>1717.44</ele>
      </trkpt>
      <trkpt lat="41.17251" lon="-121.90673">
        <ele>1717.96</ele>
      </trkpt>
      <trkpt lat="41.17252" lon="-121.90686">
        <ele>1718.58</ele>
      </trkpt>
      <trkpt lat="41.17263" lon="-121.90711">
        <ele>1714.75</ele>
      </trkpt>
      <trkpt lat="41.17267" lon="-121.90724">
        <ele>1714.5</ele>
      </trkpt>
      <trkpt lat="41.1727" lon="-121.90745">
        <ele>1715.66</ele>
      </trkpt>
      <trkpt lat="41.17267" lon="-121.90785">
        <ele>1716.69</ele>
      </trkpt>
      <trkpt lat="41.17263" lon="-121.90813">
        <ele>1714.5</ele>
      </trkpt>
      <trkpt lat="41.17263" lon="-121.90823">
        <ele>1712.42</ele>
      </trkpt>
      <trkpt lat="41.17261" lon="-121.90831">
        <ele>1710.52</ele>
      </trkpt>
      <trkpt lat="41.17255" lon="-121.90837">
        <ele>1709.27</ele>
      </trkpt>
      <trkpt lat="41.17246" lon="-121.90835">
        <ele>1711.32</ele>
      </trkpt>
      <trkpt lat="41.17238" lon="-121.9083">
        <ele>1714.86</ele>
      </trkpt>
      <trkpt lat="41.17231" lon="-121.90828">
        <ele>1717.28</ele>
      </trkpt>
      <trkpt lat="41.17225" lon="-121.90833">
        <ele>1718.15</ele>
      </trkpt>
      <trkpt lat="41.17224" lon="-121.90841">
        <ele>1716.61</ele>
      </trkpt>
      <trkpt lat="41.17227" lon="-121.90854">
        <ele>1713.08</ele>
      </trkpt>
      <trkpt lat="41.17227" lon="-121.90864">
        <ele>1711.47</ele>
      </trkpt>
      <trkpt lat="41.17222" lon="-121.90874">
        <ele>1711.69</ele>
      </trkpt>
      <trkpt lat="41.17215" lon="-121.90885">
        <ele>1712.31</ele>
      </trkpt>
      <trkpt lat="41.17203" lon="-121.909">
        <ele>1711.68</ele>
      </trkpt>
      <trkpt lat="41.17192" lon="-121.90907">
        <ele>1711.35</ele>
      </trkpt>
      <trkpt lat="41.17179" lon="-121.90913">
        <ele>1711.46</ele>
      </trkpt>
      <trkpt lat="41.17171" lon="-121.90914">
        <ele>1711.95</ele>
      </trkpt>
      <trkpt lat="41.1716" lon="-121.9091">
        <ele>1713.24</ele>
      </trkpt>
      <trkpt lat="41.17149" lon="-121.90901">
        <ele>1713.78</ele>
      </trkpt>
      <trkpt lat="41.17138" lon="-121.90886">
        <ele>1715.05</ele>
      </trkpt>
      <trkpt lat="41.17128" lon="-121.9087">
        <ele>1714.52</ele>
      </trkpt>
      <trkpt lat="41.17123" lon="-121.90862">
        <ele>1714.4</ele>
      </trkpt>
      <trkpt lat="41.17115" lon="-121.90859">
        <ele>1712.49</ele>
      </trkpt>
      <trkpt lat="41.17107" lon="-121.90851">
        <ele>1710.76</ele>
      </trkpt>
      <trkpt lat="41.17106" lon="-121.90844">
        <ele>1711.19</ele>
      </trkpt>
      <trkpt lat="41.17109" lon="-121.90835">
        <ele>1713.14</ele>
      </trkpt>
      <trkpt lat="41.17107" lon="-121.90826">
        <ele>1713.46</ele>
      </trkpt>
      <trkpt lat="41.17101" lon="-121.90818">
        <ele>1712.38</ele>
      </trkpt>
      <trkpt lat="41.17094" lon="-121.9081">
        <ele>1711.06</ele>
      </trkpt>
      <trkpt lat="41.17089" lon="-121.90794">
        <ele>1711.72</ele>
      </trkpt>
      <trkpt lat="41.17088" lon="-121.90781">
        <ele>1714.64</ele>
      </trkpt>
      <trkpt lat="41.17089" lon="-121.9077">
        <ele>1716.78</ele>
      </trkpt>
      <trkpt lat="41.17088" lon="-121.90764">
        <ele>1717.25</ele>
      </trkpt>
      <trkpt lat="41.17082" lon="-121.90761">
        <ele>1717.26</ele>
      </trkpt>
      <trkpt lat="41.17077" lon="-121.9076">
        <ele>1718.31</ele>
      </trkpt>
      <trkpt lat="41.17074" lon="-121.90769">
        <ele>1717.9</ele>
      </trkpt>
      <trkpt lat="41.17069" lon="-121.90776">
        <ele>1716.93</ele>
      </trkpt>
      <trkpt lat="41.17059" lon="-121.90785">
        <ele>1716.7</ele>
      </trkpt>
      <trkpt lat="41.17053" lon="-121.90796">
        <ele>1715.89</ele>
      </trkpt>
      <trkpt lat="41.17029" lon="-121.90846">
        <ele>1712.05</ele>
      </trkpt>
      <trkpt lat="41.17024" lon="-121.90852">
        <ele>1711.79</ele>
      </trkpt>
      <trkpt lat="41.1702" lon="-121.90856">
        <ele>1711.86</ele>
      </trkpt>
      <trkpt lat="41.17013" lon="-121.90856">
        <ele>1713.3</ele>
      </trkpt>
      <trkpt lat="41.17006" lon="-121.90852">
        <ele>1715.32</ele>
      </trkpt>
      <trkpt lat="41.16997" lon="-121.90849">
        <ele>1716.31</ele>
      </trkpt>
      <trkpt lat="41.16987" lon="-121.90849">
        <ele>1716.31</ele>
      </trkpt>
      <trkpt lat="41.16981" lon="-121.90851">
        <ele>1716.09</ele>
      </trkpt>
      <trkpt lat="41.16973" lon="-121.90859">
        <ele>1715.94</ele>
      </trkpt>
      <trkpt lat="41.16966" lon="-121.90871">
        <ele>1715.67</ele>
      </trkpt>
      <trkpt lat="41.16961" lon="-121.9088">
        <ele>1716.01</ele>
      </trkpt>
      <trkpt lat="41.16959" lon="-121.90888">
        <ele>1716.39</ele>
      </trkpt>
      <trkpt lat="41.16962" lon="-121.90914">
        <ele>1717.85</ele>
      </trkpt>
      <trkpt lat="41.16961" lon="-121.90923">
        <ele>1718.9</ele>
      </trkpt>
      <trkpt lat="41.16961" lon="-121.90923">
        <ele>1718.9</ele>
      </trkpt>
      <trkpt lat="41.16961" lon="-121.90926">
        <ele>1719.22</ele>
      </trkpt>
      <trkpt lat="41.16961" lon="-121.90934">
        <ele>1720.08</ele>
      </trkpt>
      <trkpt lat="41.16962" lon="-121.90941">
        <ele>1720.23</ele>
      </trkpt>
      <trkpt lat="41.16968" lon="-121.90955">
        <ele>1719.98</ele>
      </trkpt>
      <trkpt lat="41.16968" lon="-121.90969">
        <ele>1721.02</ele>
      </trkpt>
      <trkpt lat="41.16973" lon="-121.90989">
        <ele>1721.39</ele>
      </trkpt>
      <trkpt lat="41.16978" lon="-121.91007">
        <ele>1721.88</ele>
      </trkpt>
      <trkpt lat="41.16978" lon="-121.91016">
        <ele>1722.86</ele>
      </trkpt>
      <trkpt lat="41.16974" lon="-121.91025">
        <ele>1724.42</ele>
      </trkpt>
      <trkpt lat="41.16967" lon="-121.9103">
        <ele>1725.89</ele>
      </trkpt>
      <trkpt lat="41.16959" lon="-121.91035">
        <ele>1726.41</ele>
      </trkpt>
      <trkpt lat="41.16942" lon="-121.91038">
        <ele>1726.58</ele>
      </trkpt>
      <trkpt lat="41.16929" lon="-121.91037">
        <ele>1727.01</ele>
      </trkpt>
      <trkpt lat="41.16917" lon="-121.91038">
        <ele>1726.58</ele>
      </trkpt>
      <trkpt lat="41.16902" lon="-121.91045">
        <ele>1723.56</ele>
      </trkpt>
      <trkpt lat="41.16894" lon="-121.91054">
        <ele>1721.34</ele>
      </trkpt>
      <trkpt lat="41.16884" lon="-121.91068">
        <ele>1719.18</ele>
      </trkpt>
      <trkpt lat="41.16875" lon="-121.91075">
        <ele>1719.4</ele>
      </trkpt>
      <trkpt lat="41.16862" lon="-121.91084">
        <ele>1720.74</ele>
      </trkpt>
      <trkpt lat="41.16844" lon="-121.91101">
        <ele>1721.85</ele>
      </trkpt>
      <trkpt lat="41.16823" lon="-121.91126">
        <ele>1723.12</ele>
      </trkpt>
      <trkpt lat="41.16816" lon="-121.91144">
        <ele>1722.52</ele>
      </trkpt>
      <trkpt lat="41.16813" lon="-121.91161">
        <ele>1720.3</ele>
      </trkpt>
      <trkpt lat="41.16807" lon="-121.91173">
        <ele>1718.48</ele>
      </trkpt>
      <trkpt lat="41.168" lon="-121.9118">
        <ele>1717.88</ele>
      </trkpt>
      <trkpt lat="41.16791" lon="-121.91181">
        <ele>1718.36</ele>
      </trkpt>
      <trkpt lat="41.16782" lon="-121.91182">
        <ele>1717.84</ele>
      </trkpt>
      <trkpt lat="41.16771" lon="-121.91177">
        <ele>1717.95</ele>
      </trkpt>
      <trkpt lat="41.1676" lon="-121.91172">
        <ele>1717.79</ele>
      </trkpt>
      <trkpt lat="41.16747" lon="-121.91168">
        <ele>1716.41</ele>
      </trkpt>
      <trkpt lat="41.16738" lon="-121.91164">
        <ele>1715.43</ele>
      </trkpt>
      <trkpt lat="41.16729" lon="-121.91154">
        <ele>1718.94</ele>
      </trkpt>
      <trkpt lat="41.1672" lon="-121.9115">
        <ele>1718.48</ele>
      </trkpt>
      <trkpt lat="41.16712" lon="-121.91151">
        <ele>1715.66</ele>
      </trkpt>
      <trkpt lat="41.16703" lon="-121.91149">
        <ele>1715.49</ele>
      </trkpt>
      <trkpt lat="41.16703" lon="-121.9115">
        <ele>1715.08</ele>
      </trkpt>
      <trkpt lat="41.16669" lon="-121.91145">
        <ele>1711.66</ele>
      </trkpt>
      <trkpt lat="41.16653" lon="-121.9114">
        <ele>1708.82</ele>
      </trkpt>
      <trkpt lat="41.16628" lon="-121.91147">
        <ele>1709.43</ele>
      </trkpt>
      <trkpt lat="41.16592" lon="-121.91162">
        <ele>1708.42</ele>
      </trkpt>
      <trkpt lat="41.16581" lon="-121.91167">
        <ele>1709.06</ele>
      </trkpt>
      <trkpt lat="41.16567" lon="-121.91165">
        <ele>1708.64</ele>
      </trkpt>
      <trkpt lat="41.16558" lon="-121.91163">
        <ele>1708.21</ele>
      </trkpt>
      <trkpt lat="41.1655" lon="-121.91163">
        <ele>1708.21</ele>
      </trkpt>
      <trkpt lat="41.16537" lon="-121.91173">
        <ele>1709.68</ele>
      </trkpt>
      <trkpt lat="41.16527" lon="-121.91179">
        <ele>1710.25</ele>
      </trkpt>
      <trkpt lat="41.16519" lon="-121.91181">
        <ele>1709.6</ele>
      </trkpt>
      <trkpt lat="41.16514" lon="-121.91186">
        <ele>1709.64</ele>
      </trkpt>
      <trkpt lat="41.16504" lon="-121.91196">
        <ele>1710.53</ele>
      </trkpt>
      <trkpt lat="41.16498" lon="-121.912">
        <ele>1710.38</ele>
      </trkpt>
      <trkpt lat="41.16486" lon="-121.912">
        <ele>1708.88</ele>
      </trkpt>
      <trkpt lat="41.16474" lon="-121.91203">
        <ele>1708.04</ele>
      </trkpt>
      <trkpt lat="41.16462" lon="-121.91214">
        <ele>1708.13</ele>
      </trkpt>
      <trkpt lat="41.16451" lon="-121.91234">
        <ele>1714.72</ele>
      </trkpt>
      <trkpt lat="41.16435" lon="-121.91257">
        <ele>1720.42</ele>
      </trkpt>
      <trkpt lat="41.16423" lon="-121.91272">
        <ele>1718.8</ele>
      </trkpt>
      <trkpt lat="41.16412" lon="-121.91281">
        <ele>1717.03</ele>
      </trkpt>
      <trkpt lat="41.16404" lon="-121.91287">
        <ele>1715.52</ele>
      </trkpt>
      <trkpt lat="41.16398" lon="-121.91296">
        <ele>1715.82</ele>
      </trkpt>
      <trkpt lat="41.16396" lon="-121.91311">
        <ele>1719.25</ele>
      </trkpt>
      <trkpt lat="41.16397" lon="-121.91351">
        <ele>1721.86</ele>
      </trkpt>
      <trkpt lat="41.16394" lon="-121.91366">
        <ele>1721.55</ele>
      </trkpt>
      <trkpt lat="41.16392" lon="-121.91387">
        <ele>1721.66</ele>
      </trkpt>
      <trkpt lat="41.16383" lon="-121.91412">
        <ele>1722.32</ele>
      </trkpt>
      <trkpt lat="41.16375" lon="-121.9144">
        <ele>1721.74</ele>
      </trkpt>
      <trkpt lat="41.16376" lon="-121.9145">
        <ele>1721.16</ele>
      </trkpt>
      <trkpt lat="41.16384" lon="-121.91463">
        <ele>1719.05</ele>
      </trkpt>
      <trkpt lat="41.16386" lon="-121.9147">
        <ele>1717.86</ele>
      </trkpt>
      <trkpt lat="41.16386" lon="-121.91482">
        <ele>1716.55</ele>
      </trkpt>
      <trkpt lat="41.16383" lon="-121.915">
        <ele>1714.64</ele>
      </trkpt>
      <trkpt lat="41.16383" lon="-121.91513">
        <ele>1713.23</ele>
      </trkpt>
      <trkpt lat="41.16391" lon="-121.91565">
        <ele>1710.0</ele>
      </trkpt>
      <trkpt lat="41.16396" lon="-121.91575">
        <ele>1709.92</ele>
      </trkpt>
      <trkpt lat="41.164" lon="-121.9158">
        <ele>1709.09</ele>
      </trkpt>
      <trkpt lat="41.1641" lon="-121.91582">
        <ele>1707.48</ele>
      </trkpt>
      <trkpt lat="41.16431" lon="-121.91581">
        <ele>1703.9</ele>
      </trkpt>
      <trkpt lat="41.16436" lon="-121.91582">
        <ele>1702.84</ele>
      </trkpt>
      <trkpt lat="41.16442" lon="-121.91585">
        <ele>1701.48</ele>
      </trkpt>
      <trkpt lat="41.16444" lon="-121.91593">
        <ele>1701.01</ele>
      </trkpt>
      <trkpt lat="41.16445" lon="-121.91604">
        <ele>1699.71</ele>
      </trkpt>
      <trkpt lat="41.16443" lon="-121.91613">
        <ele>1699.11</ele>
      </trkpt>
      <trkpt lat="41.16432" lon="-121.91636">
        <ele>1698.66</ele>
      </trkpt>
      <trkpt lat="41.16429" lon="-121.91648">
        <ele>1697.68</ele>
      </trkpt>
      <trkpt lat="41.1643" lon="-121.9167">
        <ele>1693.84</ele>
      </trkpt>
      <trkpt lat="41.16428" lon="-121.91683">
        <ele>1691.25</ele>
      </trkpt>
      <trkpt lat="41.16424" lon="-121.91689">
        <ele>1690.59</ele>
      </trkpt>
      <trkpt lat="41.16416" lon="-121.91693">
        <ele>1691.38</ele>
      </trkpt>
      <trkpt lat="41.16409" lon="-121.91696">
        <ele>1691.46</ele>
      </trkpt>
      <trkpt lat="41.164" lon="-121.91696">
        <ele>1693.26</ele>
      </trkpt>
      <trkpt lat="41.16394" lon="-121.91691">
        <ele>1695.19</ele>
      </trkpt>
      <trkpt lat="41.16389" lon="-121.91691">
        <ele>1695.73</ele>
      </trkpt>
      <trkpt lat="41.16386" lon="-121.91695">
        <ele>1695.19</ele>
      </trkpt>
      <trkpt lat="41.16382" lon="-121.91713">
        <ele>1691.73</ele>
      </trkpt>
      <trkpt lat="41.16376" lon="-121.91722">
        <ele>1690.83</ele>
      </trkpt>
      <trkpt lat="41.16368" lon="-121.91731">
        <ele>1689.65</ele>
      </trkpt>
      <trkpt lat="41.16357" lon="-121.91737">
        <ele>1690.7</ele>
      </trkpt>
      <trkpt lat="41.1635" lon="-121.91736">
        <ele>1692.33</ele>
      </trkpt>
      <trkpt lat="41.16347" lon="-121.9174">
        <ele>1691.73</ele>
      </trkpt>
      <trkpt lat="41.16319" lon="-121.91794">
        <ele>1681.38</ele>
      </trkpt>
      <trkpt lat="41.16313" lon="-121.918">
        <ele>1680.72</ele>
      </trkpt>
      <trkpt lat="41.16313" lon="-121.918">
        <ele>1680.72</ele>
      </trkpt>
      <trkpt lat="41.16303" lon="-121.91806">
        <ele>1680.21</ele>
      </trkpt>
      <trkpt lat="41.16295" lon="-121.91806">
        <ele>1681.04</ele>
      </trkpt>
      <trkpt lat="41.1629" lon="-121.91808">
        <ele>1681.15</ele>
      </trkpt>
      <trkpt lat="41.16283" lon="-121.91816">
        <ele>1680.56</ele>
      </trkpt>
      <trkpt lat="41.16278" lon="-121.91824">
        <ele>1679.0</ele>
      </trkpt>
      <trkpt lat="41.16266" lon="-121.91833">
        <ele>1678.38</ele>
      </trkpt>
      <trkpt lat="41.1625" lon="-121.91841">
        <ele>1677.52</ele>
      </trkpt>
      <trkpt lat="41.16237" lon="-121.91849">
        <ele>1676.33</ele>
      </trkpt>
      <trkpt lat="41.16228" lon="-121.9185">
        <ele>1676.6</ele>
      </trkpt>
      <trkpt lat="41.16222" lon="-121.91849">
        <ele>1676.92</ele>
      </trkpt>
      <trkpt lat="41.1621" lon="-121.91859">
        <ele>1673.68</ele>
      </trkpt>
      <trkpt lat="41.16204" lon="-121.91861">
        <ele>1673.04</ele>
      </trkpt>
      <trkpt lat="41.16186" lon="-121.91862">
        <ele>1671.89</ele>
      </trkpt>
      <trkpt lat="41.16161" lon="-121.91862">
        <ele>1667.64</ele>
      </trkpt>
      <trkpt lat="41.16153" lon="-121.9186">
        <ele>1666.76</ele>
      </trkpt>
      <trkpt lat="41.16146" lon="-121.91855">
        <ele>1667.32</ele>
      </trkpt>
      <trkpt lat="41.16142" lon="-121.91848">
        <ele>1668.83</ele>
      </trkpt>
      <trkpt lat="41.16137" lon="-121.91841">
        <ele>1670.17</ele>
      </trkpt>
      <trkpt lat="41.16132" lon="-121.91841">
        <ele>1670.17</ele>
      </trkpt>
      <trkpt lat="41.16127" lon="-121.91843">
        <ele>1669.91</ele>
      </trkpt>
      <trkpt lat="41.16122" lon="-121.91843">
        <ele>1669.91</ele>
      </trkpt>
      <trkpt lat="41.16119" lon="-121.9185">
        <ele>1668.4</ele>
      </trkpt>
      <trkpt lat="41.16115" lon="-121.91857">
        <ele>1667.21</ele>
      </trkpt>
      <trkpt lat="41.16112" lon="-121.91861">
        <ele>1666.92</ele>
      </trkpt>
      <trkpt lat="41.16103" lon="-121.91865">
        <ele>1666.98</ele>
      </trkpt>
      <trkpt lat="41.16098" lon="-121.91871">
        <ele>1666.7</ele>
      </trkpt>
      <trkpt lat="41.16095" lon="-121.91879">
        <ele>1665.62</ele>
      </trkpt>
      <trkpt lat="41.16076" lon="-121.91902">
        <ele>1664.75</ele>
      </trkpt>
      <trkpt lat="41.16065" lon="-121.91924">
        <ele>1661.4</ele>
      </trkpt>
      <trkpt lat="41.16055" lon="-121.91941">
        <ele>1658.37</ele>
      </trkpt>
      <trkpt lat="41.16049" lon="-121.91954">
        <ele>1655.94</ele>
      </trkpt>
      <trkpt lat="41.16044" lon="-121.91962">
        <ele>1654.18</ele>
      </trkpt>
      <trkpt lat="41.16031" lon="-121.91969">
        <ele>1652.04</ele>
      </trkpt>
      <trkpt lat="41.1602" lon="-121.91972">
        <ele>1650.21</ele>
      </trkpt>
      <trkpt lat="41.15998" lon="-121.91971">
        <ele>1648.26</ele>
      </trkpt>
      <trkpt lat="41.15979" lon="-121.91975">
        <ele>1647.0</ele>
      </trkpt>
      <trkpt lat="41.15961" lon="-121.9197">
        <ele>1646.79</ele>
      </trkpt>
      <trkpt lat="41.1595" lon="-121.9196">
        <ele>1645.92</ele>
      </trkpt>
      <trkpt lat="41.15943" lon="-121.9195">
        <ele>1645.84</ele>
      </trkpt>
      <trkpt lat="41.15938" lon="-121.91947">
        <ele>1645.3</ele>
      </trkpt>
      <trkpt lat="41.15932" lon="-121.91946">
        <ele>1644.66</ele>
      </trkpt>
      <trkpt lat="41.15919" lon="-121.9195">
        <ele>1643.25</ele>
      </trkpt>
      <trkpt lat="41.15895" lon="-121.91956">
        <ele>1641.16</ele>
      </trkpt>
      <trkpt lat="41.15869" lon="-121.91963">
        <ele>1639.85</ele>
      </trkpt>
      <trkpt lat="41.15843" lon="-121.91968">
        <ele>1639.0</ele>
      </trkpt>
      <trkpt lat="41.15843" lon="-121.91968">
        <ele>1639.0</ele>
      </trkpt>
      <trkpt lat="41.15833" lon="-121.91969">
        <ele>1639.04</ele>
      </trkpt>
      <trkpt lat="41.1582" lon="-121.91972">
        <ele>1640.43</ele>
      </trkpt>
      <trkpt lat="41.1581" lon="-121.91978">
        <ele>1641.32</ele>
      </trkpt>
      <trkpt lat="41.158" lon="-121.91988">
        <ele>1642.42</ele>
      </trkpt>
      <trkpt lat="41.15793" lon="-121.92">
        <ele>1643.36</ele>
      </trkpt>
      <trkpt lat="41.15788" lon="-121.92032">
        <ele>1645.9</ele>
      </trkpt>
      <trkpt lat="41.1579" lon="-121.9208">
        <ele>1648.12</ele>
      </trkpt>
      <trkpt lat="41.1579" lon="-121.92099">
        <ele>1650.05</ele>
      </trkpt>
      <trkpt lat="41.15783" lon="-121.9212">
        <ele>1653.27</ele>
      </trkpt>
      <trkpt lat="41.15778" lon="-121.92198">
        <ele>1649.62</ele>
      </trkpt>
      <trkpt lat="41.15778" lon="-121.92207">
        <ele>1649.0</ele>
      </trkpt>
      <trkpt lat="41.15781" lon="-121.92215">
        <ele>1649.0</ele>
      </trkpt>
      <trkpt lat="41.15801" lon="-121.92233">
        <ele>1648.41</ele>
      </trkpt>
      <trkpt lat="41.15807" lon="-121.9224">
        <ele>1648.0</ele>
      </trkpt>
      <trkpt lat="41.1581" lon="-121.9225">
        <ele>1648.0</ele>
      </trkpt>
      <trkpt lat="41.15823" lon="-121.92266">
        <ele>1648.0</ele>
      </trkpt>
      <trkpt lat="41.15835" lon="-121.92275">
        <ele>1648.0</ele>
      </trkpt>
      <trkpt lat="41.1584" lon="-121.92281">
        <ele>1648.0</ele>
      </trkpt>
      <trkpt lat="41.15863" lon="-121.9232">
        <ele>1648.0</ele>
      </trkpt>
      <trkpt lat="41.15868" lon="-121.92327">
        <ele>1648.0</ele>
      </trkpt>
      <trkpt lat="41.15875" lon="-121.92329">
        <ele>1648.0</ele>
      </trkpt>
      <trkpt lat="41.15881" lon="-121.92336">
        <ele>1648.04</ele>
      </trkpt>
      <trkpt lat="41.15883" lon="-121.92344">
        <ele>1648.46</ele>
      </trkpt>
      <trkpt lat="41.15884" lon="-121.92354">
        <ele>1649.0</ele>
      </trkpt>
      <trkpt lat="41.15888" lon="-121.92365">
        <ele>1648.96</ele>
      </trkpt>
      <trkpt lat="41.15897" lon="-121.92387">
        <ele>1650.7</ele>
      </trkpt>
      <trkpt lat="41.15912" lon="-121.92415">
        <ele>1651.5</ele>
      </trkpt>
      <trkpt lat="41.15916" lon="-121.92426">
        <ele>1651.94</ele>
      </trkpt>
      <trkpt lat="41.15926" lon="-121.92436">
        <ele>1654.0</ele>
      </trkpt>
      <trkpt lat="41.15931" lon="-121.92444">
        <ele>1654.52</ele>
      </trkpt>
      <trkpt lat="41.15935" lon="-121.92458">
        <ele>1655.46</ele>
      </trkpt>
      <trkpt lat="41.15944" lon="-121.92479">
        <ele>1657.73</ele>
      </trkpt>
      <trkpt lat="41.15963" lon="-121.92505">
        <ele>1659.54</ele>
      </trkpt>
      <trkpt lat="41.15965" lon="-121.92509">
        <ele>1659.97</ele>
      </trkpt>
      <trkpt lat="41.15965" lon="-121.92515">
        <ele>1661.24</ele>
      </trkpt>
      <trkpt lat="41.15964" lon="-121.92519">
        <ele>1662.1</ele>
      </trkpt>
      <trkpt lat="41.15948" lon="-121.9252">
        <ele>1663.26</ele>
      </trkpt>
      <trkpt lat="41.15938" lon="-121.92519">
        <ele>1663.17</ele>
      </trkpt>
      <trkpt lat="41.1593" lon="-121.92523">
        <ele>1664.18</ele>
      </trkpt>
      <trkpt lat="41.15922" lon="-121.92524">
        <ele>1663.68</ele>
      </trkpt>
      <trkpt lat="41.15916" lon="-121.92524">
        <ele>1662.78</ele>
      </trkpt>
      <trkpt lat="41.15912" lon="-121.92525">
        <ele>1661.49</ele>
      </trkpt>
      <trkpt lat="41.15912" lon="-121.9253">
        <ele>1661.49</ele>
      </trkpt>
      <trkpt lat="41.15917" lon="-121.92541">
        <ele>1663.14</ele>
      </trkpt>
      <trkpt lat="41.15919" lon="-121.92553">
        <ele>1663.47</ele>
      </trkpt>
      <trkpt lat="41.15925" lon="-121.92567">
        <ele>1665.24</ele>
      </trkpt>
      <trkpt lat="41.15927" lon="-121.92589">
        <ele>1663.54</ele>
      </trkpt>
      <trkpt lat="41.15929" lon="-121.92614">
        <ele>1663.66</ele>
      </trkpt>
      <trkpt lat="41.15929" lon="-121.92632">
        <ele>1663.92</ele>
      </trkpt>
      <trkpt lat="41.15927" lon="-121.92644">
        <ele>1663.58</ele>
      </trkpt>
      <trkpt lat="41.15919" lon="-121.92656">
        <ele>1659.26</ele>
      </trkpt>
      <trkpt lat="41.15912" lon="-121.92672">
        <ele>1656.48</ele>
      </trkpt>
      <trkpt lat="41.15902" lon="-121.92704">
        <ele>1652.09</ele>
      </trkpt>
      <trkpt lat="41.15898" lon="-121.92723">
        <ele>1651.1</ele>
      </trkpt>
      <trkpt lat="41.15898" lon="-121.92754">
        <ele>1654.38</ele>
      </trkpt>
      <trkpt lat="41.15901" lon="-121.92765">
        <ele>1655.81</ele>
      </trkpt>
      <trkpt lat="41.15912" lon="-121.92795">
        <ele>1656.71</ele>
      </trkpt>
      <trkpt lat="41.15919" lon="-121.92813">
        <ele>1655.45</ele>
      </trkpt>
      <trkpt lat="41.1592" lon="-121.92821">
        <ele>1654.93</ele>
      </trkpt>
      <trkpt lat="41.15918" lon="-121.92837">
        <ele>1653.43</ele>
      </trkpt>
      <trkpt lat="41.15913" lon="-121.92849">
        <ele>1651.42</ele>
      </trkpt>
      <trkpt lat="41.15907" lon="-121.92864">
        <ele>1648.87</ele>
      </trkpt>
      <trkpt lat="41.15905" lon="-121.92878">
        <ele>1648.22</ele>
      </trkpt>
      <trkpt lat="41.15906" lon="-121.92909">
        <ele>1648.52</ele>
      </trkpt>
      <trkpt lat="41.15909" lon="-121.92933">
        <ele>1647.75</ele>
      </trkpt>
      <trkpt lat="41.15911" lon="-121.92976">
        <ele>1645.8</ele>
      </trkpt>
      <trkpt lat="41.15909" lon="-121.92987">
        <ele>1645.52</ele>
      </trkpt>
      <trkpt lat="41.15908" lon="-121.93">
        <ele>1645.13</ele>
      </trkpt>
      <trkpt lat="41.15912" lon="-121.93006">
        <ele>1645.02</ele>
      </trkpt>
      <trkpt lat="41.15915" lon="-121.9301">
        <ele>1645.22</ele>
      </trkpt>
      <trkpt lat="41.15915" lon="-121.9301">
        <ele>1645.22</ele>
      </trkpt>
      <trkpt lat="41.15928" lon="-121.93026">
        <ele>1642.98</ele>
      </trkpt>
      <trkpt lat="41.1593" lon="-121.93035">
        <ele>1640.54</ele>
      </trkpt>
      <trkpt lat="41.15935" lon="-121.93043">
        <ele>1639.67</ele>
      </trkpt>
      <trkpt lat="41.15941" lon="-121.93047">
        <ele>1639.48</ele>
      </trkpt>
      <trkpt lat="41.15954" lon="-121.93049">
        <ele>1639.91</ele>
      </trkpt>
      <trkpt lat="41.15968" lon="-121.93037">
        <ele>1646.1</ele>
      </trkpt>
      <trkpt lat="41.15972" lon="-121.93035">
        <ele>1647.39</ele>
      </trkpt>
      <trkpt lat="41.15976" lon="-121.93037">
        <ele>1648.23</ele>
      </trkpt>
      <trkpt lat="41.15979" lon="-121.93041">
        <ele>1648.77</ele>
      </trkpt>
      <trkpt lat="41.1598" lon="-121.93049">
        <ele>1648.23</ele>
      </trkpt>
      <trkpt lat="41.15976" lon="-121.93064">
        <ele>1645.14</ele>
      </trkpt>
      <trkpt lat="41.15974" lon="-121.93074">
        <ele>1643.96</ele>
      </trkpt>
      <trkpt lat="41.15974" lon="-121.93086">
        <ele>1645.19</ele>
      </trkpt>
      <trkpt lat="41.15973" lon="-121.93093">
        <ele>1645.38</ele>
      </trkpt>
      <trkpt lat="41.15969" lon="-121.93099">
        <ele>1643.5</ele>
      </trkpt>
      <trkpt lat="41.15964" lon="-121.93107">
        <ele>1641.23</ele>
      </trkpt>
      <trkpt lat="41.15962" lon="-121.93119">
        <ele>1642.65</ele>
      </trkpt>
      <trkpt lat="41.15954" lon="-121.93134">
        <ele>1641.56</ele>
      </trkpt>
      <trkpt lat="41.15953" lon="-121.9314">
        <ele>1643.84</ele>
      </trkpt>
      <trkpt lat="41.15956" lon="-121.93142">
        <ele>1645.83</ele>
      </trkpt>
      <trkpt lat="41.15967" lon="-121.93137">
        <ele>1648.32</ele>
      </trkpt>
      <trkpt lat="41.1597" lon="-121.9314">
        <ele>1648.79</ele>
      </trkpt>
      <trkpt lat="41.1597" lon="-121.93155">
        <ele>1648.26</ele>
      </trkpt>
      <trkpt lat="41.15968" lon="-121.93164">
        <ele>1647.68</ele>
      </trkpt>
      <trkpt lat="41.15967" lon="-121.93172">
        <ele>1646.28</ele>
      </trkpt>
      <trkpt lat="41.15968" lon="-121.93184">
        <ele>1644.27</ele>
      </trkpt>
      <trkpt lat="41.1597" lon="-121.93193">
        <ele>1641.99</ele>
      </trkpt>
      <trkpt lat="41.15982" lon="-121.93214">
        <ele>1638.99</ele>
      </trkpt>
      <trkpt lat="41.15985" lon="-121.93223">
        <ele>1638.0</ele>
      </trkpt>
      <trkpt lat="41.15981" lon="-121.9327">
        <ele>1634.9</ele>
      </trkpt>
      <trkpt lat="41.15981" lon="-121.9329">
        <ele>1637.06</ele>
      </trkpt>
      <trkpt lat="41.15974" lon="-121.93335">
        <ele>1638.14</ele>
      </trkpt>
      <trkpt lat="41.15973" lon="-121.93359">
        <ele>1640.28</ele>
      </trkpt>
      <trkpt lat="41.15972" lon="-121.93385">
        <ele>1643.41</ele>
      </trkpt>
      <trkpt lat="41.15969" lon="-121.93402">
        <ele>1643.89</ele>
      </trkpt>
      <trkpt lat="41.1596" lon="-121.93437">
        <ele>1648.11</ele>
      </trkpt>
      <trkpt lat="41.15955" lon="-121.9346">
        <ele>1650.92</ele>
      </trkpt>
      <trkpt lat="41.15946" lon="-121.93478">
        <ele>1649.3</ele>
      </trkpt>
      <trkpt lat="41.1594" lon="-121.93508">
        <ele>1649.04</ele>
      </trkpt>
      <trkpt lat="41.1594" lon="-121.9352">
        <ele>1648.32</ele>
      </trkpt>
      <trkpt lat="41.15942" lon="-121.93529">
        <ele>1647.21</ele>
      </trkpt>
      <trkpt lat="41.15947" lon="-121.93538">
        <ele>1646.24</ele>
      </trkpt>
      <trkpt lat="41.15955" lon="-121.93541">
        <ele>1647.0</ele>
      </trkpt>
      <trkpt lat="41.15966" lon="-121.93543">
        <ele>1648.72</ele>
      </trkpt>
      <trkpt lat="41.15982" lon="-121.93548">
        <ele>1651.67</ele>
      </trkpt>
      <trkpt lat="41.15991" lon="-121.93554">
        <ele>1653.64</ele>
      </trkpt>
      <trkpt lat="41.16" lon="-121.9356">
        <ele>1657.04</ele>
      </trkpt>
      <trkpt lat="41.16008" lon="-121.93568">
        <ele>1659.98</ele>
      </trkpt>
      <trkpt lat="41.16013" lon="-121.93576">
        <ele>1661.0</ele>
      </trkpt>
      <trkpt lat="41.16018" lon="-121.93587">
        <ele>1661.44</ele>
      </trkpt>
      <trkpt lat="41.1602" lon="-121.93595">
        <ele>1661.22</ele>
      </trkpt>
      <trkpt lat="41.1602" lon="-121.93602">
        <ele>1660.48</ele>
      </trkpt>
      <trkpt lat="41.16016" lon="-121.93608">
        <ele>1659.18</ele>
      </trkpt>
      <trkpt lat="41.16008" lon="-121.93614">
        <ele>1656.9</ele>
      </trkpt>
      <trkpt lat="41.16005" lon="-121.93618">
        <ele>1656.36</ele>
      </trkpt>
      <trkpt lat="41.16005" lon="-121.93625">
        <ele>1657.35</ele>
      </trkpt>
      <trkpt lat="41.16006" lon="-121.93645">
        <ele>1660.6</ele>
      </trkpt>
      <trkpt lat="41.16006" lon="-121.93662">
        <ele>1662.44</ele>
      </trkpt>
      <trkpt lat="41.16007" lon="-121.93674">
        <ele>1663.46</ele>
      </trkpt>
      <trkpt lat="41.1601" lon="-121.93689">
        <ele>1665.62</ele>
      </trkpt>
      <trkpt lat="41.16011" lon="-121.937">
        <ele>1666.49</ele>
      </trkpt>
      <trkpt lat="41.16007" lon="-121.93715">
        <ele>1666.49</ele>
      </trkpt>
      <trkpt lat="41.16004" lon="-121.93766">
        <ele>1669.02</ele>
      </trkpt>
      <trkpt lat="41.16008" lon="-121.93782">
        <ele>1670.65</ele>
      </trkpt>
      <trkpt lat="41.16018" lon="-121.93811">
        <ele>1674.83</ele>
      </trkpt>
      <trkpt lat="41.16025" lon="-121.93863">
        <ele>1679.0</ele>
      </trkpt>
      <trkpt lat="41.16026" lon="-121.93897">
        <ele>1682.3</ele>
      </trkpt>
      <trkpt lat="41.16025" lon="-121.93911">
        <ele>1683.19</ele>
      </trkpt>
      <trkpt lat="41.16021" lon="-121.9394">
        <ele>1684.59</ele>
      </trkpt>
      <trkpt lat="41.16015" lon="-121.93963">
        <ele>1684.87</ele>
      </trkpt>
      <trkpt lat="41.15998" lon="-121.94063">
        <ele>1691.72</ele>
      </trkpt>
      <trkpt lat="41.15986" lon="-121.94104">
        <ele>1690.79</ele>
      </trkpt>
      <trkpt lat="41.15978" lon="-121.94125">
        <ele>1691.31</ele>
      </trkpt>
      <trkpt lat="41.15971" lon="-121.94138">
        <ele>1691.28</ele>
      </trkpt>
      <trkpt lat="41.15964" lon="-121.94146">
        <ele>1689.98</ele>
      </trkpt>
      <trkpt lat="41.15958" lon="-121.94159">
        <ele>1690.2</ele>
      </trkpt>
      <trkpt lat="41.15955" lon="-121.94165">
        <ele>1690.2</ele>
      </trkpt>
      <trkpt lat="41.15952" lon="-121.94175">
        <ele>1691.25</ele>
      </trkpt>
      <trkpt lat="41.15946" lon="-121.94208">
        <ele>1695.21</ele>
      </trkpt>
      <trkpt lat="41.15943" lon="-121.94242">
        <ele>1698.51</ele>
      </trkpt>
      <trkpt lat="41.15943" lon="-121.94276">
        <ele>1700.38</ele>
      </trkpt>
      <trkpt lat="41.15944" lon="-121.94307">
        <ele>1699.85</ele>
      </trkpt>
      <trkpt lat="41.15947" lon="-121.94328">
        <ele>1700.83</ele>
      </trkpt>
      <trkpt lat="41.15946" lon="-121.94348">
        <ele>1700.5</ele>
      </trkpt>
      <trkpt lat="41.1594" lon="-121.94383">
        <ele>1700.44</ele>
      </trkpt>
      <trkpt lat="41.15935" lon="-121.94399">
        <ele>1700.01</ele>
      </trkpt>
      <trkpt lat="41.1593" lon="-121.94406">
        <ele>1698.61</ele>
      </trkpt>
      <trkpt lat="41.15925" lon="-121.9442">
        <ele>1697.96</ele>
      </trkpt>
      <trkpt lat="41.15916" lon="-121.9443">
        <ele>1695.22</ele>
      </trkpt>
      <trkpt lat="41.15911" lon="-121.94436">
        <ele>1694.29</ele>
      </trkpt>
      <trkpt lat="41.15901" lon="-121.9445">
        <ele>1692.43</ele>
      </trkpt>
      <trkpt lat="41.15895" lon="-121.94461">
        <ele>1692.22</ele>
      </trkpt>
      <trkpt lat="41.15864" lon="-121.94523">
        <ele>1689.9</ele>
      </trkpt>
      <trkpt lat="41.15856" lon="-121.94544">
        <ele>1691.51</ele>
      </trkpt>
      <trkpt lat="41.15856" lon="-121.94544">
        <ele>1691.51</ele>
      </trkpt>
      <trkpt lat="41.1585" lon="-121.94558">
        <ele>1692.13</ele>
      </trkpt>
      <trkpt lat="41.15842" lon="-121.9457">
        <ele>1692.43</ele>
      </trkpt>
      <trkpt lat="41.15834" lon="-121.94581">
        <ele>1692.59</ele>
      </trkpt>
      <trkpt lat="41.1582" lon="-121.94594">
        <ele>1691.86</ele>
      </trkpt>
      <trkpt lat="41.15807" lon="-121.94602">
        <ele>1692.19</ele>
      </trkpt>
      <trkpt lat="41.15791" lon="-121.94611">
        <ele>1692.4</ele>
      </trkpt>
      <trkpt lat="41.15786" lon="-121.94615">
        <ele>1693.15</ele>
      </trkpt>
      <trkpt lat="41.15778" lon="-121.94617">
        <ele>1692.93</ele>
      </trkpt>
      <trkpt lat="41.15769" lon="-121.94622">
        <ele>1693.4</ele>
      </trkpt>
      <trkpt lat="41.15761" lon="-121.94626">
        <ele>1693.09</ele>
      </trkpt>
      <trkpt lat="41.15753" lon="-121.94628">
        <ele>1692.91</ele>
      </trkpt>
      <trkpt lat="41.15744" lon="-121.94625">
        <ele>1691.35</ele>
      </trkpt>
      <trkpt lat="41.15737" lon="-121.94621">
        <ele>1689.76</ele>
      </trkpt>
      <trkpt lat="41.15727" lon="-121.9462">
        <ele>1688.44</ele>
      </trkpt>
      <trkpt lat="41.1572" lon="-121.94621">
        <ele>1688.14</ele>
      </trkpt>
      <trkpt lat="41.15707" lon="-121.94628">
        <ele>1689.0</ele>
      </trkpt>
      <trkpt lat="41.15695" lon="-121.94633">
        <ele>1689.39</ele>
      </trkpt>
      <trkpt lat="41.1569" lon="-121.94639">
        <ele>1690.01</ele>
      </trkpt>
      <trkpt lat="41.15685" lon="-121.94646">
        <ele>1690.79</ele>
      </trkpt>
      <trkpt lat="41.15683" lon="-121.94659">
        <ele>1691.2</ele>
      </trkpt>
      <trkpt lat="41.15684" lon="-121.94691">
        <ele>1686.49</ele>
      </trkpt>
      <trkpt lat="41.15691" lon="-121.9473">
        <ele>1684.57</ele>
      </trkpt>
      <trkpt lat="41.15693" lon="-121.94792">
        <ele>1679.9</ele>
      </trkpt>
      <trkpt lat="41.1569" lon="-121.94812">
        <ele>1675.46</ele>
      </trkpt>
      <trkpt lat="41.1569" lon="-121.9483">
        <ele>1673.83</ele>
      </trkpt>
      <trkpt lat="41.15688" lon="-121.94837">
        <ele>1671.73</ele>
      </trkpt>
      <trkpt lat="41.15688" lon="-121.94861">
        <ele>1669.83</ele>
      </trkpt>
      <trkpt lat="41.15686" lon="-121.94876">
        <ele>1667.53</ele>
      </trkpt>
      <trkpt lat="41.15688" lon="-121.94894">
        <ele>1667.27</ele>
      </trkpt>
      <trkpt lat="41.1569" lon="-121.94915">
        <ele>1665.78</ele>
      </trkpt>
      <trkpt lat="41.15696" lon="-121.94936">
        <ele>1666.41</ele>
      </trkpt>
      <trkpt lat="41.15702" lon="-121.94943">
        <ele>1666.73</ele>
      </trkpt>
      <trkpt lat="41.15709" lon="-121.94945">
        <ele>1667.38</ele>
      </trkpt>
      <trkpt lat="41.15715" lon="-121.94944">
        <ele>1667.76</ele>
      </trkpt>
      <trkpt lat="41.15722" lon="-121.94941">
        <ele>1667.9</ele>
      </trkpt>
      <trkpt lat="41.15734" lon="-121.9494">
        <ele>1665.86</ele>
      </trkpt>
      <trkpt lat="41.15739" lon="-121.94939">
        <ele>1665.32</ele>
      </trkpt>
      <trkpt lat="41.15745" lon="-121.94932">
        <ele>1668.86</ele>
      </trkpt>
      <trkpt lat="41.15747" lon="-121.94931">
        <ele>1669.32</ele>
      </trkpt>
      <trkpt lat="41.1575" lon="-121.94934">
        <ele>1668.38</ele>
      </trkpt>
      <trkpt lat="41.15752" lon="-121.94941">
        <ele>1668.37</ele>
      </trkpt>
      <trkpt lat="41.15754" lon="-121.94956">
        <ele>1668.2</ele>
      </trkpt>
      <trkpt lat="41.1576" lon="-121.94974">
        <ele>1671.03</ele>
      </trkpt>
      <trkpt lat="41.15763" lon="-121.94984">
        <ele>1670.26</ele>
      </trkpt>
      <trkpt lat="41.15768" lon="-121.94987">
        <ele>1670.7</ele>
      </trkpt>
      <trkpt lat="41.15779" lon="-121.94989">
        <ele>1669.75</ele>
      </trkpt>
      <trkpt lat="41.15798" lon="-121.9499">
        <ele>1669.49</ele>
      </trkpt>
      <trkpt lat="41.15805" lon="-121.94991">
        <ele>1669.83</ele>
      </trkpt>
      <trkpt lat="41.15823" lon="-121.94991">
        <ele>1671.71</ele>
      </trkpt>
      <trkpt lat="41.1583" lon="-121.94993">
        <ele>1672.46</ele>
      </trkpt>
      <trkpt lat="41.15831" lon="-121.94995">
        <ele>1672.52</ele>
      </trkpt>
      <trkpt lat="41.15815" lon="-121.95014">
        <ele>1668.58</ele>
      </trkpt>
      <trkpt lat="41.15809" lon="-121.95036">
        <ele>1669.64</ele>
      </trkpt>
      <trkpt lat="41.15806" lon="-121.95049">
        <ele>1669.81</ele>
      </trkpt>
      <trkpt lat="41.15799" lon="-121.95061">
        <ele>1668.64</ele>
      </trkpt>
      <trkpt lat="41.15793" lon="-121.95076">
        <ele>1668.28</ele>
      </trkpt>
      <trkpt lat="41.15785" lon="-121.95101">
        <ele>1667.3</ele>
      </trkpt>
      <trkpt lat="41.15783" lon="-121.95121">
        <ele>1668.45</ele>
      </trkpt>
      <trkpt lat="41.15782" lon="-121.95159">
        <ele>1672.28</ele>
      </trkpt>
      <trkpt lat="41.15787" lon="-121.95176">
        <ele>1675.98</ele>
      </trkpt>
      <trkpt lat="41.158" lon="-121.95237">
        <ele>1680.36</ele>
      </trkpt>
      <trkpt lat="41.15804" lon="-121.95253">
        <ele>1681.0</ele>
      </trkpt>
      <trkpt lat="41.15807" lon="-121.95263">
        <ele>1681.13</ele>
      </trkpt>
      <trkpt lat="41.15812" lon="-121.95273">
        <ele>1682.45</ele>
      </trkpt>
      <trkpt lat="41.15818" lon="-121.9528">
        <ele>1683.45</ele>
      </trkpt>
      <trkpt lat="41.15823" lon="-121.95282">
        <ele>1684.31</ele>
      </trkpt>
      <trkpt lat="41.15831" lon="-121.95285">
        <ele>1684.22</ele>
      </trkpt>
      <trkpt lat="41.15846" lon="-121.95286">
        <ele>1683.18</ele>
      </trkpt>
      <trkpt lat="41.15854" lon="-121.95287">
        <ele>1683.24</ele>
      </trkpt>
      <trkpt lat="41.1586" lon="-121.95291">
        <ele>1683.88</ele>
      </trkpt>
      <trkpt lat="41.15867" lon="-121.95305">
        <ele>1684.64</ele>
      </trkpt>
      <trkpt lat="41.15888" lon="-121.95321">
        <ele>1685.9</ele>
      </trkpt>
      <trkpt lat="41.15892" lon="-121.95326">
        <ele>1686.0</ele>
      </trkpt>
      <trkpt lat="41.15893" lon="-121.95334">
        <ele>1686.0</ele>
      </trkpt>
      <trkpt lat="41.15894" lon="-121.95376">
        <ele>1686.55</ele>
      </trkpt>
      <trkpt lat="41.15894" lon="-121.95393">
        <ele>1686.55</ele>
      </trkpt>
      <trkpt lat="41.15886" lon="-121.95415">
        <ele>1685.38</ele>
      </trkpt>
      <trkpt lat="41.15879" lon="-121.95432">
        <ele>1684.59</ele>
      </trkpt>
      <trkpt lat="41.15871" lon="-121.95445">
        <ele>1685.19</ele>
      </trkpt>
      <trkpt lat="41.15863" lon="-121.95458">
        <ele>1686.76</ele>
      </trkpt>
      <trkpt lat="41.15854" lon="-121.95512">
        <ele>1689.86</ele>
      </trkpt>
      <trkpt lat="41.1585" lon="-121.95533">
        <ele>1685.72</ele>
      </trkpt>
      <trkpt lat="41.15841" lon="-121.95577">
        <ele>1682.75</ele>
      </trkpt>
      <trkpt lat="41.15838" lon="-121.95597">
        <ele>1683.49</ele>
      </trkpt>
      <trkpt lat="41.15841" lon="-121.95629">
        <ele>1685.31</ele>
      </trkpt>
      <trkpt lat="41.15842" lon="-121.95652">
        <ele>1686.2</ele>
      </trkpt>
      <trkpt lat="41.1584" lon="-121.95664">
        <ele>1686.59</ele>
      </trkpt>
      <trkpt lat="41.15834" lon="-121.95684">
        <ele>1686.16</ele>
      </trkpt>
      <trkpt lat="41.15825" lon="-121.95702">
        <ele>1686.03</ele>
      </trkpt>
      <trkpt lat="41.15818" lon="-121.95716">
        <ele>1686.03</ele>
      </trkpt>
      <trkpt lat="41.15811" lon="-121.95733">
        <ele>1685.68</ele>
      </trkpt>
      <trkpt lat="41.15805" lon="-121.95758">
        <ele>1687.62</ele>
      </trkpt>
      <trkpt lat="41.158" lon="-121.95773">
        <ele>1687.08</ele>
      </trkpt>
      <trkpt lat="41.15791" lon="-121.95813">
        <ele>1685.6</ele>
      </trkpt>
      <trkpt lat="41.1579" lon="-121.95834">
        <ele>1685.6</ele>
      </trkpt>
      <trkpt lat="41.1578" lon="-121.95862">
        <ele>1681.65</ele>
      </trkpt>
      <trkpt lat="41.15777" lon="-121.95873">
        <ele>1679.7</ele>
      </trkpt>
      <trkpt lat="41.15774" lon="-121.95889">
        <ele>1676.12</ele>
      </trkpt>
      <trkpt lat="41.15777" lon="-121.95912">
        <ele>1676.5</ele>
      </trkpt>
      <trkpt lat="41.15775" lon="-121.95939">
        <ele>1675.9</ele>
      </trkpt>
      <trkpt lat="41.1577" lon="-121.9596">
        <ele>1673.64</ele>
      </trkpt>
      <trkpt lat="41.15762" lon="-121.95976">
        <ele>1671.3</ele>
      </trkpt>
      <trkpt lat="41.15748" lon="-121.96005">
        <ele>1668.35</ele>
      </trkpt>
      <trkpt lat="41.15748" lon="-121.96005">
        <ele>1668.35</ele>
      </trkpt>
      <trkpt lat="41.15748" lon="-121.96026">
        <ele>1669.35</ele>
      </trkpt>
      <trkpt lat="41.15749" lon="-121.96038">
        <ele>1669.77</ele>
      </trkpt>
      <trkpt lat="41.15745" lon="-121.96048">
        <ele>1668.85</ele>
      </trkpt>
      <trkpt lat="41.15742" lon="-121.96061">
        <ele>1667.76</ele>
      </trkpt>
      <trkpt lat="41.15734" lon="-121.9607">
        <ele>1665.54</ele>
      </trkpt>
      <trkpt lat="41.15729" lon="-121.96081">
        <ele>1663.72</ele>
      </trkpt>
      <trkpt lat="41.15727" lon="-121.96096">
        <ele>1662.18</ele>
      </trkpt>
      <trkpt lat="41.1573" lon="-121.96114">
        <ele>1662.52</ele>
      </trkpt>
      <trkpt lat="41.15726" lon="-121.96121">
        <ele>1661.26</ele>
      </trkpt>
      <trkpt lat="41.15708" lon="-121.96134">
        <ele>1658.94</ele>
      </trkpt>
      <trkpt lat="41.15698" lon="-121.96141">
        <ele>1657.77</ele>
      </trkpt>
      <trkpt lat="41.15691" lon="-121.96155">
        <ele>1657.09</ele>
      </trkpt>
      <trkpt lat="41.15686" lon="-121.9619">
        <ele>1655.61</ele>
      </trkpt>
      <trkpt lat="41.15684" lon="-121.96197">
        <ele>1654.87</ele>
      </trkpt>
      <trkpt lat="41.15666" lon="-121.96195">
        <ele>1653.0</ele>
      </trkpt>
      <trkpt lat="41.15648" lon="-121.96179">
        <ele>1652.0</ele>
      </trkpt>
      <trkpt lat="41.15639" lon="-121.96174">
        <ele>1652.0</ele>
      </trkpt>
      <trkpt lat="41.15628" lon="-121.96158">
        <ele>1652.0</ele>
      </trkpt>
      <trkpt lat="41.15614" lon="-121.96139">
        <ele>1651.69</ele>
      </trkpt>
      <trkpt lat="41.15603" lon="-121.96126">
        <ele>1650.14</ele>
      </trkpt>
      <trkpt lat="41.15584" lon="-121.96109">
        <ele>1645.16</ele>
      </trkpt>
      <trkpt lat="41.15531" lon="-121.96116">
        <ele>1644.8</ele>
      </trkpt>
      <trkpt lat="41.15476" lon="-121.96118">
        <ele>1638.87</ele>
      </trkpt>
      <trkpt lat="41.15453" lon="-121.96123">
        <ele>1638.4</ele>
      </trkpt>
      <trkpt lat="41.15425" lon="-121.96127">
        <ele>1638.89</ele>
      </trkpt>
      <trkpt lat="41.154" lon="-121.96117">
        <ele>1637.71</ele>
      </trkpt>
      <trkpt lat="41.15377" lon="-121.96105">
        <ele>1636.21</ele>
      </trkpt>
      <trkpt lat="41.15368" lon="-121.96093">
        <ele>1631.46</ele>
      </trkpt>
      <trkpt lat="41.1536" lon="-121.96078">
        <ele>1624.7</ele>
      </trkpt>
      <trkpt lat="41.15351" lon="-121.96074">
        <ele>1622.78</ele>
      </trkpt>
      <trkpt lat="41.1534" lon="-121.96077">
        <ele>1621.02</ele>
      </trkpt>
      <trkpt lat="41.15327" lon="-121.96091">
        <ele>1621.64</ele>
      </trkpt>
      <trkpt lat="41.15314" lon="-121.96106">
        <ele>1622.89</ele>
      </trkpt>
      <trkpt lat="41.15301" lon="-121.9612">
        <ele>1626.28</ele>
      </trkpt>
      <trkpt lat="41.15281" lon="-121.9613">
        <ele>1626.22</ele>
      </trkpt>
      <trkpt lat="41.15255" lon="-121.9614">
        <ele>1627.47</ele>
      </trkpt>
      <trkpt lat="41.15243" lon="-121.9614">
        <ele>1627.69</ele>
      </trkpt>
      <trkpt lat="41.15243" lon="-121.9614">
        <ele>1627.69</ele>
      </trkpt>
      <trkpt lat="41.15207" lon="-121.96139">
        <ele>1630.7</ele>
      </trkpt>
      <trkpt lat="41.15158" lon="-121.96137">
        <ele>1635.98</ele>
      </trkpt>
      <trkpt lat="41.15149" lon="-121.96133">
        <ele>1635.31</ele>
      </trkpt>
      <trkpt lat="41.15135" lon="-121.96128">
        <ele>1635.96</ele>
      </trkpt>
      <trkpt lat="41.15113" lon="-121.96111">
        <ele>1633.12</ele>
      </trkpt>
      <trkpt lat="41.15102" lon="-121.96101">
        <ele>1632.57</ele>
      </trkpt>
      <trkpt lat="41.15092" lon="-121.96096">
        <ele>1633.38</ele>
      </trkpt>
      <trkpt lat="41.15071" lon="-121.96093">
        <ele>1629.13</ele>
      </trkpt>
      <trkpt lat="41.15054" lon="-121.96098">
        <ele>1628.73</ele>
      </trkpt>
      <trkpt lat="41.15049" lon="-121.96106">
        <ele>1628.77</ele>
      </trkpt>
      <trkpt lat="41.1504" lon="-121.96113">
        <ele>1627.37</ele>
      </trkpt>
      <trkpt lat="41.15032" lon="-121.96123">
        <ele>1627.63</ele>
      </trkpt>
      <trkpt lat="41.15016" lon="-121.96154">
        <ele>1632.72</ele>
      </trkpt>
      <trkpt lat="41.15008" lon="-121.96174">
        <ele>1634.49</ele>
      </trkpt>
      <trkpt lat="41.15007" lon="-121.96196">
        <ele>1635.92</ele>
      </trkpt>
      <trkpt lat="41.15011" lon="-121.96215">
        <ele>1638.19</ele>
      </trkpt>
      <trkpt lat="41.15017" lon="-121.96265">
        <ele>1639.84</ele>
      </trkpt>
      <trkpt lat="41.1502" lon="-121.96284">
        <ele>1640.27</ele>
      </trkpt>
      <trkpt lat="41.15032" lon="-121.96302">
        <ele>1642.12</ele>
      </trkpt>
      <trkpt lat="41.15038" lon="-121.96312">
        <ele>1643.21</ele>
      </trkpt>
      <trkpt lat="41.15043" lon="-121.96332">
        <ele>1643.74</ele>
      </trkpt>
      <trkpt lat="41.1505" lon="-121.96351">
        <ele>1644.8</ele>
      </trkpt>
      <trkpt lat="41.15055" lon="-121.96372">
        <ele>1645.71</ele>
      </trkpt>
      <trkpt lat="41.15055" lon="-121.96401">
        <ele>1644.94</ele>
      </trkpt>
      <trkpt lat="41.15043" lon="-121.96443">
        <ele>1645.19</ele>
      </trkpt>
      <trkpt lat="41.15039" lon="-121.96465">
        <ele>1645.64</ele>
      </trkpt>
      <trkpt lat="41.15033" lon="-121.96495">
        <ele>1647.15</ele>
      </trkpt>
      <trkpt lat="41.15022" lon="-121.96519">
        <ele>1646.82</ele>
      </trkpt>
      <trkpt lat="41.15009" lon="-121.96535">
        <ele>1646.53</ele>
      </trkpt>
      <trkpt lat="41.14993" lon="-121.96549">
        <ele>1648.12</ele>
      </trkpt>
      <trkpt lat="41.14981" lon="-121.96561">
        <ele>1650.12</ele>
      </trkpt>
      <trkpt lat="41.14969" lon="-121.96581">
        <ele>1651.96</ele>
      </trkpt>
      <trkpt lat="41.14963" lon="-121.96611">
        <ele>1655.99</ele>
      </trkpt>
      <trkpt lat="41.14957" lon="-121.96634">
        <ele>1658.67</ele>
      </trkpt>
      <trkpt lat="41.14948" lon="-121.96658">
        <ele>1659.62</ele>
      </trkpt>
      <trkpt lat="41.14942" lon="-121.96675">
        <ele>1659.48</ele>
      </trkpt>
      <trkpt lat="41.14937" lon="-121.96715">
        <ele>1662.0</ele>
      </trkpt>
      <trkpt lat="41.14934" lon="-121.96734">
        <ele>1661.49</ele>
      </trkpt>
      <trkpt lat="41.14934" lon="-121.9675">
        <ele>1661.49</ele>
      </trkpt>
      <trkpt lat="41.14934" lon="-121.9675">
        <ele>1661.49</ele>
      </trkpt>
      <trkpt lat="41.14935" lon="-121.96799">
        <ele>1661.91</ele>
      </trkpt>
      <trkpt lat="41.14952" lon="-121.96833">
        <ele>1669.09</ele>
      </trkpt>
      <trkpt lat="41.14954" lon="-121.96846">
        <ele>1669.79</ele>
      </trkpt>
      <trkpt lat="41.14958" lon="-121.96891">
        <ele>1671.91</ele>
      </trkpt>
      <trkpt lat="41.14962" lon="-121.9691">
        <ele>1674.48</ele>
      </trkpt>
      <trkpt lat="41.14962" lon="-121.96931">
        <ele>1674.54</ele>
      </trkpt>
      <trkpt lat="41.14957" lon="-121.96939">
        <ele>1673.51</ele>
      </trkpt>
      <trkpt lat="41.14941" lon="-121.96946">
        <ele>1672.13</ele>
      </trkpt>
      <trkpt lat="41.14922" lon="-121.9696">
        <ele>1673.19</ele>
      </trkpt>
      <trkpt lat="41.14918" lon="-121.96971">
        <ele>1675.02</ele>
      </trkpt>
      <trkpt lat="41.14914" lon="-121.96986">
        <ele>1677.11</ele>
      </trkpt>
      <trkpt lat="41.14906" lon="-121.96992">
        <ele>1675.68</ele>
      </trkpt>
      <trkpt lat="41.14897" lon="-121.96995">
        <ele>1672.95</ele>
      </trkpt>
      <trkpt lat="41.14884" lon="-121.97019">
        <ele>1675.57</ele>
      </trkpt>
      <trkpt lat="41.14869" lon="-121.97037">
        <ele>1676.69</ele>
      </trkpt>
      <trkpt lat="41.14859" lon="-121.9705">
        <ele>1679.52</ele>
      </trkpt>
      <trkpt lat="41.14844" lon="-121.97075">
        <ele>1682.52</ele>
      </trkpt>
      <trkpt lat="41.14837" lon="-121.97094">
        <ele>1687.61</ele>
      </trkpt>
      <trkpt lat="41.14829" lon="-121.97107">
        <ele>1692.84</ele>
      </trkpt>
      <trkpt lat="41.14821" lon="-121.97106">
        <ele>1694.01</ele>
      </trkpt>
      <trkpt lat="41.14814" lon="-121.97082">
        <ele>1689.06</ele>
      </trkpt>
      <trkpt lat="41.14801" lon="-121.9706">
        <ele>1689.16</ele>
      </trkpt>
      <trkpt lat="41.14797" lon="-121.97047">
        <ele>1687.78</ele>
      </trkpt>
      <trkpt lat="41.14786" lon="-121.97012">
        <ele>1678.22</ele>
      </trkpt>
      <trkpt lat="41.14772" lon="-121.96998">
        <ele>1677.22</ele>
      </trkpt>
      <trkpt lat="41.14748" lon="-121.96981">
        <ele>1677.44</ele>
      </trkpt>
      <trkpt lat="41.14733" lon="-121.96964">
        <ele>1674.12</ele>
      </trkpt>
      <trkpt lat="41.1472" lon="-121.96955">
        <ele>1673.28</ele>
      </trkpt>
      <trkpt lat="41.14704" lon="-121.96936">
        <ele>1673.14</ele>
      </trkpt>
      <trkpt lat="41.14674" lon="-121.96915">
        <ele>1661.07</ele>
      </trkpt>
      <trkpt lat="41.14657" lon="-121.96917">
        <ele>1660.02</ele>
      </trkpt>
      <trkpt lat="41.14644" lon="-121.96924">
        <ele>1659.03</ele>
      </trkpt>
      <trkpt lat="41.14628" lon="-121.96947">
        <ele>1657.72</ele>
      </trkpt>
      <trkpt lat="41.1461" lon="-121.96962">
        <ele>1649.98</ele>
      </trkpt>
      <trkpt lat="41.14595" lon="-121.96976">
        <ele>1645.12</ele>
      </trkpt>
      <trkpt lat="41.14584" lon="-121.96989">
        <ele>1642.04</ele>
      </trkpt>
      <trkpt lat="41.14578" lon="-121.9701">
        <ele>1644.36</ele>
      </trkpt>
      <trkpt lat="41.14569" lon="-121.97027">
        <ele>1644.09</ele>
      </trkpt>
      <trkpt lat="41.14551" lon="-121.97054">
        <ele>1642.53</ele>
      </trkpt>
      <trkpt lat="41.14538" lon="-121.97073">
        <ele>1642.16</ele>
      </trkpt>
      <trkpt lat="41.14527" lon="-121.97089">
        <ele>1642.5</ele>
      </trkpt>
      <trkpt lat="41.14511" lon="-121.97105">
        <ele>1639.5</ele>
      </trkpt>
      <trkpt lat="41.14504" lon="-121.97117">
        <ele>1639.27</ele>
      </trkpt>
      <trkpt lat="41.14496" lon="-121.97125">
        <ele>1636.12</ele>
      </trkpt>
      <trkpt lat="41.14492" lon="-121.97139">
        <ele>1635.84</ele>
      </trkpt>
      <trkpt lat="41.14491" lon="-121.97162">
        <ele>1637.17</ele>
      </trkpt>
      <trkpt lat="41.14491" lon="-121.97165">
        <ele>1637.17</ele>
      </trkpt>
      <trkpt lat="41.14491" lon="-121.97165">
        <ele>1637.17</ele>
      </trkpt>
      <trkpt lat="41.14487" lon="-121.97184">
        <ele>1634.93</ele>
      </trkpt>
      <trkpt lat="41.14479" lon="-121.97209">
        <ele>1634.54</ele>
      </trkpt>
      <trkpt lat="41.14462" lon="-121.97239">
        <ele>1629.29</ele>
      </trkpt>
      <trkpt lat="41.14453" lon="-121.9726">
        <ele>1627.78</ele>
      </trkpt>
      <trkpt lat="41.14447" lon="-121.97276">
        <ele>1627.41</ele>
      </trkpt>
      <trkpt lat="41.14443" lon="-121.97301">
        <ele>1629.24</ele>
      </trkpt>
      <trkpt lat="41.1444" lon="-121.97312">
        <ele>1629.63</ele>
      </trkpt>
      <trkpt lat="41.14435" lon="-121.97316">
        <ele>1628.32</ele>
      </trkpt>
      <trkpt lat="41.14422" lon="-121.97327">
        <ele>1627.97</ele>
      </trkpt>
      <trkpt lat="41.14405" lon="-121.97337">
        <ele>1625.59</ele>
      </trkpt>
      <trkpt lat="41.14387" lon="-121.97348">
        <ele>1619.73</ele>
      </trkpt>
      <trkpt lat="41.14375" lon="-121.9736">
        <ele>1616.64</ele>
      </trkpt>
      <trkpt lat="41.14368" lon="-121.9737">
        <ele>1615.34</ele>
      </trkpt>
      <trkpt lat="41.14364" lon="-121.97378">
        <ele>1615.09</ele>
      </trkpt>
      <trkpt lat="41.14358" lon="-121.97389">
        <ele>1615.04</ele>
      </trkpt>
      <trkpt lat="41.14345" lon="-121.97408">
        <ele>1620.84</ele>
      </trkpt>
      <trkpt lat="41.14336" lon="-121.97418">
        <ele>1622.73</ele>
      </trkpt>
      <trkpt lat="41.1433" lon="-121.97429">
        <ele>1625.61</ele>
      </trkpt>
      <trkpt lat="41.14324" lon="-121.97433">
        <ele>1627.37</ele>
      </trkpt>
      <trkpt lat="41.14318" lon="-121.9743">
        <ele>1627.05</ele>
      </trkpt>
      <trkpt lat="41.14311" lon="-121.97426">
        <ele>1627.11</ele>
      </trkpt>
      <trkpt lat="41.14303" lon="-121.97419">
        <ele>1626.07</ele>
      </trkpt>
      <trkpt lat="41.14302" lon="-121.9741">
        <ele>1619.99</ele>
      </trkpt>
      <trkpt lat="41.143" lon="-121.97401">
        <ele>1616.48</ele>
      </trkpt>
      <trkpt lat="41.14296" lon="-121.97395">
        <ele>1616.98</ele>
      </trkpt>
      <trkpt lat="41.14294" lon="-121.97394">
        <ele>1616.45</ele>
      </trkpt>
      <trkpt lat="41.14289" lon="-121.97397">
        <ele>1618.95</ele>
      </trkpt>
      <trkpt lat="41.14269" lon="-121.97399">
        <ele>1617.64</ele>
      </trkpt>
      <trkpt lat="41.14262" lon="-121.97396">
        <ele>1616.62</ele>
      </trkpt>
      <trkpt lat="41.14255" lon="-121.97391">
        <ele>1613.28</ele>
      </trkpt>
      <trkpt lat="41.14243" lon="-121.97389">
        <ele>1613.6</ele>
      </trkpt>
      <trkpt lat="41.14231" lon="-121.97386">
        <ele>1613.28</ele>
      </trkpt>
      <trkpt lat="41.14224" lon="-121.97381">
        <ele>1612.31</ele>
      </trkpt>
      <trkpt lat="41.14219" lon="-121.97375">
        <ele>1611.04</ele>
      </trkpt>
      <trkpt lat="41.14215" lon="-121.97371">
        <ele>1610.61</ele>
      </trkpt>
      <trkpt lat="41.14212" lon="-121.97371">
        <ele>1610.97</ele>
      </trkpt>
      <trkpt lat="41.14207" lon="-121.97372">
        <ele>1609.89</ele>
      </trkpt>
      <trkpt lat="41.14194" lon="-121.97381">
        <ele>1611.56</ele>
      </trkpt>
      <trkpt lat="41.14136" lon="-121.97422">
        <ele>1615.96</ele>
      </trkpt>
      <trkpt lat="41.14132" lon="-121.97426">
        <ele>1617.55</ele>
      </trkpt>
      <trkpt lat="41.14127" lon="-121.97425">
        <ele>1617.12</ele>
      </trkpt>
      <trkpt lat="41.14122" lon="-121.97422">
        <ele>1617.23</ele>
      </trkpt>
      <trkpt lat="41.14119" lon="-121.9742">
        <ele>1618.01</ele>
      </trkpt>
      <trkpt lat="41.14117" lon="-121.97412">
        <ele>1618.04</ele>
      </trkpt>
      <trkpt lat="41.14114" lon="-121.9739">
        <ele>1619.82</ele>
      </trkpt>
      <trkpt lat="41.14112" lon="-121.97382">
        <ele>1619.98</ele>
      </trkpt>
      <trkpt lat="41.14109" lon="-121.97376">
        <ele>1618.77</ele>
      </trkpt>
      <trkpt lat="41.14105" lon="-121.97374">
        <ele>1618.8</ele>
      </trkpt>
      <trkpt lat="41.14101" lon="-121.97373">
        <ele>1619.33</ele>
      </trkpt>
      <trkpt lat="41.14095" lon="-121.97374">
        <ele>1622.41</ele>
      </trkpt>
      <trkpt lat="41.14088" lon="-121.97369">
        <ele>1622.81</ele>
      </trkpt>
      <trkpt lat="41.14077" lon="-121.97358">
        <ele>1624.99</ele>
      </trkpt>
      <trkpt lat="41.14068" lon="-121.97341">
        <ele>1627.62</ele>
      </trkpt>
      <trkpt lat="41.14053" lon="-121.97316">
        <ele>1622.76</ele>
      </trkpt>
      <trkpt lat="41.14049" lon="-121.97315">
        <ele>1625.07</ele>
      </trkpt>
      <trkpt lat="41.14042" lon="-121.97315">
        <ele>1628.5</ele>
      </trkpt>
      <trkpt lat="41.14036" lon="-121.97314">
        <ele>1629.84</ele>
      </trkpt>
      <trkpt lat="41.14031" lon="-121.97309">
        <ele>1628.62</ele>
      </trkpt>
      <trkpt lat="41.14022" lon="-121.97301">
        <ele>1626.79</ele>
      </trkpt>
      <trkpt lat="41.14015" lon="-121.97298">
        <ele>1624.85</ele>
      </trkpt>
      <trkpt lat="41.14007" lon="-121.97296">
        <ele>1621.32</ele>
      </trkpt>
      <trkpt lat="41.13999" lon="-121.97296">
        <ele>1619.6</ele>
      </trkpt>
      <trkpt lat="41.13992" lon="-121.973">
        <ele>1620.67</ele>
      </trkpt>
      <trkpt lat="41.13971" lon="-121.97323">
        <ele>1629.17</ele>
      </trkpt>
      <trkpt lat="41.13963" lon="-121.97331">
        <ele>1631.75</ele>
      </trkpt>
      <trkpt lat="41.13953" lon="-121.97337">
        <ele>1632.43</ele>
      </trkpt>
      <trkpt lat="41.13932" lon="-121.9734">
        <ele>1629.78</ele>
      </trkpt>
      <trkpt lat="41.13905" lon="-121.97337">
        <ele>1628.24</ele>
      </trkpt>
      <trkpt lat="41.13898" lon="-121.97339">
        <ele>1630.08</ele>
      </trkpt>
      <trkpt lat="41.13882" lon="-121.97343">
        <ele>1633.92</ele>
      </trkpt>
      <trkpt lat="41.1386" lon="-121.97351">
        <ele>1638.54</ele>
      </trkpt>
      <trkpt lat="41.13839" lon="-121.97353">
        <ele>1638.57</ele>
      </trkpt>
      <trkpt lat="41.1383" lon="-121.97357">
        <ele>1639.5</ele>
      </trkpt>
      <trkpt lat="41.13807" lon="-121.97371">
        <ele>1640.81</ele>
      </trkpt>
      <trkpt lat="41.13798" lon="-121.97381">
        <ele>1644.14</ele>
      </trkpt>
      <trkpt lat="41.1379" lon="-121.97386">
        <ele>1644.4</ele>
      </trkpt>
      <trkpt lat="41.13778" lon="-121.97388">
        <ele>1640.71</ele>
      </trkpt>
      <trkpt lat="41.13749" lon="-121.97398">
        <ele>1647.24</ele>
      </trkpt>
      <trkpt lat="41.13741" lon="-121.974">
        <ele>1651.12</ele>
      </trkpt>
      <trkpt lat="41.13735" lon="-121.974">
        <ele>1653.06</ele>
      </trkpt>
      <trkpt lat="41.13725" lon="-121.97396">
        <ele>1653.24</ele>
      </trkpt>
      <trkpt lat="41.13718" lon="-121.97391">
        <ele>1652.16</ele>
      </trkpt>
      <trkpt lat="41.13716" lon="-121.97387">
        <ele>1650.12</ele>
      </trkpt>
      <trkpt lat="41.13712" lon="-121.97383">
        <ele>1648.39</ele>
      </trkpt>
      <trkpt lat="41.13704" lon="-121.97384">
        <ele>1650.77</ele>
      </trkpt>
      <trkpt lat="41.137" lon="-121.97387">
        <ele>1653.18</ele>
      </trkpt>
      <trkpt lat="41.13686" lon="-121.974">
        <ele>1663.49</ele>
      </trkpt>
      <trkpt lat="41.1368" lon="-121.97401">
        <ele>1664.85</ele>
      </trkpt>
      <trkpt lat="41.13671" lon="-121.97402">
        <ele>1666.22</ele>
      </trkpt>
      <trkpt lat="41.13648" lon="-121.97401">
        <ele>1665.84</ele>
      </trkpt>
      <trkpt lat="41.13637" lon="-121.97401">
        <ele>1665.17</ele>
      </trkpt>
      <trkpt lat="41.13627" lon="-121.97403">
        <ele>1664.86</ele>
      </trkpt>
      <trkpt lat="41.13621" lon="-121.97406">
        <ele>1663.89</ele>
      </trkpt>
      <trkpt lat="41.13619" lon="-121.97411">
        <ele>1663.89</ele>
      </trkpt>
      <trkpt lat="41.13618" lon="-121.97419">
        <ele>1663.72</ele>
      </trkpt>
      <trkpt lat="41.13622" lon="-121.97431">
        <ele>1664.88</ele>
      </trkpt>
      <trkpt lat="41.13624" lon="-121.97446">
        <ele>1664.79</ele>
      </trkpt>
      <trkpt lat="41.13631" lon="-121.97467">
        <ele>1666.24</ele>
      </trkpt>
      <trkpt lat="41.13637" lon="-121.975">
        <ele>1664.18</ele>
      </trkpt>
      <trkpt lat="41.13642" lon="-121.97519">
        <ele>1664.24</ele>
      </trkpt>
      <trkpt lat="41.13652" lon="-121.97534">
        <ele>1665.32</ele>
      </trkpt>
      <trkpt lat="41.13661" lon="-121.97546">
        <ele>1665.64</ele>
      </trkpt>
      <trkpt lat="41.13666" lon="-121.97549">
        <ele>1666.86</ele>
      </trkpt>
      <trkpt lat="41.13671" lon="-121.97546">
        <ele>1669.03</ele>
      </trkpt>
      <trkpt lat="41.13675" lon="-121.97543">
        <ele>1671.15</ele>
      </trkpt>
      <trkpt lat="41.13681" lon="-121.9754">
        <ele>1674.36</ele>
      </trkpt>
      <trkpt lat="41.13689" lon="-121.9754">
        <ele>1675.72</ele>
      </trkpt>
      <trkpt lat="41.13699" lon="-121.97539">
        <ele>1675.45</ele>
      </trkpt>
      <trkpt lat="41.13709" lon="-121.97534">
        <ele>1676.3</ele>
      </trkpt>
      <trkpt lat="41.13725" lon="-121.97519">
        <ele>1681.74</ele>
      </trkpt>
      <trkpt lat="41.13756" lon="-121.97491">
        <ele>1686.65</ele>
      </trkpt>
      <trkpt lat="41.13764" lon="-121.97487">
        <ele>1686.3</ele>
      </trkpt>
      <trkpt lat="41.1377" lon="-121.97485">
        <ele>1686.24</ele>
      </trkpt>
      <trkpt lat="41.1378" lon="-121.97484">
        <ele>1686.52</ele>
      </trkpt>
      <trkpt lat="41.13789" lon="-121.97486">
        <ele>1686.72</ele>
      </trkpt>
      <trkpt lat="41.13802" lon="-121.97492">
        <ele>1688.1</ele>
      </trkpt>
      <trkpt lat="41.13815" lon="-121.97502">
        <ele>1689.61</ele>
      </trkpt>
      <trkpt lat="41.13826" lon="-121.97513">
        <ele>1690.01</ele>
      </trkpt>
      <trkpt lat="41.13845" lon="-121.97533">
        <ele>1689.83</ele>
      </trkpt>
      <trkpt lat="41.1387" lon="-121.97554">
        <ele>1689.38</ele>
      </trkpt>
      <trkpt lat="41.1388" lon="-121.97557">
        <ele>1691.97</ele>
      </trkpt>
      <trkpt lat="41.13888" lon="-121.97557">
        <ele>1694.7</ele>
      </trkpt>
      <trkpt lat="41.13892" lon="-121.9756">
        <ele>1696.52</ele>
      </trkpt>
      <trkpt lat="41.13894" lon="-121.97571">
        <ele>1696.54</ele>
      </trkpt>
      <trkpt lat="41.13894" lon="-121.97593">
        <ele>1695.23</ele>
      </trkpt>
      <trkpt lat="41.13887" lon="-121.97633">
        <ele>1697.88</ele>
      </trkpt>
      <trkpt lat="41.13888" lon="-121.97648">
        <ele>1698.71</ele>
      </trkpt>
      <trkpt lat="41.13891" lon="-121.97656">
        <ele>1698.61</ele>
      </trkpt>
      <trkpt lat="41.13895" lon="-121.97665">
        <ele>1698.78</ele>
      </trkpt>
      <trkpt lat="41.13901" lon="-121.97671">
        <ele>1698.37</ele>
      </trkpt>
      <trkpt lat="41.13912" lon="-121.97671">
        <ele>1700.55</ele>
      </trkpt>
      <trkpt lat="41.13919" lon="-121.97669">
        <ele>1703.25</ele>
      </trkpt>
      <trkpt lat="41.13926" lon="-121.97671">
        <ele>1705.09</ele>
      </trkpt>
      <trkpt lat="41.1393" lon="-121.97675">
        <ele>1705.52</ele>
      </trkpt>
      <trkpt lat="41.13936" lon="-121.97694">
        <ele>1706.4</ele>
      </trkpt>
      <trkpt lat="41.13945" lon="-121.97714">
        <ele>1710.07</ele>
      </trkpt>
      <trkpt lat="41.1395" lon="-121.97737">
        <ele>1710.8</ele>
      </trkpt>
      <trkpt lat="41.13949" lon="-121.97752">
        <ele>1709.26</ele>
      </trkpt>
      <trkpt lat="41.13948" lon="-121.97765">
        <ele>1707.77</ele>
      </trkpt>
      <trkpt lat="41.13941" lon="-121.97797">
        <ele>1706.99</ele>
      </trkpt>
      <trkpt lat="41.13929" lon="-121.97835">
        <ele>1709.84</ele>
      </trkpt>
      <trkpt lat="41.13926" lon="-121.97848">
        <ele>1710.6</ele>
      </trkpt>
      <trkpt lat="41.13931" lon="-121.97863">
        <ele>1712.85</ele>
      </trkpt>
      <trkpt lat="41.1394" lon="-121.97876">
        <ele>1716.36</ele>
      </trkpt>
      <trkpt lat="41.13945" lon="-121.97883">
        <ele>1718.52</ele>
      </trkpt>
      <trkpt lat="41.13944" lon="-121.97901">
        <ele>1719.21</ele>
      </trkpt>
      <trkpt lat="41.1394" lon="-121.97918">
        <ele>1720.18</ele>
      </trkpt>
      <trkpt lat="41.13939" lon="-121.97925">
        <ele>1720.72</ele>
      </trkpt>
      <trkpt lat="41.13935" lon="-121.97935">
        <ele>1720.94</ele>
      </trkpt>
      <trkpt lat="41.13922" lon="-121.97952">
        <ele>1721.31</ele>
      </trkpt>
      <trkpt lat="41.13911" lon="-121.97961">
        <ele>1721.66</ele>
      </trkpt>
      <trkpt lat="41.13894" lon="-121.97972">
        <ele>1722.98</ele>
      </trkpt>
      <trkpt lat="41.1389" lon="-121.97976">
        <ele>1723.0</ele>
      </trkpt>
      <trkpt lat="41.13887" lon="-121.9798">
        <ele>1723.2</ele>
      </trkpt>
      <trkpt lat="41.13883" lon="-121.97985">
        <ele>1723.64</ele>
      </trkpt>
      <trkpt lat="41.13884" lon="-121.97991">
        <ele>1723.5</ele>
      </trkpt>
      <trkpt lat="41.13892" lon="-121.98">
        <ele>1722.0</ele>
      </trkpt>
      <trkpt lat="41.13907" lon="-121.98027">
        <ele>1714.26</ele>
      </trkpt>
      <trkpt lat="41.13923" lon="-121.98038">
        <ele>1711.98</ele>
      </trkpt>
      <trkpt lat="41.1394" lon="-121.9805">
        <ele>1713.57</ele>
      </trkpt>
      <trkpt lat="41.13951" lon="-121.98075">
        <ele>1711.53</ele>
      </trkpt>
      <trkpt lat="41.13959" lon="-121.981">
        <ele>1707.77</ele>
      </trkpt>
      <trkpt lat="41.13974" lon="-121.98138">
        <ele>1706.94</ele>
      </trkpt>
      <trkpt lat="41.13974" lon="-121.98138">
        <ele>1706.94</ele>
      </trkpt>
      <trkpt lat="41.13976" lon="-121.98144">
        <ele>1706.53</ele>
      </trkpt>
      <trkpt lat="41.13985" lon="-121.98173">
        <ele>1704.84</ele>
      </trkpt>
      <trkpt lat="41.1399" lon="-121.98207">
        <ele>1698.72</ele>
      </trkpt>
      <trkpt lat="41.14001" lon="-121.98213">
        <ele>1697.1</ele>
      </trkpt>
      <trkpt lat="41.14011" lon="-121.98214">
        <ele>1697.93</ele>
      </trkpt>
      <trkpt lat="41.14022" lon="-121.98241">
        <ele>1692.17</ele>
      </trkpt>
      <trkpt lat="41.1403" lon="-121.98276">
        <ele>1685.58</ele>
      </trkpt>
      <trkpt lat="41.1404" lon="-121.98289">
        <ele>1687.6</ele>
      </trkpt>
      <trkpt lat="41.14041" lon="-121.98297">
        <ele>1688.22</ele>
      </trkpt>
      <trkpt lat="41.14035" lon="-121.98304">
        <ele>1685.73</ele>
      </trkpt>
      <trkpt lat="41.14029" lon="-121.98319">
        <ele>1683.66</ele>
      </trkpt>
      <trkpt lat="41.14024" lon="-121.98337">
        <ele>1681.37</ele>
      </trkpt>
      <trkpt lat="41.14021" lon="-121.98387">
        <ele>1678.07</ele>
      </trkpt>
      <trkpt lat="41.14016" lon="-121.9842">
        <ele>1673.91</ele>
      </trkpt>
      <trkpt lat="41.14019" lon="-121.98446">
        <ele>1674.05</ele>
      </trkpt>
      <trkpt lat="41.14018" lon="-121.98462">
        <ele>1672.78</ele>
      </trkpt>
      <trkpt lat="41.1401" lon="-121.98477">
        <ele>1669.32</ele>
      </trkpt>
      <trkpt lat="41.14004" lon="-121.98514">
        <ele>1666.73</ele>
      </trkpt>
      <trkpt lat="41.14003" lon="-121.9854">
        <ele>1666.4</ele>
      </trkpt>
      <trkpt lat="41.14004" lon="-121.98559">
        <ele>1667.16</ele>
      </trkpt>
      <trkpt lat="41.13998" lon="-121.98554">
        <ele>1663.96</ele>
      </trkpt>
      <trkpt lat="41.13985" lon="-121.98497">
        <ele>1658.72</ele>
      </trkpt>
      <trkpt lat="41.13987" lon="-121.98485">
        <ele>1660.16</ele>
      </trkpt>
      <trkpt lat="41.13987" lon="-121.98475">
        <ele>1660.38</ele>
      </trkpt>
      <trkpt lat="41.13975" lon="-121.98467">
        <ele>1656.07</ele>
      </trkpt>
      <trkpt lat="41.13969" lon="-121.98451">
        <ele>1654.71</ele>
      </trkpt>
      <trkpt lat="41.13964" lon="-121.9843">
        <ele>1653.95</ele>
      </trkpt>
      <trkpt lat="41.1395" lon="-121.98402">
        <ele>1649.4</ele>
      </trkpt>
      <trkpt lat="41.1394" lon="-121.98378">
        <ele>1646.65</ele>
      </trkpt>
      <trkpt lat="41.13933" lon="-121.98364">
        <ele>1645.54</ele>
      </trkpt>
      <trkpt lat="41.13931" lon="-121.98359">
        <ele>1646.43</ele>
      </trkpt>
      <trkpt lat="41.13932" lon="-121.98353">
        <ele>1647.48</ele>
      </trkpt>
      <trkpt lat="41.1393" lon="-121.98347">
        <ele>1649.69</ele>
      </trkpt>
      <trkpt lat="41.13925" lon="-121.98347">
        <ele>1650.77</ele>
      </trkpt>
      <trkpt lat="41.13922" lon="-121.9835">
        <ele>1650.45</ele>
      </trkpt>
      <trkpt lat="41.13921" lon="-121.98353">
        <ele>1649.69</ele>
      </trkpt>
      <trkpt lat="41.13915" lon="-121.98372">
        <ele>1643.66</ele>
      </trkpt>
      <trkpt lat="41.13909" lon="-121.98387">
        <ele>1638.75</ele>
      </trkpt>
      <trkpt lat="41.13903" lon="-121.98396">
        <ele>1635.81</ele>
      </trkpt>
      <trkpt lat="41.13895" lon="-121.98402">
        <ele>1633.95</ele>
      </trkpt>
      <trkpt lat="41.13889" lon="-121.98403">
        <ele>1633.9</ele>
      </trkpt>
      <trkpt lat="41.1388" lon="-121.98401">
        <ele>1634.1</ele>
      </trkpt>
      <trkpt lat="41.13855" lon="-121.98387">
        <ele>1631.43</ele>
      </trkpt>
      <trkpt lat="41.13842" lon="-121.98386">
        <ele>1627.41</ele>
      </trkpt>
      <trkpt lat="41.13834" lon="-121.98377">
        <ele>1625.86</ele>
      </trkpt>
      <trkpt lat="41.13819" lon="-121.98357">
        <ele>1623.0</ele>
      </trkpt>
      <trkpt lat="41.13806" lon="-121.98332">
        <ele>1620.19</ele>
      </trkpt>
      <trkpt lat="41.138" lon="-121.98317">
        <ele>1619.56</ele>
      </trkpt>
      <trkpt lat="41.13799" lon="-121.98303">
        <ele>1619.58</ele>
      </trkpt>
      <trkpt lat="41.13798" lon="-121.98268">
        <ele>1622.48</ele>
      </trkpt>
      <trkpt lat="41.13796" lon="-121.98266">
        <ele>1622.51</ele>
      </trkpt>
      <trkpt lat="41.1379" lon="-121.98263">
        <ele>1622.51</ele>
      </trkpt>
      <trkpt lat="41.13785" lon="-121.98267">
        <ele>1622.21</ele>
      </trkpt>
      <trkpt lat="41.13781" lon="-121.98296">
        <ele>1621.32</ele>
      </trkpt>
      <trkpt lat="41.13776" lon="-121.98312">
        <ele>1620.26</ele>
      </trkpt>
      <trkpt lat="41.1377" lon="-121.98332">
        <ele>1619.61</ele>
      </trkpt>
      <trkpt lat="41.13766" lon="-121.9835">
        <ele>1615.96</ele>
      </trkpt>
      <trkpt lat="41.13765" lon="-121.98365">
        <ele>1611.9</ele>
      </trkpt>
      <trkpt lat="41.13765" lon="-121.98388">
        <ele>1606.33</ele>
      </trkpt>
      <trkpt lat="41.13764" lon="-121.98398">
        <ele>1603.01</ele>
      </trkpt>
      <trkpt lat="41.13761" lon="-121.98414">
        <ele>1599.43</ele>
      </trkpt>
      <trkpt lat="41.13751" lon="-121.98436">
        <ele>1597.3</ele>
      </trkpt>
      <trkpt lat="41.13741" lon="-121.98451">
        <ele>1597.74</ele>
      </trkpt>
      <trkpt lat="41.13736" lon="-121.98469">
        <ele>1594.27</ele>
      </trkpt>
      <trkpt lat="41.13729" lon="-121.98498">
        <ele>1588.72</ele>
      </trkpt>
      <trkpt lat="41.13721" lon="-121.98518">
        <ele>1585.7</ele>
      </trkpt>
      <trkpt lat="41.13712" lon="-121.9853">
        <ele>1584.48</ele>
      </trkpt>
      <trkpt lat="41.13705" lon="-121.98537">
        <ele>1585.31</ele>
      </trkpt>
      <trkpt lat="41.13696" lon="-121.98543">
        <ele>1586.64</ele>
      </trkpt>
      <trkpt lat="41.1368" lon="-121.98552">
        <ele>1589.22</ele>
      </trkpt>
      <trkpt lat="41.13668" lon="-121.98556">
        <ele>1591.33</ele>
      </trkpt>
      <trkpt lat="41.13656" lon="-121.98566">
        <ele>1587.4</ele>
      </trkpt>
      <trkpt lat="41.13648" lon="-121.98572">
        <ele>1585.14</ele>
      </trkpt>
      <trkpt lat="41.13617" lon="-121.98581">
        <ele>1582.03</ele>
      </trkpt>
      <trkpt lat="41.13609" lon="-121.98582">
        <ele>1579.94</ele>
      </trkpt>
      <trkpt lat="41.13603" lon="-121.98577">
        <ele>1579.7</ele>
      </trkpt>
      <trkpt lat="41.13591" lon="-121.9856">
        <ele>1579.43</ele>
      </trkpt>
      <trkpt lat="41.13569" lon="-121.98522">
        <ele>1575.98</ele>
      </trkpt>
      <trkpt lat="41.13548" lon="-121.98474">
        <ele>1576.62</ele>
      </trkpt>
      <trkpt lat="41.13547" lon="-121.98469">
        <ele>1577.62</ele>
      </trkpt>
      <trkpt lat="41.13543" lon="-121.98469">
        <ele>1579.0</ele>
      </trkpt>
      <trkpt lat="41.13539" lon="-121.98472">
        <ele>1580.18</ele>
      </trkpt>
      <trkpt lat="41.13537" lon="-121.98489">
        <ele>1578.2</ele>
      </trkpt>
      <trkpt lat="41.13531" lon="-121.98547">
        <ele>1570.65</ele>
      </trkpt>
      <trkpt lat="41.13529" lon="-121.98562">
        <ele>1564.91</ele>
      </trkpt>
      <trkpt lat="41.13516" lon="-121.98603">
        <ele>1560.26</ele>
      </trkpt>
      <trkpt lat="41.13512" lon="-121.98611">
        <ele>1558.74</ele>
      </trkpt>
      <trkpt lat="41.13506" lon="-121.9862">
        <ele>1557.78</ele>
      </trkpt>
      <trkpt lat="41.135" lon="-121.98623">
        <ele>1558.15</ele>
      </trkpt>
      <trkpt lat="41.13492" lon="-121.98627">
        <ele>1558.58</ele>
      </trkpt>
      <trkpt lat="41.13483" lon="-121.98627">
        <ele>1559.69</ele>
      </trkpt>
      <trkpt lat="41.13471" lon="-121.98637">
        <ele>1557.95</ele>
      </trkpt>
      <trkpt lat="41.13454" lon="-121.9864">
        <ele>1557.4</ele>
      </trkpt>
      <trkpt lat="41.13442" lon="-121.98641">
        <ele>1557.94</ele>
      </trkpt>
      <trkpt lat="41.13438" lon="-121.98643">
        <ele>1558.62</ele>
      </trkpt>
      <trkpt lat="41.13432" lon="-121.9865">
        <ele>1558.3</ele>
      </trkpt>
      <trkpt lat="41.13424" lon="-121.98673">
        <ele>1552.1</ele>
      </trkpt>
      <trkpt lat="41.13408" lon="-121.98694">
        <ele>1549.0</ele>
      </trkpt>
      <trkpt lat="41.13394" lon="-121.98711">
        <ele>1545.19</ele>
      </trkpt>
      <trkpt lat="41.13385" lon="-121.98721">
        <ele>1543.31</ele>
      </trkpt>
      <trkpt lat="41.13372" lon="-121.98729">
        <ele>1542.5</ele>
      </trkpt>
      <trkpt lat="41.13359" lon="-121.98744">
        <ele>1539.05</ele>
      </trkpt>
      <trkpt lat="41.13346" lon="-121.98765">
        <ele>1532.56</ele>
      </trkpt>
      <trkpt lat="41.13337" lon="-121.98774">
        <ele>1530.48</ele>
      </trkpt>
      <trkpt lat="41.13329" lon="-121.98777">
        <ele>1529.89</ele>
      </trkpt>
      <trkpt lat="41.13314" lon="-121.98781">
        <ele>1529.2</ele>
      </trkpt>
      <trkpt lat="41.13297" lon="-121.98781">
        <ele>1528.61</ele>
      </trkpt>
      <trkpt lat="41.13288" lon="-121.98776">
        <ele>1530.04</ele>
      </trkpt>
      <trkpt lat="41.13278" lon="-121.98772">
        <ele>1530.53</ele>
      </trkpt>
      <trkpt lat="41.13262" lon="-121.98771">
        <ele>1526.82</ele>
      </trkpt>
      <trkpt lat="41.13252" lon="-121.9877">
        <ele>1523.22</ele>
      </trkpt>
      <trkpt lat="41.13245" lon="-121.9876">
        <ele>1523.6</ele>
      </trkpt>
      <trkpt lat="41.13236" lon="-121.98741">
        <ele>1523.41</ele>
      </trkpt>
      <trkpt lat="41.13232" lon="-121.98738">
        <ele>1523.63</ele>
      </trkpt>
      <trkpt lat="41.13222" lon="-121.98737">
        <ele>1524.02</ele>
      </trkpt>
      <trkpt lat="41.13203" lon="-121.9874">
        <ele>1522.55</ele>
      </trkpt>
      <trkpt lat="41.13161" lon="-121.98744">
        <ele>1520.93</ele>
      </trkpt>
      <trkpt lat="41.13132" lon="-121.98742">
        <ele>1523.05</ele>
      </trkpt>
      <trkpt lat="41.13119" lon="-121.98744">
        <ele>1520.79</ele>
      </trkpt>
      <trkpt lat="41.13108" lon="-121.98748">
        <ele>1517.82</ele>
      </trkpt>
      <trkpt lat="41.13097" lon="-121.98756">
        <ele>1512.11</ele>
      </trkpt>
      <trkpt lat="41.13085" lon="-121.98766">
        <ele>1503.49</ele>
      </trkpt>
      <trkpt lat="41.13075" lon="-121.9877">
        <ele>1498.24</ele>
      </trkpt>
      <trkpt lat="41.13064" lon="-121.98768">
        <ele>1497.35</ele>
      </trkpt>
      <trkpt lat="41.13051" lon="-121.98761">
        <ele>1499.89</ele>
      </trkpt>
      <trkpt lat="41.13028" lon="-121.98748">
        <ele>1499.94</ele>
      </trkpt>
      <trkpt lat="41.13015" lon="-121.98734">
        <ele>1500.29</ele>
      </trkpt>
      <trkpt lat="41.13005" lon="-121.98723">
        <ele>1500.79</ele>
      </trkpt>
      <trkpt lat="41.12983" lon="-121.98702">
        <ele>1499.53</ele>
      </trkpt>
      <trkpt lat="41.12959" lon="-121.98681">
        <ele>1496.1</ele>
      </trkpt>
      <trkpt lat="41.12938" lon="-121.98664">
        <ele>1493.58</ele>
      </trkpt>
      <trkpt lat="41.12932" lon="-121.98657">
        <ele>1493.04</ele>
      </trkpt>
      <trkpt lat="41.12927" lon="-121.98644">
        <ele>1493.36</ele>
      </trkpt>
      <trkpt lat="41.12918" lon="-121.98623">
        <ele>1492.54</ele>
      </trkpt>
      <trkpt lat="41.12911" lon="-121.98601">
        <ele>1491.2</ele>
      </trkpt>
      <trkpt lat="41.12903" lon="-121.9857">
        <ele>1488.1</ele>
      </trkpt>
      <trkpt lat="41.12898" lon="-121.98522">
        <ele>1481.31</ele>
      </trkpt>
      <trkpt lat="41.12895" lon="-121.98499">
        <ele>1479.34</ele>
      </trkpt>
      <trkpt lat="41.12896" lon="-121.98486">
        <ele>1480.19</ele>
      </trkpt>
      <trkpt lat="41.12899" lon="-121.98477">
        <ele>1481.81</ele>
      </trkpt>
      <trkpt lat="41.129" lon="-121.9847">
        <ele>1482.98</ele>
      </trkpt>
      <trkpt lat="41.12899" lon="-121.98464">
        <ele>1483.89</ele>
      </trkpt>
      <trkpt lat="41.12893" lon="-121.98463">
        <ele>1484.55</ele>
      </trkpt>
      <trkpt lat="41.12886" lon="-121.98465">
        <ele>1484.34</ele>
      </trkpt>
      <trkpt lat="41.12874" lon="-121.98482">
        <ele>1479.68</ele>
      </trkpt>
      <trkpt lat="41.12866" lon="-121.98488">
        <ele>1479.97</ele>
      </trkpt>
      <trkpt lat="41.12859" lon="-121.98492">
        <ele>1480.47</ele>
      </trkpt>
      <trkpt lat="41.12838" lon="-121.9852">
        <ele>1476.26</ele>
      </trkpt>
      <trkpt lat="41.12826" lon="-121.98539">
        <ele>1470.95</ele>
      </trkpt>
      <trkpt lat="41.12817" lon="-121.98557">
        <ele>1466.87</ele>
      </trkpt>
      <trkpt lat="41.1281" lon="-121.98575">
        <ele>1461.11</ele>
      </trkpt>
      <trkpt lat="41.12793" lon="-121.98603">
        <ele>1452.88</ele>
      </trkpt>
      <trkpt lat="41.12782" lon="-121.98619">
        <ele>1447.91</ele>
      </trkpt>
      <trkpt lat="41.1277" lon="-121.98625">
        <ele>1448.1</ele>
      </trkpt>
      <trkpt lat="41.12755" lon="-121.9863">
        <ele>1450.18</ele>
      </trkpt>
      <trkpt lat="41.12731" lon="-121.98633">
        <ele>1454.65</ele>
      </trkpt>
      <trkpt lat="41.12699" lon="-121.98635">
        <ele>1460.78</ele>
      </trkpt>
      <trkpt lat="41.12684" lon="-121.98643">
        <ele>1462.05</ele>
      </trkpt>
      <trkpt lat="41.12672" lon="-121.98658">
        <ele>1459.99</ele>
      </trkpt>
      <trkpt lat="41.12666" lon="-121.98664">
        <ele>1458.64</ele>
      </trkpt>
      <trkpt lat="41.12667" lon="-121.98669">
        <ele>1455.91</ele>
      </trkpt>
      <trkpt lat="41.12673" lon="-121.98664">
        <ele>1456.88</ele>
      </trkpt>
      <trkpt lat="41.12691" lon="-121.98655">
        <ele>1455.16</ele>
      </trkpt>
      <trkpt lat="41.12701" lon="-121.98653">
        <ele>1453.49</ele>
      </trkpt>
      <trkpt lat="41.12712" lon="-121.98659">
        <ele>1448.37</ele>
      </trkpt>
      <trkpt lat="41.12723" lon="-121.98663">
        <ele>1442.73</ele>
      </trkpt>
      <trkpt lat="41.12737" lon="-121.98671">
        <ele>1434.15</ele>
      </trkpt>
      <trkpt lat="41.12749" lon="-121.98674">
        <ele>1429.16</ele>
      </trkpt>
      <trkpt lat="41.12762" lon="-121.98676">
        <ele>1426.7</ele>
      </trkpt>
      <trkpt lat="41.12784" lon="-121.98666">
        <ele>1427.17</ele>
      </trkpt>
      <trkpt lat="41.12793" lon="-121.98664">
        <ele>1429.32</ele>
      </trkpt>
      <trkpt lat="41.12801" lon="-121.98664">
        <ele>1433.34</ele>
      </trkpt>
      <trkpt lat="41.12801" lon="-121.98669">
        <ele>1432.92</ele>
      </trkpt>
      <trkpt lat="41.12797" lon="-121.98678">
        <ele>1430.36</ele>
      </trkpt>
      <trkpt lat="41.12795" lon="-121.98687">
        <ele>1429.38</ele>
      </trkpt>
      <trkpt lat="41.12798" lon="-121.98699">
        <ele>1428.97</ele>
      </trkpt>
      <trkpt lat="41.12807" lon="-121.98711">
        <ele>1428.89</ele>
      </trkpt>
      <trkpt lat="41.12832" lon="-121.98733">
        <ele>1431.14</ele>
      </trkpt>
      <trkpt lat="41.12829" lon="-121.98744">
        <ele>1429.58</ele>
      </trkpt>
      <trkpt lat="41.12818" lon="-121.98742">
        <ele>1427.62</ele>
      </trkpt>
      <trkpt lat="41.12806" lon="-121.98741">
        <ele>1426.1</ele>
      </trkpt>
      <trkpt lat="41.12786" lon="-121.98747">
        <ele>1426.24</ele>
      </trkpt>
      <trkpt lat="41.12772" lon="-121.98748">
        <ele>1425.08</ele>
      </trkpt>
      <trkpt lat="41.12751" lon="-121.98757">
        <ele>1423.95</ele>
      </trkpt>
      <trkpt lat="41.12738" lon="-121.98766">
        <ele>1423.14</ele>
      </trkpt>
      <trkpt lat="41.12724" lon="-121.98777">
        <ele>1422.28</ele>
      </trkpt>
      <trkpt lat="41.1272" lon="-121.98784">
        <ele>1422.19</ele>
      </trkpt>
      <trkpt lat="41.12704" lon="-121.98838">
        <ele>1423.6</ele>
      </trkpt>
      <trkpt lat="41.127" lon="-121.98861">
        <ele>1423.39</ele>
      </trkpt>
      <trkpt lat="41.12698" lon="-121.9888">
        <ele>1423.15</ele>
      </trkpt>
      <trkpt lat="41.12697" lon="-121.98901">
        <ele>1422.02</ele>
      </trkpt>
      <trkpt lat="41.12692" lon="-121.98922">
        <ele>1419.32</ele>
      </trkpt>
      <trkpt lat="41.12693" lon="-121.98943">
        <ele>1417.71</ele>
      </trkpt>
      <trkpt lat="41.12692" lon="-121.98967">
        <ele>1412.77</ele>
      </trkpt>
      <trkpt lat="41.12683" lon="-121.98979">
        <ele>1408.71</ele>
      </trkpt>
      <trkpt lat="41.1266" lon="-121.99015">
        <ele>1407.15</ele>
      </trkpt>
      <trkpt lat="41.12651" lon="-121.99034">
        <ele>1408.09</ele>
      </trkpt>
      <trkpt lat="41.12635" lon="-121.99063">
        <ele>1405.09</ele>
      </trkpt>
      <trkpt lat="41.12626" lon="-121.99075">
        <ele>1401.4</ele>
      </trkpt>
      <trkpt lat="41.1262" lon="-121.99092">
        <ele>1400.63</ele>
      </trkpt>
      <trkpt lat="41.12617" lon="-121.99112">
        <ele>1401.49</ele>
      </trkpt>
      <trkpt lat="41.12612" lon="-121.9913">
        <ele>1398.54</ele>
      </trkpt>
      <trkpt lat="41.12606" lon="-121.99146">
        <ele>1393.47</ele>
      </trkpt>
      <trkpt lat="41.12596" lon="-121.9916">
        <ele>1387.09</ele>
      </trkpt>
      <trkpt lat="41.1259" lon="-121.99178">
        <ele>1383.28</ele>
      </trkpt>
      <trkpt lat="41.1259" lon="-121.9919">
        <ele>1382.57</ele>
      </trkpt>
      <trkpt lat="41.12601" lon="-121.99198">
        <ele>1385.34</ele>
      </trkpt>
      <trkpt lat="41.12618" lon="-121.99202">
        <ele>1389.55</ele>
      </trkpt>
      <trkpt lat="41.12624" lon="-121.99212">
        <ele>1390.67</ele>
      </trkpt>
      <trkpt lat="41.12619" lon="-121.99226">
        <ele>1390.31</ele>
      </trkpt>
      <trkpt lat="41.12609" lon="-121.99236">
        <ele>1388.44</ele>
      </trkpt>
      <trkpt lat="41.12597" lon="-121.99258">
        <ele>1389.11</ele>
      </trkpt>
      <trkpt lat="41.12588" lon="-121.99276">
        <ele>1387.73</ele>
      </trkpt>
      <trkpt lat="41.12563" lon="-121.99332">
        <ele>1379.41</ele>
      </trkpt>
      <trkpt lat="41.12553" lon="-121.99367">
        <ele>1372.8</ele>
      </trkpt>
      <trkpt lat="41.12555" lon="-121.99382">
        <ele>1372.46</ele>
      </trkpt>
      <trkpt lat="41.12551" lon="-121.99392">
        <ele>1370.7</ele>
      </trkpt>
      <trkpt lat="41.12535" lon="-121.99406">
        <ele>1367.85</ele>
      </trkpt>
      <trkpt lat="41.12519" lon="-121.99426">
        <ele>1362.26</ele>
      </trkpt>
      <trkpt lat="41.12512" lon="-121.99461">
        <ele>1364.76</ele>
      </trkpt>
      <trkpt lat="41.12494" lon="-121.99474">
        <ele>1362.44</ele>
      </trkpt>
      <trkpt lat="41.12475" lon="-121.99495">
        <ele>1361.2</ele>
      </trkpt>
      <trkpt lat="41.12465" lon="-121.9952">
        <ele>1361.64</ele>
      </trkpt>
      <trkpt lat="41.1245" lon="-121.99545">
        <ele>1361.06</ele>
      </trkpt>
      <trkpt lat="41.12434" lon="-121.99566">
        <ele>1357.74</ele>
      </trkpt>
      <trkpt lat="41.12429" lon="-121.99588">
        <ele>1355.83</ele>
      </trkpt>
      <trkpt lat="41.12429" lon="-121.99611">
        <ele>1354.67</ele>
      </trkpt>
      <trkpt lat="41.12429" lon="-121.99611">
        <ele>1354.67</ele>
      </trkpt>
      <trkpt lat="41.12429" lon="-121.99634">
        <ele>1350.4</ele>
      </trkpt>
      <trkpt lat="41.12441" lon="-121.99659">
        <ele>1346.43</ele>
      </trkpt>
      <trkpt lat="41.12465" lon="-121.99678">
        <ele>1347.16</ele>
      </trkpt>
      <trkpt lat="41.12488" lon="-121.99704">
        <ele>1344.99</ele>
      </trkpt>
      <trkpt lat="41.12506" lon="-121.99729">
        <ele>1339.46</ele>
      </trkpt>
      <trkpt lat="41.12524" lon="-121.99741">
        <ele>1342.42</ele>
      </trkpt>
      <trkpt lat="41.12531" lon="-121.99756">
        <ele>1338.62</ele>
      </trkpt>
      <trkpt lat="41.12536" lon="-121.99788">
        <ele>1327.24</ele>
      </trkpt>
      <trkpt lat="41.1255" lon="-121.99823">
        <ele>1327.16</ele>
      </trkpt>
      <trkpt lat="41.12569" lon="-121.99851">
        <ele>1331.95</ele>
      </trkpt>
      <trkpt lat="41.12581" lon="-121.99876">
        <ele>1331.06</ele>
      </trkpt>
      <trkpt lat="41.12586" lon="-121.99896">
        <ele>1325.43</ele>
      </trkpt>
      <trkpt lat="41.12598" lon="-121.99911">
        <ele>1325.37</ele>
      </trkpt>
      <trkpt lat="41.1263" lon="-121.99936">
        <ele>1330.92</ele>
      </trkpt>
      <trkpt lat="41.12654" lon="-121.9997">
        <ele>1330.27</ele>
      </trkpt>
      <trkpt lat="41.12676" lon="-122.00005">
        <ele>1327.42</ele>
      </trkpt>
      <trkpt lat="41.12702" lon="-122.00036">
        <ele>1327.71</ele>
      </trkpt>
      <trkpt lat="41.12723" lon="-122.00057">
        <ele>1325.53</ele>
      </trkpt>
      <trkpt lat="41.12741" lon="-122.00069">
        <ele>1321.19</ele>
      </trkpt>
      <trkpt lat="41.12754" lon="-122.00073">
        <ele>1319.41</ele>
      </trkpt>
      <trkpt lat="41.12771" lon="-122.00068">
        <ele>1319.43</ele>
      </trkpt>
      <trkpt lat="41.12784" lon="-122.00053">
        <ele>1321.3</ele>
      </trkpt>
      <trkpt lat="41.128" lon="-122.00038">
        <ele>1320.19</ele>
      </trkpt>
      <trkpt lat="41.12815" lon="-122.00028">
        <ele>1316.93</ele>
      </trkpt>
      <trkpt lat="41.12833" lon="-122.00021">
        <ele>1319.48</ele>
      </trkpt>
      <trkpt lat="41.12857" lon="-122.00021">
        <ele>1317.58</ele>
      </trkpt>
      <trkpt lat="41.12916" lon="-122.00035">
        <ele>1322.15</ele>
      </trkpt>
      <trkpt lat="41.12937" lon="-122.00042">
        <ele>1324.73</ele>
      </trkpt>
      <trkpt lat="41.12945" lon="-122.0006">
        <ele>1328.05</ele>
      </trkpt>
      <trkpt lat="41.12908" lon="-122.00082">
        <ele>1324.84</ele>
      </trkpt>
      <trkpt lat="41.12903" lon="-122.00096">
        <ele>1325.89</ele>
      </trkpt>
      <trkpt lat="41.12887" lon="-122.00094">
        <ele>1322.54</ele>
      </trkpt>
      <trkpt lat="41.12868" lon="-122.00093">
        <ele>1317.78</ele>
      </trkpt>
      <trkpt lat="41.12845" lon="-122.00116">
        <ele>1315.26</ele>
      </trkpt>
      <trkpt lat="41.12832" lon="-122.00139">
        <ele>1315.73</ele>
      </trkpt>
      <trkpt lat="41.1283" lon="-122.00142">
        <ele>1315.83</ele>
      </trkpt>
      <trkpt lat="41.1283" lon="-122.00142">
        <ele>1315.83</ele>
      </trkpt>
      <trkpt lat="41.12809" lon="-122.00168">
        <ele>1311.89</ele>
      </trkpt>
      <trkpt lat="41.12803" lon="-122.00181">
        <ele>1312.94</ele>
      </trkpt>
      <trkpt lat="41.12781" lon="-122.002">
        <ele>1311.98</ele>
      </trkpt>
      <trkpt lat="41.12753" lon="-122.00219">
        <ele>1306.02</ele>
      </trkpt>
      <trkpt lat="41.12721" lon="-122.00228">
        <ele>1290.21</ele>
      </trkpt>
      <trkpt lat="41.12706" lon="-122.00228">
        <ele>1283.15</ele>
      </trkpt>
      <trkpt lat="41.12699" lon="-122.0023">
        <ele>1281.16</ele>
      </trkpt>
      <trkpt lat="41.12697" lon="-122.0024">
        <ele>1282.92</ele>
      </trkpt>
      <trkpt lat="41.12703" lon="-122.00252">
        <ele>1289.07</ele>
      </trkpt>
      <trkpt lat="41.12726" lon="-122.00273">
        <ele>1307.01</ele>
      </trkpt>
      <trkpt lat="41.1274" lon="-122.00288">
        <ele>1316.78</ele>
      </trkpt>
      <trkpt lat="41.12758" lon="-122.00301">
        <ele>1324.1</ele>
      </trkpt>
      <trkpt lat="41.12768" lon="-122.00311">
        <ele>1328.42</ele>
      </trkpt>
      <trkpt lat="41.12771" lon="-122.0033">
        <ele>1329.8</ele>
      </trkpt>
      <trkpt lat="41.12781" lon="-122.00349">
        <ele>1333.04</ele>
      </trkpt>
      <trkpt lat="41.12788" lon="-122.00367">
        <ele>1335.35</ele>
      </trkpt>
      <trkpt lat="41.12788" lon="-122.0038">
        <ele>1334.37</ele>
      </trkpt>
      <trkpt lat="41.12776" lon="-122.00378">
        <ele>1330.6</ele>
      </trkpt>
      <trkpt lat="41.12751" lon="-122.00369">
        <ele>1320.67</ele>
      </trkpt>
      <trkpt lat="41.12709" lon="-122.00375">
        <ele>1298.36</ele>
      </trkpt>
      <trkpt lat="41.12686" lon="-122.00382">
        <ele>1284.42</ele>
      </trkpt>
      <trkpt lat="41.12679" lon="-122.00396">
        <ele>1284.81</ele>
      </trkpt>
      <trkpt lat="41.12663" lon="-122.00392">
        <ele>1281.87</ele>
      </trkpt>
      <trkpt lat="41.12646" lon="-122.00381">
        <ele>1278.95</ele>
      </trkpt>
      <trkpt lat="41.12633" lon="-122.00377">
        <ele>1275.14</ele>
      </trkpt>
      <trkpt lat="41.12625" lon="-122.00383">
        <ele>1275.46</ele>
      </trkpt>
      <trkpt lat="41.12624" lon="-122.00394">
        <ele>1279.78</ele>
      </trkpt>
      <trkpt lat="41.12617" lon="-122.00398">
        <ele>1280.21</ele>
      </trkpt>
      <trkpt lat="41.12603" lon="-122.00399">
        <ele>1277.44</ele>
      </trkpt>
      <trkpt lat="41.12575" lon="-122.00404">
        <ele>1271.56</ele>
      </trkpt>
      <trkpt lat="41.12539" lon="-122.00425">
        <ele>1259.25</ele>
      </trkpt>
      <trkpt lat="41.12529" lon="-122.00435">
        <ele>1256.49</ele>
      </trkpt>
      <trkpt lat="41.12524" lon="-122.00453">
        <ele>1263.26</ele>
      </trkpt>
      <trkpt lat="41.12525" lon="-122.00472">
        <ele>1271.9</ele>
      </trkpt>
      <trkpt lat="41.12518" lon="-122.00476">
        <ele>1273.13</ele>
      </trkpt>
      <trkpt lat="41.12511" lon="-122.00472">
        <ele>1270.28</ele>
      </trkpt>
      <trkpt lat="41.12489" lon="-122.00487">
        <ele>1274.79</ele>
      </trkpt>
      <trkpt lat="41.12459" lon="-122.00496">
        <ele>1273.85</ele>
      </trkpt>
      <trkpt lat="41.12419" lon="-122.00518">
        <ele>1266.18</ele>
      </trkpt>
      <trkpt lat="41.12383" lon="-122.00549">
        <ele>1264.83</ele>
      </trkpt>
      <trkpt lat="41.12367" lon="-122.00557">
        <ele>1259.96</ele>
      </trkpt>
      <trkpt lat="41.12349" lon="-122.00569">
        <ele>1256.72</ele>
      </trkpt>
      <trkpt lat="41.12334" lon="-122.00578">
        <ele>1254.03</ele>
      </trkpt>
      <trkpt lat="41.1233" lon="-122.00605">
        <ele>1261.94</ele>
      </trkpt>
      <trkpt lat="41.12332" lon="-122.00635">
        <ele>1273.16</ele>
      </trkpt>
      <trkpt lat="41.12325" lon="-122.0065">
        <ele>1273.8</ele>
      </trkpt>
      <trkpt lat="41.12314" lon="-122.00648">
        <ele>1269.6</ele>
      </trkpt>
      <trkpt lat="41.12291" lon="-122.00635">
        <ele>1254.88</ele>
      </trkpt>
      <trkpt lat="41.12268" lon="-122.00646">
        <ele>1244.31</ele>
      </trkpt>
      <trkpt lat="41.1225" lon="-122.00653">
        <ele>1238.05</ele>
      </trkpt>
      <trkpt lat="41.12241" lon="-122.0067">
        <ele>1236.11</ele>
      </trkpt>
      <trkpt lat="41.12246" lon="-122.00699">
        <ele>1237.78</ele>
      </trkpt>
      <trkpt lat="41.12258" lon="-122.00753">
        <ele>1234.67</ele>
      </trkpt>
      <trkpt lat="41.12275" lon="-122.00794">
        <ele>1235.7</ele>
      </trkpt>
      <trkpt lat="41.12295" lon="-122.00823">
        <ele>1238.67</ele>
      </trkpt>
      <trkpt lat="41.12299" lon="-122.00847">
        <ele>1234.79</ele>
      </trkpt>
      <trkpt lat="41.12296" lon="-122.0088">
        <ele>1227.86</ele>
      </trkpt>
      <trkpt lat="41.12297" lon="-122.00906">
        <ele>1227.23</ele>
      </trkpt>
      <trkpt lat="41.12296" lon="-122.00943">
        <ele>1228.6</ele>
      </trkpt>
      <trkpt lat="41.12316" lon="-122.01">
        <ele>1242.13</ele>
      </trkpt>
      <trkpt lat="41.12327" lon="-122.01011">
        <ele>1245.44</ele>
      </trkpt>
      <trkpt lat="41.12322" lon="-122.0102">
        <ele>1247.1</ele>
      </trkpt>
      <trkpt lat="41.12309" lon="-122.01017">
        <ele>1245.04</ele>
      </trkpt>
      <trkpt lat="41.1227" lon="-122.01032">
        <ele>1242.23</ele>
      </trkpt>
      <trkpt lat="41.1224" lon="-122.01045">
        <ele>1234.26</ele>
      </trkpt>
      <trkpt lat="41.12223" lon="-122.01059">
        <ele>1229.96</ele>
      </trkpt>
      <trkpt lat="41.12214" lon="-122.01068">
        <ele>1227.12</ele>
      </trkpt>
      <trkpt lat="41.12214" lon="-122.01068">
        <ele>1227.12</ele>
      </trkpt>
      <trkpt lat="41.12203" lon="-122.0108">
        <ele>1224.49</ele>
      </trkpt>
      <trkpt lat="41.12181" lon="-122.01105">
        <ele>1219.11</ele>
      </trkpt>
      <trkpt lat="41.12159" lon="-122.01124">
        <ele>1206.75</ele>
      </trkpt>
      <trkpt lat="41.12139" lon="-122.01152">
        <ele>1213.96</ele>
      </trkpt>
      <trkpt lat="41.12098" lon="-122.0117">
        <ele>1208.25</ele>
      </trkpt>
      <trkpt lat="41.12058" lon="-122.01178">
        <ele>1201.77</ele>
      </trkpt>
      <trkpt lat="41.12046" lon="-122.01193">
        <ele>1201.63</ele>
      </trkpt>
      <trkpt lat="41.12038" lon="-122.01212">
        <ele>1202.3</ele>
      </trkpt>
      <trkpt lat="41.12035" lon="-122.01234">
        <ele>1198.3</ele>
      </trkpt>
      <trkpt lat="41.12035" lon="-122.01261">
        <ele>1188.75</ele>
      </trkpt>
      <trkpt lat="41.12048" lon="-122.013">
        <ele>1181.16</ele>
      </trkpt>
      <trkpt lat="41.12065" lon="-122.01319">
        <ele>1188.09</ele>
      </trkpt>
      <trkpt lat="41.12067" lon="-122.01333">
        <ele>1189.91</ele>
      </trkpt>
      <trkpt lat="41.1206" lon="-122.01347">
        <ele>1190.14</ele>
      </trkpt>
      <trkpt lat="41.12046" lon="-122.01365">
        <ele>1186.29</ele>
      </trkpt>
      <trkpt lat="41.12033" lon="-122.01393">
        <ele>1184.02</ele>
      </trkpt>
      <trkpt lat="41.12021" lon="-122.01417">
        <ele>1180.64</ele>
      </trkpt>
      <trkpt lat="41.12013" lon="-122.01451">
        <ele>1181.01</ele>
      </trkpt>
      <trkpt lat="41.12007" lon="-122.01467">
        <ele>1180.32</ele>
      </trkpt>
      <trkpt lat="41.11991" lon="-122.01495">
        <ele>1177.05</ele>
      </trkpt>
      <trkpt lat="41.11976" lon="-122.01517">
        <ele>1174.96</ele>
      </trkpt>
      <trkpt lat="41.11968" lon="-122.0154">
        <ele>1174.5</ele>
      </trkpt>
      <trkpt lat="41.11968" lon="-122.01558">
        <ele>1176.44</ele>
      </trkpt>
      <trkpt lat="41.11965" lon="-122.01567">
        <ele>1176.12</ele>
      </trkpt>
      <trkpt lat="41.11938" lon="-122.01597">
        <ele>1165.0</ele>
      </trkpt>
      <trkpt lat="41.11927" lon="-122.01632">
        <ele>1161.58</ele>
      </trkpt>
      <trkpt lat="41.11927" lon="-122.01674">
        <ele>1156.88</ele>
      </trkpt>
      <trkpt lat="41.11926" lon="-122.01709">
        <ele>1159.18</ele>
      </trkpt>
      <trkpt lat="41.11921" lon="-122.01769">
        <ele>1169.96</ele>
      </trkpt>
      <trkpt lat="41.11915" lon="-122.01771">
        <ele>1166.86</ele>
      </trkpt>
      <trkpt lat="41.11906" lon="-122.01771">
        <ele>1161.66</ele>
      </trkpt>
      <trkpt lat="41.11883" lon="-122.01814">
        <ele>1159.92</ele>
      </trkpt>
      <trkpt lat="41.11873" lon="-122.01835">
        <ele>1160.19</ele>
      </trkpt>
      <trkpt lat="41.11859" lon="-122.01865">
        <ele>1158.69</ele>
      </trkpt>
      <trkpt lat="41.11857" lon="-122.01886">
        <ele>1158.34</ele>
      </trkpt>
      <trkpt lat="41.11867" lon="-122.01907">
        <ele>1161.63</ele>
      </trkpt>
      <trkpt lat="41.11874" lon="-122.01925">
        <ele>1157.38</ele>
      </trkpt>
      <trkpt lat="41.11871" lon="-122.01944">
        <ele>1150.39</ele>
      </trkpt>
      <trkpt lat="41.11858" lon="-122.01966">
        <ele>1148.64</ele>
      </trkpt>
      <trkpt lat="41.11852" lon="-122.01986">
        <ele>1151.53</ele>
      </trkpt>
      <trkpt lat="41.11833" lon="-122.02002">
        <ele>1149.26</ele>
      </trkpt>
      <trkpt lat="41.11811" lon="-122.02034">
        <ele>1145.28</ele>
      </trkpt>
      <trkpt lat="41.11794" lon="-122.02071">
        <ele>1143.27</ele>
      </trkpt>
      <trkpt lat="41.1179" lon="-122.02096">
        <ele>1139.32</ele>
      </trkpt>
      <trkpt lat="41.11796" lon="-122.02114">
        <ele>1138.89</ele>
      </trkpt>
      <trkpt lat="41.11812" lon="-122.02132">
        <ele>1137.99</ele>
      </trkpt>
      <trkpt lat="41.11822" lon="-122.02145">
        <ele>1135.54</ele>
      </trkpt>
      <trkpt lat="41.11824" lon="-122.02158">
        <ele>1129.7</ele>
      </trkpt>
      <trkpt lat="41.11823" lon="-122.02169">
        <ele>1125.2</ele>
      </trkpt>
      <trkpt lat="41.11824" lon="-122.02191">
        <ele>1129.47</ele>
      </trkpt>
      <trkpt lat="41.11822" lon="-122.02221">
        <ele>1135.97</ele>
      </trkpt>
      <trkpt lat="41.11822" lon="-122.02245">
        <ele>1135.87</ele>
      </trkpt>
      <trkpt lat="41.11826" lon="-122.02273">
        <ele>1134.14</ele>
      </trkpt>
      <trkpt lat="41.11829" lon="-122.02308">
        <ele>1130.6</ele>
      </trkpt>
      <trkpt lat="41.11832" lon="-122.02336">
        <ele>1128.07</ele>
      </trkpt>
      <trkpt lat="41.11825" lon="-122.02361">
        <ele>1128.29</ele>
      </trkpt>
      <trkpt lat="41.11808" lon="-122.02385">
        <ele>1128.64</ele>
      </trkpt>
      <trkpt lat="41.11792" lon="-122.02404">
        <ele>1128.17</ele>
      </trkpt>
      <trkpt lat="41.11775" lon="-122.02433">
        <ele>1130.63</ele>
      </trkpt>
      <trkpt lat="41.11754" lon="-122.02445">
        <ele>1127.45</ele>
      </trkpt>
      <trkpt lat="41.11734" lon="-122.02449">
        <ele>1121.55</ele>
      </trkpt>
      <trkpt lat="41.11717" lon="-122.02457">
        <ele>1119.01</ele>
      </trkpt>
      <trkpt lat="41.11699" lon="-122.02479">
        <ele>1119.43</ele>
      </trkpt>
      <trkpt lat="41.11668" lon="-122.02508">
        <ele>1113.19</ele>
      </trkpt>
      <trkpt lat="41.11641" lon="-122.02541">
        <ele>1104.21</ele>
      </trkpt>
      <trkpt lat="41.11618" lon="-122.02591">
        <ele>1103.63</ele>
      </trkpt>
      <trkpt lat="41.11592" lon="-122.02641">
        <ele>1100.69</ele>
      </trkpt>
      <trkpt lat="41.11593" lon="-122.02665">
        <ele>1100.18</ele>
      </trkpt>
      <trkpt lat="41.11612" lon="-122.02717">
        <ele>1094.52</ele>
      </trkpt>
      <trkpt lat="41.11611" lon="-122.02738">
        <ele>1095.62</ele>
      </trkpt>
      <trkpt lat="41.11612" lon="-122.02762">
        <ele>1097.87</ele>
      </trkpt>
      <trkpt lat="41.11612" lon="-122.02797">
        <ele>1102.55</ele>
      </trkpt>
      <trkpt lat="41.11619" lon="-122.02805">
        <ele>1106.4</ele>
      </trkpt>
      <trkpt lat="41.1163" lon="-122.02806">
        <ele>1107.9</ele>
      </trkpt>
      <trkpt lat="41.11647" lon="-122.02786">
        <ele>1108.69</ele>
      </trkpt>
      <trkpt lat="41.11669" lon="-122.02765">
        <ele>1105.13</ele>
      </trkpt>
      <trkpt lat="41.11707" lon="-122.02735">
        <ele>1095.57</ele>
      </trkpt>
      <trkpt lat="41.11719" lon="-122.02724">
        <ele>1093.94</ele>
      </trkpt>
      <trkpt lat="41.11728" lon="-122.02715">
        <ele>1093.76</ele>
      </trkpt>
      <trkpt lat="41.11734" lon="-122.02702">
        <ele>1096.78</ele>
      </trkpt>
      <trkpt lat="41.1174" lon="-122.02687">
        <ele>1102.22</ele>
      </trkpt>
      <trkpt lat="41.1175" lon="-122.02686">
        <ele>1097.65</ele>
      </trkpt>
      <trkpt lat="41.11784" lon="-122.02688">
        <ele>1093.54</ele>
      </trkpt>
      <trkpt lat="41.11805" lon="-122.02704">
        <ele>1081.9</ele>
      </trkpt>
      <trkpt lat="41.11821" lon="-122.02702">
        <ele>1079.58</ele>
      </trkpt>
      <trkpt lat="41.11847" lon="-122.02689">
        <ele>1080.58</ele>
      </trkpt>
      <trkpt lat="41.11873" lon="-122.02688">
        <ele>1073.52</ele>
      </trkpt>
      <trkpt lat="41.11906" lon="-122.02692">
        <ele>1071.06</ele>
      </trkpt>
      <trkpt lat="41.11921" lon="-122.0269">
        <ele>1069.75</ele>
      </trkpt>
      <trkpt lat="41.11946" lon="-122.02657">
        <ele>1076.71</ele>
      </trkpt>
      <trkpt lat="41.11951" lon="-122.02647">
        <ele>1079.7</ele>
      </trkpt>
      <trkpt lat="41.11973" lon="-122.02613">
        <ele>1085.85</ele>
      </trkpt>
      <trkpt lat="41.11985" lon="-122.02606">
        <ele>1084.24</ele>
      </trkpt>
      <trkpt lat="41.12002" lon="-122.02607">
        <ele>1081.33</ele>
      </trkpt>
      <trkpt lat="41.12024" lon="-122.02613">
        <ele>1078.8</ele>
      </trkpt>
      <trkpt lat="41.1204" lon="-122.0262">
        <ele>1074.84</ele>
      </trkpt>
      <trkpt lat="41.12062" lon="-122.02628">
        <ele>1069.83</ele>
      </trkpt>
      <trkpt lat="41.12076" lon="-122.02623">
        <ele>1070.45</ele>
      </trkpt>
      <trkpt lat="41.12103" lon="-122.02606">
        <ele>1073.03</ele>
      </trkpt>
      <trkpt lat="41.12127" lon="-122.026">
        <ele>1073.08</ele>
      </trkpt>
      <trkpt lat="41.12149" lon="-122.02607">
        <ele>1069.71</ele>
      </trkpt>
      <trkpt lat="41.12156" lon="-122.02623">
        <ele>1070.37</ele>
      </trkpt>
      <trkpt lat="41.12159" lon="-122.0264">
        <ele>1068.33</ele>
      </trkpt>
      <trkpt lat="41.12172" lon="-122.02669">
        <ele>1062.04</ele>
      </trkpt>
      <trkpt lat="41.12185" lon="-122.02689">
        <ele>1053.92</ele>
      </trkpt>
      <trkpt lat="41.12185" lon="-122.02689">
        <ele>1053.92</ele>
      </trkpt>
      <trkpt lat="41.12202" lon="-122.02687">
        <ele>1054.2</ele>
      </trkpt>
      <trkpt lat="41.12231" lon="-122.02683">
        <ele>1052.28</ele>
      </trkpt>
      <trkpt lat="41.12256" lon="-122.02678">
        <ele>1049.44</ele>
      </trkpt>
      <trkpt lat="41.1227" lon="-122.02666">
        <ele>1053.04</ele>
      </trkpt>
      <trkpt lat="41.1228" lon="-122.02652">
        <ele>1058.34</ele>
      </trkpt>
      <trkpt lat="41.123" lon="-122.02631">
        <ele>1064.66</ele>
      </trkpt>
      <trkpt lat="41.12316" lon="-122.02632">
        <ele>1058.4</ele>
      </trkpt>
      <trkpt lat="41.12329" lon="-122.02635">
        <ele>1056.42</ele>
      </trkpt>
      <trkpt lat="41.12348" lon="-122.02648">
        <ele>1047.52</ele>
      </trkpt>
      <trkpt lat="41.12372" lon="-122.0265">
        <ele>1044.82</ele>
      </trkpt>
      <trkpt lat="41.12395" lon="-122.02649">
        <ele>1043.88</ele>
      </trkpt>
      <trkpt lat="41.12419" lon="-122.0265">
        <ele>1041.35</ele>
      </trkpt>
      <trkpt lat="41.12437" lon="-122.02648">
        <ele>1039.9</ele>
      </trkpt>
      <trkpt lat="41.12464" lon="-122.02643">
        <ele>1038.49</ele>
      </trkpt>
      <trkpt lat="41.12484" lon="-122.02635">
        <ele>1036.71</ele>
      </trkpt>
      <trkpt lat="41.12499" lon="-122.02623">
        <ele>1037.19</ele>
      </trkpt>
      <trkpt lat="41.12513" lon="-122.02603">
        <ele>1040.47</ele>
      </trkpt>
      <trkpt lat="41.12527" lon="-122.02567">
        <ele>1044.93</ele>
      </trkpt>
      <trkpt lat="41.1253" lon="-122.0254">
        <ele>1050.0</ele>
      </trkpt>
      <trkpt lat="41.12527" lon="-122.02515">
        <ele>1058.52</ele>
      </trkpt>
      <trkpt lat="41.12541" lon="-122.02507">
        <ele>1058.08</ele>
      </trkpt>
      <trkpt lat="41.12563" lon="-122.0252">
        <ele>1058.74</ele>
      </trkpt>
      <trkpt lat="41.12587" lon="-122.02545">
        <ele>1055.27</ele>
      </trkpt>
      <trkpt lat="41.12602" lon="-122.02566">
        <ele>1051.55</ele>
      </trkpt>
      <trkpt lat="41.12614" lon="-122.02595">
        <ele>1042.95</ele>
      </trkpt>
      <trkpt lat="41.12644" lon="-122.02625">
        <ele>1038.93</ele>
      </trkpt>
      <trkpt lat="41.12656" lon="-122.02629">
        <ele>1040.88</ele>
      </trkpt>
      <trkpt lat="41.12673" lon="-122.02634">
        <ele>1043.01</ele>
      </trkpt>
      <trkpt lat="41.12691" lon="-122.02632">
        <ele>1048.23</ele>
      </trkpt>
      <trkpt lat="41.12712" lon="-122.02628">
        <ele>1053.76</ele>
      </trkpt>
      <trkpt lat="41.12736" lon="-122.02632">
        <ele>1050.98</ele>
      </trkpt>
      <trkpt lat="41.12754" lon="-122.0264">
        <ele>1042.97</ele>
      </trkpt>
      <trkpt lat="41.12789" lon="-122.02657">
        <ele>1032.18</ele>
      </trkpt>
      <trkpt lat="41.12801" lon="-122.02664">
        <ele>1029.86</ele>
      </trkpt>
      <trkpt lat="41.12817" lon="-122.02679">
        <ele>1023.26</ele>
      </trkpt>
      <trkpt lat="41.12827" lon="-122.02689">
        <ele>1016.21</ele>
      </trkpt>
      <trkpt lat="41.12835" lon="-122.02695">
        <ele>1011.58</ele>
      </trkpt>
      <trkpt lat="41.12844" lon="-122.02695">
        <ele>1010.61</ele>
      </trkpt>
      <trkpt lat="41.12852" lon="-122.02688">
        <ele>1014.16</ele>
      </trkpt>
      <trkpt lat="41.12857" lon="-122.02681">
        <ele>1018.36</ele>
      </trkpt>
      <trkpt lat="41.12863" lon="-122.02678">
        <ele>1019.25</ele>
      </trkpt>
      <trkpt lat="41.12876" lon="-122.02673">
        <ele>1019.68</ele>
      </trkpt>
      <trkpt lat="41.12895" lon="-122.02669">
        <ele>1016.67</ele>
      </trkpt>
      <trkpt lat="41.12917" lon="-122.02665">
        <ele>1012.46</ele>
      </trkpt>
      <trkpt lat="41.12936" lon="-122.02667">
        <ele>1008.84</ele>
      </trkpt>
      <trkpt lat="41.12955" lon="-122.02667">
        <ele>1007.8</ele>
      </trkpt>
      <trkpt lat="41.12964" lon="-122.02661">
        <ele>1008.27</ele>
      </trkpt>
      <trkpt lat="41.12973" lon="-122.02659">
        <ele>1008.87</ele>
      </trkpt>
      <trkpt lat="41.12976" lon="-122.02671">
        <ele>1010.63</ele>
      </trkpt>
      <trkpt lat="41.12969" lon="-122.02688">
        <ele>1013.82</ele>
      </trkpt>
      <trkpt lat="41.12951" lon="-122.02714">
        <ele>1016.28</ele>
      </trkpt>
      <trkpt lat="41.12935" lon="-122.02739">
        <ele>1019.37</ele>
      </trkpt>
      <trkpt lat="41.12922" lon="-122.02751">
        <ele>1019.54</ele>
      </trkpt>
      <trkpt lat="41.12899" lon="-122.02752">
        <ele>1013.14</ele>
      </trkpt>
      <trkpt lat="41.12883" lon="-122.02758">
        <ele>1010.28</ele>
      </trkpt>
      <trkpt lat="41.12867" lon="-122.0278">
        <ele>1014.96</ele>
      </trkpt>
      <trkpt lat="41.1286" lon="-122.02786">
        <ele>1016.2</ele>
      </trkpt>
      <trkpt lat="41.12848" lon="-122.02794">
        <ele>1016.74</ele>
      </trkpt>
      <trkpt lat="41.12833" lon="-122.028">
        <ele>1015.51</ele>
      </trkpt>
      <trkpt lat="41.12819" lon="-122.02812">
        <ele>1016.31</ele>
      </trkpt>
      <trkpt lat="41.12795" lon="-122.0283">
        <ele>1015.81</ele>
      </trkpt>
      <trkpt lat="41.12786" lon="-122.02844">
        <ele>1017.03</ele>
      </trkpt>
      <trkpt lat="41.12778" lon="-122.02855">
        <ele>1018.42</ele>
      </trkpt>
      <trkpt lat="41.1277" lon="-122.02857">
        <ele>1018.38</ele>
      </trkpt>
      <trkpt lat="41.1276" lon="-122.02857">
        <ele>1017.71</ele>
      </trkpt>
      <trkpt lat="41.12749" lon="-122.02845">
        <ele>1011.96</ele>
      </trkpt>
      <trkpt lat="41.12734" lon="-122.02832">
        <ele>1004.66</ele>
      </trkpt>
      <trkpt lat="41.12716" lon="-122.02814">
        <ele>994.36</ele>
      </trkpt>
      <trkpt lat="41.12706" lon="-122.02812">
        <ele>991.58</ele>
      </trkpt>
      <trkpt lat="41.1269" lon="-122.02815">
        <ele>988.63</ele>
      </trkpt>
      <trkpt lat="41.12676" lon="-122.02826">
        <ele>988.07</ele>
      </trkpt>
      <trkpt lat="41.12657" lon="-122.02849">
        <ele>990.59</ele>
      </trkpt>
      <trkpt lat="41.12648" lon="-122.02861">
        <ele>991.87</ele>
      </trkpt>
      <trkpt lat="41.12645" lon="-122.02873">
        <ele>995.34</ele>
      </trkpt>
      <trkpt lat="41.12644" lon="-122.02888">
        <ele>999.52</ele>
      </trkpt>
      <trkpt lat="41.12633" lon="-122.02933">
        <ele>1002.58</ele>
      </trkpt>
      <trkpt lat="41.12627" lon="-122.02945">
        <ele>999.88</ele>
      </trkpt>
      <trkpt lat="41.12623" lon="-122.02952">
        <ele>998.72</ele>
      </trkpt>
      <trkpt lat="41.12617" lon="-122.02954">
        <ele>997.34</ele>
      </trkpt>
      <trkpt lat="41.12611" lon="-122.02952">
        <ele>995.48</ele>
      </trkpt>
      <trkpt lat="41.12605" lon="-122.02937">
        <ele>992.45</ele>
      </trkpt>
      <trkpt lat="41.126" lon="-122.02922">
        <ele>986.62</ele>
      </trkpt>
      <trkpt lat="41.12593" lon="-122.0291">
        <ele>982.14</ele>
      </trkpt>
      <trkpt lat="41.12579" lon="-122.029">
        <ele>978.47</ele>
      </trkpt>
      <trkpt lat="41.12556" lon="-122.029">
        <ele>977.09</ele>
      </trkpt>
      <trkpt lat="41.12534" lon="-122.02912">
        <ele>978.33</ele>
      </trkpt>
      <trkpt lat="41.12512" lon="-122.02929">
        <ele>982.72</ele>
      </trkpt>
      <trkpt lat="41.12494" lon="-122.02946">
        <ele>985.27</ele>
      </trkpt>
      <trkpt lat="41.12482" lon="-122.02965">
        <ele>989.04</ele>
      </trkpt>
      <trkpt lat="41.12479" lon="-122.02975">
        <ele>992.32</ele>
      </trkpt>
      <trkpt lat="41.1248" lon="-122.02985">
        <ele>996.56</ele>
      </trkpt>
      <trkpt lat="41.12484" lon="-122.02994">
        <ele>1000.6</ele>
      </trkpt>
      <trkpt lat="41.12484" lon="-122.03004">
        <ele>1003.84</ele>
      </trkpt>
      <trkpt lat="41.12479" lon="-122.03006">
        <ele>1003.14</ele>
      </trkpt>
      <trkpt lat="41.12465" lon="-122.03">
        <ele>996.66</ele>
      </trkpt>
      <trkpt lat="41.12447" lon="-122.03001">
        <ele>991.15</ele>
      </trkpt>
      <trkpt lat="41.12441" lon="-122.03005">
        <ele>990.33</ele>
      </trkpt>
      <trkpt lat="41.1242" lon="-122.03016">
        <ele>986.92</ele>
      </trkpt>
      <trkpt lat="41.12389" lon="-122.03034">
        <ele>981.74</ele>
      </trkpt>
      <trkpt lat="41.12352" lon="-122.03063">
        <ele>977.28</ele>
      </trkpt>
      <trkpt lat="41.1232" lon="-122.03084">
        <ele>968.5</ele>
      </trkpt>
      <trkpt lat="41.12308" lon="-122.03105">
        <ele>965.06</ele>
      </trkpt>
      <trkpt lat="41.12305" lon="-122.03122">
        <ele>964.88</ele>
      </trkpt>
      <trkpt lat="41.12306" lon="-122.0315">
        <ele>964.94</ele>
      </trkpt>
      <trkpt lat="41.12311" lon="-122.0317">
        <ele>965.55</ele>
      </trkpt>
      <trkpt lat="41.12323" lon="-122.03209">
        <ele>969.34</ele>
      </trkpt>
      <trkpt lat="41.1232" lon="-122.03218">
        <ele>969.6</ele>
      </trkpt>
      <trkpt lat="41.12311" lon="-122.03226">
        <ele>972.62</ele>
      </trkpt>
      <trkpt lat="41.1229" lon="-122.03206">
        <ele>970.71</ele>
      </trkpt>
      <trkpt lat="41.12272" lon="-122.03187">
        <ele>969.16</ele>
      </trkpt>
      <trkpt lat="41.12249" lon="-122.03162">
        <ele>970.47</ele>
      </trkpt>
      <trkpt lat="41.12232" lon="-122.03138">
        <ele>969.09</ele>
      </trkpt>
      <trkpt lat="41.12214" lon="-122.03093">
        <ele>953.84</ele>
      </trkpt>
      <trkpt lat="41.12203" lon="-122.03083">
        <ele>954.12</ele>
      </trkpt>
      <trkpt lat="41.12187" lon="-122.03081">
        <ele>957.6</ele>
      </trkpt>
      <trkpt lat="41.12149" lon="-122.03082">
        <ele>960.65</ele>
      </trkpt>
      <trkpt lat="41.12129" lon="-122.03081">
        <ele>959.18</ele>
      </trkpt>
      <trkpt lat="41.12109" lon="-122.03082">
        <ele>957.11</ele>
      </trkpt>
      <trkpt lat="41.12085" lon="-122.03074">
        <ele>950.33</ele>
      </trkpt>
      <trkpt lat="41.12075" lon="-122.03079">
        <ele>950.27</ele>
      </trkpt>
      <trkpt lat="41.12071" lon="-122.03088">
        <ele>952.85</ele>
      </trkpt>
      <trkpt lat="41.1207" lon="-122.03096">
        <ele>955.22</ele>
      </trkpt>
      <trkpt lat="41.12062" lon="-122.03099">
        <ele>954.47</ele>
      </trkpt>
      <trkpt lat="41.12054" lon="-122.03095">
        <ele>951.28</ele>
      </trkpt>
      <trkpt lat="41.12046" lon="-122.03085">
        <ele>946.27</ele>
      </trkpt>
      <trkpt lat="41.12012" lon="-122.03089">
        <ele>939.43</ele>
      </trkpt>
      <trkpt lat="41.11991" lon="-122.03097">
        <ele>936.48</ele>
      </trkpt>
      <trkpt lat="41.11974" lon="-122.03118">
        <ele>937.87</ele>
      </trkpt>
      <trkpt lat="41.11944" lon="-122.03178">
        <ele>940.08</ele>
      </trkpt>
      <trkpt lat="41.1194" lon="-122.03184">
        <ele>939.43</ele>
      </trkpt>
      <trkpt lat="41.11922" lon="-122.03212">
        <ele>936.67</ele>
      </trkpt>
      <trkpt lat="41.11906" lon="-122.03238">
        <ele>933.14</ele>
      </trkpt>
      <trkpt lat="41.11902" lon="-122.03255">
        <ele>931.57</ele>
      </trkpt>
      <trkpt lat="41.11902" lon="-122.0327">
        <ele>931.34</ele>
      </trkpt>
      <trkpt lat="41.11902" lon="-122.0327">
        <ele>931.34</ele>
      </trkpt>
      <trkpt lat="41.11909" lon="-122.0329">
        <ele>933.88</ele>
      </trkpt>
      <trkpt lat="41.11911" lon="-122.03312">
        <ele>934.1</ele>
      </trkpt>
      <trkpt lat="41.11915" lon="-122.03322">
        <ele>937.42</ele>
      </trkpt>
      <trkpt lat="41.11915" lon="-122.03335">
        <ele>937.26</ele>
      </trkpt>
      <trkpt lat="41.11913" lon="-122.03341">
        <ele>935.26</ele>
      </trkpt>
      <trkpt lat="41.11908" lon="-122.03341">
        <ele>931.3</ele>
      </trkpt>
      <trkpt lat="41.119" lon="-122.03335">
        <ele>927.92</ele>
      </trkpt>
      <trkpt lat="41.11897" lon="-122.03335">
        <ele>927.51</ele>
      </trkpt>
      <trkpt lat="41.11891" lon="-122.03355">
        <ele>935.34</ele>
      </trkpt>
      <trkpt lat="41.11887" lon="-122.03356">
        <ele>937.05</ele>
      </trkpt>
      <trkpt lat="41.11879" lon="-122.03343">
        <ele>934.38</ele>
      </trkpt>
      <trkpt lat="41.11874" lon="-122.03334">
        <ele>931.55</ele>
      </trkpt>
      <trkpt lat="41.11863" lon="-122.03326">
        <ele>928.21</ele>
      </trkpt>
      <trkpt lat="41.1185" lon="-122.03319">
        <ele>923.31</ele>
      </trkpt>
      <trkpt lat="41.11839" lon="-122.0332">
        <ele>921.37</ele>
      </trkpt>
      <trkpt lat="41.11832" lon="-122.03326">
        <ele>922.85</ele>
      </trkpt>
      <trkpt lat="41.11825" lon="-122.03339">
        <ele>928.78</ele>
      </trkpt>
      <trkpt lat="41.11822" lon="-122.03346">
        <ele>931.42</ele>
      </trkpt>
      <trkpt lat="41.11806" lon="-122.03373">
        <ele>935.05</ele>
      </trkpt>
      <trkpt lat="41.1179" lon="-122.03397">
        <ele>934.9</ele>
      </trkpt>
      <trkpt lat="41.1178" lon="-122.03427">
        <ele>940.16</ele>
      </trkpt>
      <trkpt lat="41.11778" lon="-122.03447">
        <ele>943.35</ele>
      </trkpt>
      <trkpt lat="41.11769" lon="-122.03459">
        <ele>942.71</ele>
      </trkpt>
      <trkpt lat="41.11757" lon="-122.03461">
        <ele>937.66</ele>
      </trkpt>
      <trkpt lat="41.1175" lon="-122.03461">
        <ele>932.36</ele>
      </trkpt>
      <trkpt lat="41.11742" lon="-122.03468">
        <ele>927.72</ele>
      </trkpt>
      <trkpt lat="41.11726" lon="-122.03487">
        <ele>920.99</ele>
      </trkpt>
      <trkpt lat="41.11712" lon="-122.03507">
        <ele>916.89</ele>
      </trkpt>
      <trkpt lat="41.11701" lon="-122.03523">
        <ele>914.7</ele>
      </trkpt>
      <trkpt lat="41.11698" lon="-122.03532">
        <ele>915.39</ele>
      </trkpt>
      <trkpt lat="41.11696" lon="-122.03548">
        <ele>917.56</ele>
      </trkpt>
      <trkpt lat="41.117" lon="-122.03563">
        <ele>923.2</ele>
      </trkpt>
      <trkpt lat="41.11708" lon="-122.03579">
        <ele>929.72</ele>
      </trkpt>
      <trkpt lat="41.11719" lon="-122.03597">
        <ele>935.91</ele>
      </trkpt>
      <trkpt lat="41.11732" lon="-122.03616">
        <ele>941.34</ele>
      </trkpt>
      <trkpt lat="41.11733" lon="-122.03623">
        <ele>942.7</ele>
      </trkpt>
      <trkpt lat="41.11731" lon="-122.03625">
        <ele>942.42</ele>
      </trkpt>
      <trkpt lat="41.11725" lon="-122.03626">
        <ele>941.85</ele>
      </trkpt>
      <trkpt lat="41.11716" lon="-122.03626">
        <ele>942.1</ele>
      </trkpt>
      <trkpt lat="41.11711" lon="-122.03627">
        <ele>943.02</ele>
      </trkpt>
      <trkpt lat="41.11702" lon="-122.03639">
        <ele>948.04</ele>
      </trkpt>
      <trkpt lat="41.117" lon="-122.03644">
        <ele>949.66</ele>
      </trkpt>
      <trkpt lat="41.11695" lon="-122.03648">
        <ele>950.95</ele>
      </trkpt>
      <trkpt lat="41.11688" lon="-122.03648">
        <ele>950.94</ele>
      </trkpt>
      <trkpt lat="41.11683" lon="-122.03641">
        <ele>947.86</ele>
      </trkpt>
      <trkpt lat="41.11672" lon="-122.03637">
        <ele>945.96</ele>
      </trkpt>
      <trkpt lat="41.11655" lon="-122.03637">
        <ele>943.92</ele>
      </trkpt>
      <trkpt lat="41.11629" lon="-122.03645">
        <ele>938.48</ele>
      </trkpt>
      <trkpt lat="41.11612" lon="-122.03658">
        <ele>928.93</ele>
      </trkpt>
      <trkpt lat="41.11603" lon="-122.0368">
        <ele>922.99</ele>
      </trkpt>
      <trkpt lat="41.11599" lon="-122.03699">
        <ele>919.5</ele>
      </trkpt>
      <trkpt lat="41.11601" lon="-122.03718">
        <ele>920.41</ele>
      </trkpt>
      <trkpt lat="41.11608" lon="-122.03733">
        <ele>926.31</ele>
      </trkpt>
      <trkpt lat="41.11608" lon="-122.03744">
        <ele>931.65</ele>
      </trkpt>
      <trkpt lat="41.11602" lon="-122.03754">
        <ele>934.24</ele>
      </trkpt>
      <trkpt lat="41.11592" lon="-122.03756">
        <ele>930.92</ele>
      </trkpt>
      <trkpt lat="41.11575" lon="-122.03755">
        <ele>919.4</ele>
      </trkpt>
      <trkpt lat="41.11568" lon="-122.03756">
        <ele>914.88</ele>
      </trkpt>
      <trkpt lat="41.11559" lon="-122.03759">
        <ele>910.14</ele>
      </trkpt>
      <trkpt lat="41.11553" lon="-122.03765">
        <ele>908.93</ele>
      </trkpt>
      <trkpt lat="41.1154" lon="-122.03783">
        <ele>907.47</ele>
      </trkpt>
      <trkpt lat="41.11525" lon="-122.03806">
        <ele>909.79</ele>
      </trkpt>
      <trkpt lat="41.11507" lon="-122.03836">
        <ele>921.62</ele>
      </trkpt>
      <trkpt lat="41.11478" lon="-122.03873">
        <ele>928.48</ele>
      </trkpt>
      <trkpt lat="41.1147" lon="-122.03878">
        <ele>928.77</ele>
      </trkpt>
      <trkpt lat="41.1146" lon="-122.03887">
        <ele>929.14</ele>
      </trkpt>
      <trkpt lat="41.11456" lon="-122.03892">
        <ele>930.17</ele>
      </trkpt>
      <trkpt lat="41.11454" lon="-122.03899">
        <ele>932.09</ele>
      </trkpt>
      <trkpt lat="41.11454" lon="-122.03908">
        <ele>932.94</ele>
      </trkpt>
      <trkpt lat="41.11461" lon="-122.03915">
        <ele>932.18</ele>
      </trkpt>
      <trkpt lat="41.11476" lon="-122.03916">
        <ele>932.07</ele>
      </trkpt>
      <trkpt lat="41.11491" lon="-122.03919">
        <ele>930.01</ele>
      </trkpt>
      <trkpt lat="41.11512" lon="-122.03919">
        <ele>931.14</ele>
      </trkpt>
      <trkpt lat="41.11527" lon="-122.03927">
        <ele>930.67</ele>
      </trkpt>
      <trkpt lat="41.11542" lon="-122.03942">
        <ele>930.6</ele>
      </trkpt>
      <trkpt lat="41.11549" lon="-122.03952">
        <ele>930.19</ele>
      </trkpt>
      <trkpt lat="41.11557" lon="-122.03966">
        <ele>931.31</ele>
      </trkpt>
      <trkpt lat="41.11557" lon="-122.03977">
        <ele>932.26</ele>
      </trkpt>
      <trkpt lat="41.11548" lon="-122.03981">
        <ele>932.08</ele>
      </trkpt>
      <trkpt lat="41.11543" lon="-122.03976">
        <ele>930.25</ele>
      </trkpt>
      <trkpt lat="41.1153" lon="-122.0397">
        <ele>925.45</ele>
      </trkpt>
      <trkpt lat="41.11506" lon="-122.03968">
        <ele>915.99</ele>
      </trkpt>
      <trkpt lat="41.11489" lon="-122.03974">
        <ele>913.74</ele>
      </trkpt>
      <trkpt lat="41.1147" lon="-122.03981">
        <ele>912.46</ele>
      </trkpt>
      <trkpt lat="41.11451" lon="-122.04006">
        <ele>917.51</ele>
      </trkpt>
      <trkpt lat="41.11445" lon="-122.04012">
        <ele>918.07</ele>
      </trkpt>
      <trkpt lat="41.1142" lon="-122.04047">
        <ele>919.9</ele>
      </trkpt>
      <trkpt lat="41.11394" lon="-122.04076">
        <ele>919.28</ele>
      </trkpt>
      <trkpt lat="41.11376" lon="-122.041">
        <ele>920.91</ele>
      </trkpt>
      <trkpt lat="41.11366" lon="-122.04127">
        <ele>923.17</ele>
      </trkpt>
      <trkpt lat="41.11356" lon="-122.04173">
        <ele>923.62</ele>
      </trkpt>
      <trkpt lat="41.11354" lon="-122.04195">
        <ele>922.11</ele>
      </trkpt>
      <trkpt lat="41.11359" lon="-122.04215">
        <ele>923.18</ele>
      </trkpt>
      <trkpt lat="41.11363" lon="-122.04239">
        <ele>921.8</ele>
      </trkpt>
      <trkpt lat="41.11358" lon="-122.04252">
        <ele>916.77</ele>
      </trkpt>
      <trkpt lat="41.11354" lon="-122.0426">
        <ele>913.37</ele>
      </trkpt>
      <trkpt lat="41.11349" lon="-122.04301">
        <ele>907.57</ele>
      </trkpt>
      <trkpt lat="41.11347" lon="-122.04323">
        <ele>906.07</ele>
      </trkpt>
      <trkpt lat="41.1135" lon="-122.04335">
        <ele>905.24</ele>
      </trkpt>
      <trkpt lat="41.11358" lon="-122.0434">
        <ele>905.89</ele>
      </trkpt>
      <trkpt lat="41.11374" lon="-122.04335">
        <ele>912.03</ele>
      </trkpt>
      <trkpt lat="41.11381" lon="-122.04338">
        <ele>913.78</ele>
      </trkpt>
      <trkpt lat="41.1139" lon="-122.04342">
        <ele>914.31</ele>
      </trkpt>
      <trkpt lat="41.11396" lon="-122.0435">
        <ele>912.0</ele>
      </trkpt>
      <trkpt lat="41.11393" lon="-122.04366">
        <ele>907.49</ele>
      </trkpt>
      <trkpt lat="41.11389" lon="-122.04387">
        <ele>909.46</ele>
      </trkpt>
      <trkpt lat="41.1139" lon="-122.04404">
        <ele>911.6</ele>
      </trkpt>
      <trkpt lat="41.11389" lon="-122.04425">
        <ele>909.16</ele>
      </trkpt>
      <trkpt lat="41.11386" lon="-122.04439">
        <ele>904.02</ele>
      </trkpt>
      <trkpt lat="41.11386" lon="-122.04454">
        <ele>899.34</ele>
      </trkpt>
      <trkpt lat="41.1139" lon="-122.04464">
        <ele>897.92</ele>
      </trkpt>
      <trkpt lat="41.11401" lon="-122.04472">
        <ele>898.04</ele>
      </trkpt>
      <trkpt lat="41.11417" lon="-122.04475">
        <ele>902.61</ele>
      </trkpt>
      <trkpt lat="41.1143" lon="-122.04474">
        <ele>907.44</ele>
      </trkpt>
      <trkpt lat="41.11438" lon="-122.04477">
        <ele>908.7</ele>
      </trkpt>
      <trkpt lat="41.11444" lon="-122.04482">
        <ele>908.63</ele>
      </trkpt>
      <trkpt lat="41.11447" lon="-122.04494">
        <ele>904.77</ele>
      </trkpt>
      <trkpt lat="41.11452" lon="-122.04516">
        <ele>898.81</ele>
      </trkpt>
      <trkpt lat="41.11458" lon="-122.04524">
        <ele>899.02</ele>
      </trkpt>
      <trkpt lat="41.11464" lon="-122.04525">
        <ele>900.48</ele>
      </trkpt>
      <trkpt lat="41.11472" lon="-122.04527">
        <ele>901.22</ele>
      </trkpt>
      <trkpt lat="41.11476" lon="-122.04538">
        <ele>902.02</ele>
      </trkpt>
      <trkpt lat="41.11472" lon="-122.04549">
        <ele>904.39</ele>
      </trkpt>
      <trkpt lat="41.11463" lon="-122.04556">
        <ele>905.3</ele>
      </trkpt>
      <trkpt lat="41.11449" lon="-122.04557">
        <ele>904.27</ele>
      </trkpt>
      <trkpt lat="41.11431" lon="-122.04557">
        <ele>902.72</ele>
      </trkpt>
      <trkpt lat="41.11417" lon="-122.04561">
        <ele>900.46</ele>
      </trkpt>
      <trkpt lat="41.11406" lon="-122.04573">
        <ele>901.06</ele>
      </trkpt>
      <trkpt lat="41.11396" lon="-122.04591">
        <ele>900.77</ele>
      </trkpt>
      <trkpt lat="41.11384" lon="-122.04602">
        <ele>897.44</ele>
      </trkpt>
      <trkpt lat="41.11367" lon="-122.04614">
        <ele>889.5</ele>
      </trkpt>
      <trkpt lat="41.11355" lon="-122.04622">
        <ele>881.58</ele>
      </trkpt>
      <trkpt lat="41.11342" lon="-122.04638">
        <ele>879.64</ele>
      </trkpt>
      <trkpt lat="41.11328" lon="-122.04653">
        <ele>885.17</ele>
      </trkpt>
      <trkpt lat="41.11325" lon="-122.04663">
        <ele>888.72</ele>
      </trkpt>
      <trkpt lat="41.1132" lon="-122.04687">
        <ele>893.74</ele>
      </trkpt>
      <trkpt lat="41.11313" lon="-122.04697">
        <ele>892.57</ele>
      </trkpt>
      <trkpt lat="41.11297" lon="-122.04699">
        <ele>885.73</ele>
      </trkpt>
      <trkpt lat="41.11268" lon="-122.04711">
        <ele>889.62</ele>
      </trkpt>
      <trkpt lat="41.11248" lon="-122.04728">
        <ele>893.88</ele>
      </trkpt>
      <trkpt lat="41.11236" lon="-122.04747">
        <ele>898.82</ele>
      </trkpt>
      <trkpt lat="41.11226" lon="-122.04761">
        <ele>897.82</ele>
      </trkpt>
      <trkpt lat="41.11215" lon="-122.04769">
        <ele>892.41</ele>
      </trkpt>
      <trkpt lat="41.11192" lon="-122.04772">
        <ele>881.28</ele>
      </trkpt>
      <trkpt lat="41.11168" lon="-122.04789">
        <ele>881.95</ele>
      </trkpt>
      <trkpt lat="41.11156" lon="-122.04811">
        <ele>885.87</ele>
      </trkpt>
      <trkpt lat="41.11153" lon="-122.04826">
        <ele>887.15</ele>
      </trkpt>
      <trkpt lat="41.11146" lon="-122.04834">
        <ele>886.46</ele>
      </trkpt>
      <trkpt lat="41.11135" lon="-122.04835">
        <ele>884.06</ele>
      </trkpt>
      <trkpt lat="41.11133" lon="-122.04838">
        <ele>883.54</ele>
      </trkpt>
      <trkpt lat="41.11133" lon="-122.04847">
        <ele>883.36</ele>
      </trkpt>
      <trkpt lat="41.11143" lon="-122.04864">
        <ele>883.58</ele>
      </trkpt>
      <trkpt lat="41.11153" lon="-122.04882">
        <ele>882.54</ele>
      </trkpt>
      <trkpt lat="41.11153" lon="-122.04882">
        <ele>882.54</ele>
      </trkpt>
      <trkpt lat="41.11169" lon="-122.04908">
        <ele>880.63</ele>
      </trkpt>
      <trkpt lat="41.11181" lon="-122.04944">
        <ele>875.76</ele>
      </trkpt>
      <trkpt lat="41.11198" lon="-122.04965">
        <ele>871.54</ele>
      </trkpt>
      <trkpt lat="41.11207" lon="-122.04987">
        <ele>877.14</ele>
      </trkpt>
      <trkpt lat="41.11208" lon="-122.0501">
        <ele>874.7</ele>
      </trkpt>
      <trkpt lat="41.11219" lon="-122.05044">
        <ele>872.45</ele>
      </trkpt>
      <trkpt lat="41.11235" lon="-122.05057">
        <ele>874.77</ele>
      </trkpt>
      <trkpt lat="41.11251" lon="-122.05072">
        <ele>875.0</ele>
      </trkpt>
      <trkpt lat="41.11261" lon="-122.05094">
        <ele>870.92</ele>
      </trkpt>
      <trkpt lat="41.11279" lon="-122.05103">
        <ele>871.65</ele>
      </trkpt>
      <trkpt lat="41.11294" lon="-122.05116">
        <ele>870.06</ele>
      </trkpt>
      <trkpt lat="41.11304" lon="-122.0513">
        <ele>871.04</ele>
      </trkpt>
      <trkpt lat="41.11305" lon="-122.05177">
        <ele>856.53</ele>
      </trkpt>
      <trkpt lat="41.11307" lon="-122.05186">
        <ele>855.6</ele>
      </trkpt>
      <trkpt lat="41.11317" lon="-122.0521">
        <ele>853.9</ele>
      </trkpt>
      <trkpt lat="41.11314" lon="-122.05213">
        <ele>851.63</ele>
      </trkpt>
      <trkpt lat="41.11311" lon="-122.05212">
        <ele>850.66</ele>
      </trkpt>
      <trkpt lat="41.11303" lon="-122.05203">
        <ele>850.3</ele>
      </trkpt>
      <trkpt lat="41.11296" lon="-122.05191">
        <ele>849.67</ele>
      </trkpt>
      <trkpt lat="41.11291" lon="-122.0518">
        <ele>850.08</ele>
      </trkpt>
      <trkpt lat="41.11291" lon="-122.05174">
        <ele>851.13</ele>
      </trkpt>
      <trkpt lat="41.11288" lon="-122.05155">
        <ele>854.07</ele>
      </trkpt>
      <trkpt lat="41.11285" lon="-122.05155">
        <ele>852.09</ele>
      </trkpt>
      <trkpt lat="41.11282" lon="-122.05165">
        <ele>848.99</ele>
      </trkpt>
      <trkpt lat="41.11284" lon="-122.05183">
        <ele>847.25</ele>
      </trkpt>
      <trkpt lat="41.11289" lon="-122.05203">
        <ele>845.77</ele>
      </trkpt>
      <trkpt lat="41.113" lon="-122.05227">
        <ele>839.91</ele>
      </trkpt>
      <trkpt lat="41.1132" lon="-122.05245">
        <ele>832.9</ele>
      </trkpt>
      <trkpt lat="41.11337" lon="-122.05247">
        <ele>834.66</ele>
      </trkpt>
      <trkpt lat="41.11356" lon="-122.05242">
        <ele>837.54</ele>
      </trkpt>
      <trkpt lat="41.11365" lon="-122.05242">
        <ele>836.13</ele>
      </trkpt>
      <trkpt lat="41.11369" lon="-122.05244">
        <ele>833.78</ele>
      </trkpt>
      <trkpt lat="41.11382" lon="-122.0525">
        <ele>831.28</ele>
      </trkpt>
      <trkpt lat="41.114" lon="-122.05265">
        <ele>830.88</ele>
      </trkpt>
      <trkpt lat="41.11424" lon="-122.05272">
        <ele>832.25</ele>
      </trkpt>
      <trkpt lat="41.11438" lon="-122.05275">
        <ele>833.81</ele>
      </trkpt>
      <trkpt lat="41.11447" lon="-122.05279">
        <ele>833.56</ele>
      </trkpt>
      <trkpt lat="41.11455" lon="-122.05292">
        <ele>828.14</ele>
      </trkpt>
      <trkpt lat="41.11466" lon="-122.05306">
        <ele>822.38</ele>
      </trkpt>
      <trkpt lat="41.11473" lon="-122.05309">
        <ele>822.16</ele>
      </trkpt>
      <trkpt lat="41.1148" lon="-122.0531">
        <ele>821.63</ele>
      </trkpt>
      <trkpt lat="41.11487" lon="-122.05308">
        <ele>823.75</ele>
      </trkpt>
      <trkpt lat="41.11493" lon="-122.05309">
        <ele>823.91</ele>
      </trkpt>
      <trkpt lat="41.11501" lon="-122.05319">
        <ele>822.7</ele>
      </trkpt>
      <trkpt lat="41.11502" lon="-122.05323">
        <ele>822.84</ele>
      </trkpt>
      <trkpt lat="41.11504" lon="-122.05334">
        <ele>826.15</ele>
      </trkpt>
      <trkpt lat="41.1151" lon="-122.05359">
        <ele>828.16</ele>
      </trkpt>
      <trkpt lat="41.11521" lon="-122.05393">
        <ele>825.18</ele>
      </trkpt>
      <trkpt lat="41.11539" lon="-122.05421">
        <ele>826.01</ele>
      </trkpt>
      <trkpt lat="41.11551" lon="-122.05431">
        <ele>830.99</ele>
      </trkpt>
      <trkpt lat="41.11561" lon="-122.0544">
        <ele>833.51</ele>
      </trkpt>
      <trkpt lat="41.11566" lon="-122.0545">
        <ele>832.58</ele>
      </trkpt>
      <trkpt lat="41.11572" lon="-122.05463">
        <ele>830.08</ele>
      </trkpt>
      <trkpt lat="41.11582" lon="-122.0547">
        <ele>828.8</ele>
      </trkpt>
      <trkpt lat="41.11594" lon="-122.05474">
        <ele>829.67</ele>
      </trkpt>
      <trkpt lat="41.11607" lon="-122.05474">
        <ele>831.51</ele>
      </trkpt>
      <trkpt lat="41.11621" lon="-122.05476">
        <ele>831.37</ele>
      </trkpt>
      <trkpt lat="41.11633" lon="-122.05483">
        <ele>828.18</ele>
      </trkpt>
      <trkpt lat="41.11639" lon="-122.05489">
        <ele>824.95</ele>
      </trkpt>
      <trkpt lat="41.11646" lon="-122.05512">
        <ele>813.88</ele>
      </trkpt>
      <trkpt lat="41.11645" lon="-122.05524">
        <ele>810.49</ele>
      </trkpt>
      <trkpt lat="41.11647" lon="-122.05536">
        <ele>811.0</ele>
      </trkpt>
      <trkpt lat="41.11654" lon="-122.0555">
        <ele>815.66</ele>
      </trkpt>
      <trkpt lat="41.11661" lon="-122.05576">
        <ele>817.73</ele>
      </trkpt>
      <trkpt lat="41.11672" lon="-122.05611">
        <ele>812.93</ele>
      </trkpt>
      <trkpt lat="41.11685" lon="-122.05638">
        <ele>810.19</ele>
      </trkpt>
      <trkpt lat="41.11691" lon="-122.05658">
        <ele>805.69</ele>
      </trkpt>
      <trkpt lat="41.11693" lon="-122.05664">
        <ele>804.4</ele>
      </trkpt>
      <trkpt lat="41.11694" lon="-122.05668">
        <ele>803.57</ele>
      </trkpt>
      <trkpt lat="41.11702" lon="-122.05676">
        <ele>804.43</ele>
      </trkpt>
      <trkpt lat="41.11712" lon="-122.05681">
        <ele>804.66</ele>
      </trkpt>
      <trkpt lat="41.11724" lon="-122.05684">
        <ele>803.51</ele>
      </trkpt>
      <trkpt lat="41.11741" lon="-122.05683">
        <ele>803.16</ele>
      </trkpt>
      <trkpt lat="41.1175" lon="-122.0568">
        <ele>804.36</ele>
      </trkpt>
      <trkpt lat="41.11769" lon="-122.0567">
        <ele>809.13</ele>
      </trkpt>
      <trkpt lat="41.1178" lon="-122.05661">
        <ele>812.06</ele>
      </trkpt>
      <trkpt lat="41.11791" lon="-122.05655">
        <ele>812.07</ele>
      </trkpt>
      <trkpt lat="41.11794" lon="-122.05658">
        <ele>810.21</ele>
      </trkpt>
      <trkpt lat="41.11791" lon="-122.05663">
        <ele>808.81</ele>
      </trkpt>
      <trkpt lat="41.11747" lon="-122.05697">
        <ele>794.27</ele>
      </trkpt>
      <trkpt lat="41.11738" lon="-122.05703">
        <ele>792.95</ele>
      </trkpt>
      <trkpt lat="41.11727" lon="-122.05706">
        <ele>793.98</ele>
      </trkpt>
      <trkpt lat="41.11713" lon="-122.0571">
        <ele>793.28</ele>
      </trkpt>
      <trkpt lat="41.11704" lon="-122.05711">
        <ele>793.61</ele>
      </trkpt>
      <trkpt lat="41.11688" lon="-122.05709">
        <ele>793.29</ele>
      </trkpt>
      <trkpt lat="41.11675" lon="-122.05706">
        <ele>787.81</ele>
      </trkpt>
      <trkpt lat="41.11669" lon="-122.05703">
        <ele>784.94</ele>
      </trkpt>
      <trkpt lat="41.11667" lon="-122.05696">
        <ele>784.95</ele>
      </trkpt>
      <trkpt lat="41.11662" lon="-122.05688">
        <ele>783.36</ele>
      </trkpt>
      <trkpt lat="41.11659" lon="-122.05677">
        <ele>783.14</ele>
      </trkpt>
      <trkpt lat="41.11658" lon="-122.05672">
        <ele>783.39</ele>
      </trkpt>
      <trkpt lat="41.11654" lon="-122.05672">
        <ele>780.85</ele>
      </trkpt>
      <trkpt lat="41.11654" lon="-122.05677">
        <ele>779.93</ele>
      </trkpt>
      <trkpt lat="41.11658" lon="-122.05698">
        <ele>778.62</ele>
      </trkpt>
      <trkpt lat="41.11667" lon="-122.05711">
        <ele>778.52</ele>
      </trkpt>
      <trkpt lat="41.11687" lon="-122.05731">
        <ele>776.67</ele>
      </trkpt>
      <trkpt lat="41.11697" lon="-122.05735">
        <ele>777.68</ele>
      </trkpt>
      <trkpt lat="41.11721" lon="-122.0574">
        <ele>773.77</ele>
      </trkpt>
      <trkpt lat="41.11742" lon="-122.05742">
        <ele>762.58</ele>
      </trkpt>
      <trkpt lat="41.1175" lon="-122.05742">
        <ele>759.59</ele>
      </trkpt>
      <trkpt lat="41.11757" lon="-122.05738">
        <ele>762.52</ele>
      </trkpt>
      <trkpt lat="41.11767" lon="-122.05731">
        <ele>765.36</ele>
      </trkpt>
      <trkpt lat="41.11773" lon="-122.05725">
        <ele>767.2</ele>
      </trkpt>
      <trkpt lat="41.11782" lon="-122.05719">
        <ele>770.17</ele>
      </trkpt>
      <trkpt lat="41.11786" lon="-122.05721">
        <ele>770.12</ele>
      </trkpt>
      <trkpt lat="41.11782" lon="-122.05727">
        <ele>769.12</ele>
      </trkpt>
      <trkpt lat="41.11762" lon="-122.05742">
        <ele>762.09</ele>
      </trkpt>
      <trkpt lat="41.11754" lon="-122.05749">
        <ele>758.53</ele>
      </trkpt>
      <trkpt lat="41.11746" lon="-122.05756">
        <ele>756.44</ele>
      </trkpt>
      <trkpt lat="41.11737" lon="-122.05767">
        <ele>754.49</ele>
      </trkpt>
      <trkpt lat="41.11732" lon="-122.05772">
        <ele>752.62</ele>
      </trkpt>
      <trkpt lat="41.11723" lon="-122.05777">
        <ele>750.48</ele>
      </trkpt>
      <trkpt lat="41.11711" lon="-122.0578">
        <ele>751.84</ele>
      </trkpt>
      <trkpt lat="41.11709" lon="-122.05784">
        <ele>750.74</ele>
      </trkpt>
      <trkpt lat="41.11707" lon="-122.05787">
        <ele>749.95</ele>
      </trkpt>
      <trkpt lat="41.11706" lon="-122.05794">
        <ele>746.3</ele>
      </trkpt>
      <trkpt lat="41.11725" lon="-122.05828">
        <ele>753.97</ele>
      </trkpt>
      <trkpt lat="41.11729" lon="-122.05836">
        <ele>756.31</ele>
      </trkpt>
      <trkpt lat="41.11729" lon="-122.05841">
        <ele>756.17</ele>
      </trkpt>
      <trkpt lat="41.11725" lon="-122.05846">
        <ele>752.47</ele>
      </trkpt>
      <trkpt lat="41.11721" lon="-122.05846">
        <ele>749.08</ele>
      </trkpt>
      <trkpt lat="41.11718" lon="-122.05839">
        <ele>747.28</ele>
      </trkpt>
      <trkpt lat="41.11715" lon="-122.05835">
        <ele>744.8</ele>
      </trkpt>
      <trkpt lat="41.11713" lon="-122.05838">
        <ele>742.53</ele>
      </trkpt>
      <trkpt lat="41.1171" lon="-122.05842">
        <ele>739.82</ele>
      </trkpt>
      <trkpt lat="41.11711" lon="-122.05846">
        <ele>739.78</ele>
      </trkpt>
      <trkpt lat="41.11709" lon="-122.05855">
        <ele>736.13</ele>
      </trkpt>
      <trkpt lat="41.11717" lon="-122.05867">
        <ele>740.09</ele>
      </trkpt>
      <trkpt lat="41.11721" lon="-122.05878">
        <ele>741.43</ele>
      </trkpt>
      <trkpt lat="41.11726" lon="-122.05918">
        <ele>739.47</ele>
      </trkpt>
      <trkpt lat="41.11732" lon="-122.05942">
        <ele>742.52</ele>
      </trkpt>
      <trkpt lat="41.11734" lon="-122.05967">
        <ele>745.18</ele>
      </trkpt>
      <trkpt lat="41.11733" lon="-122.06">
        <ele>745.15</ele>
      </trkpt>
      <trkpt lat="41.1173" lon="-122.06021">
        <ele>742.88</ele>
      </trkpt>
      <trkpt lat="41.11727" lon="-122.06046">
        <ele>742.58</ele>
      </trkpt>
      <trkpt lat="41.11721" lon="-122.06076">
        <ele>739.26</ele>
      </trkpt>
      <trkpt lat="41.11715" lon="-122.0609">
        <ele>735.72</ele>
      </trkpt>
      <trkpt lat="41.11713" lon="-122.06095">
        <ele>734.75</ele>
      </trkpt>
      <trkpt lat="41.1172" lon="-122.06118">
        <ele>732.79</ele>
      </trkpt>
      <trkpt lat="41.11725" lon="-122.06129">
        <ele>732.34</ele>
      </trkpt>
      <trkpt lat="41.11736" lon="-122.06145">
        <ele>731.63</ele>
      </trkpt>
      <trkpt lat="41.11746" lon="-122.06154">
        <ele>732.68</ele>
      </trkpt>
      <trkpt lat="41.11765" lon="-122.06178">
        <ele>730.07</ele>
      </trkpt>
      <trkpt lat="41.11773" lon="-122.0619">
        <ele>729.56</ele>
      </trkpt>
      <trkpt lat="41.11779" lon="-122.062">
        <ele>727.9</ele>
      </trkpt>
      <trkpt lat="41.11776" lon="-122.06212">
        <ele>723.17</ele>
      </trkpt>
      <trkpt lat="41.11775" lon="-122.06214">
        <ele>723.0</ele>
      </trkpt>
      <trkpt lat="41.11755" lon="-122.06235">
        <ele>733.07</ele>
      </trkpt>
      <trkpt lat="41.11751" lon="-122.06236">
        <ele>735.06</ele>
      </trkpt>
      <trkpt lat="41.11742" lon="-122.06231">
        <ele>736.14</ele>
      </trkpt>
      <trkpt lat="41.11718" lon="-122.06208">
        <ele>731.4</ele>
      </trkpt>
      <trkpt lat="41.11695" lon="-122.0619">
        <ele>730.36</ele>
      </trkpt>
      <trkpt lat="41.1167" lon="-122.06177">
        <ele>733.07</ele>
      </trkpt>
      <trkpt lat="41.1165" lon="-122.0617">
        <ele>732.76</ele>
      </trkpt>
      <trkpt lat="41.11612" lon="-122.06168">
        <ele>733.64</ele>
      </trkpt>
      <trkpt lat="41.11594" lon="-122.06175">
        <ele>737.5</ele>
      </trkpt>
      <trkpt lat="41.11573" lon="-122.06189">
        <ele>741.53</ele>
      </trkpt>
      <trkpt lat="41.11561" lon="-122.06195">
        <ele>742.36</ele>
      </trkpt>
      <trkpt lat="41.11533" lon="-122.062">
        <ele>738.93</ele>
      </trkpt>
      <trkpt lat="41.11525" lon="-122.06211">
        <ele>741.06</ele>
      </trkpt>
      <trkpt lat="41.11515" lon="-122.06232">
        <ele>745.35</ele>
      </trkpt>
      <trkpt lat="41.1149" lon="-122.06267">
        <ele>747.51</ele>
      </trkpt>
      <trkpt lat="41.1149" lon="-122.06267">
        <ele>747.51</ele>
      </trkpt>
      <trkpt lat="41.11489" lon="-122.0627">
        <ele>748.07</ele>
      </trkpt>
      <trkpt lat="41.11464" lon="-122.06301">
        <ele>749.8</ele>
      </trkpt>
      <trkpt lat="41.1145" lon="-122.06313">
        <ele>750.61</ele>
      </trkpt>
      <trkpt lat="41.11432" lon="-122.06319">
        <ele>749.12</ele>
      </trkpt>
      <trkpt lat="41.11406" lon="-122.0633">
        <ele>748.41</ele>
      </trkpt>
      <trkpt lat="41.11376" lon="-122.06339">
        <ele>749.6</ele>
      </trkpt>
      <trkpt lat="41.1137" lon="-122.06343">
        <ele>750.01</ele>
      </trkpt>
      <trkpt lat="41.11359" lon="-122.06345">
        <ele>748.17</ele>
      </trkpt>
      <trkpt lat="41.11354" lon="-122.06348">
        <ele>747.5</ele>
      </trkpt>
      <trkpt lat="41.1135" lon="-122.06352">
        <ele>746.61</ele>
      </trkpt>
      <trkpt lat="41.11347" lon="-122.06365">
        <ele>746.43</ele>
      </trkpt>
      <trkpt lat="41.11347" lon="-122.06378">
        <ele>746.43</ele>
      </trkpt>
      <trkpt lat="41.11353" lon="-122.06393">
        <ele>748.37</ele>
      </trkpt>
      <trkpt lat="41.1136" lon="-122.06419">
        <ele>749.39</ele>
      </trkpt>
      <trkpt lat="41.11366" lon="-122.06453">
        <ele>747.17</ele>
      </trkpt>
      <trkpt lat="41.11373" lon="-122.06494">
        <ele>741.15</ele>
      </trkpt>
      <trkpt lat="41.11379" lon="-122.06507">
        <ele>740.28</ele>
      </trkpt>
      <trkpt lat="41.11425" lon="-122.0657">
        <ele>736.52</ele>
      </trkpt>
      <trkpt lat="41.11447" lon="-122.06602">
        <ele>737.35</ele>
      </trkpt>
      <trkpt lat="41.11453" lon="-122.06616">
        <ele>737.04</ele>
      </trkpt>
      <trkpt lat="41.11464" lon="-122.06658">
        <ele>732.38</ele>
      </trkpt>
      <trkpt lat="41.11479" lon="-122.06689">
        <ele>732.84</ele>
      </trkpt>
      <trkpt lat="41.11494" lon="-122.06719">
        <ele>732.22</ele>
      </trkpt>
      <trkpt lat="41.11504" lon="-122.06745">
        <ele>729.25</ele>
      </trkpt>
      <trkpt lat="41.11509" lon="-122.06762">
        <ele>734.84</ele>
      </trkpt>
      <trkpt lat="41.11509" lon="-122.06783">
        <ele>734.28</ele>
      </trkpt>
      <trkpt lat="41.11503" lon="-122.06799">
        <ele>729.94</ele>
      </trkpt>
      <trkpt lat="41.11505" lon="-122.06833">
        <ele>731.78</ele>
      </trkpt>
      <trkpt lat="41.1151" lon="-122.06873">
        <ele>728.62</ele>
      </trkpt>
      <trkpt lat="41.11508" lon="-122.06895">
        <ele>727.23</ele>
      </trkpt>
      <trkpt lat="41.1151" lon="-122.06903">
        <ele>728.0</ele>
      </trkpt>
      <trkpt lat="41.11528" lon="-122.06932">
        <ele>731.54</ele>
      </trkpt>
      <trkpt lat="41.1153" lon="-122.06942">
        <ele>732.24</ele>
      </trkpt>
      <trkpt lat="41.11525" lon="-122.06968">
        <ele>733.74</ele>
      </trkpt>
      <trkpt lat="41.11527" lon="-122.06994">
        <ele>735.06</ele>
      </trkpt>
      <trkpt lat="41.11532" lon="-122.07019">
        <ele>735.23</ele>
      </trkpt>
      <trkpt lat="41.11534" lon="-122.07035">
        <ele>733.8</ele>
      </trkpt>
      <trkpt lat="41.11521" lon="-122.07063">
        <ele>723.14</ele>
      </trkpt>
      <trkpt lat="41.11505" lon="-122.07087">
        <ele>718.98</ele>
      </trkpt>
      <trkpt lat="41.11498" lon="-122.07101">
        <ele>717.04</ele>
      </trkpt>
      <trkpt lat="41.11489" lon="-122.0712">
        <ele>716.39</ele>
      </trkpt>
      <trkpt lat="41.11482" lon="-122.07134">
        <ele>716.78</ele>
      </trkpt>
      <trkpt lat="41.11462" lon="-122.07152">
        <ele>712.0</ele>
      </trkpt>
      <trkpt lat="41.11459" lon="-122.07154">
        <ele>711.77</ele>
      </trkpt>
      <trkpt lat="41.11455" lon="-122.07161">
        <ele>711.81</ele>
      </trkpt>
      <trkpt lat="41.11455" lon="-122.07172">
        <ele>713.08</ele>
      </trkpt>
      <trkpt lat="41.11457" lon="-122.07183">
        <ele>714.42</ele>
      </trkpt>
      <trkpt lat="41.11462" lon="-122.07193">
        <ele>715.74</ele>
      </trkpt>
      <trkpt lat="41.11469" lon="-122.07207">
        <ele>717.55</ele>
      </trkpt>
      <trkpt lat="41.11476" lon="-122.07215">
        <ele>719.92</ele>
      </trkpt>
      <trkpt lat="41.11479" lon="-122.07225">
        <ele>718.84</ele>
      </trkpt>
      <trkpt lat="41.11475" lon="-122.07231">
        <ele>715.32</ele>
      </trkpt>
      <trkpt lat="41.11469" lon="-122.07232">
        <ele>712.92</ele>
      </trkpt>
      <trkpt lat="41.11459" lon="-122.0723">
        <ele>709.81</ele>
      </trkpt>
      <trkpt lat="41.11445" lon="-122.07233">
        <ele>708.65</ele>
      </trkpt>
      <trkpt lat="41.11435" lon="-122.07239">
        <ele>710.42</ele>
      </trkpt>
      <trkpt lat="41.11423" lon="-122.07264">
        <ele>713.25</ele>
      </trkpt>
      <trkpt lat="41.11417" lon="-122.07287">
        <ele>711.14</ele>
      </trkpt>
      <trkpt lat="41.11413" lon="-122.07306">
        <ele>710.0</ele>
      </trkpt>
      <trkpt lat="41.11412" lon="-122.07321">
        <ele>708.98</ele>
      </trkpt>
      <trkpt lat="41.11417" lon="-122.07338">
        <ele>712.31</ele>
      </trkpt>
      <trkpt lat="41.11421" lon="-122.07361">
        <ele>717.2</ele>
      </trkpt>
      <trkpt lat="41.1142" lon="-122.074">
        <ele>711.6</ele>
      </trkpt>
      <trkpt lat="41.1142" lon="-122.07413">
        <ele>710.58</ele>
      </trkpt>
      <trkpt lat="41.11424" lon="-122.07427">
        <ele>711.94</ele>
      </trkpt>
      <trkpt lat="41.11426" lon="-122.07442">
        <ele>712.32</ele>
      </trkpt>
      <trkpt lat="41.1143" lon="-122.07456">
        <ele>714.53</ele>
      </trkpt>
      <trkpt lat="41.11463" lon="-122.07512">
        <ele>719.73</ele>
      </trkpt>
      <trkpt lat="41.11466" lon="-122.07528">
        <ele>723.05</ele>
      </trkpt>
      <trkpt lat="41.11465" lon="-122.07537">
        <ele>725.53</ele>
      </trkpt>
      <trkpt lat="41.11457" lon="-122.07567">
        <ele>727.3</ele>
      </trkpt>
      <trkpt lat="41.11446" lon="-122.07599">
        <ele>718.56</ele>
      </trkpt>
      <trkpt lat="41.11439" lon="-122.07622">
        <ele>719.81</ele>
      </trkpt>
      <trkpt lat="41.11437" lon="-122.07635">
        <ele>723.54</ele>
      </trkpt>
      <trkpt lat="41.11428" lon="-122.07654">
        <ele>720.87</ele>
      </trkpt>
      <trkpt lat="41.11422" lon="-122.07662">
        <ele>717.46</ele>
      </trkpt>
      <trkpt lat="41.11412" lon="-122.07671">
        <ele>711.14</ele>
      </trkpt>
      <trkpt lat="41.11407" lon="-122.07676">
        <ele>708.84</ele>
      </trkpt>
      <trkpt lat="41.11401" lon="-122.077">
        <ele>710.56</ele>
      </trkpt>
      <trkpt lat="41.11397" lon="-122.07708">
        <ele>709.97</ele>
      </trkpt>
      <trkpt lat="41.11393" lon="-122.07713">
        <ele>708.78</ele>
      </trkpt>
      <trkpt lat="41.1139" lon="-122.07714">
        <ele>707.59</ele>
      </trkpt>
      <trkpt lat="41.11386" lon="-122.07729">
        <ele>706.94</ele>
      </trkpt>
      <trkpt lat="41.11387" lon="-122.07744">
        <ele>708.26</ele>
      </trkpt>
      <trkpt lat="41.11391" lon="-122.07754">
        <ele>711.47</ele>
      </trkpt>
      <trkpt lat="41.11412" lon="-122.07787">
        <ele>719.99</ele>
      </trkpt>
      <trkpt lat="41.11412" lon="-122.07793">
        <ele>720.95</ele>
      </trkpt>
      <trkpt lat="41.11407" lon="-122.07807">
        <ele>721.86</ele>
      </trkpt>
      <trkpt lat="41.11404" lon="-122.07819">
        <ele>721.61</ele>
      </trkpt>
      <trkpt lat="41.11404" lon="-122.07837">
        <ele>722.16</ele>
      </trkpt>
      <trkpt lat="41.11409" lon="-122.07864">
        <ele>723.86</ele>
      </trkpt>
      <trkpt lat="41.11415" lon="-122.07884">
        <ele>728.39</ele>
      </trkpt>
      <trkpt lat="41.11415" lon="-122.07902">
        <ele>730.68</ele>
      </trkpt>
      <trkpt lat="41.11413" lon="-122.07954">
        <ele>733.23</ele>
      </trkpt>
      <trkpt lat="41.11416" lon="-122.07972">
        <ele>735.57</ele>
      </trkpt>
      <trkpt lat="41.1142" lon="-122.0799">
        <ele>737.44</ele>
      </trkpt>
      <trkpt lat="41.1142" lon="-122.08009">
        <ele>734.56</ele>
      </trkpt>
      <trkpt lat="41.11426" lon="-122.08034">
        <ele>737.38</ele>
      </trkpt>
      <trkpt lat="41.11426" lon="-122.08049">
        <ele>737.04</ele>
      </trkpt>
      <trkpt lat="41.11425" lon="-122.08081">
        <ele>735.5</ele>
      </trkpt>
      <trkpt lat="41.11428" lon="-122.08092">
        <ele>735.96</ele>
      </trkpt>
      <trkpt lat="41.11431" lon="-122.08098">
        <ele>736.87</ele>
      </trkpt>
      <trkpt lat="41.11437" lon="-122.08101">
        <ele>738.89</ele>
      </trkpt>
      <trkpt lat="41.11442" lon="-122.0811">
        <ele>739.18</ele>
      </trkpt>
      <trkpt lat="41.11445" lon="-122.08127">
        <ele>737.57</ele>
      </trkpt>
      <trkpt lat="41.11446" lon="-122.08147">
        <ele>739.88</ele>
      </trkpt>
      <trkpt lat="41.11444" lon="-122.08162">
        <ele>739.26</ele>
      </trkpt>
      <trkpt lat="41.11439" lon="-122.08173">
        <ele>737.74</ele>
      </trkpt>
      <trkpt lat="41.11433" lon="-122.08211">
        <ele>733.8</ele>
      </trkpt>
      <trkpt lat="41.11436" lon="-122.08224">
        <ele>735.34</ele>
      </trkpt>
      <trkpt lat="41.11445" lon="-122.08234">
        <ele>738.01</ele>
      </trkpt>
      <trkpt lat="41.11448" lon="-122.08245">
        <ele>737.9</ele>
      </trkpt>
      <trkpt lat="41.11454" lon="-122.08255">
        <ele>738.06</ele>
      </trkpt>
      <trkpt lat="41.11461" lon="-122.08275">
        <ele>736.26</ele>
      </trkpt>
      <trkpt lat="41.11467" lon="-122.08277">
        <ele>738.0</ele>
      </trkpt>
      <trkpt lat="41.11472" lon="-122.08283">
        <ele>738.78</ele>
      </trkpt>
      <trkpt lat="41.11475" lon="-122.08295">
        <ele>737.78</ele>
      </trkpt>
      <trkpt lat="41.11476" lon="-122.08313">
        <ele>734.43</ele>
      </trkpt>
      <trkpt lat="41.11481" lon="-122.08324">
        <ele>734.7</ele>
      </trkpt>
      <trkpt lat="41.11501" lon="-122.08355">
        <ele>738.74</ele>
      </trkpt>
      <trkpt lat="41.11519" lon="-122.08381">
        <ele>742.72</ele>
      </trkpt>
      <trkpt lat="41.11527" lon="-122.08389">
        <ele>744.45</ele>
      </trkpt>
      <trkpt lat="41.11529" lon="-122.08398">
        <ele>741.59</ele>
      </trkpt>
      <trkpt lat="41.11529" lon="-122.08408">
        <ele>738.34</ele>
      </trkpt>
      <trkpt lat="41.11527" lon="-122.08415">
        <ele>735.19</ele>
      </trkpt>
      <trkpt lat="41.11523" lon="-122.08423">
        <ele>731.24</ele>
      </trkpt>
      <trkpt lat="41.11519" lon="-122.08427">
        <ele>728.92</ele>
      </trkpt>
      <trkpt lat="41.11514" lon="-122.08433">
        <ele>725.4</ele>
      </trkpt>
      <trkpt lat="41.11513" lon="-122.0844">
        <ele>724.62</ele>
      </trkpt>
      <trkpt lat="41.11517" lon="-122.08447">
        <ele>726.34</ele>
      </trkpt>
      <trkpt lat="41.11531" lon="-122.08454">
        <ele>732.39</ele>
      </trkpt>
      <trkpt lat="41.11537" lon="-122.08461">
        <ele>734.98</ele>
      </trkpt>
      <trkpt lat="41.1154" lon="-122.0847">
        <ele>736.36</ele>
      </trkpt>
      <trkpt lat="41.11541" lon="-122.0848">
        <ele>735.87</ele>
      </trkpt>
      <trkpt lat="41.11536" lon="-122.08492">
        <ele>731.03</ele>
      </trkpt>
      <trkpt lat="41.11524" lon="-122.08512">
        <ele>719.66</ele>
      </trkpt>
      <trkpt lat="41.11515" lon="-122.08535">
        <ele>716.42</ele>
      </trkpt>
      <trkpt lat="41.11507" lon="-122.08554">
        <ele>713.86</ele>
      </trkpt>
      <trkpt lat="41.11504" lon="-122.08577">
        <ele>715.04</ele>
      </trkpt>
      <trkpt lat="41.11507" lon="-122.08601">
        <ele>718.47</ele>
      </trkpt>
      <trkpt lat="41.11497" lon="-122.08639">
        <ele>716.39</ele>
      </trkpt>
      <trkpt lat="41.11494" lon="-122.08654">
        <ele>716.61</ele>
      </trkpt>
      <trkpt lat="41.1149" lon="-122.08662">
        <ele>715.1</ele>
      </trkpt>
      <trkpt lat="41.11487" lon="-122.0867">
        <ele>714.55</ele>
      </trkpt>
      <trkpt lat="41.11485" lon="-122.0868">
        <ele>714.89</ele>
      </trkpt>
      <trkpt lat="41.11482" lon="-122.08689">
        <ele>714.22</ele>
      </trkpt>
      <trkpt lat="41.11477" lon="-122.08697">
        <ele>711.89</ele>
      </trkpt>
      <trkpt lat="41.11468" lon="-122.08706">
        <ele>705.26</ele>
      </trkpt>
      <trkpt lat="41.11444" lon="-122.08761">
        <ele>706.32</ele>
      </trkpt>
      <trkpt lat="41.1144" lon="-122.08775">
        <ele>707.75</ele>
      </trkpt>
      <trkpt lat="41.1144" lon="-122.08775">
        <ele>707.75</ele>
      </trkpt>
      <trkpt lat="41.11428" lon="-122.08789">
        <ele>700.73</ele>
      </trkpt>
      <trkpt lat="41.11416" lon="-122.08817">
        <ele>700.11</ele>
      </trkpt>
      <trkpt lat="41.11398" lon="-122.08841">
        <ele>694.58</ele>
      </trkpt>
      <trkpt lat="41.1138" lon="-122.08873">
        <ele>691.69</ele>
      </trkpt>
      <trkpt lat="41.11351" lon="-122.08919">
        <ele>688.82</ele>
      </trkpt>
      <trkpt lat="41.11346" lon="-122.08932">
        <ele>687.74</ele>
      </trkpt>
      <trkpt lat="41.11346" lon="-122.0894">
        <ele>687.22</ele>
      </trkpt>
      <trkpt lat="41.11352" lon="-122.0895">
        <ele>687.42</ele>
      </trkpt>
      <trkpt lat="41.11362" lon="-122.08959">
        <ele>687.57</ele>
      </trkpt>
      <trkpt lat="41.11375" lon="-122.08976">
        <ele>686.68</ele>
      </trkpt>
      <trkpt lat="41.11388" lon="-122.08984">
        <ele>685.46</ele>
      </trkpt>
      <trkpt lat="41.11416" lon="-122.08987">
        <ele>683.28</ele>
      </trkpt>
      <trkpt lat="41.11431" lon="-122.08987">
        <ele>683.81</ele>
      </trkpt>
      <trkpt lat="41.11445" lon="-122.0898">
        <ele>686.59</ele>
      </trkpt>
      <trkpt lat="41.11464" lon="-122.08962">
        <ele>693.21</ele>
      </trkpt>
      <trkpt lat="41.11499" lon="-122.08944">
        <ele>698.35</ele>
      </trkpt>
      <trkpt lat="41.11518" lon="-122.08938">
        <ele>701.18</ele>
      </trkpt>
      <trkpt lat="41.11533" lon="-122.08941">
        <ele>700.15</ele>
      </trkpt>
      <trkpt lat="41.11551" lon="-122.08952">
        <ele>698.75</ele>
      </trkpt>
      <trkpt lat="41.11556" lon="-122.08959">
        <ele>697.38</ele>
      </trkpt>
      <trkpt lat="41.11559" lon="-122.08971">
        <ele>695.55</ele>
      </trkpt>
      <trkpt lat="41.11559" lon="-122.08977">
        <ele>695.89</ele>
      </trkpt>
      <trkpt lat="41.11554" lon="-122.08981">
        <ele>695.94</ele>
      </trkpt>
      <trkpt lat="41.11538" lon="-122.08981">
        <ele>695.05</ele>
      </trkpt>
      <trkpt lat="41.11519" lon="-122.08983">
        <ele>694.38</ele>
      </trkpt>
      <trkpt lat="41.11495" lon="-122.09007">
        <ele>693.11</ele>
      </trkpt>
      <trkpt lat="41.11477" lon="-122.0903">
        <ele>694.05</ele>
      </trkpt>
      <trkpt lat="41.11425" lon="-122.09072">
        <ele>703.03</ele>
      </trkpt>
      <trkpt lat="41.11405" lon="-122.09083">
        <ele>705.63</ele>
      </trkpt>
      <trkpt lat="41.11391" lon="-122.09097">
        <ele>707.41</ele>
      </trkpt>
      <trkpt lat="41.11386" lon="-122.09114">
        <ele>710.21</ele>
      </trkpt>
      <trkpt lat="41.11383" lon="-122.09176">
        <ele>712.08</ele>
      </trkpt>
      <trkpt lat="41.11387" lon="-122.09205">
        <ele>710.42</ele>
      </trkpt>
      <trkpt lat="41.11391" lon="-122.09227">
        <ele>709.17</ele>
      </trkpt>
      <trkpt lat="41.114" lon="-122.09256">
        <ele>707.3</ele>
      </trkpt>
      <trkpt lat="41.11413" lon="-122.0928">
        <ele>705.63</ele>
      </trkpt>
      <trkpt lat="41.11428" lon="-122.09297">
        <ele>705.3</ele>
      </trkpt>
      <trkpt lat="41.11443" lon="-122.09304">
        <ele>707.02</ele>
      </trkpt>
      <trkpt lat="41.11466" lon="-122.09313">
        <ele>710.1</ele>
      </trkpt>
      <trkpt lat="41.11475" lon="-122.09316">
        <ele>713.07</ele>
      </trkpt>
      <trkpt lat="41.11481" lon="-122.09321">
        <ele>715.12</ele>
      </trkpt>
      <trkpt lat="41.11483" lon="-122.09332">
        <ele>716.9</ele>
      </trkpt>
      <trkpt lat="41.11476" lon="-122.09337">
        <ele>716.88</ele>
      </trkpt>
      <trkpt lat="41.11462" lon="-122.0934">
        <ele>714.32</ele>
      </trkpt>
      <trkpt lat="41.11457" lon="-122.09342">
        <ele>713.79</ele>
      </trkpt>
      <trkpt lat="41.11452" lon="-122.09353">
        <ele>716.82</ele>
      </trkpt>
      <trkpt lat="41.11449" lon="-122.09363">
        <ele>719.09</ele>
      </trkpt>
      <trkpt lat="41.11443" lon="-122.09374">
        <ele>721.35</ele>
      </trkpt>
      <trkpt lat="41.11435" lon="-122.09375">
        <ele>720.5</ele>
      </trkpt>
      <trkpt lat="41.11422" lon="-122.09374">
        <ele>719.75</ele>
      </trkpt>
      <trkpt lat="41.11413" lon="-122.09372">
        <ele>718.53</ele>
      </trkpt>
      <trkpt lat="41.11409" lon="-122.09377">
        <ele>720.15</ele>
      </trkpt>
      <trkpt lat="41.11407" lon="-122.09387">
        <ele>722.55</ele>
      </trkpt>
      <trkpt lat="41.11422" lon="-122.09431">
        <ele>728.5</ele>
      </trkpt>
      <trkpt lat="41.11431" lon="-122.0945">
        <ele>730.5</ele>
      </trkpt>
      <trkpt lat="41.11432" lon="-122.09463">
        <ele>728.28</ele>
      </trkpt>
      <trkpt lat="41.11429" lon="-122.09477">
        <ele>727.02</ele>
      </trkpt>
      <trkpt lat="41.11414" lon="-122.09503">
        <ele>729.01</ele>
      </trkpt>
      <trkpt lat="41.1141" lon="-122.09515">
        <ele>730.81</ele>
      </trkpt>
      <trkpt lat="41.11408" lon="-122.09523">
        <ele>732.19</ele>
      </trkpt>
      <trkpt lat="41.11396" lon="-122.09549">
        <ele>732.59</ele>
      </trkpt>
      <trkpt lat="41.11392" lon="-122.09563">
        <ele>732.75</ele>
      </trkpt>
      <trkpt lat="41.1139" lon="-122.09587">
        <ele>735.04</ele>
      </trkpt>
      <trkpt lat="41.11389" lon="-122.09608">
        <ele>740.1</ele>
      </trkpt>
      <trkpt lat="41.11383" lon="-122.09632">
        <ele>741.44</ele>
      </trkpt>
      <trkpt lat="41.11376" lon="-122.09645">
        <ele>743.03</ele>
      </trkpt>
      <trkpt lat="41.11368" lon="-122.0966">
        <ele>744.91</ele>
      </trkpt>
      <trkpt lat="41.11363" lon="-122.09678">
        <ele>745.34</ele>
      </trkpt>
      <trkpt lat="41.11365" lon="-122.09683">
        <ele>745.18</ele>
      </trkpt>
      <trkpt lat="41.11374" lon="-122.09688">
        <ele>745.48</ele>
      </trkpt>
      <trkpt lat="41.11397" lon="-122.09699">
        <ele>744.91</ele>
      </trkpt>
      <trkpt lat="41.11413" lon="-122.09701">
        <ele>746.34</ele>
      </trkpt>
      <trkpt lat="41.1143" lon="-122.09698">
        <ele>748.35</ele>
      </trkpt>
      <trkpt lat="41.1145" lon="-122.09688">
        <ele>754.78</ele>
      </trkpt>
      <trkpt lat="41.11464" lon="-122.09686">
        <ele>757.57</ele>
      </trkpt>
      <trkpt lat="41.11492" lon="-122.0969">
        <ele>757.5</ele>
      </trkpt>
      <trkpt lat="41.11508" lon="-122.09702">
        <ele>750.86</ele>
      </trkpt>
      <trkpt lat="41.11544" lon="-122.09711">
        <ele>756.12</ele>
      </trkpt>
      <trkpt lat="41.11566" lon="-122.09719">
        <ele>761.78</ele>
      </trkpt>
      <trkpt lat="41.11579" lon="-122.09732">
        <ele>761.35</ele>
      </trkpt>
      <trkpt lat="41.11602" lon="-122.09765">
        <ele>759.81</ele>
      </trkpt>
      <trkpt lat="41.11612" lon="-122.09775">
        <ele>760.79</ele>
      </trkpt>
      <trkpt lat="41.11624" lon="-122.0978">
        <ele>762.3</ele>
      </trkpt>
      <trkpt lat="41.11634" lon="-122.09782">
        <ele>764.03</ele>
      </trkpt>
      <trkpt lat="41.11641" lon="-122.09788">
        <ele>764.6</ele>
      </trkpt>
      <trkpt lat="41.1165" lon="-122.09802">
        <ele>767.18</ele>
      </trkpt>
      <trkpt lat="41.11656" lon="-122.09817">
        <ele>766.53</ele>
      </trkpt>
      <trkpt lat="41.1167" lon="-122.09839">
        <ele>767.07</ele>
      </trkpt>
      <trkpt lat="41.1169" lon="-122.09847">
        <ele>772.65</ele>
      </trkpt>
      <trkpt lat="41.11697" lon="-122.09852">
        <ele>774.36</ele>
      </trkpt>
      <trkpt lat="41.11704" lon="-122.09862">
        <ele>776.09</ele>
      </trkpt>
      <trkpt lat="41.11706" lon="-122.09868">
        <ele>776.56</ele>
      </trkpt>
      <trkpt lat="41.11706" lon="-122.09876">
        <ele>777.0</ele>
      </trkpt>
      <trkpt lat="41.11694" lon="-122.09883">
        <ele>778.46</ele>
      </trkpt>
      <trkpt lat="41.11683" lon="-122.09886">
        <ele>779.68</ele>
      </trkpt>
      <trkpt lat="41.11598" lon="-122.09891">
        <ele>783.01</ele>
      </trkpt>
      <trkpt lat="41.11546" lon="-122.09889">
        <ele>791.08</ele>
      </trkpt>
      <trkpt lat="41.11531" lon="-122.0989">
        <ele>792.4</ele>
      </trkpt>
      <trkpt lat="41.11511" lon="-122.09894">
        <ele>791.22</ele>
      </trkpt>
      <trkpt lat="41.11499" lon="-122.09902">
        <ele>791.28</ele>
      </trkpt>
      <trkpt lat="41.11495" lon="-122.09909">
        <ele>792.82</ele>
      </trkpt>
      <trkpt lat="41.1148" lon="-122.09922">
        <ele>792.09</ele>
      </trkpt>
      <trkpt lat="41.11462" lon="-122.09948">
        <ele>793.29</ele>
      </trkpt>
      <trkpt lat="41.11451" lon="-122.09965">
        <ele>792.04</ele>
      </trkpt>
      <trkpt lat="41.11446" lon="-122.09978">
        <ele>793.96</ele>
      </trkpt>
      <trkpt lat="41.1144" lon="-122.09986">
        <ele>796.47</ele>
      </trkpt>
      <trkpt lat="41.11429" lon="-122.09986">
        <ele>795.61</ele>
      </trkpt>
      <trkpt lat="41.11413" lon="-122.09992">
        <ele>798.34</ele>
      </trkpt>
      <trkpt lat="41.11396" lon="-122.1">
        <ele>802.0</ele>
      </trkpt>
      <trkpt lat="41.11349" lon="-122.10018">
        <ele>806.45</ele>
      </trkpt>
      <trkpt lat="41.11339" lon="-122.10023">
        <ele>805.99</ele>
      </trkpt>
      <trkpt lat="41.11331" lon="-122.10029">
        <ele>805.79</ele>
      </trkpt>
      <trkpt lat="41.11326" lon="-122.10036">
        <ele>806.9</ele>
      </trkpt>
      <trkpt lat="41.11325" lon="-122.10046">
        <ele>809.04</ele>
      </trkpt>
      <trkpt lat="41.11326" lon="-122.10053">
        <ele>809.21</ele>
      </trkpt>
      <trkpt lat="41.1134" lon="-122.10061">
        <ele>810.43</ele>
      </trkpt>
      <trkpt lat="41.11353" lon="-122.10072">
        <ele>810.04</ele>
      </trkpt>
      <trkpt lat="41.1137" lon="-122.1009">
        <ele>808.72</ele>
      </trkpt>
      <trkpt lat="41.11387" lon="-122.10118">
        <ele>805.0</ele>
      </trkpt>
      <trkpt lat="41.11396" lon="-122.10141">
        <ele>802.98</ele>
      </trkpt>
      <trkpt lat="41.11404" lon="-122.10174">
        <ele>798.65</ele>
      </trkpt>
      <trkpt lat="41.11414" lon="-122.10194">
        <ele>798.94</ele>
      </trkpt>
      <trkpt lat="41.11431" lon="-122.10213">
        <ele>803.82</ele>
      </trkpt>
      <trkpt lat="41.11435" lon="-122.10229">
        <ele>801.45</ele>
      </trkpt>
      <trkpt lat="41.11437" lon="-122.1025">
        <ele>798.78</ele>
      </trkpt>
      <trkpt lat="41.11432" lon="-122.10267">
        <ele>794.44</ele>
      </trkpt>
      <trkpt lat="41.11431" lon="-122.10287">
        <ele>791.74</ele>
      </trkpt>
      <trkpt lat="41.11438" lon="-122.10317">
        <ele>794.66</ele>
      </trkpt>
      <trkpt lat="41.11455" lon="-122.10362">
        <ele>803.66</ele>
      </trkpt>
      <trkpt lat="41.11477" lon="-122.10391">
        <ele>813.05</ele>
      </trkpt>
      <trkpt lat="41.11493" lon="-122.10406">
        <ele>818.64</ele>
      </trkpt>
      <trkpt lat="41.11506" lon="-122.1042">
        <ele>819.74</ele>
      </trkpt>
      <trkpt lat="41.11525" lon="-122.10429">
        <ele>822.74</ele>
      </trkpt>
      <trkpt lat="41.11554" lon="-122.10454">
        <ele>824.43</ele>
      </trkpt>
      <trkpt lat="41.11571" lon="-122.1047">
        <ele>826.71</ele>
      </trkpt>
      <trkpt lat="41.11595" lon="-122.10479">
        <ele>832.85</ele>
      </trkpt>
      <trkpt lat="41.1161" lon="-122.10486">
        <ele>834.69</ele>
      </trkpt>
      <trkpt lat="41.11618" lon="-122.10493">
        <ele>834.82</ele>
      </trkpt>
      <trkpt lat="41.11624" lon="-122.10498">
        <ele>834.96</ele>
      </trkpt>
      <trkpt lat="41.11632" lon="-122.10507">
        <ele>835.0</ele>
      </trkpt>
      <trkpt lat="41.11632" lon="-122.10513">
        <ele>833.11</ele>
      </trkpt>
      <trkpt lat="41.11628" lon="-122.10519">
        <ele>830.87</ele>
      </trkpt>
      <trkpt lat="41.11604" lon="-122.10532">
        <ele>835.11</ele>
      </trkpt>
      <trkpt lat="41.11586" lon="-122.10548">
        <ele>841.02</ele>
      </trkpt>
      <trkpt lat="41.11573" lon="-122.10557">
        <ele>841.55</ele>
      </trkpt>
      <trkpt lat="41.11558" lon="-122.10564">
        <ele>842.09</ele>
      </trkpt>
      <trkpt lat="41.11541" lon="-122.10577">
        <ele>844.94</ele>
      </trkpt>
      <trkpt lat="41.11536" lon="-122.10584">
        <ele>845.84</ele>
      </trkpt>
      <trkpt lat="41.11527" lon="-122.10611">
        <ele>852.53</ele>
      </trkpt>
      <trkpt lat="41.11517" lon="-122.10632">
        <ele>854.95</ele>
      </trkpt>
      <trkpt lat="41.1151" lon="-122.1065">
        <ele>854.68</ele>
      </trkpt>
      <trkpt lat="41.11507" lon="-122.1067">
        <ele>853.71</ele>
      </trkpt>
      <trkpt lat="41.11509" lon="-122.10687">
        <ele>857.32</ele>
      </trkpt>
      <trkpt lat="41.11502" lon="-122.10689">
        <ele>856.12</ele>
      </trkpt>
      <trkpt lat="41.11464" lon="-122.10662">
        <ele>859.98</ele>
      </trkpt>
      <trkpt lat="41.11454" lon="-122.10655">
        <ele>861.11</ele>
      </trkpt>
      <trkpt lat="41.11448" lon="-122.10638">
        <ele>855.81</ele>
      </trkpt>
      <trkpt lat="41.11421" lon="-122.10615">
        <ele>853.62</ele>
      </trkpt>
      <trkpt lat="41.11411" lon="-122.10612">
        <ele>854.65</ele>
      </trkpt>
      <trkpt lat="41.11378" lon="-122.10618">
        <ele>860.19</ele>
      </trkpt>
      <trkpt lat="41.11358" lon="-122.10619">
        <ele>862.12</ele>
      </trkpt>
      <trkpt lat="41.11337" lon="-122.10615">
        <ele>868.61</ele>
      </trkpt>
      <trkpt lat="41.11327" lon="-122.10606">
        <ele>868.54</ele>
      </trkpt>
      <trkpt lat="41.1132" lon="-122.10602">
        <ele>868.48</ele>
      </trkpt>
      <trkpt lat="41.11316" lon="-122.106">
        <ele>868.07</ele>
      </trkpt>
      <trkpt lat="41.11309" lon="-122.10601">
        <ele>868.69</ele>
      </trkpt>
      <trkpt lat="41.113" lon="-122.10604">
        <ele>868.86</ele>
      </trkpt>
      <trkpt lat="41.11294" lon="-122.1061">
        <ele>868.77</ele>
      </trkpt>
      <trkpt lat="41.11289" lon="-122.10619">
        <ele>867.7</ele>
      </trkpt>
      <trkpt lat="41.11273" lon="-122.10657">
        <ele>869.71</ele>
      </trkpt>
      <trkpt lat="41.11257" lon="-122.10674">
        <ele>870.48</ele>
      </trkpt>
      <trkpt lat="41.11253" lon="-122.1068">
        <ele>872.12</ele>
      </trkpt>
      <trkpt lat="41.11241" lon="-122.10692">
        <ele>874.53</ele>
      </trkpt>
      <trkpt lat="41.11229" lon="-122.107">
        <ele>873.42</ele>
      </trkpt>
      <trkpt lat="41.11218" lon="-122.10709">
        <ele>873.5</ele>
      </trkpt>
      <trkpt lat="41.11211" lon="-122.10719">
        <ele>875.14</ele>
      </trkpt>
      <trkpt lat="41.11202" lon="-122.1073">
        <ele>875.06</ele>
      </trkpt>
      <trkpt lat="41.11195" lon="-122.10743">
        <ele>879.61</ele>
      </trkpt>
      <trkpt lat="41.11186" lon="-122.10747">
        <ele>882.97</ele>
      </trkpt>
      <trkpt lat="41.11178" lon="-122.10747">
        <ele>885.38</ele>
      </trkpt>
      <trkpt lat="41.11151" lon="-122.10726">
        <ele>884.53</ele>
      </trkpt>
      <trkpt lat="41.11139" lon="-122.1072">
        <ele>886.0</ele>
      </trkpt>
      <trkpt lat="41.11128" lon="-122.10715">
        <ele>885.24</ele>
      </trkpt>
      <trkpt lat="41.11118" lon="-122.10716">
        <ele>886.23</ele>
      </trkpt>
      <trkpt lat="41.11113" lon="-122.10722">
        <ele>888.13</ele>
      </trkpt>
      <trkpt lat="41.11109" lon="-122.10734">
        <ele>889.8</ele>
      </trkpt>
      <trkpt lat="41.11112" lon="-122.10762">
        <ele>893.58</ele>
      </trkpt>
      <trkpt lat="41.11115" lon="-122.10794">
        <ele>899.17</ele>
      </trkpt>
      <trkpt lat="41.11115" lon="-122.10823">
        <ele>903.82</ele>
      </trkpt>
      <trkpt lat="41.11114" lon="-122.1085">
        <ele>905.67</ele>
      </trkpt>
      <trkpt lat="41.11108" lon="-122.10871">
        <ele>902.65</ele>
      </trkpt>
      <trkpt lat="41.11105" lon="-122.10891">
        <ele>901.04</ele>
      </trkpt>
      <trkpt lat="41.11105" lon="-122.10908">
        <ele>901.38</ele>
      </trkpt>
      <trkpt lat="41.11106" lon="-122.10934">
        <ele>902.62</ele>
      </trkpt>
      <trkpt lat="41.1111" lon="-122.10944">
        <ele>906.12</ele>
      </trkpt>
      <trkpt lat="41.1111" lon="-122.10944">
        <ele>906.12</ele>
      </trkpt>
      <trkpt lat="41.11115" lon="-122.1096">
        <ele>909.13</ele>
      </trkpt>
      <trkpt lat="41.11118" lon="-122.10993">
        <ele>911.89</ele>
      </trkpt>
      <trkpt lat="41.11121" lon="-122.11004">
        <ele>914.41</ele>
      </trkpt>
      <trkpt lat="41.11125" lon="-122.11016">
        <ele>916.64</ele>
      </trkpt>
      <trkpt lat="41.11124" lon="-122.11021">
        <ele>915.74</ele>
      </trkpt>
      <trkpt lat="41.11125" lon="-122.1103">
        <ele>916.5</ele>
      </trkpt>
      <trkpt lat="41.11123" lon="-122.11048">
        <ele>914.7</ele>
      </trkpt>
      <trkpt lat="41.11122" lon="-122.11064">
        <ele>914.81</ele>
      </trkpt>
      <trkpt lat="41.11124" lon="-122.11076">
        <ele>916.48</ele>
      </trkpt>
      <trkpt lat="41.11122" lon="-122.11087">
        <ele>916.35</ele>
      </trkpt>
      <trkpt lat="41.11116" lon="-122.11093">
        <ele>915.21</ele>
      </trkpt>
      <trkpt lat="41.11113" lon="-122.11095">
        <ele>915.39</ele>
      </trkpt>
      <trkpt lat="41.11097" lon="-122.11108">
        <ele>918.26</ele>
      </trkpt>
      <trkpt lat="41.1109" lon="-122.1112">
        <ele>918.93</ele>
      </trkpt>
      <trkpt lat="41.11084" lon="-122.11137">
        <ele>917.5</ele>
      </trkpt>
      <trkpt lat="41.11084" lon="-122.11153">
        <ele>920.13</ele>
      </trkpt>
      <trkpt lat="41.11094" lon="-122.11188">
        <ele>927.61</ele>
      </trkpt>
      <trkpt lat="41.11097" lon="-122.11203">
        <ele>927.49</ele>
      </trkpt>
      <trkpt lat="41.11107" lon="-122.11215">
        <ele>930.35</ele>
      </trkpt>
      <trkpt lat="41.1112" lon="-122.11225">
        <ele>933.27</ele>
      </trkpt>
      <trkpt lat="41.11126" lon="-122.1123">
        <ele>934.75</ele>
      </trkpt>
      <trkpt lat="41.11135" lon="-122.11234">
        <ele>937.78</ele>
      </trkpt>
      <trkpt lat="41.1114" lon="-122.1124">
        <ele>938.54</ele>
      </trkpt>
      <trkpt lat="41.11145" lon="-122.11255">
        <ele>938.64</ele>
      </trkpt>
      <trkpt lat="41.11145" lon="-122.11268">
        <ele>940.21</ele>
      </trkpt>
      <trkpt lat="41.11147" lon="-122.11274">
        <ele>941.38</ele>
      </trkpt>
      <trkpt lat="41.11151" lon="-122.1128">
        <ele>943.85</ele>
      </trkpt>
      <trkpt lat="41.11154" lon="-122.11285">
        <ele>945.79</ele>
      </trkpt>
      <trkpt lat="41.11155" lon="-122.11293">
        <ele>945.32</ele>
      </trkpt>
      <trkpt lat="41.11151" lon="-122.11303">
        <ele>942.54</ele>
      </trkpt>
      <trkpt lat="41.11126" lon="-122.11315">
        <ele>938.34</ele>
      </trkpt>
      <trkpt lat="41.11095" lon="-122.11337">
        <ele>942.76</ele>
      </trkpt>
      <trkpt lat="41.11075" lon="-122.11349">
        <ele>941.76</ele>
      </trkpt>
      <trkpt lat="41.11065" lon="-122.11359">
        <ele>942.18</ele>
      </trkpt>
      <trkpt lat="41.11063" lon="-122.11363">
        <ele>943.35</ele>
      </trkpt>
      <trkpt lat="41.11059" lon="-122.11376">
        <ele>946.3</ele>
      </trkpt>
      <trkpt lat="41.11056" lon="-122.11391">
        <ele>947.85</ele>
      </trkpt>
      <trkpt lat="41.11053" lon="-122.11411">
        <ele>949.18</ele>
      </trkpt>
      <trkpt lat="41.11054" lon="-122.1142">
        <ele>951.08</ele>
      </trkpt>
      <trkpt lat="41.1105" lon="-122.11426">
        <ele>948.82</ele>
      </trkpt>
      <trkpt lat="41.11044" lon="-122.11428">
        <ele>946.59</ele>
      </trkpt>
      <trkpt lat="41.11027" lon="-122.11423">
        <ele>948.32</ele>
      </trkpt>
      <trkpt lat="41.11001" lon="-122.11418">
        <ele>961.04</ele>
      </trkpt>
      <trkpt lat="41.10991" lon="-122.11415">
        <ele>964.78</ele>
      </trkpt>
      <trkpt lat="41.10979" lon="-122.11402">
        <ele>960.56</ele>
      </trkpt>
      <trkpt lat="41.10974" lon="-122.11395">
        <ele>956.71</ele>
      </trkpt>
      <trkpt lat="41.10968" lon="-122.11391">
        <ele>954.19</ele>
      </trkpt>
      <trkpt lat="41.10945" lon="-122.11388">
        <ele>957.02</ele>
      </trkpt>
      <trkpt lat="41.10938" lon="-122.11392">
        <ele>960.35</ele>
      </trkpt>
      <trkpt lat="41.1093" lon="-122.11399">
        <ele>964.34</ele>
      </trkpt>
      <trkpt lat="41.10915" lon="-122.11402">
        <ele>962.03</ele>
      </trkpt>
      <trkpt lat="41.10909" lon="-122.11402">
        <ele>960.36</ele>
      </trkpt>
      <trkpt lat="41.10896" lon="-122.11407">
        <ele>959.47</ele>
      </trkpt>
      <trkpt lat="41.10889" lon="-122.11411">
        <ele>961.34</ele>
      </trkpt>
      <trkpt lat="41.1088" lon="-122.11411">
        <ele>964.42</ele>
      </trkpt>
      <trkpt lat="41.10876" lon="-122.1141">
        <ele>965.58</ele>
      </trkpt>
      <trkpt lat="41.10867" lon="-122.11403">
        <ele>967.03</ele>
      </trkpt>
      <trkpt lat="41.10855" lon="-122.11388">
        <ele>966.56</ele>
      </trkpt>
      <trkpt lat="41.10844" lon="-122.11374">
        <ele>964.63</ele>
      </trkpt>
      <trkpt lat="41.10836" lon="-122.11371">
        <ele>966.34</ele>
      </trkpt>
      <trkpt lat="41.10816" lon="-122.11369">
        <ele>968.28</ele>
      </trkpt>
      <trkpt lat="41.10804" lon="-122.11371">
        <ele>970.6</ele>
      </trkpt>
      <trkpt lat="41.10799" lon="-122.11371">
        <ele>971.64</ele>
      </trkpt>
      <trkpt lat="41.10793" lon="-122.11365">
        <ele>971.68</ele>
      </trkpt>
      <trkpt lat="41.10784" lon="-122.11352">
        <ele>972.02</ele>
      </trkpt>
      <trkpt lat="41.10781" lon="-122.1135">
        <ele>973.18</ele>
      </trkpt>
      <trkpt lat="41.10771" lon="-122.11336">
        <ele>973.54</ele>
      </trkpt>
      <trkpt lat="41.10753" lon="-122.11325">
        <ele>978.04</ele>
      </trkpt>
      <trkpt lat="41.10736" lon="-122.11311">
        <ele>979.8</ele>
      </trkpt>
      <trkpt lat="41.10724" lon="-122.11307">
        <ele>982.05</ele>
      </trkpt>
      <trkpt lat="41.10713" lon="-122.11305">
        <ele>983.81</ele>
      </trkpt>
      <trkpt lat="41.10705" lon="-122.11304">
        <ele>983.64</ele>
      </trkpt>
      <trkpt lat="41.107" lon="-122.11306">
        <ele>984.1</ele>
      </trkpt>
      <trkpt lat="41.10693" lon="-122.1131">
        <ele>984.57</ele>
      </trkpt>
      <trkpt lat="41.10691" lon="-122.11312">
        <ele>984.53</ele>
      </trkpt>
      <trkpt lat="41.10689" lon="-122.11322">
        <ele>986.38</ele>
      </trkpt>
      <trkpt lat="41.10684" lon="-122.1134">
        <ele>987.36</ele>
      </trkpt>
      <trkpt lat="41.10683" lon="-122.11359">
        <ele>986.64</ele>
      </trkpt>
      <trkpt lat="41.10689" lon="-122.11391">
        <ele>989.38</ele>
      </trkpt>
      <trkpt lat="41.10706" lon="-122.11461">
        <ele>990.45</ele>
      </trkpt>
      <trkpt lat="41.1071" lon="-122.11488">
        <ele>987.99</ele>
      </trkpt>
      <trkpt lat="41.10716" lon="-122.11502">
        <ele>988.95</ele>
      </trkpt>
      <trkpt lat="41.10723" lon="-122.11514">
        <ele>990.27</ele>
      </trkpt>
      <trkpt lat="41.1073" lon="-122.11519">
        <ele>991.41</ele>
      </trkpt>
      <trkpt lat="41.10739" lon="-122.11523">
        <ele>994.28</ele>
      </trkpt>
      <trkpt lat="41.10752" lon="-122.1153">
        <ele>998.6</ele>
      </trkpt>
      <trkpt lat="41.1076" lon="-122.11538">
        <ele>1001.27</ele>
      </trkpt>
      <trkpt lat="41.10771" lon="-122.11556">
        <ele>1004.29</ele>
      </trkpt>
      <trkpt lat="41.10791" lon="-122.11595">
        <ele>1006.19</ele>
      </trkpt>
      <trkpt lat="41.10808" lon="-122.11632">
        <ele>1007.54</ele>
      </trkpt>
      <trkpt lat="41.10818" lon="-122.1167">
        <ele>1007.84</ele>
      </trkpt>
      <trkpt lat="41.10821" lon="-122.1169">
        <ele>1009.84</ele>
      </trkpt>
      <trkpt lat="41.10819" lon="-122.11706">
        <ele>1007.16</ele>
      </trkpt>
      <trkpt lat="41.10808" lon="-122.11725">
        <ele>1005.52</ele>
      </trkpt>
      <trkpt lat="41.10804" lon="-122.11739">
        <ele>1009.44</ele>
      </trkpt>
      <trkpt lat="41.10803" lon="-122.11753">
        <ele>1011.85</ele>
      </trkpt>
      <trkpt lat="41.10807" lon="-122.11782">
        <ele>1014.25</ele>
      </trkpt>
      <trkpt lat="41.10806" lon="-122.11786">
        <ele>1013.38</ele>
      </trkpt>
      <trkpt lat="41.10805" lon="-122.11794">
        <ele>1014.97</ele>
      </trkpt>
      <trkpt lat="41.10802" lon="-122.11797">
        <ele>1015.07</ele>
      </trkpt>
      <trkpt lat="41.10796" lon="-122.11808">
        <ele>1021.16</ele>
      </trkpt>
      <trkpt lat="41.10789" lon="-122.11826">
        <ele>1024.68</ele>
      </trkpt>
      <trkpt lat="41.10781" lon="-122.11842">
        <ele>1023.96</ele>
      </trkpt>
      <trkpt lat="41.10767" lon="-122.11873">
        <ele>1024.32</ele>
      </trkpt>
      <trkpt lat="41.10755" lon="-122.11894">
        <ele>1026.11</ele>
      </trkpt>
      <trkpt lat="41.10748" lon="-122.11909">
        <ele>1029.08</ele>
      </trkpt>
      <trkpt lat="41.10739" lon="-122.11921">
        <ele>1032.21</ele>
      </trkpt>
      <trkpt lat="41.10736" lon="-122.11924">
        <ele>1032.53</ele>
      </trkpt>
      <trkpt lat="41.10731" lon="-122.11931">
        <ele>1034.09</ele>
      </trkpt>
      <trkpt lat="41.10724" lon="-122.11937">
        <ele>1035.17</ele>
      </trkpt>
      <trkpt lat="41.10709" lon="-122.1194">
        <ele>1038.84</ele>
      </trkpt>
      <trkpt lat="41.10701" lon="-122.11936">
        <ele>1040.11</ele>
      </trkpt>
      <trkpt lat="41.10698" lon="-122.11928">
        <ele>1038.82</ele>
      </trkpt>
      <trkpt lat="41.10696" lon="-122.1192">
        <ele>1036.64</ele>
      </trkpt>
      <trkpt lat="41.1069" lon="-122.11908">
        <ele>1031.81</ele>
      </trkpt>
      <trkpt lat="41.10688" lon="-122.11907">
        <ele>1031.14</ele>
      </trkpt>
      <trkpt lat="41.10684" lon="-122.11906">
        <ele>1030.24</ele>
      </trkpt>
      <trkpt lat="41.10678" lon="-122.11911">
        <ele>1032.16</ele>
      </trkpt>
      <trkpt lat="41.10668" lon="-122.11917">
        <ele>1035.14</ele>
      </trkpt>
      <trkpt lat="41.10664" lon="-122.11917">
        <ele>1035.72</ele>
      </trkpt>
      <trkpt lat="41.10658" lon="-122.11916">
        <ele>1036.51</ele>
      </trkpt>
      <trkpt lat="41.10651" lon="-122.11909">
        <ele>1034.82</ele>
      </trkpt>
      <trkpt lat="41.10642" lon="-122.11904">
        <ele>1033.95</ele>
      </trkpt>
      <trkpt lat="41.10639" lon="-122.11903">
        <ele>1033.61</ele>
      </trkpt>
      <trkpt lat="41.10633" lon="-122.11903">
        <ele>1033.62</ele>
      </trkpt>
      <trkpt lat="41.1063" lon="-122.11905">
        <ele>1034.7</ele>
      </trkpt>
      <trkpt lat="41.1062" lon="-122.11907">
        <ele>1035.69</ele>
      </trkpt>
      <trkpt lat="41.10613" lon="-122.11907">
        <ele>1035.69</ele>
      </trkpt>
      <trkpt lat="41.10594" lon="-122.1191">
        <ele>1037.4</ele>
      </trkpt>
      <trkpt lat="41.10587" lon="-122.1191">
        <ele>1037.23</ele>
      </trkpt>
      <trkpt lat="41.10584" lon="-122.1191">
        <ele>1037.14</ele>
      </trkpt>
      <trkpt lat="41.10578" lon="-122.11914">
        <ele>1037.7</ele>
      </trkpt>
      <trkpt lat="41.10573" lon="-122.11919">
        <ele>1037.92</ele>
      </trkpt>
      <trkpt lat="41.1057" lon="-122.11925">
        <ele>1037.6</ele>
      </trkpt>
      <trkpt lat="41.10567" lon="-122.11942">
        <ele>1036.59</ele>
      </trkpt>
      <trkpt lat="41.10567" lon="-122.11965">
        <ele>1037.87</ele>
      </trkpt>
      <trkpt lat="41.10563" lon="-122.1199">
        <ele>1039.84</ele>
      </trkpt>
      <trkpt lat="41.10557" lon="-122.12025">
        <ele>1044.75</ele>
      </trkpt>
      <trkpt lat="41.10547" lon="-122.12051">
        <ele>1040.93</ele>
      </trkpt>
      <trkpt lat="41.10544" lon="-122.12063">
        <ele>1039.51</ele>
      </trkpt>
      <trkpt lat="41.10542" lon="-122.12079">
        <ele>1037.75</ele>
      </trkpt>
      <trkpt lat="41.10545" lon="-122.12089">
        <ele>1039.49</ele>
      </trkpt>
      <trkpt lat="41.10545" lon="-122.12098">
        <ele>1039.83</ele>
      </trkpt>
      <trkpt lat="41.10539" lon="-122.12112">
        <ele>1040.04</ele>
      </trkpt>
      <trkpt lat="41.10529" lon="-122.12125">
        <ele>1038.53</ele>
      </trkpt>
      <trkpt lat="41.10524" lon="-122.12137">
        <ele>1038.55</ele>
      </trkpt>
      <trkpt lat="41.1052" lon="-122.12152">
        <ele>1039.06</ele>
      </trkpt>
      <trkpt lat="41.10517" lon="-122.12178">
        <ele>1039.24</ele>
      </trkpt>
      <trkpt lat="41.1051" lon="-122.12186">
        <ele>1035.74</ele>
      </trkpt>
      <trkpt lat="41.10503" lon="-122.1219">
        <ele>1034.21</ele>
      </trkpt>
      <trkpt lat="41.10499" lon="-122.12191">
        <ele>1033.36</ele>
      </trkpt>
      <trkpt lat="41.10491" lon="-122.12192">
        <ele>1032.72</ele>
      </trkpt>
      <trkpt lat="41.10481" lon="-122.12195">
        <ele>1033.47</ele>
      </trkpt>
      <trkpt lat="41.10466" lon="-122.12199">
        <ele>1038.3</ele>
      </trkpt>
      <trkpt lat="41.10448" lon="-122.12201">
        <ele>1043.04</ele>
      </trkpt>
      <trkpt lat="41.10437" lon="-122.122">
        <ele>1044.13</ele>
      </trkpt>
      <trkpt lat="41.10433" lon="-122.122">
        <ele>1044.78</ele>
      </trkpt>
      <trkpt lat="41.10399" lon="-122.12193">
        <ele>1045.99</ele>
      </trkpt>
      <trkpt lat="41.10368" lon="-122.12194">
        <ele>1044.49</ele>
      </trkpt>
      <trkpt lat="41.10346" lon="-122.12204">
        <ele>1042.57</ele>
      </trkpt>
      <trkpt lat="41.10339" lon="-122.12211">
        <ele>1042.2</ele>
      </trkpt>
      <trkpt lat="41.10337" lon="-122.12216">
        <ele>1042.78</ele>
      </trkpt>
      <trkpt lat="41.10333" lon="-122.12233">
        <ele>1043.82</ele>
      </trkpt>
      <trkpt lat="41.10334" lon="-122.12254">
        <ele>1045.39</ele>
      </trkpt>
      <trkpt lat="41.10336" lon="-122.12265">
        <ele>1046.11</ele>
      </trkpt>
      <trkpt lat="41.10334" lon="-122.12279">
        <ele>1043.68</ele>
      </trkpt>
      <trkpt lat="41.10329" lon="-122.1229">
        <ele>1043.77</ele>
      </trkpt>
      <trkpt lat="41.10313" lon="-122.123">
        <ele>1041.4</ele>
      </trkpt>
      <trkpt lat="41.10307" lon="-122.12302">
        <ele>1041.62</ele>
      </trkpt>
      <trkpt lat="41.10295" lon="-122.12308">
        <ele>1042.65</ele>
      </trkpt>
      <trkpt lat="41.10289" lon="-122.12313">
        <ele>1043.62</ele>
      </trkpt>
      <trkpt lat="41.10285" lon="-122.12319">
        <ele>1044.46</ele>
      </trkpt>
      <trkpt lat="41.10283" lon="-122.12329">
        <ele>1045.43</ele>
      </trkpt>
      <trkpt lat="41.10287" lon="-122.12342">
        <ele>1046.05</ele>
      </trkpt>
      <trkpt lat="41.10295" lon="-122.12349">
        <ele>1047.79</ele>
      </trkpt>
      <trkpt lat="41.10303" lon="-122.12354">
        <ele>1048.03</ele>
      </trkpt>
      <trkpt lat="41.10317" lon="-122.12357">
        <ele>1047.91</ele>
      </trkpt>
      <trkpt lat="41.1034" lon="-122.12364">
        <ele>1045.98</ele>
      </trkpt>
      <trkpt lat="41.10352" lon="-122.12367">
        <ele>1046.11</ele>
      </trkpt>
      <trkpt lat="41.10365" lon="-122.12373">
        <ele>1045.57</ele>
      </trkpt>
      <trkpt lat="41.10381" lon="-122.12384">
        <ele>1044.73</ele>
      </trkpt>
      <trkpt lat="41.10393" lon="-122.12395">
        <ele>1042.46</ele>
      </trkpt>
      <trkpt lat="41.10397" lon="-122.12397">
        <ele>1042.25</ele>
      </trkpt>
      <trkpt lat="41.10406" lon="-122.124">
        <ele>1042.25</ele>
      </trkpt>
      <trkpt lat="41.10423" lon="-122.12402">
        <ele>1042.44</ele>
      </trkpt>
      <trkpt lat="41.10449" lon="-122.12406">
        <ele>1041.19</ele>
      </trkpt>
      <trkpt lat="41.1046" lon="-122.12412">
        <ele>1038.02</ele>
      </trkpt>
      <trkpt lat="41.1047" lon="-122.12422">
        <ele>1034.0</ele>
      </trkpt>
      <trkpt lat="41.10473" lon="-122.12428">
        <ele>1032.68</ele>
      </trkpt>
      <trkpt lat="41.1048" lon="-122.12437">
        <ele>1033.61</ele>
      </trkpt>
      <trkpt lat="41.10492" lon="-122.12447">
        <ele>1035.58</ele>
      </trkpt>
      <trkpt lat="41.10504" lon="-122.12452">
        <ele>1036.98</ele>
      </trkpt>
      <trkpt lat="41.10518" lon="-122.12454">
        <ele>1037.82</ele>
      </trkpt>
      <trkpt lat="41.10539" lon="-122.12455">
        <ele>1039.8</ele>
      </trkpt>
      <trkpt lat="41.10553" lon="-122.1245">
        <ele>1044.4</ele>
      </trkpt>
      <trkpt lat="41.10567" lon="-122.12446">
        <ele>1046.76</ele>
      </trkpt>
      <trkpt lat="41.10582" lon="-122.12445">
        <ele>1044.93</ele>
      </trkpt>
      <trkpt lat="41.10591" lon="-122.12438">
        <ele>1045.74</ele>
      </trkpt>
      <trkpt lat="41.10603" lon="-122.12424">
        <ele>1047.32</ele>
      </trkpt>
      <trkpt lat="41.10612" lon="-122.12408">
        <ele>1050.35</ele>
      </trkpt>
      <trkpt lat="41.10613" lon="-122.12402">
        <ele>1051.47</ele>
      </trkpt>
      <trkpt lat="41.10615" lon="-122.12389">
        <ele>1055.69</ele>
      </trkpt>
      <trkpt lat="41.10617" lon="-122.12382">
        <ele>1058.07</ele>
      </trkpt>
      <trkpt lat="41.10618" lon="-122.12379">
        <ele>1058.99</ele>
      </trkpt>
      <trkpt lat="41.10622" lon="-122.12379">
        <ele>1058.03</ele>
      </trkpt>
      <trkpt lat="41.10624" lon="-122.12387">
        <ele>1054.11</ele>
      </trkpt>
      <trkpt lat="41.10631" lon="-122.12403">
        <ele>1048.92</ele>
      </trkpt>
      <trkpt lat="41.10635" lon="-122.12411">
        <ele>1050.35</ele>
      </trkpt>
      <trkpt lat="41.10638" lon="-122.12424">
        <ele>1052.06</ele>
      </trkpt>
      <trkpt lat="41.10639" lon="-122.12446">
        <ele>1052.9</ele>
      </trkpt>
      <trkpt lat="41.1064" lon="-122.12459">
        <ele>1052.46</ele>
      </trkpt>
      <trkpt lat="41.10646" lon="-122.12471">
        <ele>1052.97</ele>
      </trkpt>
      <trkpt lat="41.10646" lon="-122.12471">
        <ele>1052.97</ele>
      </trkpt>
      <trkpt lat="41.10658" lon="-122.12478">
        <ele>1049.75</ele>
      </trkpt>
      <trkpt lat="41.10676" lon="-122.12481">
        <ele>1045.26</ele>
      </trkpt>
      <trkpt lat="41.10713" lon="-122.12482">
        <ele>1050.68</ele>
      </trkpt>
      <trkpt lat="41.10736" lon="-122.12479">
        <ele>1057.96</ele>
      </trkpt>
      <trkpt lat="41.10753" lon="-122.12475">
        <ele>1059.85</ele>
      </trkpt>
      <trkpt lat="41.10762" lon="-122.12468">
        <ele>1062.01</ele>
      </trkpt>
      <trkpt lat="41.1077" lon="-122.12456">
        <ele>1065.37</ele>
      </trkpt>
      <trkpt lat="41.10776" lon="-122.1244">
        <ele>1068.01</ele>
      </trkpt>
      <trkpt lat="41.10784" lon="-122.12427">
        <ele>1067.37</ele>
      </trkpt>
      <trkpt lat="41.1079" lon="-122.12421">
        <ele>1064.01</ele>
      </trkpt>
      <trkpt lat="41.10795" lon="-122.12418">
        <ele>1061.2</ele>
      </trkpt>
      <trkpt lat="41.10805" lon="-122.12417">
        <ele>1060.79</ele>
      </trkpt>
      <trkpt lat="41.10822" lon="-122.12417">
        <ele>1064.59</ele>
      </trkpt>
      <trkpt lat="41.10829" lon="-122.12415">
        <ele>1065.46</ele>
      </trkpt>
      <trkpt lat="41.10838" lon="-122.1241">
        <ele>1067.96</ele>
      </trkpt>
      <trkpt lat="41.10849" lon="-122.12403">
        <ele>1068.28</ele>
      </trkpt>
      <trkpt lat="41.1086" lon="-122.12392">
        <ele>1064.83</ele>
      </trkpt>
      <trkpt lat="41.10866" lon="-122.12389">
        <ele>1061.78</ele>
      </trkpt>
      <trkpt lat="41.1088" lon="-122.12389">
        <ele>1063.02</ele>
      </trkpt>
      <trkpt lat="41.10907" lon="-122.12394">
        <ele>1059.75</ele>
      </trkpt>
      <trkpt lat="41.10917" lon="-122.12392">
        <ele>1058.19</ele>
      </trkpt>
      <trkpt lat="41.10926" lon="-122.12385">
        <ele>1057.64</ele>
      </trkpt>
      <trkpt lat="41.10929" lon="-122.12381">
        <ele>1057.47</ele>
      </trkpt>
      <trkpt lat="41.10932" lon="-122.12374">
        <ele>1058.31</ele>
      </trkpt>
      <trkpt lat="41.10934" lon="-122.12354">
        <ele>1064.35</ele>
      </trkpt>
      <trkpt lat="41.10934" lon="-122.12331">
        <ele>1077.36</ele>
      </trkpt>
      <trkpt lat="41.10935" lon="-122.12312">
        <ele>1081.99</ele>
      </trkpt>
      <trkpt lat="41.10939" lon="-122.12307">
        <ele>1082.3</ele>
      </trkpt>
      <trkpt lat="41.10947" lon="-122.12307">
        <ele>1079.98</ele>
      </trkpt>
      <trkpt lat="41.10974" lon="-122.12349">
        <ele>1076.44</ele>
      </trkpt>
      <trkpt lat="41.10987" lon="-122.12359">
        <ele>1078.42</ele>
      </trkpt>
      <trkpt lat="41.10997" lon="-122.12389">
        <ele>1076.02</ele>
      </trkpt>
      <trkpt lat="41.11" lon="-122.12418">
        <ele>1077.0</ele>
      </trkpt>
      <trkpt lat="41.10991" lon="-122.12465">
        <ele>1069.93</ele>
      </trkpt>
      <trkpt lat="41.10994" lon="-122.12475">
        <ele>1071.01</ele>
      </trkpt>
      <trkpt lat="41.10997" lon="-122.12485">
        <ele>1071.88</ele>
      </trkpt>
      <trkpt lat="41.11007" lon="-122.12494">
        <ele>1076.43</ele>
      </trkpt>
      <trkpt lat="41.11017" lon="-122.125">
        <ele>1080.34</ele>
      </trkpt>
      <trkpt lat="41.11025" lon="-122.12501">
        <ele>1081.38</ele>
      </trkpt>
      <trkpt lat="41.11032" lon="-122.12498">
        <ele>1081.74</ele>
      </trkpt>
      <trkpt lat="41.1104" lon="-122.12487">
        <ele>1082.85</ele>
      </trkpt>
      <trkpt lat="41.11061" lon="-122.1247">
        <ele>1081.3</ele>
      </trkpt>
      <trkpt lat="41.11079" lon="-122.12455">
        <ele>1081.66</ele>
      </trkpt>
      <trkpt lat="41.11091" lon="-122.12445">
        <ele>1081.39</ele>
      </trkpt>
      <trkpt lat="41.11097" lon="-122.12436">
        <ele>1081.87</ele>
      </trkpt>
      <trkpt lat="41.11102" lon="-122.1242">
        <ele>1082.57</ele>
      </trkpt>
      <trkpt lat="41.11099" lon="-122.12384">
        <ele>1085.91</ele>
      </trkpt>
      <trkpt lat="41.11101" lon="-122.12368">
        <ele>1085.74</ele>
      </trkpt>
      <trkpt lat="41.11106" lon="-122.12357">
        <ele>1084.85</ele>
      </trkpt>
      <trkpt lat="41.11111" lon="-122.1235">
        <ele>1084.24</ele>
      </trkpt>
      <trkpt lat="41.11116" lon="-122.12349">
        <ele>1083.41</ele>
      </trkpt>
      <trkpt lat="41.11121" lon="-122.12351">
        <ele>1082.25</ele>
      </trkpt>
      <trkpt lat="41.11131" lon="-122.12363">
        <ele>1080.51</ele>
      </trkpt>
      <trkpt lat="41.11153" lon="-122.12393">
        <ele>1078.24</ele>
      </trkpt>
      <trkpt lat="41.11167" lon="-122.12404">
        <ele>1079.14</ele>
      </trkpt>
      <trkpt lat="41.11181" lon="-122.12408">
        <ele>1078.81</ele>
      </trkpt>
      <trkpt lat="41.11197" lon="-122.12408">
        <ele>1079.47</ele>
      </trkpt>
      <trkpt lat="41.1121" lon="-122.1241">
        <ele>1076.52</ele>
      </trkpt>
      <trkpt lat="41.11223" lon="-122.12409">
        <ele>1074.24</ele>
      </trkpt>
      <trkpt lat="41.11235" lon="-122.12416">
        <ele>1071.16</ele>
      </trkpt>
      <trkpt lat="41.11238" lon="-122.12424">
        <ele>1070.77</ele>
      </trkpt>
      <trkpt lat="41.11237" lon="-122.12434">
        <ele>1070.24</ele>
      </trkpt>
      <trkpt lat="41.11235" lon="-122.12439">
        <ele>1069.76</ele>
      </trkpt>
      <trkpt lat="41.11229" lon="-122.12447">
        <ele>1067.65</ele>
      </trkpt>
      <trkpt lat="41.11216" lon="-122.12463">
        <ele>1062.99</ele>
      </trkpt>
      <trkpt lat="41.11209" lon="-122.12478">
        <ele>1063.12</ele>
      </trkpt>
      <trkpt lat="41.11198" lon="-122.12511">
        <ele>1063.77</ele>
      </trkpt>
      <trkpt lat="41.11189" lon="-122.12548">
        <ele>1062.82</ele>
      </trkpt>
      <trkpt lat="41.11185" lon="-122.12573">
        <ele>1061.94</ele>
      </trkpt>
      <trkpt lat="41.11185" lon="-122.12592">
        <ele>1060.0</ele>
      </trkpt>
      <trkpt lat="41.11188" lon="-122.12607">
        <ele>1057.97</ele>
      </trkpt>
      <trkpt lat="41.11192" lon="-122.12618">
        <ele>1057.46</ele>
      </trkpt>
      <trkpt lat="41.11198" lon="-122.12628">
        <ele>1057.19</ele>
      </trkpt>
      <trkpt lat="41.11208" lon="-122.12637">
        <ele>1057.8</ele>
      </trkpt>
      <trkpt lat="41.11216" lon="-122.12646">
        <ele>1058.78</ele>
      </trkpt>
      <trkpt lat="41.11227" lon="-122.12661">
        <ele>1059.09</ele>
      </trkpt>
      <trkpt lat="41.11237" lon="-122.12672">
        <ele>1059.06</ele>
      </trkpt>
      <trkpt lat="41.11247" lon="-122.12679">
        <ele>1058.68</ele>
      </trkpt>
      <trkpt lat="41.11255" lon="-122.12682">
        <ele>1058.57</ele>
      </trkpt>
      <trkpt lat="41.11259" lon="-122.12682">
        <ele>1059.0</ele>
      </trkpt>
      <trkpt lat="41.1127" lon="-122.12678">
        <ele>1059.17</ele>
      </trkpt>
      <trkpt lat="41.1131" lon="-122.12661">
        <ele>1059.67</ele>
      </trkpt>
      <trkpt lat="41.11333" lon="-122.12649">
        <ele>1059.79</ele>
      </trkpt>
      <trkpt lat="41.11363" lon="-122.12638">
        <ele>1057.88</ele>
      </trkpt>
      <trkpt lat="41.11374" lon="-122.12633">
        <ele>1057.12</ele>
      </trkpt>
      <trkpt lat="41.11379" lon="-122.1263">
        <ele>1057.02</ele>
      </trkpt>
      <trkpt lat="41.11387" lon="-122.1262">
        <ele>1059.32</ele>
      </trkpt>
      <trkpt lat="41.11401" lon="-122.12595">
        <ele>1064.09</ele>
      </trkpt>
      <trkpt lat="41.11429" lon="-122.12559">
        <ele>1068.34</ele>
      </trkpt>
      <trkpt lat="41.11454" lon="-122.12528">
        <ele>1069.89</ele>
      </trkpt>
      <trkpt lat="41.11516" lon="-122.12443">
        <ele>1073.47</ele>
      </trkpt>
      <trkpt lat="41.11522" lon="-122.12432">
        <ele>1074.18</ele>
      </trkpt>
      <trkpt lat="41.11526" lon="-122.1242">
        <ele>1075.66</ele>
      </trkpt>
      <trkpt lat="41.11527" lon="-122.12416">
        <ele>1076.32</ele>
      </trkpt>
      <trkpt lat="41.11533" lon="-122.12394">
        <ele>1079.77</ele>
      </trkpt>
      <trkpt lat="41.11536" lon="-122.12387">
        <ele>1080.63</ele>
      </trkpt>
      <trkpt lat="41.11541" lon="-122.12381">
        <ele>1081.7</ele>
      </trkpt>
      <trkpt lat="41.11544" lon="-122.12379">
        <ele>1082.07</ele>
      </trkpt>
      <trkpt lat="41.1155" lon="-122.12377">
        <ele>1082.0</ele>
      </trkpt>
      <trkpt lat="41.11555" lon="-122.12377">
        <ele>1081.61</ele>
      </trkpt>
      <trkpt lat="41.11564" lon="-122.1238">
        <ele>1080.88</ele>
      </trkpt>
      <trkpt lat="41.1157" lon="-122.1238">
        <ele>1080.34</ele>
      </trkpt>
      <trkpt lat="41.11579" lon="-122.12377">
        <ele>1080.85</ele>
      </trkpt>
      <trkpt lat="41.11587" lon="-122.12376">
        <ele>1081.02</ele>
      </trkpt>
      <trkpt lat="41.11595" lon="-122.12377">
        <ele>1080.57</ele>
      </trkpt>
      <trkpt lat="41.11603" lon="-122.12382">
        <ele>1079.52</ele>
      </trkpt>
      <trkpt lat="41.11607" lon="-122.12388">
        <ele>1078.69</ele>
      </trkpt>
      <trkpt lat="41.11604" lon="-122.12399">
        <ele>1079.56</ele>
      </trkpt>
      <trkpt lat="41.11593" lon="-122.12419">
        <ele>1079.38</ele>
      </trkpt>
      <trkpt lat="41.11587" lon="-122.12438">
        <ele>1080.49</ele>
      </trkpt>
      <trkpt lat="41.11582" lon="-122.12459">
        <ele>1079.57</ele>
      </trkpt>
      <trkpt lat="41.1158" lon="-122.12469">
        <ele>1078.92</ele>
      </trkpt>
      <trkpt lat="41.11581" lon="-122.12481">
        <ele>1079.48</ele>
      </trkpt>
      <trkpt lat="41.11586" lon="-122.12491">
        <ele>1080.86</ele>
      </trkpt>
      <trkpt lat="41.11597" lon="-122.12502">
        <ele>1083.21</ele>
      </trkpt>
      <trkpt lat="41.11613" lon="-122.12508">
        <ele>1086.57</ele>
      </trkpt>
      <trkpt lat="41.11646" lon="-122.12521">
        <ele>1093.0</ele>
      </trkpt>
      <trkpt lat="41.11663" lon="-122.12532">
        <ele>1093.75</ele>
      </trkpt>
      <trkpt lat="41.11705" lon="-122.12561">
        <ele>1097.61</ele>
      </trkpt>
      <trkpt lat="41.11728" lon="-122.12579">
        <ele>1099.92</ele>
      </trkpt>
      <trkpt lat="41.11756" lon="-122.12606">
        <ele>1109.3</ele>
      </trkpt>
      <trkpt lat="41.11774" lon="-122.1262">
        <ele>1113.6</ele>
      </trkpt>
      <trkpt lat="41.11788" lon="-122.12629">
        <ele>1116.11</ele>
      </trkpt>
      <trkpt lat="41.11811" lon="-122.12643">
        <ele>1120.21</ele>
      </trkpt>
      <trkpt lat="41.1182" lon="-122.12649">
        <ele>1121.18</ele>
      </trkpt>
      <trkpt lat="41.11823" lon="-122.12656">
        <ele>1122.7</ele>
      </trkpt>
      <trkpt lat="41.11821" lon="-122.12662">
        <ele>1123.99</ele>
      </trkpt>
      <trkpt lat="41.11816" lon="-122.12667">
        <ele>1125.07</ele>
      </trkpt>
      <trkpt lat="41.11801" lon="-122.12666">
        <ele>1124.36</ele>
      </trkpt>
      <trkpt lat="41.11798" lon="-122.12665">
        <ele>1123.82</ele>
      </trkpt>
      <trkpt lat="41.11779" lon="-122.12662">
        <ele>1122.55</ele>
      </trkpt>
      <trkpt lat="41.11767" lon="-122.12663">
        <ele>1122.14</ele>
      </trkpt>
      <trkpt lat="41.11763" lon="-122.12664">
        <ele>1122.25</ele>
      </trkpt>
      <trkpt lat="41.11744" lon="-122.12676">
        <ele>1126.03</ele>
      </trkpt>
      <trkpt lat="41.11734" lon="-122.12678">
        <ele>1126.9</ele>
      </trkpt>
      <trkpt lat="41.11731" lon="-122.12678">
        <ele>1126.9</ele>
      </trkpt>
      <trkpt lat="41.11722" lon="-122.12671">
        <ele>1124.4</ele>
      </trkpt>
      <trkpt lat="41.11708" lon="-122.12664">
        <ele>1121.85</ele>
      </trkpt>
      <trkpt lat="41.11704" lon="-122.12664">
        <ele>1121.85</ele>
      </trkpt>
      <trkpt lat="41.11666" lon="-122.12659">
        <ele>1119.52</ele>
      </trkpt>
      <trkpt lat="41.11639" lon="-122.12661">
        <ele>1119.17</ele>
      </trkpt>
      <trkpt lat="41.11621" lon="-122.12668">
        <ele>1118.57</ele>
      </trkpt>
      <trkpt lat="41.11607" lon="-122.12679">
        <ele>1119.11</ele>
      </trkpt>
      <trkpt lat="41.11595" lon="-122.12696">
        <ele>1120.12</ele>
      </trkpt>
      <trkpt lat="41.11583" lon="-122.12725">
        <ele>1122.16</ele>
      </trkpt>
      <trkpt lat="41.11576" lon="-122.12757">
        <ele>1123.19</ele>
      </trkpt>
      <trkpt lat="41.11573" lon="-122.12783">
        <ele>1125.22</ele>
      </trkpt>
      <trkpt lat="41.11576" lon="-122.12799">
        <ele>1126.33</ele>
      </trkpt>
      <trkpt lat="41.11582" lon="-122.12809">
        <ele>1127.2</ele>
      </trkpt>
      <trkpt lat="41.11596" lon="-122.12816">
        <ele>1130.85</ele>
      </trkpt>
      <trkpt lat="41.1161" lon="-122.12824">
        <ele>1133.65</ele>
      </trkpt>
      <trkpt lat="41.11635" lon="-122.12845">
        <ele>1135.64</ele>
      </trkpt>
      <trkpt lat="41.11639" lon="-122.12846">
        <ele>1136.3</ele>
      </trkpt>
      <trkpt lat="41.11659" lon="-122.12855">
        <ele>1139.32</ele>
      </trkpt>
      <trkpt lat="41.1167" lon="-122.12863">
        <ele>1139.39</ele>
      </trkpt>
      <trkpt lat="41.11687" lon="-122.12893">
        <ele>1130.62</ele>
      </trkpt>
      <trkpt lat="41.117" lon="-122.12908">
        <ele>1127.61</ele>
      </trkpt>
      <trkpt lat="41.11735" lon="-122.12933">
        <ele>1129.56</ele>
      </trkpt>
      <trkpt lat="41.11752" lon="-122.12941">
        <ele>1130.92</ele>
      </trkpt>
      <trkpt lat="41.11766" lon="-122.12946">
        <ele>1131.95</ele>
      </trkpt>
      <trkpt lat="41.11766" lon="-122.12946">
        <ele>1131.95</ele>
      </trkpt>
      <trkpt lat="41.11769" lon="-122.12947">
        <ele>1132.28</ele>
      </trkpt>
      <trkpt lat="41.11784" lon="-122.12949">
        <ele>1134.87</ele>
      </trkpt>
      <trkpt lat="41.11805" lon="-122.12945">
        <ele>1139.76</ele>
      </trkpt>
      <trkpt lat="41.11837" lon="-122.12934">
        <ele>1151.3</ele>
      </trkpt>
      <trkpt lat="41.11898" lon="-122.12904">
        <ele>1167.11</ele>
      </trkpt>
      <trkpt lat="41.11909" lon="-122.12894">
        <ele>1170.34</ele>
      </trkpt>
      <trkpt lat="41.11924" lon="-122.12884">
        <ele>1173.06</ele>
      </trkpt>
      <trkpt lat="41.11936" lon="-122.12883">
        <ele>1174.81</ele>
      </trkpt>
      <trkpt lat="41.11947" lon="-122.12888">
        <ele>1176.1</ele>
      </trkpt>
      <trkpt lat="41.11962" lon="-122.12902">
        <ele>1175.96</ele>
      </trkpt>
      <trkpt lat="41.11986" lon="-122.12923">
        <ele>1172.97</ele>
      </trkpt>
      <trkpt lat="41.12" lon="-122.1293">
        <ele>1173.12</ele>
      </trkpt>
      <trkpt lat="41.12018" lon="-122.12934">
        <ele>1174.2</ele>
      </trkpt>
      <trkpt lat="41.12034" lon="-122.1294">
        <ele>1173.11</ele>
      </trkpt>
      <trkpt lat="41.12041" lon="-122.12945">
        <ele>1172.19</ele>
      </trkpt>
      <trkpt lat="41.12049" lon="-122.12956">
        <ele>1168.08</ele>
      </trkpt>
      <trkpt lat="41.12062" lon="-122.12964">
        <ele>1165.66</ele>
      </trkpt>
      <trkpt lat="41.1207" lon="-122.12967">
        <ele>1165.01</ele>
      </trkpt>
      <trkpt lat="41.12081" lon="-122.12964">
        <ele>1166.55</ele>
      </trkpt>
      <trkpt lat="41.12099" lon="-122.12958">
        <ele>1168.61</ele>
      </trkpt>
      <trkpt lat="41.12104" lon="-122.12958">
        <ele>1168.82</ele>
      </trkpt>
      <trkpt lat="41.12111" lon="-122.12958">
        <ele>1169.52</ele>
      </trkpt>
      <trkpt lat="41.12117" lon="-122.12961">
        <ele>1170.35</ele>
      </trkpt>
      <trkpt lat="41.12125" lon="-122.12972">
        <ele>1172.5</ele>
      </trkpt>
      <trkpt lat="41.12125" lon="-122.12977">
        <ele>1172.5</ele>
      </trkpt>
      <trkpt lat="41.12129" lon="-122.12998">
        <ele>1171.96</ele>
      </trkpt>
      <trkpt lat="41.12135" lon="-122.13017">
        <ele>1169.23</ele>
      </trkpt>
      <trkpt lat="41.12144" lon="-122.13028">
        <ele>1169.05</ele>
      </trkpt>
      <trkpt lat="41.12159" lon="-122.13037">
        <ele>1170.53</ele>
      </trkpt>
      <trkpt lat="41.12173" lon="-122.13038">
        <ele>1174.64</ele>
      </trkpt>
      <trkpt lat="41.12201" lon="-122.13032">
        <ele>1186.91</ele>
      </trkpt>
      <trkpt lat="41.12209" lon="-122.13036">
        <ele>1189.13</ele>
      </trkpt>
      <trkpt lat="41.12218" lon="-122.13051">
        <ele>1190.94</ele>
      </trkpt>
      <trkpt lat="41.1222" lon="-122.13064">
        <ele>1192.49</ele>
      </trkpt>
      <trkpt lat="41.12216" lon="-122.13079">
        <ele>1191.5</ele>
      </trkpt>
      <trkpt lat="41.12212" lon="-122.13094">
        <ele>1190.66</ele>
      </trkpt>
      <trkpt lat="41.12198" lon="-122.13152">
        <ele>1192.59</ele>
      </trkpt>
      <trkpt lat="41.12192" lon="-122.13182">
        <ele>1194.34</ele>
      </trkpt>
      <trkpt lat="41.12186" lon="-122.13204">
        <ele>1194.38</ele>
      </trkpt>
      <trkpt lat="41.12186" lon="-122.13219">
        <ele>1196.51</ele>
      </trkpt>
      <trkpt lat="41.12191" lon="-122.13228">
        <ele>1198.88</ele>
      </trkpt>
      <trkpt lat="41.12204" lon="-122.13235">
        <ele>1201.0</ele>
      </trkpt>
      <trkpt lat="41.12215" lon="-122.13234">
        <ele>1201.0</ele>
      </trkpt>
      <trkpt lat="41.12232" lon="-122.13231">
        <ele>1201.0</ele>
      </trkpt>
      <trkpt lat="41.12247" lon="-122.13221">
        <ele>1200.46</ele>
      </trkpt>
      <trkpt lat="41.12256" lon="-122.13209">
        <ele>1201.21</ele>
      </trkpt>
      <trkpt lat="41.12268" lon="-122.13198">
        <ele>1202.29</ele>
      </trkpt>
      <trkpt lat="41.12281" lon="-122.13194">
        <ele>1200.45</ele>
      </trkpt>
      <trkpt lat="41.12302" lon="-122.13191">
        <ele>1193.02</ele>
      </trkpt>
      <trkpt lat="41.12318" lon="-122.13175">
        <ele>1190.44</ele>
      </trkpt>
      <trkpt lat="41.12334" lon="-122.13157">
        <ele>1188.86</ele>
      </trkpt>
      <trkpt lat="41.12353" lon="-122.13153">
        <ele>1183.13</ele>
      </trkpt>
      <trkpt lat="41.12376" lon="-122.13154">
        <ele>1177.99</ele>
      </trkpt>
      <trkpt lat="41.12401" lon="-122.13166">
        <ele>1166.79</ele>
      </trkpt>
      <trkpt lat="41.12416" lon="-122.13179">
        <ele>1159.34</ele>
      </trkpt>
      <trkpt lat="41.12432" lon="-122.1319">
        <ele>1153.92</ele>
      </trkpt>
      <trkpt lat="41.12447" lon="-122.13198">
        <ele>1150.85</ele>
      </trkpt>
      <trkpt lat="41.12466" lon="-122.13202">
        <ele>1148.74</ele>
      </trkpt>
      <trkpt lat="41.12486" lon="-122.13203">
        <ele>1148.3</ele>
      </trkpt>
      <trkpt lat="41.12505" lon="-122.13201">
        <ele>1147.63</ele>
      </trkpt>
      <trkpt lat="41.1252" lon="-122.13195">
        <ele>1148.45</ele>
      </trkpt>
      <trkpt lat="41.12562" lon="-122.13161">
        <ele>1143.44</ele>
      </trkpt>
      <trkpt lat="41.12573" lon="-122.13149">
        <ele>1140.37</ele>
      </trkpt>
      <trkpt lat="41.12576" lon="-122.13136">
        <ele>1141.27</ele>
      </trkpt>
      <trkpt lat="41.12577" lon="-122.13119">
        <ele>1142.57</ele>
      </trkpt>
      <trkpt lat="41.12581" lon="-122.13092">
        <ele>1143.32</ele>
      </trkpt>
      <trkpt lat="41.12592" lon="-122.13052">
        <ele>1139.7</ele>
      </trkpt>
      <trkpt lat="41.12593" lon="-122.13026">
        <ele>1141.97</ele>
      </trkpt>
      <trkpt lat="41.12598" lon="-122.13011">
        <ele>1140.89</ele>
      </trkpt>
      <trkpt lat="41.12606" lon="-122.13">
        <ele>1138.21</ele>
      </trkpt>
      <trkpt lat="41.12614" lon="-122.1299">
        <ele>1135.83</ele>
      </trkpt>
      <trkpt lat="41.12623" lon="-122.12976">
        <ele>1132.75</ele>
      </trkpt>
      <trkpt lat="41.12633" lon="-122.1297">
        <ele>1128.78</ele>
      </trkpt>
      <trkpt lat="41.12654" lon="-122.12966">
        <ele>1119.72</ele>
      </trkpt>
      <trkpt lat="41.12662" lon="-122.12961">
        <ele>1115.63</ele>
      </trkpt>
      <trkpt lat="41.12663" lon="-122.12958">
        <ele>1115.3</ele>
      </trkpt>
      <trkpt lat="41.12666" lon="-122.12952">
        <ele>1114.29</ele>
      </trkpt>
      <trkpt lat="41.12665" lon="-122.12945">
        <ele>1114.72</ele>
      </trkpt>
      <trkpt lat="41.12657" lon="-122.12934">
        <ele>1119.18</ele>
      </trkpt>
      <trkpt lat="41.12644" lon="-122.12922">
        <ele>1125.24</ele>
      </trkpt>
      <trkpt lat="41.12631" lon="-122.1291">
        <ele>1132.26</ele>
      </trkpt>
      <trkpt lat="41.12623" lon="-122.12899">
        <ele>1137.49</ele>
      </trkpt>
      <trkpt lat="41.12614" lon="-122.1288">
        <ele>1142.41</ele>
      </trkpt>
      <trkpt lat="41.12605" lon="-122.12868">
        <ele>1147.3</ele>
      </trkpt>
      <trkpt lat="41.12598" lon="-122.12861">
        <ele>1150.66</ele>
      </trkpt>
      <trkpt lat="41.12593" lon="-122.12854">
        <ele>1152.82</ele>
      </trkpt>
      <trkpt lat="41.12592" lon="-122.12849">
        <ele>1153.61</ele>
      </trkpt>
      <trkpt lat="41.12594" lon="-122.12844">
        <ele>1153.11</ele>
      </trkpt>
      <trkpt lat="41.12598" lon="-122.12841">
        <ele>1151.18</ele>
      </trkpt>
      <trkpt lat="41.126" lon="-122.12836">
        <ele>1150.57</ele>
      </trkpt>
      <trkpt lat="41.12601" lon="-122.12828">
        <ele>1150.42</ele>
      </trkpt>
      <trkpt lat="41.12605" lon="-122.12825">
        <ele>1148.61</ele>
      </trkpt>
      <trkpt lat="41.12617" lon="-122.12841">
        <ele>1141.29</ele>
      </trkpt>
      <trkpt lat="41.12634" lon="-122.12848">
        <ele>1131.25</ele>
      </trkpt>
      <trkpt lat="41.12648" lon="-122.1285">
        <ele>1123.48</ele>
      </trkpt>
      <trkpt lat="41.1266" lon="-122.12844">
        <ele>1119.86</ele>
      </trkpt>
      <trkpt lat="41.12668" lon="-122.12824">
        <ele>1120.44</ele>
      </trkpt>
      <trkpt lat="41.12682" lon="-122.12794">
        <ele>1120.96</ele>
      </trkpt>
      <trkpt lat="41.12696" lon="-122.12776">
        <ele>1118.71</ele>
      </trkpt>
      <trkpt lat="41.127" lon="-122.12773">
        <ele>1117.63</ele>
      </trkpt>
      <trkpt lat="41.12742" lon="-122.12736">
        <ele>1102.41</ele>
      </trkpt>
      <trkpt lat="41.12758" lon="-122.12727">
        <ele>1096.03</ele>
      </trkpt>
      <trkpt lat="41.12763" lon="-122.12718">
        <ele>1094.84</ele>
      </trkpt>
      <trkpt lat="41.12766" lon="-122.12705">
        <ele>1094.95</ele>
      </trkpt>
      <trkpt lat="41.12763" lon="-122.12679">
        <ele>1099.05</ele>
      </trkpt>
      <trkpt lat="41.1276" lon="-122.12667">
        <ele>1101.64</ele>
      </trkpt>
      <trkpt lat="41.12772" lon="-122.1262">
        <ele>1100.14</ele>
      </trkpt>
      <trkpt lat="41.12775" lon="-122.12603">
        <ele>1098.8</ele>
      </trkpt>
      <trkpt lat="41.12776" lon="-122.12573">
        <ele>1097.54</ele>
      </trkpt>
      <trkpt lat="41.12779" lon="-122.1257">
        <ele>1095.87</ele>
      </trkpt>
      <trkpt lat="41.12785" lon="-122.12565">
        <ele>1095.22</ele>
      </trkpt>
      <trkpt lat="41.12791" lon="-122.12569">
        <ele>1096.33</ele>
      </trkpt>
      <trkpt lat="41.12794" lon="-122.12572">
        <ele>1096.84</ele>
      </trkpt>
      <trkpt lat="41.12812" lon="-122.12638">
        <ele>1090.79</ele>
      </trkpt>
      <trkpt lat="41.12821" lon="-122.12658">
        <ele>1088.23</ele>
      </trkpt>
      <trkpt lat="41.12829" lon="-122.12665">
        <ele>1087.99</ele>
      </trkpt>
      <trkpt lat="41.12838" lon="-122.12671">
        <ele>1088.07</ele>
      </trkpt>
      <trkpt lat="41.12845" lon="-122.12671">
        <ele>1089.58</ele>
      </trkpt>
      <trkpt lat="41.12851" lon="-122.12664">
        <ele>1092.39</ele>
      </trkpt>
      <trkpt lat="41.12854" lon="-122.12659">
        <ele>1094.16</ele>
      </trkpt>
      <trkpt lat="41.12859" lon="-122.12657">
        <ele>1095.64</ele>
      </trkpt>
      <trkpt lat="41.12863" lon="-122.12661">
        <ele>1096.02</ele>
      </trkpt>
      <trkpt lat="41.12862" lon="-122.12678">
        <ele>1093.06</ele>
      </trkpt>
      <trkpt lat="41.12866" lon="-122.12708">
        <ele>1090.12</ele>
      </trkpt>
      <trkpt lat="41.12873" lon="-122.12731">
        <ele>1088.92</ele>
      </trkpt>
      <trkpt lat="41.12882" lon="-122.12747">
        <ele>1088.24</ele>
      </trkpt>
      <trkpt lat="41.12889" lon="-122.12753">
        <ele>1088.4</ele>
      </trkpt>
      <trkpt lat="41.12897" lon="-122.12752">
        <ele>1091.88</ele>
      </trkpt>
      <trkpt lat="41.12906" lon="-122.12748">
        <ele>1095.31</ele>
      </trkpt>
      <trkpt lat="41.12913" lon="-122.12743">
        <ele>1098.48</ele>
      </trkpt>
      <trkpt lat="41.1292" lon="-122.12747">
        <ele>1098.82</ele>
      </trkpt>
      <trkpt lat="41.1292" lon="-122.12755">
        <ele>1097.54</ele>
      </trkpt>
      <trkpt lat="41.12901" lon="-122.12783">
        <ele>1087.54</ele>
      </trkpt>
      <trkpt lat="41.1289" lon="-122.12814">
        <ele>1082.48</ele>
      </trkpt>
      <trkpt lat="41.12887" lon="-122.12838">
        <ele>1080.68</ele>
      </trkpt>
      <trkpt lat="41.12886" lon="-122.12882">
        <ele>1080.75</ele>
      </trkpt>
      <trkpt lat="41.12877" lon="-122.12934">
        <ele>1076.58</ele>
      </trkpt>
      <trkpt lat="41.12866" lon="-122.1298">
        <ele>1069.17</ele>
      </trkpt>
      <trkpt lat="41.12861" lon="-122.13003">
        <ele>1063.62</ele>
      </trkpt>
      <trkpt lat="41.12859" lon="-122.13037">
        <ele>1058.1</ele>
      </trkpt>
      <trkpt lat="41.12865" lon="-122.1305">
        <ele>1058.28</ele>
      </trkpt>
      <trkpt lat="41.12871" lon="-122.13052">
        <ele>1060.82</ele>
      </trkpt>
      <trkpt lat="41.12883" lon="-122.13052">
        <ele>1069.18</ele>
      </trkpt>
      <trkpt lat="41.12887" lon="-122.13055">
        <ele>1071.64</ele>
      </trkpt>
      <trkpt lat="41.12886" lon="-122.13061">
        <ele>1070.63</ele>
      </trkpt>
      <trkpt lat="41.1288" lon="-122.1307">
        <ele>1065.3</ele>
      </trkpt>
      <trkpt lat="41.12865" lon="-122.13084">
        <ele>1056.68</ele>
      </trkpt>
      <trkpt lat="41.12854" lon="-122.13098">
        <ele>1052.25</ele>
      </trkpt>
      <trkpt lat="41.12852" lon="-122.13102">
        <ele>1051.06</ele>
      </trkpt>
      <trkpt lat="41.12846" lon="-122.13118">
        <ele>1048.36</ele>
      </trkpt>
      <trkpt lat="41.12841" lon="-122.13149">
        <ele>1044.55</ele>
      </trkpt>
      <trkpt lat="41.12842" lon="-122.13184">
        <ele>1039.94</ele>
      </trkpt>
      <trkpt lat="41.1284" lon="-122.13206">
        <ele>1036.26</ele>
      </trkpt>
      <trkpt lat="41.12837" lon="-122.13232">
        <ele>1033.4</ele>
      </trkpt>
      <trkpt lat="41.12836" lon="-122.13245">
        <ele>1033.29</ele>
      </trkpt>
      <trkpt lat="41.12839" lon="-122.13258">
        <ele>1033.28</ele>
      </trkpt>
      <trkpt lat="41.12845" lon="-122.13265">
        <ele>1034.52</ele>
      </trkpt>
      <trkpt lat="41.12858" lon="-122.13273">
        <ele>1038.8</ele>
      </trkpt>
      <trkpt lat="41.12859" lon="-122.13278">
        <ele>1040.11</ele>
      </trkpt>
      <trkpt lat="41.12855" lon="-122.13282">
        <ele>1038.82</ele>
      </trkpt>
      <trkpt lat="41.12848" lon="-122.13284">
        <ele>1036.56</ele>
      </trkpt>
      <trkpt lat="41.12839" lon="-122.13292">
        <ele>1034.55</ele>
      </trkpt>
      <trkpt lat="41.1283" lon="-122.13306">
        <ele>1032.31</ele>
      </trkpt>
      <trkpt lat="41.1282" lon="-122.13342">
        <ele>1028.27</ele>
      </trkpt>
      <trkpt lat="41.12808" lon="-122.13379">
        <ele>1021.6</ele>
      </trkpt>
      <trkpt lat="41.12805" lon="-122.13404">
        <ele>1020.19</ele>
      </trkpt>
      <trkpt lat="41.12805" lon="-122.13413">
        <ele>1019.82</ele>
      </trkpt>
      <trkpt lat="41.12805" lon="-122.13413">
        <ele>1019.82</ele>
      </trkpt>
      <trkpt lat="41.12808" lon="-122.13418">
        <ele>1021.09</ele>
      </trkpt>
      <trkpt lat="41.12814" lon="-122.13422">
        <ele>1024.17</ele>
      </trkpt>
      <trkpt lat="41.12823" lon="-122.13425">
        <ele>1031.09</ele>
      </trkpt>
      <trkpt lat="41.12822" lon="-122.13431">
        <ele>1030.43</ele>
      </trkpt>
      <trkpt lat="41.12817" lon="-122.13434">
        <ele>1026.65</ele>
      </trkpt>
      <trkpt lat="41.12807" lon="-122.13447">
        <ele>1020.89</ele>
      </trkpt>
      <trkpt lat="41.12802" lon="-122.13462">
        <ele>1017.53</ele>
      </trkpt>
      <trkpt lat="41.12804" lon="-122.13474">
        <ele>1018.14</ele>
      </trkpt>
      <trkpt lat="41.12805" lon="-122.13487">
        <ele>1017.76</ele>
      </trkpt>
      <trkpt lat="41.12806" lon="-122.13497">
        <ele>1018.8</ele>
      </trkpt>
      <trkpt lat="41.12806" lon="-122.13507">
        <ele>1019.85</ele>
      </trkpt>
      <trkpt lat="41.12803" lon="-122.13509">
        <ele>1019.14</ele>
      </trkpt>
      <trkpt lat="41.128" lon="-122.1351">
        <ele>1018.33</ele>
      </trkpt>
      <trkpt lat="41.12784" lon="-122.13505">
        <ele>1013.06</ele>
      </trkpt>
      <trkpt lat="41.12781" lon="-122.13505">
        <ele>1012.59</ele>
      </trkpt>
      <trkpt lat="41.12775" lon="-122.13507">
        <ele>1011.91</ele>
      </trkpt>
      <trkpt lat="41.12763" lon="-122.13518">
        <ele>1010.16</ele>
      </trkpt>
      <trkpt lat="41.12747" lon="-122.13539">
        <ele>1008.71</ele>
      </trkpt>
      <trkpt lat="41.12744" lon="-122.13542">
        <ele>1008.43</ele>
      </trkpt>
      <trkpt lat="41.12728" lon="-122.13559">
        <ele>1005.01</ele>
      </trkpt>
      <trkpt lat="41.12716" lon="-122.13584">
        <ele>1002.98</ele>
      </trkpt>
      <trkpt lat="41.12714" lon="-122.13587">
        <ele>1002.34</ele>
      </trkpt>
      <trkpt lat="41.12704" lon="-122.13608">
        <ele>1000.06</ele>
      </trkpt>
      <trkpt lat="41.12703" lon="-122.13613">
        <ele>999.64</ele>
      </trkpt>
      <trkpt lat="41.12696" lon="-122.13636">
        <ele>995.65</ele>
      </trkpt>
      <trkpt lat="41.12696" lon="-122.13654">
        <ele>993.07</ele>
      </trkpt>
      <trkpt lat="41.12697" lon="-122.13687">
        <ele>987.8</ele>
      </trkpt>
      <trkpt lat="41.12701" lon="-122.13705">
        <ele>986.25</ele>
      </trkpt>
      <trkpt lat="41.12715" lon="-122.13762">
        <ele>985.65</ele>
      </trkpt>
      <trkpt lat="41.12717" lon="-122.13778">
        <ele>984.71</ele>
      </trkpt>
      <trkpt lat="41.12715" lon="-122.13818">
        <ele>976.46</ele>
      </trkpt>
      <trkpt lat="41.12718" lon="-122.13857">
        <ele>972.99</ele>
      </trkpt>
      <trkpt lat="41.12722" lon="-122.13883">
        <ele>971.61</ele>
      </trkpt>
      <trkpt lat="41.12727" lon="-122.13893">
        <ele>971.52</ele>
      </trkpt>
      <trkpt lat="41.12734" lon="-122.13905">
        <ele>971.53</ele>
      </trkpt>
      <trkpt lat="41.12739" lon="-122.13909">
        <ele>971.95</ele>
      </trkpt>
      <trkpt lat="41.12741" lon="-122.13913">
        <ele>972.63</ele>
      </trkpt>
      <trkpt lat="41.12741" lon="-122.1392">
        <ele>973.03</ele>
      </trkpt>
      <trkpt lat="41.12738" lon="-122.13922">
        <ele>972.58</ele>
      </trkpt>
      <trkpt lat="41.12732" lon="-122.13924">
        <ele>971.86</ele>
      </trkpt>
      <trkpt lat="41.12718" lon="-122.13935">
        <ele>970.08</ele>
      </trkpt>
      <trkpt lat="41.12705" lon="-122.13948">
        <ele>968.28</ele>
      </trkpt>
      <trkpt lat="41.12689" lon="-122.13968">
        <ele>965.64</ele>
      </trkpt>
      <trkpt lat="41.12674" lon="-122.13993">
        <ele>964.14</ele>
      </trkpt>
      <trkpt lat="41.12663" lon="-122.14023">
        <ele>963.21</ele>
      </trkpt>
      <trkpt lat="41.12656" lon="-122.14052">
        <ele>962.6</ele>
      </trkpt>
      <trkpt lat="41.12649" lon="-122.14074">
        <ele>961.28</ele>
      </trkpt>
      <trkpt lat="41.12647" lon="-122.14078">
        <ele>960.7</ele>
      </trkpt>
      <trkpt lat="41.12639" lon="-122.1411">
        <ele>956.16</ele>
      </trkpt>
      <trkpt lat="41.12635" lon="-122.14128">
        <ele>954.6</ele>
      </trkpt>
      <trkpt lat="41.1263" lon="-122.14149">
        <ele>953.79</ele>
      </trkpt>
      <trkpt lat="41.12631" lon="-122.14164">
        <ele>951.84</ele>
      </trkpt>
      <trkpt lat="41.12634" lon="-122.14178">
        <ele>949.36</ele>
      </trkpt>
      <trkpt lat="41.12638" lon="-122.14186">
        <ele>947.2</ele>
      </trkpt>
      <trkpt lat="41.12647" lon="-122.14195">
        <ele>945.89</ele>
      </trkpt>
      <trkpt lat="41.12653" lon="-122.14205">
        <ele>944.24</ele>
      </trkpt>
      <trkpt lat="41.12659" lon="-122.1422">
        <ele>941.82</ele>
      </trkpt>
      <trkpt lat="41.12659" lon="-122.14225">
        <ele>940.99</ele>
      </trkpt>
      <trkpt lat="41.12669" lon="-122.14242">
        <ele>939.23</ele>
      </trkpt>
      <trkpt lat="41.12671" lon="-122.14245">
        <ele>939.02</ele>
      </trkpt>
      <trkpt lat="41.12697" lon="-122.14267">
        <ele>939.88</ele>
      </trkpt>
      <trkpt lat="41.12701" lon="-122.14277">
        <ele>938.58</ele>
      </trkpt>
      <trkpt lat="41.12707" lon="-122.14293">
        <ele>935.01</ele>
      </trkpt>
      <trkpt lat="41.12718" lon="-122.14319">
        <ele>930.94</ele>
      </trkpt>
      <trkpt lat="41.12734" lon="-122.14347">
        <ele>927.32</ele>
      </trkpt>
      <trkpt lat="41.12749" lon="-122.1437">
        <ele>921.05</ele>
      </trkpt>
      <trkpt lat="41.12755" lon="-122.14379">
        <ele>918.74</ele>
      </trkpt>
      <trkpt lat="41.12763" lon="-122.14383">
        <ele>918.31</ele>
      </trkpt>
      <trkpt lat="41.12772" lon="-122.14386">
        <ele>917.94</ele>
      </trkpt>
      <trkpt lat="41.12783" lon="-122.14386">
        <ele>918.32</ele>
      </trkpt>
      <trkpt lat="41.12794" lon="-122.14383">
        <ele>919.27</ele>
      </trkpt>
      <trkpt lat="41.12806" lon="-122.14379">
        <ele>920.09</ele>
      </trkpt>
      <trkpt lat="41.12816" lon="-122.14373">
        <ele>920.4</ele>
      </trkpt>
      <trkpt lat="41.12826" lon="-122.14368">
        <ele>921.3</ele>
      </trkpt>
      <trkpt lat="41.12833" lon="-122.14361">
        <ele>922.07</ele>
      </trkpt>
      <trkpt lat="41.12844" lon="-122.14343">
        <ele>926.72</ele>
      </trkpt>
      <trkpt lat="41.12855" lon="-122.14337">
        <ele>928.21</ele>
      </trkpt>
      <trkpt lat="41.12862" lon="-122.14335">
        <ele>928.48</ele>
      </trkpt>
      <trkpt lat="41.12869" lon="-122.14337">
        <ele>928.15</ele>
      </trkpt>
      <trkpt lat="41.12872" lon="-122.1434">
        <ele>927.74</ele>
      </trkpt>
      <trkpt lat="41.1287" lon="-122.14349">
        <ele>926.93</ele>
      </trkpt>
      <trkpt lat="41.12864" lon="-122.14353">
        <ele>925.66</ele>
      </trkpt>
      <trkpt lat="41.12858" lon="-122.14395">
        <ele>929.75</ele>
      </trkpt>
      <trkpt lat="41.12848" lon="-122.14421">
        <ele>928.86</ele>
      </trkpt>
      <trkpt lat="41.12822" lon="-122.14474">
        <ele>918.85</ele>
      </trkpt>
      <trkpt lat="41.12817" lon="-122.14493">
        <ele>918.42</ele>
      </trkpt>
      <trkpt lat="41.12813" lon="-122.14516">
        <ele>918.75</ele>
      </trkpt>
      <trkpt lat="41.12814" lon="-122.14528">
        <ele>920.58</ele>
      </trkpt>
      <trkpt lat="41.12816" lon="-122.14541">
        <ele>923.2</ele>
      </trkpt>
      <trkpt lat="41.12818" lon="-122.14554">
        <ele>925.61</ele>
      </trkpt>
      <trkpt lat="41.12813" lon="-122.14566">
        <ele>924.15</ele>
      </trkpt>
      <trkpt lat="41.12799" lon="-122.14592">
        <ele>918.12</ele>
      </trkpt>
      <trkpt lat="41.12796" lon="-122.14601">
        <ele>916.87</ele>
      </trkpt>
      <trkpt lat="41.12794" lon="-122.14614">
        <ele>916.01</ele>
      </trkpt>
      <trkpt lat="41.12796" lon="-122.14622">
        <ele>916.87</ele>
      </trkpt>
      <trkpt lat="41.12802" lon="-122.14624">
        <ele>919.22</ele>
      </trkpt>
      <trkpt lat="41.12829" lon="-122.14625">
        <ele>929.36</ele>
      </trkpt>
      <trkpt lat="41.1284" lon="-122.14631">
        <ele>932.01</ele>
      </trkpt>
      <trkpt lat="41.12844" lon="-122.14633">
        <ele>933.19</ele>
      </trkpt>
      <trkpt lat="41.12867" lon="-122.14644">
        <ele>939.0</ele>
      </trkpt>
      <trkpt lat="41.12882" lon="-122.14652">
        <ele>942.77</ele>
      </trkpt>
      <trkpt lat="41.12898" lon="-122.14654">
        <ele>948.94</ele>
      </trkpt>
      <trkpt lat="41.1291" lon="-122.14654">
        <ele>954.02</ele>
      </trkpt>
      <trkpt lat="41.12911" lon="-122.14662">
        <ele>954.86</ele>
      </trkpt>
      <trkpt lat="41.12902" lon="-122.14669">
        <ele>951.81</ele>
      </trkpt>
      <trkpt lat="41.12899" lon="-122.14671">
        <ele>950.79</ele>
      </trkpt>
      <trkpt lat="41.12863" lon="-122.14699">
        <ele>941.41</ele>
      </trkpt>
      <trkpt lat="41.1286" lon="-122.147">
        <ele>940.76</ele>
      </trkpt>
      <trkpt lat="41.12848" lon="-122.1471">
        <ele>938.03</ele>
      </trkpt>
      <trkpt lat="41.12844" lon="-122.14713">
        <ele>937.3</ele>
      </trkpt>
      <trkpt lat="41.12839" lon="-122.14719">
        <ele>935.84</ele>
      </trkpt>
      <trkpt lat="41.12833" lon="-122.1473">
        <ele>933.89</ele>
      </trkpt>
      <trkpt lat="41.12833" lon="-122.14736">
        <ele>933.91</ele>
      </trkpt>
      <trkpt lat="41.12838" lon="-122.14743">
        <ele>935.27</ele>
      </trkpt>
      <trkpt lat="41.12841" lon="-122.14745">
        <ele>936.02</ele>
      </trkpt>
      <trkpt lat="41.1286" lon="-122.14747">
        <ele>940.76</ele>
      </trkpt>
      <trkpt lat="41.12872" lon="-122.14749">
        <ele>943.18</ele>
      </trkpt>
      <trkpt lat="41.12881" lon="-122.14752">
        <ele>944.08</ele>
      </trkpt>
      <trkpt lat="41.12897" lon="-122.14765">
        <ele>946.13</ele>
      </trkpt>
      <trkpt lat="41.12901" lon="-122.14769">
        <ele>946.87</ele>
      </trkpt>
      <trkpt lat="41.12909" lon="-122.14774">
        <ele>948.75</ele>
      </trkpt>
      <trkpt lat="41.12913" lon="-122.14775">
        <ele>949.51</ele>
      </trkpt>
      <trkpt lat="41.12926" lon="-122.14777">
        <ele>952.09</ele>
      </trkpt>
      <trkpt lat="41.12929" lon="-122.14778">
        <ele>952.29</ele>
      </trkpt>
      <trkpt lat="41.12932" lon="-122.14779">
        <ele>952.48</ele>
      </trkpt>
      <trkpt lat="41.1294" lon="-122.14791">
        <ele>952.39</ele>
      </trkpt>
      <trkpt lat="41.12939" lon="-122.14791">
        <ele>952.22</ele>
      </trkpt>
      <trkpt lat="41.12948" lon="-122.14799">
        <ele>952.36</ele>
      </trkpt>
      <trkpt lat="41.12956" lon="-122.14804">
        <ele>953.04</ele>
      </trkpt>
      <trkpt lat="41.12965" lon="-122.14805">
        <ele>955.71</ele>
      </trkpt>
      <trkpt lat="41.12974" lon="-122.14803">
        <ele>958.38</ele>
      </trkpt>
      <trkpt lat="41.1298" lon="-122.14798">
        <ele>959.68</ele>
      </trkpt>
      <trkpt lat="41.12985" lon="-122.14796">
        <ele>960.79</ele>
      </trkpt>
      <trkpt lat="41.1299" lon="-122.14796">
        <ele>961.87</ele>
      </trkpt>
      <trkpt lat="41.12993" lon="-122.14799">
        <ele>962.24</ele>
      </trkpt>
      <trkpt lat="41.12995" lon="-122.14804">
        <ele>962.46</ele>
      </trkpt>
      <trkpt lat="41.12995" lon="-122.14809">
        <ele>962.63</ele>
      </trkpt>
      <trkpt lat="41.12997" lon="-122.14813">
        <ele>963.22</ele>
      </trkpt>
      <trkpt lat="41.13" lon="-122.14814">
        <ele>963.91</ele>
      </trkpt>
      <trkpt lat="41.13004" lon="-122.14817">
        <ele>965.1</ele>
      </trkpt>
      <trkpt lat="41.13006" lon="-122.14822">
        <ele>966.07</ele>
      </trkpt>
      <trkpt lat="41.13006" lon="-122.14826">
        <ele>966.3</ele>
      </trkpt>
      <trkpt lat="41.12994" lon="-122.14838">
        <ele>963.7</ele>
      </trkpt>
      <trkpt lat="41.12991" lon="-122.1484">
        <ele>963.06</ele>
      </trkpt>
      <trkpt lat="41.12989" lon="-122.14844">
        <ele>962.46</ele>
      </trkpt>
      <trkpt lat="41.12986" lon="-122.14856">
        <ele>961.98</ele>
      </trkpt>
      <trkpt lat="41.12986" lon="-122.14861">
        <ele>961.98</ele>
      </trkpt>
      <trkpt lat="41.12987" lon="-122.14866">
        <ele>962.19</ele>
      </trkpt>
      <trkpt lat="41.12989" lon="-122.14882">
        <ele>963.48</ele>
      </trkpt>
      <trkpt lat="41.12989" lon="-122.14887">
        <ele>963.59</ele>
      </trkpt>
      <trkpt lat="41.12987" lon="-122.14891">
        <ele>963.19</ele>
      </trkpt>
      <trkpt lat="41.12984" lon="-122.14893">
        <ele>962.54</ele>
      </trkpt>
      <trkpt lat="41.12977" lon="-122.14895">
        <ele>961.35</ele>
      </trkpt>
      <trkpt lat="41.12966" lon="-122.14895">
        <ele>960.2</ele>
      </trkpt>
      <trkpt lat="41.12917" lon="-122.14885">
        <ele>954.32</ele>
      </trkpt>
      <trkpt lat="41.1291" lon="-122.14885">
        <ele>954.32</ele>
      </trkpt>
      <trkpt lat="41.12907" lon="-122.14886">
        <ele>954.77</ele>
      </trkpt>
      <trkpt lat="41.12899" lon="-122.14891">
        <ele>957.14</ele>
      </trkpt>
      <trkpt lat="41.12895" lon="-122.14894">
        <ele>958.76</ele>
      </trkpt>
      <trkpt lat="41.12893" lon="-122.14899">
        <ele>961.32</ele>
      </trkpt>
      <trkpt lat="41.12891" lon="-122.14903">
        <ele>962.69</ele>
      </trkpt>
      <trkpt lat="41.12887" lon="-122.14914">
        <ele>966.14</ele>
      </trkpt>
      <trkpt lat="41.12885" lon="-122.14917">
        <ele>967.11</ele>
      </trkpt>
      <trkpt lat="41.12882" lon="-122.14919">
        <ele>967.76</ele>
      </trkpt>
      <trkpt lat="41.12878" lon="-122.1492">
        <ele>967.9</ele>
      </trkpt>
      <trkpt lat="41.12875" lon="-122.14919">
        <ele>967.26</ele>
      </trkpt>
      <trkpt lat="41.12873" lon="-122.14916">
        <ele>966.07</ele>
      </trkpt>
      <trkpt lat="41.12869" lon="-122.14909">
        <ele>963.37</ele>
      </trkpt>
      <trkpt lat="41.12867" lon="-122.14906">
        <ele>962.03</ele>
      </trkpt>
      <trkpt lat="41.12864" lon="-122.14904">
        <ele>960.84</ele>
      </trkpt>
      <trkpt lat="41.12861" lon="-122.149">
        <ele>958.79</ele>
      </trkpt>
      <trkpt lat="41.12848" lon="-122.14897">
        <ele>956.21</ele>
      </trkpt>
      <trkpt lat="41.12833" lon="-122.14899">
        <ele>955.24</ele>
      </trkpt>
      <trkpt lat="41.12829" lon="-122.149">
        <ele>955.13</ele>
      </trkpt>
      <trkpt lat="41.12821" lon="-122.14908">
        <ele>956.84</ele>
      </trkpt>
      <trkpt lat="41.12816" lon="-122.14916">
        <ele>958.1</ele>
      </trkpt>
      <trkpt lat="41.12806" lon="-122.14928">
        <ele>959.77</ele>
      </trkpt>
      <trkpt lat="41.12802" lon="-122.14931">
        <ele>959.88</ele>
      </trkpt>
      <trkpt lat="41.12796" lon="-122.14938">
        <ele>960.85</ele>
      </trkpt>
      <trkpt lat="41.12793" lon="-122.1494">
        <ele>960.85</ele>
      </trkpt>
      <trkpt lat="41.12781" lon="-122.14956">
        <ele>962.28</ele>
      </trkpt>
      <trkpt lat="41.1277" lon="-122.14969">
        <ele>962.73</ele>
      </trkpt>
      <trkpt lat="41.12762" lon="-122.14982">
        <ele>964.07</ele>
      </trkpt>
      <trkpt lat="41.1276" lon="-122.14984">
        <ele>964.08</ele>
      </trkpt>
      <trkpt lat="41.12753" lon="-122.14989">
        <ele>963.41</ele>
      </trkpt>
      <trkpt lat="41.12737" lon="-122.14992">
        <ele>958.71</ele>
      </trkpt>
      <trkpt lat="41.12722" lon="-122.14998">
        <ele>954.47</ele>
      </trkpt>
      <trkpt lat="41.12707" lon="-122.15007">
        <ele>949.29</ele>
      </trkpt>
      <trkpt lat="41.12701" lon="-122.15015">
        <ele>947.78</ele>
      </trkpt>
      <trkpt lat="41.12695" lon="-122.1503">
        <ele>946.84</ele>
      </trkpt>
      <trkpt lat="41.12687" lon="-122.15061">
        <ele>949.16</ele>
      </trkpt>
      <trkpt lat="41.1268" lon="-122.15124">
        <ele>959.16</ele>
      </trkpt>
      <trkpt lat="41.12674" lon="-122.15154">
        <ele>968.69</ele>
      </trkpt>
      <trkpt lat="41.12672" lon="-122.15157">
        <ele>969.44</ele>
      </trkpt>
      <trkpt lat="41.12669" lon="-122.1516">
        <ele>969.81</ele>
      </trkpt>
      <trkpt lat="41.12665" lon="-122.15162">
        <ele>969.72</ele>
      </trkpt>
      <trkpt lat="41.12655" lon="-122.15162">
        <ele>967.97</ele>
      </trkpt>
      <trkpt lat="41.12652" lon="-122.15161">
        <ele>967.0</ele>
      </trkpt>
      <trkpt lat="41.12646" lon="-122.1516">
        <ele>965.31</ele>
      </trkpt>
      <trkpt lat="41.12635" lon="-122.15155">
        <ele>960.28</ele>
      </trkpt>
      <trkpt lat="41.12624" lon="-122.15151">
        <ele>953.8</ele>
      </trkpt>
      <trkpt lat="41.12614" lon="-122.15146">
        <ele>948.08</ele>
      </trkpt>
      <trkpt lat="41.12602" lon="-122.15142">
        <ele>941.41</ele>
      </trkpt>
      <trkpt lat="41.12592" lon="-122.1514">
        <ele>937.22</ele>
      </trkpt>
      <trkpt lat="41.12588" lon="-122.1514">
        <ele>935.5</ele>
      </trkpt>
      <trkpt lat="41.12582" lon="-122.15142">
        <ele>933.77</ele>
      </trkpt>
      <trkpt lat="41.12579" lon="-122.15145">
        <ele>933.77</ele>
      </trkpt>
      <trkpt lat="41.12572" lon="-122.15149">
        <ele>932.4</ele>
      </trkpt>
      <trkpt lat="41.12568" lon="-122.15151">
        <ele>931.5</ele>
      </trkpt>
      <trkpt lat="41.1256" lon="-122.15157">
        <ele>930.74</ele>
      </trkpt>
      <trkpt lat="41.1255" lon="-122.15166">
        <ele>929.38</ele>
      </trkpt>
      <trkpt lat="41.12548" lon="-122.15169">
        <ele>929.7</ele>
      </trkpt>
      <trkpt lat="41.12538" lon="-122.15183">
        <ele>930.71</ele>
      </trkpt>
      <trkpt lat="41.12529" lon="-122.15192">
        <ele>929.74</ele>
      </trkpt>
      <trkpt lat="41.1251" lon="-122.15216">
        <ele>928.3</ele>
      </trkpt>
      <trkpt lat="41.12499" lon="-122.15237">
        <ele>928.25</ele>
      </trkpt>
      <trkpt lat="41.12494" lon="-122.15253">
        <ele>930.73</ele>
      </trkpt>
      <trkpt lat="41.12492" lon="-122.15268">
        <ele>933.57</ele>
      </trkpt>
      <trkpt lat="41.12493" lon="-122.15296">
        <ele>938.19</ele>
      </trkpt>
      <trkpt lat="41.12498" lon="-122.15322">
        <ele>940.93</ele>
      </trkpt>
      <trkpt lat="41.12503" lon="-122.15345">
        <ele>941.6</ele>
      </trkpt>
      <trkpt lat="41.12512" lon="-122.15378">
        <ele>942.37</ele>
      </trkpt>
      <trkpt lat="41.12511" lon="-122.15419">
        <ele>936.96</ele>
      </trkpt>
      <trkpt lat="41.12508" lon="-122.1544">
        <ele>938.64</ele>
      </trkpt>
      <trkpt lat="41.12494" lon="-122.15486">
        <ele>936.6</ele>
      </trkpt>
      <trkpt lat="41.12489" lon="-122.15504">
        <ele>934.06</ele>
      </trkpt>
      <trkpt lat="41.12489" lon="-122.15516">
        <ele>934.06</ele>
      </trkpt>
      <trkpt lat="41.1249" lon="-122.15525">
        <ele>934.54</ele>
      </trkpt>
      <trkpt lat="41.12496" lon="-122.15538">
        <ele>937.36</ele>
      </trkpt>
      <trkpt lat="41.12497" lon="-122.15556">
        <ele>937.04</ele>
      </trkpt>
      <trkpt lat="41.12495" lon="-122.15577">
        <ele>935.39</ele>
      </trkpt>
      <trkpt lat="41.12494" lon="-122.15603">
        <ele>939.36</ele>
      </trkpt>
      <trkpt lat="41.1249" lon="-122.15635">
        <ele>944.73</ele>
      </trkpt>
      <trkpt lat="41.12485" lon="-122.15669">
        <ele>946.77</ele>
      </trkpt>
      <trkpt lat="41.12485" lon="-122.15682">
        <ele>948.18</ele>
      </trkpt>
      <trkpt lat="41.1249" lon="-122.15699">
        <ele>950.68</ele>
      </trkpt>
      <trkpt lat="41.12501" lon="-122.15706">
        <ele>952.26</ele>
      </trkpt>
      <trkpt lat="41.12511" lon="-122.15709">
        <ele>951.18</ele>
      </trkpt>
      <trkpt lat="41.1253" lon="-122.15705">
        <ele>950.82</ele>
      </trkpt>
      <trkpt lat="41.12578" lon="-122.15674">
        <ele>952.99</ele>
      </trkpt>
      <trkpt lat="41.12633" lon="-122.15605">
        <ele>974.23</ele>
      </trkpt>
      <trkpt lat="41.12642" lon="-122.15596">
        <ele>978.12</ele>
      </trkpt>
      <trkpt lat="41.12658" lon="-122.15586">
        <ele>980.14</ele>
      </trkpt>
      <trkpt lat="41.12667" lon="-122.15584">
        <ele>979.46</ele>
      </trkpt>
      <trkpt lat="41.12684" lon="-122.15587">
        <ele>972.88</ele>
      </trkpt>
      <trkpt lat="41.12705" lon="-122.15595">
        <ele>965.38</ele>
      </trkpt>
      <trkpt lat="41.12721" lon="-122.15598">
        <ele>959.25</ele>
      </trkpt>
      <trkpt lat="41.12748" lon="-122.15601">
        <ele>959.24</ele>
      </trkpt>
      <trkpt lat="41.12769" lon="-122.15601">
        <ele>961.51</ele>
      </trkpt>
      <trkpt lat="41.12794" lon="-122.15606">
        <ele>960.65</ele>
      </trkpt>
      <trkpt lat="41.12811" lon="-122.15612">
        <ele>957.48</ele>
      </trkpt>
      <trkpt lat="41.12827" lon="-122.15624">
        <ele>950.77</ele>
      </trkpt>
      <trkpt lat="41.12849" lon="-122.15633">
        <ele>946.18</ele>
      </trkpt>
      <trkpt lat="41.12864" lon="-122.15635">
        <ele>944.39</ele>
      </trkpt>
      <trkpt lat="41.12868" lon="-122.15636">
        <ele>943.64</ele>
      </trkpt>
      <trkpt lat="41.12873" lon="-122.15636">
        <ele>943.56</ele>
      </trkpt>
      <trkpt lat="41.12897" lon="-122.15638">
        <ele>944.97</ele>
      </trkpt>
      <trkpt lat="41.12901" lon="-122.1564">
        <ele>945.65</ele>
      </trkpt>
      <trkpt lat="41.12908" lon="-122.15641">
        <ele>947.43</ele>
      </trkpt>
      <trkpt lat="41.12919" lon="-122.15641">
        <ele>950.96</ele>
      </trkpt>
      <trkpt lat="41.12922" lon="-122.15642">
        <ele>951.82</ele>
      </trkpt>
      <trkpt lat="41.12923" lon="-122.15647">
        <ele>953.12</ele>
      </trkpt>
      <trkpt lat="41.1292" lon="-122.1565">
        <ele>952.99</ele>
      </trkpt>
      <trkpt lat="41.12916" lon="-122.15652">
        <ele>952.19</ele>
      </trkpt>
      <trkpt lat="41.12888" lon="-122.15686">
        <ele>949.98</ele>
      </trkpt>
      <trkpt lat="41.12865" lon="-122.15706">
        <ele>949.0</ele>
      </trkpt>
      <trkpt lat="41.12845" lon="-122.15717">
        <ele>945.94</ele>
      </trkpt>
      <trkpt lat="41.12841" lon="-122.15719">
        <ele>945.44</ele>
      </trkpt>
      <trkpt lat="41.12826" lon="-122.15728">
        <ele>943.5</ele>
      </trkpt>
      <trkpt lat="41.12806" lon="-122.15742">
        <ele>939.6</ele>
      </trkpt>
      <trkpt lat="41.1278" lon="-122.15771">
        <ele>938.32</ele>
      </trkpt>
      <trkpt lat="41.12769" lon="-122.1579">
        <ele>939.15</ele>
      </trkpt>
      <trkpt lat="41.12769" lon="-122.1579">
        <ele>939.15</ele>
      </trkpt>
      <trkpt lat="41.12759" lon="-122.15807">
        <ele>938.2</ele>
      </trkpt>
      <trkpt lat="41.12747" lon="-122.15839">
        <ele>939.93</ele>
      </trkpt>
      <trkpt lat="41.12745" lon="-122.15843">
        <ele>939.95</ele>
      </trkpt>
      <trkpt lat="41.12709" lon="-122.15948">
        <ele>947.63</ele>
      </trkpt>
      <trkpt lat="41.12703" lon="-122.15967">
        <ele>948.97</ele>
      </trkpt>
      <trkpt lat="41.12701" lon="-122.15979">
        <ele>951.22</ele>
      </trkpt>
      <trkpt lat="41.12701" lon="-122.15995">
        <ele>955.0</ele>
      </trkpt>
      <trkpt lat="41.12706" lon="-122.16004">
        <ele>959.14</ele>
      </trkpt>
      <trkpt lat="41.1272" lon="-122.16011">
        <ele>965.9</ele>
      </trkpt>
      <trkpt lat="41.1276" lon="-122.16042">
        <ele>961.1</ele>
      </trkpt>
      <trkpt lat="41.12788" lon="-122.16073">
        <ele>957.88</ele>
      </trkpt>
      <trkpt lat="41.12799" lon="-122.1609">
        <ele>954.29</ele>
      </trkpt>
      <trkpt lat="41.12828" lon="-122.16131">
        <ele>948.32</ele>
      </trkpt>
      <trkpt lat="41.12845" lon="-122.16149">
        <ele>946.15</ele>
      </trkpt>
      <trkpt lat="41.12857" lon="-122.16159">
        <ele>944.42</ele>
      </trkpt>
      <trkpt lat="41.12866" lon="-122.16162">
        <ele>944.28</ele>
      </trkpt>
      <trkpt lat="41.12876" lon="-122.16162">
        <ele>944.51</ele>
      </trkpt>
      <trkpt lat="41.12887" lon="-122.16158">
        <ele>945.76</ele>
      </trkpt>
      <trkpt lat="41.12893" lon="-122.16155">
        <ele>946.15</ele>
      </trkpt>
      <trkpt lat="41.12903" lon="-122.16145">
        <ele>948.31</ele>
      </trkpt>
      <trkpt lat="41.12909" lon="-122.16131">
        <ele>952.89</ele>
      </trkpt>
      <trkpt lat="41.12917" lon="-122.16108">
        <ele>959.22</ele>
      </trkpt>
      <trkpt lat="41.12927" lon="-122.16091">
        <ele>962.22</ele>
      </trkpt>
      <trkpt lat="41.12959" lon="-122.16053">
        <ele>960.2</ele>
      </trkpt>
      <trkpt lat="41.12967" lon="-122.16042">
        <ele>959.68</ele>
      </trkpt>
      <trkpt lat="41.12975" lon="-122.16032">
        <ele>959.13</ele>
      </trkpt>
      <trkpt lat="41.12982" lon="-122.16028">
        <ele>956.65</ele>
      </trkpt>
      <trkpt lat="41.12991" lon="-122.16025">
        <ele>952.72</ele>
      </trkpt>
      <trkpt lat="41.13" lon="-122.16026">
        <ele>945.96</ele>
      </trkpt>
      <trkpt lat="41.1304" lon="-122.16038">
        <ele>932.06</ele>
      </trkpt>
      <trkpt lat="41.13068" lon="-122.16045">
        <ele>925.84</ele>
      </trkpt>
      <trkpt lat="41.13087" lon="-122.16048">
        <ele>923.01</ele>
      </trkpt>
      <trkpt lat="41.13107" lon="-122.16047">
        <ele>921.99</ele>
      </trkpt>
      <trkpt lat="41.13122" lon="-122.16039">
        <ele>926.2</ele>
      </trkpt>
      <trkpt lat="41.13133" lon="-122.16032">
        <ele>929.08</ele>
      </trkpt>
      <trkpt lat="41.13145" lon="-122.1603">
        <ele>928.0</ele>
      </trkpt>
      <trkpt lat="41.13187" lon="-122.16028">
        <ele>919.27</ele>
      </trkpt>
      <trkpt lat="41.13201" lon="-122.16025">
        <ele>916.68</ele>
      </trkpt>
      <trkpt lat="41.13221" lon="-122.16014">
        <ele>916.88</ele>
      </trkpt>
      <trkpt lat="41.13247" lon="-122.15996">
        <ele>918.21</ele>
      </trkpt>
      <trkpt lat="41.13262" lon="-122.15988">
        <ele>915.5</ele>
      </trkpt>
      <trkpt lat="41.13271" lon="-122.15984">
        <ele>913.5</ele>
      </trkpt>
      <trkpt lat="41.13279" lon="-122.15979">
        <ele>912.55</ele>
      </trkpt>
      <trkpt lat="41.13286" lon="-122.15971">
        <ele>912.45</ele>
      </trkpt>
      <trkpt lat="41.13294" lon="-122.15961">
        <ele>914.3</ele>
      </trkpt>
      <trkpt lat="41.13302" lon="-122.15951">
        <ele>915.52</ele>
      </trkpt>
      <trkpt lat="41.13305" lon="-122.15947">
        <ele>915.46</ele>
      </trkpt>
      <trkpt lat="41.13308" lon="-122.15945">
        <ele>915.29</ele>
      </trkpt>
      <trkpt lat="41.13315" lon="-122.15948">
        <ele>912.92</ele>
      </trkpt>
      <trkpt lat="41.13318" lon="-122.15961">
        <ele>910.01</ele>
      </trkpt>
      <trkpt lat="41.1332" lon="-122.15988">
        <ele>905.23</ele>
      </trkpt>
      <trkpt lat="41.13324" lon="-122.16012">
        <ele>903.35</ele>
      </trkpt>
      <trkpt lat="41.13324" lon="-122.16017">
        <ele>902.27</ele>
      </trkpt>
      <trkpt lat="41.13327" lon="-122.16046">
        <ele>897.96</ele>
      </trkpt>
      <trkpt lat="41.13334" lon="-122.16085">
        <ele>893.0</ele>
      </trkpt>
      <trkpt lat="41.13336" lon="-122.16112">
        <ele>888.96</ele>
      </trkpt>
      <trkpt lat="41.13336" lon="-122.16141">
        <ele>882.18</ele>
      </trkpt>
      <trkpt lat="41.13338" lon="-122.16149">
        <ele>880.28</ele>
      </trkpt>
      <trkpt lat="41.13342" lon="-122.16151">
        <ele>880.9</ele>
      </trkpt>
      <trkpt lat="41.13349" lon="-122.16151">
        <ele>882.46</ele>
      </trkpt>
      <trkpt lat="41.13374" lon="-122.16145">
        <ele>887.75</ele>
      </trkpt>
      <trkpt lat="41.13391" lon="-122.16142">
        <ele>891.4</ele>
      </trkpt>
      <trkpt lat="41.13403" lon="-122.16143">
        <ele>891.75</ele>
      </trkpt>
      <trkpt lat="41.1341" lon="-122.16145">
        <ele>891.46</ele>
      </trkpt>
      <trkpt lat="41.13425" lon="-122.16151">
        <ele>889.36</ele>
      </trkpt>
      <trkpt lat="41.13432" lon="-122.16158">
        <ele>885.62</ele>
      </trkpt>
      <trkpt lat="41.13444" lon="-122.16162">
        <ele>883.02</ele>
      </trkpt>
      <trkpt lat="41.13453" lon="-122.16164">
        <ele>881.73</ele>
      </trkpt>
      <trkpt lat="41.13468" lon="-122.16171">
        <ele>876.66</ele>
      </trkpt>
      <trkpt lat="41.13476" lon="-122.16173">
        <ele>875.17</ele>
      </trkpt>
      <trkpt lat="41.13487" lon="-122.16176">
        <ele>871.77</ele>
      </trkpt>
      <trkpt lat="41.13495" lon="-122.16174">
        <ele>870.87</ele>
      </trkpt>
      <trkpt lat="41.13503" lon="-122.1617">
        <ele>870.98</ele>
      </trkpt>
      <trkpt lat="41.13522" lon="-122.16155">
        <ele>876.69</ele>
      </trkpt>
      <trkpt lat="41.13531" lon="-122.16149">
        <ele>878.63</ele>
      </trkpt>
      <trkpt lat="41.13554" lon="-122.16149">
        <ele>871.84</ele>
      </trkpt>
      <trkpt lat="41.13562" lon="-122.16151">
        <ele>869.36</ele>
      </trkpt>
      <trkpt lat="41.13568" lon="-122.16154">
        <ele>868.46</ele>
      </trkpt>
      <trkpt lat="41.13572" lon="-122.1616">
        <ele>866.92</ele>
      </trkpt>
      <trkpt lat="41.1358" lon="-122.16178">
        <ele>863.94</ele>
      </trkpt>
      <trkpt lat="41.13588" lon="-122.16194">
        <ele>862.19</ele>
      </trkpt>
      <trkpt lat="41.13598" lon="-122.16221">
        <ele>857.39</ele>
      </trkpt>
      <trkpt lat="41.13604" lon="-122.16237">
        <ele>854.23</ele>
      </trkpt>
      <trkpt lat="41.13612" lon="-122.16247">
        <ele>853.68</ele>
      </trkpt>
      <trkpt lat="41.13633" lon="-122.16265">
        <ele>853.98</ele>
      </trkpt>
      <trkpt lat="41.13637" lon="-122.1627">
        <ele>853.54</ele>
      </trkpt>
      <trkpt lat="41.13639" lon="-122.16281">
        <ele>849.68</ele>
      </trkpt>
      <trkpt lat="41.13644" lon="-122.16324">
        <ele>842.77</ele>
      </trkpt>
      <trkpt lat="41.1365" lon="-122.16346">
        <ele>839.9</ele>
      </trkpt>
      <trkpt lat="41.13658" lon="-122.16363">
        <ele>839.64</ele>
      </trkpt>
      <trkpt lat="41.1367" lon="-122.16383">
        <ele>838.22</ele>
      </trkpt>
      <trkpt lat="41.13682" lon="-122.16395">
        <ele>838.21</ele>
      </trkpt>
      <trkpt lat="41.13693" lon="-122.16404">
        <ele>838.95</ele>
      </trkpt>
      <trkpt lat="41.13703" lon="-122.1641">
        <ele>839.39</ele>
      </trkpt>
      <trkpt lat="41.13711" lon="-122.16414">
        <ele>839.58</ele>
      </trkpt>
      <trkpt lat="41.13716" lon="-122.16418">
        <ele>839.83</ele>
      </trkpt>
      <trkpt lat="41.13719" lon="-122.1642">
        <ele>840.64</ele>
      </trkpt>
      <trkpt lat="41.13724" lon="-122.16444">
        <ele>837.25</ele>
      </trkpt>
      <trkpt lat="41.13732" lon="-122.16499">
        <ele>829.5</ele>
      </trkpt>
      <trkpt lat="41.13737" lon="-122.16515">
        <ele>827.97</ele>
      </trkpt>
      <trkpt lat="41.13746" lon="-122.16531">
        <ele>828.51</ele>
      </trkpt>
      <trkpt lat="41.1376" lon="-122.16548">
        <ele>829.77</ele>
      </trkpt>
      <trkpt lat="41.13777" lon="-122.16573">
        <ele>828.13</ele>
      </trkpt>
      <trkpt lat="41.13787" lon="-122.16579">
        <ele>830.39</ele>
      </trkpt>
      <trkpt lat="41.13821" lon="-122.16596">
        <ele>836.65</ele>
      </trkpt>
      <trkpt lat="41.13829" lon="-122.16605">
        <ele>834.36</ele>
      </trkpt>
      <trkpt lat="41.13837" lon="-122.1661">
        <ele>833.39</ele>
      </trkpt>
      <trkpt lat="41.13852" lon="-122.16614">
        <ele>835.85</ele>
      </trkpt>
      <trkpt lat="41.1386" lon="-122.16618">
        <ele>839.3</ele>
      </trkpt>
      <trkpt lat="41.13864" lon="-122.16626">
        <ele>839.36</ele>
      </trkpt>
      <trkpt lat="41.13867" lon="-122.16634">
        <ele>838.56</ele>
      </trkpt>
      <trkpt lat="41.13867" lon="-122.16641">
        <ele>835.69</ele>
      </trkpt>
      <trkpt lat="41.13867" lon="-122.16649">
        <ele>832.75</ele>
      </trkpt>
      <trkpt lat="41.13871" lon="-122.16671">
        <ele>827.54</ele>
      </trkpt>
      <trkpt lat="41.13876" lon="-122.16684">
        <ele>824.82</ele>
      </trkpt>
      <trkpt lat="41.13881" lon="-122.16695">
        <ele>822.39</ele>
      </trkpt>
      <trkpt lat="41.13893" lon="-122.16706">
        <ele>822.76</ele>
      </trkpt>
      <trkpt lat="41.13896" lon="-122.16713">
        <ele>821.6</ele>
      </trkpt>
      <trkpt lat="41.13897" lon="-122.16721">
        <ele>820.63</ele>
      </trkpt>
      <trkpt lat="41.13895" lon="-122.16749">
        <ele>813.55</ele>
      </trkpt>
      <trkpt lat="41.13896" lon="-122.16765">
        <ele>809.36</ele>
      </trkpt>
      <trkpt lat="41.13899" lon="-122.16781">
        <ele>805.26</ele>
      </trkpt>
      <trkpt lat="41.13904" lon="-122.16795">
        <ele>802.4</ele>
      </trkpt>
      <trkpt lat="41.13913" lon="-122.16809">
        <ele>800.55</ele>
      </trkpt>
      <trkpt lat="41.13926" lon="-122.1682">
        <ele>801.79</ele>
      </trkpt>
      <trkpt lat="41.13956" lon="-122.16841">
        <ele>806.89</ele>
      </trkpt>
      <trkpt lat="41.1397" lon="-122.16855">
        <ele>808.78</ele>
      </trkpt>
      <trkpt lat="41.13978" lon="-122.16867">
        <ele>808.35</ele>
      </trkpt>
      <trkpt lat="41.13986" lon="-122.16884">
        <ele>806.29</ele>
      </trkpt>
      <trkpt lat="41.13988" lon="-122.16888">
        <ele>805.84</ele>
      </trkpt>
      <trkpt lat="41.13988" lon="-122.16888">
        <ele>805.84</ele>
      </trkpt>
      <trkpt lat="41.14004" lon="-122.16926">
        <ele>802.14</ele>
      </trkpt>
      <trkpt lat="41.14008" lon="-122.1694">
        <ele>799.83</ele>
      </trkpt>
      <trkpt lat="41.14009" lon="-122.16955">
        <ele>796.61</ele>
      </trkpt>
      <trkpt lat="41.14017" lon="-122.16971">
        <ele>794.21</ele>
      </trkpt>
      <trkpt lat="41.14019" lon="-122.16981">
        <ele>793.06</ele>
      </trkpt>
      <trkpt lat="41.14024" lon="-122.16988">
        <ele>792.3</ele>
      </trkpt>
      <trkpt lat="41.1403" lon="-122.16989">
        <ele>792.19</ele>
      </trkpt>
      <trkpt lat="41.14041" lon="-122.16987">
        <ele>792.15</ele>
      </trkpt>
      <trkpt lat="41.14049" lon="-122.16982">
        <ele>792.61</ele>
      </trkpt>
      <trkpt lat="41.14055" lon="-122.16971">
        <ele>793.38</ele>
      </trkpt>
      <trkpt lat="41.1406" lon="-122.16966">
        <ele>793.86</ele>
      </trkpt>
      <trkpt lat="41.14067" lon="-122.16962">
        <ele>793.82</ele>
      </trkpt>
      <trkpt lat="41.14071" lon="-122.16953">
        <ele>795.3</ele>
      </trkpt>
      <trkpt lat="41.14074" lon="-122.16949">
        <ele>796.06</ele>
      </trkpt>
      <trkpt lat="41.14081" lon="-122.16945">
        <ele>795.61</ele>
      </trkpt>
      <trkpt lat="41.14102" lon="-122.16941">
        <ele>792.73</ele>
      </trkpt>
      <trkpt lat="41.14107" lon="-122.1694">
        <ele>792.4</ele>
      </trkpt>
      <trkpt lat="41.14111" lon="-122.16945">
        <ele>790.95</ele>
      </trkpt>
      <trkpt lat="41.14114" lon="-122.16963">
        <ele>790.0</ele>
      </trkpt>
      <trkpt lat="41.14115" lon="-122.16964">
        <ele>790.11</ele>
      </trkpt>
      <trkpt lat="41.14109" lon="-122.16968">
        <ele>790.42</ele>
      </trkpt>
      <trkpt lat="41.14101" lon="-122.16971">
        <ele>790.01</ele>
      </trkpt>
      <trkpt lat="41.14098" lon="-122.16976">
        <ele>790.0</ele>
      </trkpt>
      <trkpt lat="41.14084" lon="-122.17018">
        <ele>792.08</ele>
      </trkpt>
      <trkpt lat="41.14072" lon="-122.17046">
        <ele>800.95</ele>
      </trkpt>
      <trkpt lat="41.14051" lon="-122.17067">
        <ele>803.09</ele>
      </trkpt>
      <trkpt lat="41.14035" lon="-122.17076">
        <ele>802.16</ele>
      </trkpt>
      <trkpt lat="41.14017" lon="-122.17083">
        <ele>799.33</ele>
      </trkpt>
      <trkpt lat="41.1398" lon="-122.17077">
        <ele>794.21</ele>
      </trkpt>
      <trkpt lat="41.14006" lon="-122.17101">
        <ele>805.48</ele>
      </trkpt>
      <trkpt lat="41.14023" lon="-122.17106">
        <ele>813.91</ele>
      </trkpt>
      <trkpt lat="41.14034" lon="-122.17105">
        <ele>817.73</ele>
      </trkpt>
      <trkpt lat="41.14055" lon="-122.17108">
        <ele>827.12</ele>
      </trkpt>
      <trkpt lat="41.14091" lon="-122.17087">
        <ele>826.24</ele>
      </trkpt>
      <trkpt lat="41.14106" lon="-122.17078">
        <ele>825.14</ele>
      </trkpt>
      <trkpt lat="41.14122" lon="-122.17074">
        <ele>824.14</ele>
      </trkpt>
      <trkpt lat="41.1414" lon="-122.17073">
        <ele>823.42</ele>
      </trkpt>
      <trkpt lat="41.14155" lon="-122.17085">
        <ele>826.24</ele>
      </trkpt>
      <trkpt lat="41.14161" lon="-122.1711">
        <ele>837.62</ele>
      </trkpt>
      <trkpt lat="41.14175" lon="-122.17134">
        <ele>847.14</ele>
      </trkpt>
      <trkpt lat="41.142" lon="-122.17162">
        <ele>855.18</ele>
      </trkpt>
      <trkpt lat="41.14222" lon="-122.17174">
        <ele>850.29</ele>
      </trkpt>
      <trkpt lat="41.14233" lon="-122.17185">
        <ele>847.12</ele>
      </trkpt>
      <trkpt lat="41.14244" lon="-122.17199">
        <ele>843.03</ele>
      </trkpt>
      <trkpt lat="41.14244" lon="-122.17213">
        <ele>844.54</ele>
      </trkpt>
      <trkpt lat="41.14244" lon="-122.17225">
        <ele>845.84</ele>
      </trkpt>
      <trkpt lat="41.1424" lon="-122.17243">
        <ele>849.56</ele>
      </trkpt>
      <trkpt lat="41.14232" lon="-122.17264">
        <ele>856.61</ele>
      </trkpt>
      <trkpt lat="41.14219" lon="-122.17286">
        <ele>865.16</ele>
      </trkpt>
      <trkpt lat="41.14192" lon="-122.1733">
        <ele>877.68</ele>
      </trkpt>
      <trkpt lat="41.14164" lon="-122.17386">
        <ele>885.75</ele>
      </trkpt>
      <trkpt lat="41.14154" lon="-122.17419">
        <ele>885.22</ele>
      </trkpt>
      <trkpt lat="41.14134" lon="-122.17478">
        <ele>881.86</ele>
      </trkpt>
      <trkpt lat="41.14122" lon="-122.17497">
        <ele>881.27</ele>
      </trkpt>
      <trkpt lat="41.1411" lon="-122.17523">
        <ele>879.03</ele>
      </trkpt>
      <trkpt lat="41.14094" lon="-122.17551">
        <ele>876.02</ele>
      </trkpt>
      <trkpt lat="41.14085" lon="-122.17569">
        <ele>874.1</ele>
      </trkpt>
      <trkpt lat="41.14069" lon="-122.1759">
        <ele>873.48</ele>
      </trkpt>
      <trkpt lat="41.13982" lon="-122.17647">
        <ele>885.28</ele>
      </trkpt>
      <trkpt lat="41.1392" lon="-122.17672">
        <ele>898.62</ele>
      </trkpt>
      <trkpt lat="41.13892" lon="-122.17682">
        <ele>902.7</ele>
      </trkpt>
      <trkpt lat="41.13853" lon="-122.17703">
        <ele>903.01</ele>
      </trkpt>
      <trkpt lat="41.13834" lon="-122.17716">
        <ele>905.06</ele>
      </trkpt>
      <trkpt lat="41.13765" lon="-122.17773">
        <ele>916.69</ele>
      </trkpt>
      <trkpt lat="41.13705" lon="-122.17824">
        <ele>919.6</ele>
      </trkpt>
      <trkpt lat="41.13691" lon="-122.17837">
        <ele>921.35</ele>
      </trkpt>
      <trkpt lat="41.13684" lon="-122.17848">
        <ele>922.18</ele>
      </trkpt>
      <trkpt lat="41.13672" lon="-122.17861">
        <ele>923.0</ele>
      </trkpt>
      <trkpt lat="41.13659" lon="-122.17868">
        <ele>923.83</ele>
      </trkpt>
      <trkpt lat="41.13653" lon="-122.1787">
        <ele>924.0</ele>
      </trkpt>
      <trkpt lat="41.13649" lon="-122.17872">
        <ele>924.0</ele>
      </trkpt>
      <trkpt lat="41.1364" lon="-122.1788">
        <ele>924.88</ele>
      </trkpt>
      <trkpt lat="41.13636" lon="-122.17883">
        <ele>925.0</ele>
      </trkpt>
      <trkpt lat="41.13635" lon="-122.17886">
        <ele>925.0</ele>
      </trkpt>
      <trkpt lat="41.13635" lon="-122.17889">
        <ele>925.03</ele>
      </trkpt>
      <trkpt lat="41.13634" lon="-122.17891">
        <ele>925.56</ele>
      </trkpt>
      <trkpt lat="41.13634" lon="-122.17895">
        <ele>926.63</ele>
      </trkpt>
      <trkpt lat="41.13635" lon="-122.17899">
        <ele>927.86</ele>
      </trkpt>
      <trkpt lat="41.13637" lon="-122.17903">
        <ele>929.37</ele>
      </trkpt>
      <trkpt lat="41.13641" lon="-122.17905">
        <ele>930.39</ele>
      </trkpt>
      <trkpt lat="41.13643" lon="-122.17906">
        <ele>930.92</ele>
      </trkpt>
      <trkpt lat="41.13669" lon="-122.17901">
        <ele>931.23</ele>
      </trkpt>
      <trkpt lat="41.13676" lon="-122.179">
        <ele>930.8</ele>
      </trkpt>
      <trkpt lat="41.1368" lon="-122.17901">
        <ele>931.23</ele>
      </trkpt>
      <trkpt lat="41.13685" lon="-122.17905">
        <ele>932.96</ele>
      </trkpt>
      <trkpt lat="41.13692" lon="-122.17912">
        <ele>935.61</ele>
      </trkpt>
      <trkpt lat="41.13697" lon="-122.17914">
        <ele>936.36</ele>
      </trkpt>
      <trkpt lat="41.13704" lon="-122.17917">
        <ele>937.18</ele>
      </trkpt>
      <trkpt lat="41.1371" lon="-122.17921">
        <ele>939.02</ele>
      </trkpt>
      <trkpt lat="41.13716" lon="-122.17925">
        <ele>940.24</ele>
      </trkpt>
      <trkpt lat="41.13726" lon="-122.17929">
        <ele>941.25</ele>
      </trkpt>
      <trkpt lat="41.13738" lon="-122.17932">
        <ele>941.58</ele>
      </trkpt>
      <trkpt lat="41.13747" lon="-122.17932">
        <ele>940.6</ele>
      </trkpt>
      <trkpt lat="41.13773" lon="-122.17934">
        <ele>937.0</ele>
      </trkpt>
      <trkpt lat="41.1378" lon="-122.17935">
        <ele>936.68</ele>
      </trkpt>
      <trkpt lat="41.13787" lon="-122.17938">
        <ele>937.52</ele>
      </trkpt>
      <trkpt lat="41.13797" lon="-122.17945">
        <ele>940.28</ele>
      </trkpt>
      <trkpt lat="41.13752" lon="-122.17954">
        <ele>952.92</ele>
      </trkpt>
      <trkpt lat="41.1374" lon="-122.17958">
        <ele>955.86</ele>
      </trkpt>
      <trkpt lat="41.13727" lon="-122.1796">
        <ele>957.2</ele>
      </trkpt>
      <trkpt lat="41.13704" lon="-122.17961">
        <ele>958.15</ele>
      </trkpt>
      <trkpt lat="41.1369" lon="-122.1796">
        <ele>957.72</ele>
      </trkpt>
      <trkpt lat="41.13666" lon="-122.1796">
        <ele>955.97</ele>
      </trkpt>
      <trkpt lat="41.13656" lon="-122.17961">
        <ele>955.21</ele>
      </trkpt>
      <trkpt lat="41.13644" lon="-122.17966">
        <ele>955.39</ele>
      </trkpt>
      <trkpt lat="41.13633" lon="-122.17986">
        <ele>958.52</ele>
      </trkpt>
      <trkpt lat="41.13631" lon="-122.17997">
        <ele>960.65</ele>
      </trkpt>
      <trkpt lat="41.13629" lon="-122.18011">
        <ele>963.43</ele>
      </trkpt>
      <trkpt lat="41.13628" lon="-122.18036">
        <ele>970.98</ele>
      </trkpt>
      <trkpt lat="41.13626" lon="-122.18059">
        <ele>976.18</ele>
      </trkpt>
      <trkpt lat="41.13622" lon="-122.18071">
        <ele>977.04</ele>
      </trkpt>
      <trkpt lat="41.13622" lon="-122.18071">
        <ele>977.04</ele>
      </trkpt>
      <trkpt lat="41.13615" lon="-122.18086">
        <ele>977.84</ele>
      </trkpt>
      <trkpt lat="41.13601" lon="-122.18104">
        <ele>976.12</ele>
      </trkpt>
      <trkpt lat="41.1358" lon="-122.18164">
        <ele>981.53</ele>
      </trkpt>
      <trkpt lat="41.13568" lon="-122.18184">
        <ele>979.33</ele>
      </trkpt>
      <trkpt lat="41.1356" lon="-122.18199">
        <ele>976.92</ele>
      </trkpt>
      <trkpt lat="41.1356" lon="-122.18217">
        <ele>977.44</ele>
      </trkpt>
      <trkpt lat="41.13563" lon="-122.18235">
        <ele>978.22</ele>
      </trkpt>
      <trkpt lat="41.1357" lon="-122.1823">
        <ele>981.24</ele>
      </trkpt>
      <trkpt lat="41.13573" lon="-122.18218">
        <ele>982.54</ele>
      </trkpt>
      <trkpt lat="41.13581" lon="-122.18207">
        <ele>985.51</ele>
      </trkpt>
      <trkpt lat="41.13599" lon="-122.18192">
        <ele>992.69</ele>
      </trkpt>
      <trkpt lat="41.13627" lon="-122.18166">
        <ele>1003.72</ele>
      </trkpt>
      <trkpt lat="41.13649" lon="-122.18151">
        <ele>1009.98</ele>
      </trkpt>
      <trkpt lat="41.13661" lon="-122.18136">
        <ele>1011.35</ele>
      </trkpt>
      <trkpt lat="41.13686" lon="-122.18116">
        <ele>1012.76</ele>
      </trkpt>
      <trkpt lat="41.13703" lon="-122.18105">
        <ele>1011.94</ele>
      </trkpt>
      <trkpt lat="41.13719" lon="-122.18105">
        <ele>1013.01</ele>
      </trkpt>
      <trkpt lat="41.13731" lon="-122.18108">
        <ele>1015.6</ele>
      </trkpt>
      <trkpt lat="41.1375" lon="-122.18127">
        <ele>1025.86</ele>
      </trkpt>
      <trkpt lat="41.13783" lon="-122.18136">
        <ele>1027.19</ele>
      </trkpt>
      <trkpt lat="41.13799" lon="-122.18143">
        <ele>1028.35</ele>
      </trkpt>
      <trkpt lat="41.13806" lon="-122.1815">
        <ele>1029.54</ele>
      </trkpt>
      <trkpt lat="41.13817" lon="-122.18159">
        <ele>1030.04</ele>
      </trkpt>
      <trkpt lat="41.13828" lon="-122.18179">
        <ele>1032.58</ele>
      </trkpt>
      <trkpt lat="41.13834" lon="-122.18199">
        <ele>1035.22</ele>
      </trkpt>
      <trkpt lat="41.13833" lon="-122.18226">
        <ele>1043.0</ele>
      </trkpt>
      <trkpt lat="41.13828" lon="-122.18224">
        <ele>1045.26</ele>
      </trkpt>
      <trkpt lat="41.13829" lon="-122.18215">
        <ele>1042.0</ele>
      </trkpt>
      <trkpt lat="41.13821" lon="-122.18197">
        <ele>1040.16</ele>
      </trkpt>
      <trkpt lat="41.13806" lon="-122.18183">
        <ele>1040.2</ele>
      </trkpt>
      <trkpt lat="41.13791" lon="-122.18178">
        <ele>1042.82</ele>
      </trkpt>
      <trkpt lat="41.13777" lon="-122.18177">
        <ele>1044.55</ele>
      </trkpt>
      <trkpt lat="41.1374" lon="-122.1819">
        <ele>1050.44</ele>
      </trkpt>
      <trkpt lat="41.13721" lon="-122.1821">
        <ele>1053.01</ele>
      </trkpt>
      <trkpt lat="41.13708" lon="-122.18241">
        <ele>1056.91</ele>
      </trkpt>
      <trkpt lat="41.13711" lon="-122.18285">
        <ele>1069.11</ele>
      </trkpt>
      <trkpt lat="41.13712" lon="-122.18327">
        <ele>1079.01</ele>
      </trkpt>
      <trkpt lat="41.13709" lon="-122.18366">
        <ele>1082.96</ele>
      </trkpt>
      <trkpt lat="41.13707" lon="-122.18377">
        <ele>1082.14</ele>
      </trkpt>
      <trkpt lat="41.1371" lon="-122.18383">
        <ele>1084.44</ele>
      </trkpt>
      <trkpt lat="41.1372" lon="-122.18351">
        <ele>1089.16</ele>
      </trkpt>
      <trkpt lat="41.13734" lon="-122.18319">
        <ele>1088.99</ele>
      </trkpt>
      <trkpt lat="41.13741" lon="-122.18291">
        <ele>1083.37</ele>
      </trkpt>
      <trkpt lat="41.13749" lon="-122.18281">
        <ele>1083.37</ele>
      </trkpt>
      <trkpt lat="41.13755" lon="-122.18291">
        <ele>1087.9</ele>
      </trkpt>
      <trkpt lat="41.13753" lon="-122.1836">
        <ele>1106.49</ele>
      </trkpt>
      <trkpt lat="41.13779" lon="-122.18459">
        <ele>1119.25</ele>
      </trkpt>
      <trkpt lat="41.1378" lon="-122.18473">
        <ele>1121.38</ele>
      </trkpt>
      <trkpt lat="41.13779" lon="-122.18484">
        <ele>1123.28</ele>
      </trkpt>
      <trkpt lat="41.13778" lon="-122.18497">
        <ele>1125.63</ele>
      </trkpt>
      <trkpt lat="41.13774" lon="-122.18514">
        <ele>1126.0</ele>
      </trkpt>
      <trkpt lat="41.13768" lon="-122.18541">
        <ele>1126.38</ele>
      </trkpt>
      <trkpt lat="41.13761" lon="-122.18563">
        <ele>1125.38</ele>
      </trkpt>
      <trkpt lat="41.13764" lon="-122.18583">
        <ele>1126.54</ele>
      </trkpt>
      <trkpt lat="41.13776" lon="-122.18592">
        <ele>1130.42</ele>
      </trkpt>
      <trkpt lat="41.13795" lon="-122.18591">
        <ele>1133.69</ele>
      </trkpt>
      <trkpt lat="41.1383" lon="-122.18594">
        <ele>1135.82</ele>
      </trkpt>
      <trkpt lat="41.13843" lon="-122.18614">
        <ele>1140.85</ele>
      </trkpt>
      <trkpt lat="41.13859" lon="-122.18641">
        <ele>1146.14</ele>
      </trkpt>
      <trkpt lat="41.13886" lon="-122.18708">
        <ele>1156.64</ele>
      </trkpt>
      <trkpt lat="41.13898" lon="-122.1873">
        <ele>1159.57</ele>
      </trkpt>
      <trkpt lat="41.13912" lon="-122.18742">
        <ele>1158.42</ele>
      </trkpt>
      <trkpt lat="41.13946" lon="-122.18752">
        <ele>1157.83</ele>
      </trkpt>
      <trkpt lat="41.1399" lon="-122.18755">
        <ele>1154.2</ele>
      </trkpt>
      <trkpt lat="41.14002" lon="-122.18756">
        <ele>1152.08</ele>
      </trkpt>
      <trkpt lat="41.1401" lon="-122.18761">
        <ele>1152.03</ele>
      </trkpt>
      <trkpt lat="41.14019" lon="-122.18767">
        <ele>1150.68</ele>
      </trkpt>
      <trkpt lat="41.14025" lon="-122.18777">
        <ele>1148.9</ele>
      </trkpt>
      <trkpt lat="41.14027" lon="-122.18796">
        <ele>1146.37</ele>
      </trkpt>
      <trkpt lat="41.14019" lon="-122.18816">
        <ele>1147.66</ele>
      </trkpt>
      <trkpt lat="41.14002" lon="-122.18839">
        <ele>1153.52</ele>
      </trkpt>
      <trkpt lat="41.13981" lon="-122.18888">
        <ele>1157.31</ele>
      </trkpt>
      <trkpt lat="41.1398" lon="-122.18926">
        <ele>1151.47</ele>
      </trkpt>
      <trkpt lat="41.13977" lon="-122.1894">
        <ele>1150.41</ele>
      </trkpt>
      <trkpt lat="41.13966" lon="-122.18947">
        <ele>1151.79</ele>
      </trkpt>
      <trkpt lat="41.13947" lon="-122.18945">
        <ele>1157.05</ele>
      </trkpt>
      <trkpt lat="41.13929" lon="-122.18946">
        <ele>1163.89</ele>
      </trkpt>
      <trkpt lat="41.1391" lon="-122.18955">
        <ele>1168.0</ele>
      </trkpt>
      <trkpt lat="41.13899" lon="-122.18967">
        <ele>1169.15</ele>
      </trkpt>
      <trkpt lat="41.13891" lon="-122.1898">
        <ele>1170.64</ele>
      </trkpt>
      <trkpt lat="41.13873" lon="-122.19028">
        <ele>1177.02</ele>
      </trkpt>
      <trkpt lat="41.13871" lon="-122.19069">
        <ele>1180.66</ele>
      </trkpt>
      <trkpt lat="41.13865" lon="-122.19101">
        <ele>1184.9</ele>
      </trkpt>
      <trkpt lat="41.13864" lon="-122.19134">
        <ele>1186.44</ele>
      </trkpt>
      <trkpt lat="41.1387" lon="-122.19194">
        <ele>1183.15</ele>
      </trkpt>
      <trkpt lat="41.13872" lon="-122.19217">
        <ele>1182.66</ele>
      </trkpt>
      <trkpt lat="41.13871" lon="-122.19232">
        <ele>1183.66</ele>
      </trkpt>
      <trkpt lat="41.13863" lon="-122.19251">
        <ele>1187.98</ele>
      </trkpt>
      <trkpt lat="41.13858" lon="-122.19293">
        <ele>1190.34</ele>
      </trkpt>
      <trkpt lat="41.13857" lon="-122.19315">
        <ele>1191.22</ele>
      </trkpt>
      <trkpt lat="41.1386" lon="-122.19334">
        <ele>1189.6</ele>
      </trkpt>
      <trkpt lat="41.13874" lon="-122.19368">
        <ele>1182.88</ele>
      </trkpt>
      <trkpt lat="41.1389" lon="-122.19397">
        <ele>1176.51</ele>
      </trkpt>
      <trkpt lat="41.13892" lon="-122.19421">
        <ele>1176.97</ele>
      </trkpt>
      <trkpt lat="41.13889" lon="-122.19441">
        <ele>1179.95</ele>
      </trkpt>
      <trkpt lat="41.13892" lon="-122.19473">
        <ele>1181.74</ele>
      </trkpt>
      <trkpt lat="41.13921" lon="-122.1959">
        <ele>1182.32</ele>
      </trkpt>
      <trkpt lat="41.13921" lon="-122.19603">
        <ele>1183.65</ele>
      </trkpt>
      <trkpt lat="41.13911" lon="-122.19616">
        <ele>1186.43</ele>
      </trkpt>
      <trkpt lat="41.13902" lon="-122.19628">
        <ele>1187.58</ele>
      </trkpt>
      <trkpt lat="41.13895" lon="-122.19646">
        <ele>1187.74</ele>
      </trkpt>
      <trkpt lat="41.13895" lon="-122.19668">
        <ele>1188.0</ele>
      </trkpt>
      <trkpt lat="41.13897" lon="-122.19694">
        <ele>1187.88</ele>
      </trkpt>
      <trkpt lat="41.13907" lon="-122.19731">
        <ele>1188.0</ele>
      </trkpt>
      <trkpt lat="41.13907" lon="-122.19761">
        <ele>1187.96</ele>
      </trkpt>
      <trkpt lat="41.13914" lon="-122.19796">
        <ele>1188.71</ele>
      </trkpt>
      <trkpt lat="41.13914" lon="-122.19813">
        <ele>1188.71</ele>
      </trkpt>
      <trkpt lat="41.13906" lon="-122.19827">
        <ele>1187.28</ele>
      </trkpt>
      <trkpt lat="41.13908" lon="-122.19852">
        <ele>1186.19</ele>
      </trkpt>
      <trkpt lat="41.13914" lon="-122.19881">
        <ele>1188.85</ele>
      </trkpt>
      <trkpt lat="41.13918" lon="-122.19896">
        <ele>1191.34</ele>
      </trkpt>
      <trkpt lat="41.13918" lon="-122.19916">
        <ele>1192.79</ele>
      </trkpt>
      <trkpt lat="41.13914" lon="-122.19943">
        <ele>1194.58</ele>
      </trkpt>
      <trkpt lat="41.13904" lon="-122.19973">
        <ele>1196.64</ele>
      </trkpt>
      <trkpt lat="41.13893" lon="-122.19996">
        <ele>1197.23</ele>
      </trkpt>
      <trkpt lat="41.13882" lon="-122.20019">
        <ele>1198.13</ele>
      </trkpt>
      <trkpt lat="41.13869" lon="-122.20051">
        <ele>1201.29</ele>
      </trkpt>
      <trkpt lat="41.13848" lon="-122.20073">
        <ele>1200.54</ele>
      </trkpt>
      <trkpt lat="41.13838" lon="-122.20081">
        <ele>1203.62</ele>
      </trkpt>
      <trkpt lat="41.13826" lon="-122.20081">
        <ele>1202.9</ele>
      </trkpt>
      <trkpt lat="41.13792" lon="-122.20079">
        <ele>1197.2</ele>
      </trkpt>
      <trkpt lat="41.13778" lon="-122.20086">
        <ele>1196.91</ele>
      </trkpt>
      <trkpt lat="41.13768" lon="-122.20104">
        <ele>1199.57</ele>
      </trkpt>
      <trkpt lat="41.13756" lon="-122.20129">
        <ele>1202.74</ele>
      </trkpt>
      <trkpt lat="41.13747" lon="-122.20154">
        <ele>1206.72</ele>
      </trkpt>
      <trkpt lat="41.1374" lon="-122.20174">
        <ele>1209.99</ele>
      </trkpt>
      <trkpt lat="41.13728" lon="-122.20205">
        <ele>1211.4</ele>
      </trkpt>
      <trkpt lat="41.13711" lon="-122.20249">
        <ele>1217.72</ele>
      </trkpt>
      <trkpt lat="41.13704" lon="-122.20315">
        <ele>1235.08</ele>
      </trkpt>
      <trkpt lat="41.13701" lon="-122.20334">
        <ele>1237.2</ele>
      </trkpt>
      <trkpt lat="41.13698" lon="-122.2036">
        <ele>1240.03</ele>
      </trkpt>
      <trkpt lat="41.13699" lon="-122.2037">
        <ele>1241.91</ele>
      </trkpt>
      <trkpt lat="41.13705" lon="-122.20368">
        <ele>1243.91</ele>
      </trkpt>
      <trkpt lat="41.13715" lon="-122.20336">
        <ele>1242.17</ele>
      </trkpt>
      <trkpt lat="41.13718" lon="-122.2031">
        <ele>1237.59</ele>
      </trkpt>
      <trkpt lat="41.13732" lon="-122.20266">
        <ele>1232.31</ele>
      </trkpt>
      <trkpt lat="41.1376" lon="-122.20227">
        <ele>1235.27</ele>
      </trkpt>
      <trkpt lat="41.13785" lon="-122.20183">
        <ele>1233.63</ele>
      </trkpt>
      <trkpt lat="41.13801" lon="-122.20161">
        <ele>1231.69</ele>
      </trkpt>
      <trkpt lat="41.13816" lon="-122.20156">
        <ele>1234.82</ele>
      </trkpt>
      <trkpt lat="41.13834" lon="-122.20156">
        <ele>1239.69</ele>
      </trkpt>
      <trkpt lat="41.13862" lon="-122.20153">
        <ele>1243.62</ele>
      </trkpt>
      <trkpt lat="41.13873" lon="-122.20155">
        <ele>1244.48</ele>
      </trkpt>
      <trkpt lat="41.13871" lon="-122.20184">
        <ele>1251.49</ele>
      </trkpt>
      <trkpt lat="41.13862" lon="-122.20216">
        <ele>1258.49</ele>
      </trkpt>
      <trkpt lat="41.13832" lon="-122.20317">
        <ele>1259.29</ele>
      </trkpt>
      <trkpt lat="41.13824" lon="-122.20373">
        <ele>1259.02</ele>
      </trkpt>
      <trkpt lat="41.13821" lon="-122.20419">
        <ele>1257.66</ele>
      </trkpt>
      <trkpt lat="41.1382" lon="-122.20453">
        <ele>1260.97</ele>
      </trkpt>
      <trkpt lat="41.13823" lon="-122.20474">
        <ele>1261.87</ele>
      </trkpt>
      <trkpt lat="41.13825" lon="-122.20502">
        <ele>1261.38</ele>
      </trkpt>
      <trkpt lat="41.13814" lon="-122.20541">
        <ele>1266.53</ele>
      </trkpt>
      <trkpt lat="41.13804" lon="-122.20574">
        <ele>1270.85</ele>
      </trkpt>
      <trkpt lat="41.13795" lon="-122.20614">
        <ele>1273.8</ele>
      </trkpt>
      <trkpt lat="41.13787" lon="-122.20641">
        <ele>1278.04</ele>
      </trkpt>
      <trkpt lat="41.13787" lon="-122.20684">
        <ele>1279.03</ele>
      </trkpt>
      <trkpt lat="41.13794" lon="-122.20713">
        <ele>1276.74</ele>
      </trkpt>
      <trkpt lat="41.13801" lon="-122.20735">
        <ele>1276.23</ele>
      </trkpt>
      <trkpt lat="41.13827" lon="-122.20763">
        <ele>1275.45</ele>
      </trkpt>
      <trkpt lat="41.13845" lon="-122.20784">
        <ele>1276.56</ele>
      </trkpt>
      <trkpt lat="41.13857" lon="-122.20804">
        <ele>1277.0</ele>
      </trkpt>
      <trkpt lat="41.1388" lon="-122.20833">
        <ele>1275.84</ele>
      </trkpt>
      <trkpt lat="41.1389" lon="-122.20851">
        <ele>1276.46</ele>
      </trkpt>
      <trkpt lat="41.139" lon="-122.20871">
        <ele>1277.54</ele>
      </trkpt>
      <trkpt lat="41.13915" lon="-122.209">
        <ele>1280.36</ele>
      </trkpt>
      <trkpt lat="41.13924" lon="-122.2092">
        <ele>1283.48</ele>
      </trkpt>
      <trkpt lat="41.13933" lon="-122.20932">
        <ele>1286.49</ele>
      </trkpt>
      <trkpt lat="41.13947" lon="-122.20946">
        <ele>1290.52</ele>
      </trkpt>
      <trkpt lat="41.13964" lon="-122.20959">
        <ele>1293.18</ele>
      </trkpt>
      <trkpt lat="41.13982" lon="-122.20966">
        <ele>1293.26</ele>
      </trkpt>
      <trkpt lat="41.14" lon="-122.20964">
        <ele>1291.34</ele>
      </trkpt>
      <trkpt lat="41.14024" lon="-122.20963">
        <ele>1292.2</ele>
      </trkpt>
      <trkpt lat="41.14037" lon="-122.20961">
        <ele>1293.36</ele>
      </trkpt>
      <trkpt lat="41.1405" lon="-122.20944">
        <ele>1289.26</ele>
      </trkpt>
      <trkpt lat="41.14062" lon="-122.20936">
        <ele>1287.33</ele>
      </trkpt>
      <trkpt lat="41.14071" lon="-122.20934">
        <ele>1286.62</ele>
      </trkpt>
      <trkpt lat="41.14088" lon="-122.20937">
        <ele>1286.08</ele>
      </trkpt>
      <trkpt lat="41.14104" lon="-122.20947">
        <ele>1287.36</ele>
      </trkpt>
      <trkpt lat="41.14117" lon="-122.20965">
        <ele>1290.39</ele>
      </trkpt>
      <trkpt lat="41.14131" lon="-122.20991">
        <ele>1296.79</ele>
      </trkpt>
      <trkpt lat="41.14136" lon="-122.21005">
        <ele>1300.24</ele>
      </trkpt>
      <trkpt lat="41.14147" lon="-122.21018">
        <ele>1303.02</ele>
      </trkpt>
      <trkpt lat="41.14158" lon="-122.21028">
        <ele>1303.97</ele>
      </trkpt>
      <trkpt lat="41.1418" lon="-122.21041">
        <ele>1303.39</ele>
      </trkpt>
      <trkpt lat="41.1419" lon="-122.21048">
        <ele>1303.18</ele>
      </trkpt>
      <trkpt lat="41.14212" lon="-122.21053">
        <ele>1298.21</ele>
      </trkpt>
      <trkpt lat="41.14226" lon="-122.21064">
        <ele>1298.8</ele>
      </trkpt>
      <trkpt lat="41.14229" lon="-122.21089">
        <ele>1307.54</ele>
      </trkpt>
      <trkpt lat="41.14234" lon="-122.21095">
        <ele>1308.22</ele>
      </trkpt>
      <trkpt lat="41.14246" lon="-122.21092">
        <ele>1303.1</ele>
      </trkpt>
      <trkpt lat="41.1428" lon="-122.21074">
        <ele>1293.92</ele>
      </trkpt>
      <trkpt lat="41.14299" lon="-122.21059">
        <ele>1294.66</ele>
      </trkpt>
      <trkpt lat="41.14315" lon="-122.21052">
        <ele>1297.53</ele>
      </trkpt>
      <trkpt lat="41.14339" lon="-122.2105">
        <ele>1304.68</ele>
      </trkpt>
      <trkpt lat="41.14355" lon="-122.21043">
        <ele>1306.83</ele>
      </trkpt>
      <trkpt lat="41.14389" lon="-122.21022">
        <ele>1304.51</ele>
      </trkpt>
      <trkpt lat="41.14399" lon="-122.21019">
        <ele>1304.16</ele>
      </trkpt>
      <trkpt lat="41.14416" lon="-122.21026">
        <ele>1306.42</ele>
      </trkpt>
      <trkpt lat="41.14436" lon="-122.21043">
        <ele>1312.49</ele>
      </trkpt>
      <trkpt lat="41.14454" lon="-122.21056">
        <ele>1315.13</ele>
      </trkpt>
      <trkpt lat="41.14469" lon="-122.21063">
        <ele>1315.04</ele>
      </trkpt>
      <trkpt lat="41.14482" lon="-122.21078">
        <ele>1318.58</ele>
      </trkpt>
      <trkpt lat="41.14491" lon="-122.21089">
        <ele>1320.75</ele>
      </trkpt>
      <trkpt lat="41.14507" lon="-122.21122">
        <ele>1325.26</ele>
      </trkpt>
      <trkpt lat="41.14521" lon="-122.21138">
        <ele>1326.27</ele>
      </trkpt>
      <trkpt lat="41.14532" lon="-122.21153">
        <ele>1328.14</ele>
      </trkpt>
      <trkpt lat="41.14564" lon="-122.21172">
        <ele>1323.42</ele>
      </trkpt>
      <trkpt lat="41.14575" lon="-122.21181">
        <ele>1321.7</ele>
      </trkpt>
      <trkpt lat="41.14585" lon="-122.21199">
        <ele>1321.26</ele>
      </trkpt>
      <trkpt lat="41.14572" lon="-122.21191">
        <ele>1325.07</ele>
      </trkpt>
      <trkpt lat="41.14557" lon="-122.21181">
        <ele>1328.09</ele>
      </trkpt>
      <trkpt lat="41.14523" lon="-122.21174">
        <ele>1338.72</ele>
      </trkpt>
      <trkpt lat="41.14503" lon="-122.21163">
        <ele>1339.77</ele>
      </trkpt>
      <trkpt lat="41.14488" lon="-122.21146">
        <ele>1338.65</ele>
      </trkpt>
      <trkpt lat="41.14469" lon="-122.21128">
        <ele>1340.52</ele>
      </trkpt>
      <trkpt lat="41.14456" lon="-122.21117">
        <ele>1339.96</ele>
      </trkpt>
      <trkpt lat="41.14437" lon="-122.21113">
        <ele>1342.42</ele>
      </trkpt>
      <trkpt lat="41.14416" lon="-122.21114">
        <ele>1343.94</ele>
      </trkpt>
      <trkpt lat="41.14391" lon="-122.21116">
        <ele>1343.81</ele>
      </trkpt>
      <trkpt lat="41.14377" lon="-122.21121">
        <ele>1344.85</ele>
      </trkpt>
      <trkpt lat="41.14367" lon="-122.21129">
        <ele>1345.84</ele>
      </trkpt>
      <trkpt lat="41.14357" lon="-122.21152">
        <ele>1350.39</ele>
      </trkpt>
      <trkpt lat="41.14341" lon="-122.21176">
        <ele>1354.86</ele>
      </trkpt>
      <trkpt lat="41.14303" lon="-122.21221">
        <ele>1367.16</ele>
      </trkpt>
      <trkpt lat="41.14281" lon="-122.21251">
        <ele>1376.63</ele>
      </trkpt>
      <trkpt lat="41.14264" lon="-122.21261">
        <ele>1377.08</ele>
      </trkpt>
      <trkpt lat="41.1424" lon="-122.2127">
        <ele>1376.0</ele>
      </trkpt>
      <trkpt lat="41.14224" lon="-122.21273">
        <ele>1373.68</ele>
      </trkpt>
      <trkpt lat="41.14217" lon="-122.21281">
        <ele>1373.44</ele>
      </trkpt>
      <trkpt lat="41.14215" lon="-122.21299">
        <ele>1373.22</ele>
      </trkpt>
      <trkpt lat="41.14222" lon="-122.21313">
        <ele>1373.15</ele>
      </trkpt>
      <trkpt lat="41.14236" lon="-122.21321">
        <ele>1373.15</ele>
      </trkpt>
      <trkpt lat="41.14261" lon="-122.21328">
        <ele>1373.92</ele>
      </trkpt>
      <trkpt lat="41.14273" lon="-122.21326">
        <ele>1376.24</ele>
      </trkpt>
      <trkpt lat="41.14285" lon="-122.21323">
        <ele>1379.79</ele>
      </trkpt>
      <trkpt lat="41.14301" lon="-122.21313">
        <ele>1383.51</ele>
      </trkpt>
      <trkpt lat="41.14316" lon="-122.21313">
        <ele>1383.3</ele>
      </trkpt>
      <trkpt lat="41.14328" lon="-122.21327">
        <ele>1382.37</ele>
      </trkpt>
      <trkpt lat="41.14336" lon="-122.21346">
        <ele>1378.84</ele>
      </trkpt>
      <trkpt lat="41.14335" lon="-122.21376">
        <ele>1370.29</ele>
      </trkpt>
      <trkpt lat="41.14328" lon="-122.21407">
        <ele>1369.1</ele>
      </trkpt>
      <trkpt lat="41.14322" lon="-122.21437">
        <ele>1367.15</ele>
      </trkpt>
      <trkpt lat="41.14317" lon="-122.21466">
        <ele>1365.46</ele>
      </trkpt>
      <trkpt lat="41.14318" lon="-122.21485">
        <ele>1364.4</ele>
      </trkpt>
      <trkpt lat="41.14331" lon="-122.21502">
        <ele>1367.03</ele>
      </trkpt>
      <trkpt lat="41.14347" lon="-122.21517">
        <ele>1369.59</ele>
      </trkpt>
      <trkpt lat="41.14384" lon="-122.21547">
        <ele>1374.87</ele>
      </trkpt>
      <trkpt lat="41.14403" lon="-122.21562">
        <ele>1378.18</ele>
      </trkpt>
      <trkpt lat="41.14423" lon="-122.21585">
        <ele>1380.43</ele>
      </trkpt>
      <trkpt lat="41.14443" lon="-122.21608">
        <ele>1386.56</ele>
      </trkpt>
      <trkpt lat="41.14452" lon="-122.21625">
        <ele>1388.76</ele>
      </trkpt>
      <trkpt lat="41.14455" lon="-122.21642">
        <ele>1387.22</ele>
      </trkpt>
      <trkpt lat="41.14476" lon="-122.21682">
        <ele>1388.71</ele>
      </trkpt>
      <trkpt lat="41.14501" lon="-122.21714">
        <ele>1391.1</ele>
      </trkpt>
      <trkpt lat="41.14501" lon="-122.21714">
        <ele>1391.1</ele>
      </trkpt>
      <trkpt lat="41.14506" lon="-122.2172">
        <ele>1391.42</ele>
      </trkpt>
      <trkpt lat="41.14529" lon="-122.2175">
        <ele>1392.53</ele>
      </trkpt>
      <trkpt lat="41.14557" lon="-122.2178">
        <ele>1394.63</ele>
      </trkpt>
      <trkpt lat="41.14585" lon="-122.21794">
        <ele>1398.1</ele>
      </trkpt>
      <trkpt lat="41.14604" lon="-122.21798">
        <ele>1402.14</ele>
      </trkpt>
      <trkpt lat="41.14621" lon="-122.21802">
        <ele>1405.71</ele>
      </trkpt>
      <trkpt lat="41.14645" lon="-122.21813">
        <ele>1408.63</ele>
      </trkpt>
      <trkpt lat="41.14659" lon="-122.21822">
        <ele>1409.02</ele>
      </trkpt>
      <trkpt lat="41.14665" lon="-122.21831">
        <ele>1407.26</ele>
      </trkpt>
      <trkpt lat="41.14673" lon="-122.21839">
        <ele>1406.34</ele>
      </trkpt>
      <trkpt lat="41.1469" lon="-122.21856">
        <ele>1406.97</ele>
      </trkpt>
      <trkpt lat="41.14699" lon="-122.2187">
        <ele>1408.54</ele>
      </trkpt>
      <trkpt lat="41.14703" lon="-122.21892">
        <ele>1407.23</ele>
      </trkpt>
      <trkpt lat="41.14709" lon="-122.21924">
        <ele>1403.63</ele>
      </trkpt>
      <trkpt lat="41.14715" lon="-122.21948">
        <ele>1401.95</ele>
      </trkpt>
      <trkpt lat="41.14721" lon="-122.21975">
        <ele>1398.52</ele>
      </trkpt>
      <trkpt lat="41.14745" lon="-122.22013">
        <ele>1404.6</ele>
      </trkpt>
      <trkpt lat="41.14772" lon="-122.22042">
        <ele>1408.06</ele>
      </trkpt>
      <trkpt lat="41.14799" lon="-122.22077">
        <ele>1408.95</ele>
      </trkpt>
      <trkpt lat="41.14811" lon="-122.2209">
        <ele>1409.62</ele>
      </trkpt>
      <trkpt lat="41.14826" lon="-122.22108">
        <ele>1411.3</ele>
      </trkpt>
      <trkpt lat="41.14837" lon="-122.22134">
        <ele>1409.24</ele>
      </trkpt>
      <trkpt lat="41.14845" lon="-122.22182">
        <ele>1407.0</ele>
      </trkpt>
      <trkpt lat="41.14843" lon="-122.22203">
        <ele>1407.0</ele>
      </trkpt>
      <trkpt lat="41.14835" lon="-122.22232">
        <ele>1409.06</ele>
      </trkpt>
      <trkpt lat="41.14835" lon="-122.22242">
        <ele>1410.14</ele>
      </trkpt>
      <trkpt lat="41.14836" lon="-122.22248">
        <ele>1410.78</ele>
      </trkpt>
      <trkpt lat="41.14845" lon="-122.22258">
        <ele>1412.73</ele>
      </trkpt>
      <trkpt lat="41.14853" lon="-122.22262">
        <ele>1413.08</ele>
      </trkpt>
      <trkpt lat="41.14872" lon="-122.22279">
        <ele>1412.74</ele>
      </trkpt>
      <trkpt lat="41.14891" lon="-122.22307">
        <ele>1411.4</ele>
      </trkpt>
      <trkpt lat="41.14898" lon="-122.22326">
        <ele>1411.27</ele>
      </trkpt>
      <trkpt lat="41.149" lon="-122.22348">
        <ele>1412.78</ele>
      </trkpt>
      <trkpt lat="41.14901" lon="-122.22368">
        <ele>1413.69</ele>
      </trkpt>
      <trkpt lat="41.14898" lon="-122.22381">
        <ele>1415.08</ele>
      </trkpt>
      <trkpt lat="41.14889" lon="-122.22408">
        <ele>1420.99</ele>
      </trkpt>
      <trkpt lat="41.14889" lon="-122.22417">
        <ele>1421.95</ele>
      </trkpt>
      <trkpt lat="41.14891" lon="-122.22425">
        <ele>1421.51</ele>
      </trkpt>
      <trkpt lat="41.14929" lon="-122.22468">
        <ele>1417.97</ele>
      </trkpt>
      <trkpt lat="41.14957" lon="-122.22481">
        <ele>1415.13</ele>
      </trkpt>
      <trkpt lat="41.14966" lon="-122.22484">
        <ele>1413.83</ele>
      </trkpt>
      <trkpt lat="41.14978" lon="-122.22492">
        <ele>1412.54</ele>
      </trkpt>
      <trkpt lat="41.14989" lon="-122.22505">
        <ele>1413.08</ele>
      </trkpt>
      <trkpt lat="41.14995" lon="-122.22518">
        <ele>1414.51</ele>
      </trkpt>
      <trkpt lat="41.15018" lon="-122.22561">
        <ele>1417.99</ele>
      </trkpt>
      <trkpt lat="41.15052" lon="-122.22601">
        <ele>1419.4</ele>
      </trkpt>
      <trkpt lat="41.15074" lon="-122.2261">
        <ele>1417.66</ele>
      </trkpt>
      <trkpt lat="41.1509" lon="-122.22611">
        <ele>1415.53</ele>
      </trkpt>
      <trkpt lat="41.15101" lon="-122.22615">
        <ele>1415.35</ele>
      </trkpt>
      <trkpt lat="41.15119" lon="-122.22626">
        <ele>1415.03</ele>
      </trkpt>
      <trkpt lat="41.1516" lon="-122.2267">
        <ele>1414.06</ele>
      </trkpt>
      <trkpt lat="41.1518" lon="-122.22685">
        <ele>1408.67</ele>
      </trkpt>
      <trkpt lat="41.15184" lon="-122.22692">
        <ele>1406.74</ele>
      </trkpt>
      <trkpt lat="41.15184" lon="-122.22703">
        <ele>1405.59</ele>
      </trkpt>
      <trkpt lat="41.15177" lon="-122.22714">
        <ele>1407.28</ele>
      </trkpt>
      <trkpt lat="41.15168" lon="-122.22723">
        <ele>1411.2</ele>
      </trkpt>
      <trkpt lat="41.15155" lon="-122.22741">
        <ele>1415.96</ele>
      </trkpt>
      <trkpt lat="41.1514" lon="-122.22768">
        <ele>1416.41</ele>
      </trkpt>
      <trkpt lat="41.15134" lon="-122.22806">
        <ele>1411.57</ele>
      </trkpt>
      <trkpt lat="41.15133" lon="-122.22826">
        <ele>1407.4</ele>
      </trkpt>
      <trkpt lat="41.15138" lon="-122.22849">
        <ele>1399.19</ele>
      </trkpt>
      <trkpt lat="41.15141" lon="-122.22855">
        <ele>1396.03</ele>
      </trkpt>
      <trkpt lat="41.15141" lon="-122.2286">
        <ele>1395.07</ele>
      </trkpt>
      <trkpt lat="41.15137" lon="-122.22869">
        <ele>1396.2</ele>
      </trkpt>
      <trkpt lat="41.15125" lon="-122.22884">
        <ele>1399.82</ele>
      </trkpt>
      <trkpt lat="41.15111" lon="-122.22915">
        <ele>1398.62</ele>
      </trkpt>
      <trkpt lat="41.15103" lon="-122.22925">
        <ele>1400.64</ele>
      </trkpt>
      <trkpt lat="41.15084" lon="-122.22952">
        <ele>1403.34</ele>
      </trkpt>
      <trkpt lat="41.15078" lon="-122.22967">
        <ele>1400.43</ele>
      </trkpt>
      <trkpt lat="41.15071" lon="-122.2299">
        <ele>1401.68</ele>
      </trkpt>
      <trkpt lat="41.1507" lon="-122.23002">
        <ele>1402.64</ele>
      </trkpt>
      <trkpt lat="41.15072" lon="-122.23026">
        <ele>1401.57</ele>
      </trkpt>
      <trkpt lat="41.15075" lon="-122.23043">
        <ele>1398.72</ele>
      </trkpt>
      <trkpt lat="41.15073" lon="-122.23053">
        <ele>1399.84</ele>
      </trkpt>
      <trkpt lat="41.15063" lon="-122.23074">
        <ele>1407.57</ele>
      </trkpt>
      <trkpt lat="41.15062" lon="-122.2309">
        <ele>1408.43</ele>
      </trkpt>
      <trkpt lat="41.15063" lon="-122.23095">
        <ele>1407.57</ele>
      </trkpt>
      <trkpt lat="41.15066" lon="-122.2315">
        <ele>1408.3</ele>
      </trkpt>
      <trkpt lat="41.1507" lon="-122.23168">
        <ele>1407.86</ele>
      </trkpt>
      <trkpt lat="41.15087" lon="-122.23216">
        <ele>1410.28</ele>
      </trkpt>
      <trkpt lat="41.15097" lon="-122.23237">
        <ele>1408.22</ele>
      </trkpt>
      <trkpt lat="41.1511" lon="-122.23258">
        <ele>1404.46</ele>
      </trkpt>
      <trkpt lat="41.15113" lon="-122.23263">
        <ele>1403.38</ele>
      </trkpt>
      <trkpt lat="41.15114" lon="-122.23274">
        <ele>1403.44</ele>
      </trkpt>
      <trkpt lat="41.15112" lon="-122.23282">
        <ele>1404.06</ele>
      </trkpt>
      <trkpt lat="41.15102" lon="-122.23295">
        <ele>1409.04</ele>
      </trkpt>
      <trkpt lat="41.15092" lon="-122.23306">
        <ele>1413.23</ele>
      </trkpt>
      <trkpt lat="41.15083" lon="-122.23318">
        <ele>1416.12</ele>
      </trkpt>
      <trkpt lat="41.15073" lon="-122.2333">
        <ele>1418.3</ele>
      </trkpt>
      <trkpt lat="41.15066" lon="-122.23345">
        <ele>1418.81</ele>
      </trkpt>
      <trkpt lat="41.1506" lon="-122.2335">
        <ele>1421.0</ele>
      </trkpt>
      <trkpt lat="41.15039" lon="-122.23374">
        <ele>1425.07</ele>
      </trkpt>
      <trkpt lat="41.15029" lon="-122.2339">
        <ele>1427.34</ele>
      </trkpt>
      <trkpt lat="41.15025" lon="-122.2341">
        <ele>1429.78</ele>
      </trkpt>
      <trkpt lat="41.15025" lon="-122.23427">
        <ele>1431.23</ele>
      </trkpt>
      <trkpt lat="41.15043" lon="-122.23528">
        <ele>1431.78</ele>
      </trkpt>
      <trkpt lat="41.1505" lon="-122.23563">
        <ele>1429.0</ele>
      </trkpt>
      <trkpt lat="41.15052" lon="-122.2359">
        <ele>1426.92</ele>
      </trkpt>
      <trkpt lat="41.15049" lon="-122.23631">
        <ele>1423.24</ele>
      </trkpt>
      <trkpt lat="41.15039" lon="-122.23653">
        <ele>1422.58</ele>
      </trkpt>
      <trkpt lat="41.15032" lon="-122.23662">
        <ele>1422.14</ele>
      </trkpt>
      <trkpt lat="41.15023" lon="-122.23671">
        <ele>1422.42</ele>
      </trkpt>
      <trkpt lat="41.1501" lon="-122.23677">
        <ele>1424.4</ele>
      </trkpt>
      <trkpt lat="41.14955" lon="-122.23715">
        <ele>1426.34</ele>
      </trkpt>
      <trkpt lat="41.14941" lon="-122.23726">
        <ele>1426.6</ele>
      </trkpt>
      <trkpt lat="41.14934" lon="-122.23737">
        <ele>1424.81</ele>
      </trkpt>
      <trkpt lat="41.14929" lon="-122.23762">
        <ele>1422.42</ele>
      </trkpt>
      <trkpt lat="41.14931" lon="-122.23789">
        <ele>1416.4</ele>
      </trkpt>
      <trkpt lat="41.14931" lon="-122.2382">
        <ele>1413.6</ele>
      </trkpt>
      <trkpt lat="41.1493" lon="-122.23824">
        <ele>1413.93</ele>
      </trkpt>
      <trkpt lat="41.14928" lon="-122.23851">
        <ele>1410.04</ele>
      </trkpt>
      <trkpt lat="41.1492" lon="-122.23903">
        <ele>1395.56</ele>
      </trkpt>
      <trkpt lat="41.14915" lon="-122.23914">
        <ele>1393.47</ele>
      </trkpt>
      <trkpt lat="41.14906" lon="-122.23926">
        <ele>1392.72</ele>
      </trkpt>
      <trkpt lat="41.14838" lon="-122.23971">
        <ele>1408.77</ele>
      </trkpt>
      <trkpt lat="41.14821" lon="-122.23985">
        <ele>1412.09</ele>
      </trkpt>
      <trkpt lat="41.14799" lon="-122.24014">
        <ele>1420.25</ele>
      </trkpt>
      <trkpt lat="41.14792" lon="-122.24028">
        <ele>1426.3</ele>
      </trkpt>
      <trkpt lat="41.1479" lon="-122.2404">
        <ele>1430.62</ele>
      </trkpt>
      <trkpt lat="41.14792" lon="-122.24053">
        <ele>1432.88</ele>
      </trkpt>
      <trkpt lat="41.14798" lon="-122.2407">
        <ele>1432.29</ele>
      </trkpt>
      <trkpt lat="41.1481" lon="-122.24091">
        <ele>1428.3</ele>
      </trkpt>
      <trkpt lat="41.14815" lon="-122.24109">
        <ele>1429.4</ele>
      </trkpt>
      <trkpt lat="41.1482" lon="-122.24152">
        <ele>1432.91</ele>
      </trkpt>
      <trkpt lat="41.14826" lon="-122.24166">
        <ele>1430.47</ele>
      </trkpt>
      <trkpt lat="41.14827" lon="-122.24171">
        <ele>1430.26</ele>
      </trkpt>
      <trkpt lat="41.14834" lon="-122.24186">
        <ele>1426.58</ele>
      </trkpt>
      <trkpt lat="41.14834" lon="-122.24254">
        <ele>1432.36</ele>
      </trkpt>
      <trkpt lat="41.14839" lon="-122.24272">
        <ele>1432.47</ele>
      </trkpt>
      <trkpt lat="41.14852" lon="-122.24292">
        <ele>1428.45</ele>
      </trkpt>
      <trkpt lat="41.14856" lon="-122.24306">
        <ele>1427.81</ele>
      </trkpt>
      <trkpt lat="41.14857" lon="-122.24317">
        <ele>1428.46</ele>
      </trkpt>
      <trkpt lat="41.14856" lon="-122.24321">
        <ele>1429.43</ele>
      </trkpt>
      <trkpt lat="41.14855" lon="-122.2435">
        <ele>1431.83</ele>
      </trkpt>
      <trkpt lat="41.14858" lon="-122.24371">
        <ele>1431.04</ele>
      </trkpt>
      <trkpt lat="41.14867" lon="-122.24392">
        <ele>1428.61</ele>
      </trkpt>
      <trkpt lat="41.14898" lon="-122.24435">
        <ele>1425.01</ele>
      </trkpt>
      <trkpt lat="41.14909" lon="-122.24485">
        <ele>1425.48</ele>
      </trkpt>
      <trkpt lat="41.14929" lon="-122.24539">
        <ele>1419.67</ele>
      </trkpt>
      <trkpt lat="41.14929" lon="-122.24552">
        <ele>1419.46</ele>
      </trkpt>
      <trkpt lat="41.14921" lon="-122.2457">
        <ele>1417.88</ele>
      </trkpt>
      <trkpt lat="41.14902" lon="-122.2458">
        <ele>1415.35</ele>
      </trkpt>
      <trkpt lat="41.14882" lon="-122.24584">
        <ele>1411.99</ele>
      </trkpt>
      <trkpt lat="41.14847" lon="-122.24584">
        <ele>1408.23</ele>
      </trkpt>
      <trkpt lat="41.14803" lon="-122.24578">
        <ele>1406.06</ele>
      </trkpt>
      <trkpt lat="41.14783" lon="-122.24572">
        <ele>1403.59</ele>
      </trkpt>
      <trkpt lat="41.14757" lon="-122.24562">
        <ele>1400.48</ele>
      </trkpt>
      <trkpt lat="41.14734" lon="-122.24558">
        <ele>1397.22</ele>
      </trkpt>
      <trkpt lat="41.14717" lon="-122.24558">
        <ele>1397.62</ele>
      </trkpt>
      <trkpt lat="41.147" lon="-122.24562">
        <ele>1395.82</ele>
      </trkpt>
      <trkpt lat="41.14691" lon="-122.24566">
        <ele>1393.12</ele>
      </trkpt>
      <trkpt lat="41.14681" lon="-122.24563">
        <ele>1393.33</ele>
      </trkpt>
      <trkpt lat="41.14665" lon="-122.24555">
        <ele>1394.94</ele>
      </trkpt>
      <trkpt lat="41.14648" lon="-122.24534">
        <ele>1402.27</ele>
      </trkpt>
      <trkpt lat="41.14635" lon="-122.24523">
        <ele>1403.3</ele>
      </trkpt>
      <trkpt lat="41.14617" lon="-122.24515">
        <ele>1402.9</ele>
      </trkpt>
      <trkpt lat="41.14587" lon="-122.24519">
        <ele>1400.71</ele>
      </trkpt>
      <trkpt lat="41.14548" lon="-122.24511">
        <ele>1398.43</ele>
      </trkpt>
      <trkpt lat="41.14536" lon="-122.24512">
        <ele>1397.44</ele>
      </trkpt>
      <trkpt lat="41.14522" lon="-122.24515">
        <ele>1395.52</ele>
      </trkpt>
      <trkpt lat="41.14503" lon="-122.24522">
        <ele>1391.7</ele>
      </trkpt>
      <trkpt lat="41.14486" lon="-122.24523">
        <ele>1389.3</ele>
      </trkpt>
      <trkpt lat="41.14471" lon="-122.24516">
        <ele>1389.86</ele>
      </trkpt>
      <trkpt lat="41.14433" lon="-122.24489">
        <ele>1399.18</ele>
      </trkpt>
      <trkpt lat="41.14422" lon="-122.24489">
        <ele>1400.36</ele>
      </trkpt>
      <trkpt lat="41.1441" lon="-122.245">
        <ele>1394.0</ele>
      </trkpt>
      <trkpt lat="41.14395" lon="-122.24522">
        <ele>1379.12</ele>
      </trkpt>
      <trkpt lat="41.14387" lon="-122.24524">
        <ele>1377.84</ele>
      </trkpt>
      <trkpt lat="41.14376" lon="-122.24526">
        <ele>1375.57</ele>
      </trkpt>
      <trkpt lat="41.14355" lon="-122.24515">
        <ele>1377.71</ele>
      </trkpt>
      <trkpt lat="41.14341" lon="-122.24503">
        <ele>1381.6</ele>
      </trkpt>
      <trkpt lat="41.1433" lon="-122.24492">
        <ele>1385.1</ele>
      </trkpt>
      <trkpt lat="41.14327" lon="-122.2449">
        <ele>1385.51</ele>
      </trkpt>
      <trkpt lat="41.14316" lon="-122.24485">
        <ele>1386.06</ele>
      </trkpt>
      <trkpt lat="41.143" lon="-122.24481">
        <ele>1386.11</ele>
      </trkpt>
      <trkpt lat="41.14284" lon="-122.24481">
        <ele>1385.57</ele>
      </trkpt>
      <trkpt lat="41.14263" lon="-122.24506">
        <ele>1387.97</ele>
      </trkpt>
      <trkpt lat="41.14251" lon="-122.24514">
        <ele>1393.76</ele>
      </trkpt>
      <trkpt lat="41.14241" lon="-122.24525">
        <ele>1396.73</ele>
      </trkpt>
      <trkpt lat="41.14238" lon="-122.24535">
        <ele>1395.21</ele>
      </trkpt>
      <trkpt lat="41.14237" lon="-122.2454">
        <ele>1393.87</ele>
      </trkpt>
      <trkpt lat="41.14234" lon="-122.24549">
        <ele>1392.41</ele>
      </trkpt>
      <trkpt lat="41.14217" lon="-122.24569">
        <ele>1395.01</ele>
      </trkpt>
      <trkpt lat="41.14209" lon="-122.24588">
        <ele>1391.55</ele>
      </trkpt>
      <trkpt lat="41.14208" lon="-122.24615">
        <ele>1384.11</ele>
      </trkpt>
      <trkpt lat="41.14209" lon="-122.24642">
        <ele>1381.57</ele>
      </trkpt>
      <trkpt lat="41.14207" lon="-122.24657">
        <ele>1381.91</ele>
      </trkpt>
      <trkpt lat="41.14204" lon="-122.24661">
        <ele>1383.81</ele>
      </trkpt>
      <trkpt lat="41.142" lon="-122.24677">
        <ele>1384.88</ele>
      </trkpt>
      <trkpt lat="41.14199" lon="-122.24707">
        <ele>1381.69</ele>
      </trkpt>
      <trkpt lat="41.14201" lon="-122.24727">
        <ele>1377.87</ele>
      </trkpt>
      <trkpt lat="41.14204" lon="-122.24744">
        <ele>1373.07</ele>
      </trkpt>
      <trkpt lat="41.14203" lon="-122.24767">
        <ele>1368.78</ele>
      </trkpt>
      <trkpt lat="41.14186" lon="-122.24818">
        <ele>1363.1</ele>
      </trkpt>
      <trkpt lat="41.14182" lon="-122.24826">
        <ele>1361.68</ele>
      </trkpt>
      <trkpt lat="41.14166" lon="-122.2487">
        <ele>1348.23</ele>
      </trkpt>
      <trkpt lat="41.14155" lon="-122.24875">
        <ele>1346.87</ele>
      </trkpt>
      <trkpt lat="41.14144" lon="-122.24871">
        <ele>1348.21</ele>
      </trkpt>
      <trkpt lat="41.1413" lon="-122.24868">
        <ele>1347.35</ele>
      </trkpt>
      <trkpt lat="41.14084" lon="-122.24854">
        <ele>1347.93</ele>
      </trkpt>
      <trkpt lat="41.14075" lon="-122.24849">
        <ele>1349.36</ele>
      </trkpt>
      <trkpt lat="41.14052" lon="-122.24828">
        <ele>1359.46</ele>
      </trkpt>
      <trkpt lat="41.14045" lon="-122.24828">
        <ele>1359.6</ele>
      </trkpt>
      <trkpt lat="41.14031" lon="-122.2484">
        <ele>1358.03</ele>
      </trkpt>
      <trkpt lat="41.14016" lon="-122.24845">
        <ele>1364.51</ele>
      </trkpt>
      <trkpt lat="41.14008" lon="-122.24854">
        <ele>1364.75</ele>
      </trkpt>
      <trkpt lat="41.14002" lon="-122.24865">
        <ele>1363.24</ele>
      </trkpt>
      <trkpt lat="41.13978" lon="-122.24892">
        <ele>1363.16</ele>
      </trkpt>
      <trkpt lat="41.13962" lon="-122.24931">
        <ele>1352.72</ele>
      </trkpt>
      <trkpt lat="41.13954" lon="-122.24939">
        <ele>1352.26</ele>
      </trkpt>
      <trkpt lat="41.13938" lon="-122.24951">
        <ele>1351.34</ele>
      </trkpt>
      <trkpt lat="41.13925" lon="-122.24957">
        <ele>1351.42</ele>
      </trkpt>
      <trkpt lat="41.13902" lon="-122.24955">
        <ele>1356.83</ele>
      </trkpt>
      <trkpt lat="41.13878" lon="-122.24958">
        <ele>1361.93</ele>
      </trkpt>
      <trkpt lat="41.13857" lon="-122.24976">
        <ele>1369.88</ele>
      </trkpt>
      <trkpt lat="41.13843" lon="-122.25026">
        <ele>1363.31</ele>
      </trkpt>
      <trkpt lat="41.13832" lon="-122.25036">
        <ele>1366.06</ele>
      </trkpt>
      <trkpt lat="41.13808" lon="-122.25049">
        <ele>1373.07</ele>
      </trkpt>
      <trkpt lat="41.13801" lon="-122.25058">
        <ele>1373.08</ele>
      </trkpt>
      <trkpt lat="41.13796" lon="-122.25071">
        <ele>1373.48</ele>
      </trkpt>
      <trkpt lat="41.13793" lon="-122.25086">
        <ele>1372.75</ele>
      </trkpt>
      <trkpt lat="41.13787" lon="-122.25146">
        <ele>1367.71</ele>
      </trkpt>
      <trkpt lat="41.13779" lon="-122.25186">
        <ele>1361.42</ele>
      </trkpt>
      <trkpt lat="41.13771" lon="-122.25198">
        <ele>1361.04</ele>
      </trkpt>
      <trkpt lat="41.13766" lon="-122.25203">
        <ele>1361.04</ele>
      </trkpt>
      <trkpt lat="41.1376" lon="-122.25206">
        <ele>1362.04</ele>
      </trkpt>
      <trkpt lat="41.13748" lon="-122.25205">
        <ele>1366.01</ele>
      </trkpt>
      <trkpt lat="41.1372" lon="-122.25194">
        <ele>1376.66</ele>
      </trkpt>
      <trkpt lat="41.13709" lon="-122.25194">
        <ele>1378.59</ele>
      </trkpt>
      <trkpt lat="41.13692" lon="-122.25202">
        <ele>1377.0</ele>
      </trkpt>
      <trkpt lat="41.13684" lon="-122.25216">
        <ele>1371.69</ele>
      </trkpt>
      <trkpt lat="41.13672" lon="-122.2523">
        <ele>1364.38</ele>
      </trkpt>
      <trkpt lat="41.13668" lon="-122.2523">
        <ele>1363.94</ele>
      </trkpt>
      <trkpt lat="41.1365" lon="-122.25241">
        <ele>1353.24</ele>
      </trkpt>
      <trkpt lat="41.13636" lon="-122.25255">
        <ele>1355.04</ele>
      </trkpt>
      <trkpt lat="41.1363" lon="-122.2527">
        <ele>1358.44</ele>
      </trkpt>
      <trkpt lat="41.13629" lon="-122.25284">
        <ele>1357.31</ele>
      </trkpt>
      <trkpt lat="41.13633" lon="-122.25308">
        <ele>1350.82</ele>
      </trkpt>
      <trkpt lat="41.13633" lon="-122.25332">
        <ele>1348.6</ele>
      </trkpt>
      <trkpt lat="41.13631" lon="-122.25348">
        <ele>1348.53</ele>
      </trkpt>
      <trkpt lat="41.13624" lon="-122.25361">
        <ele>1350.06</ele>
      </trkpt>
      <trkpt lat="41.13616" lon="-122.25367">
        <ele>1352.79</ele>
      </trkpt>
      <trkpt lat="41.13594" lon="-122.25372">
        <ele>1361.86</ele>
      </trkpt>
      <trkpt lat="41.13573" lon="-122.25381">
        <ele>1367.9</ele>
      </trkpt>
      <trkpt lat="41.1356" lon="-122.25393">
        <ele>1367.78</ele>
      </trkpt>
      <trkpt lat="41.13553" lon="-122.25403">
        <ele>1365.59</ele>
      </trkpt>
      <trkpt lat="41.13554" lon="-122.2546">
        <ele>1344.66</ele>
      </trkpt>
      <trkpt lat="41.13546" lon="-122.25506">
        <ele>1347.27</ele>
      </trkpt>
      <trkpt lat="41.13546" lon="-122.25506">
        <ele>1347.27</ele>
      </trkpt>
      <trkpt lat="41.13543" lon="-122.25523">
        <ele>1348.72</ele>
      </trkpt>
      <trkpt lat="41.13538" lon="-122.25539">
        <ele>1351.85</ele>
      </trkpt>
      <trkpt lat="41.1354" lon="-122.25553">
        <ele>1349.12</ele>
      </trkpt>
      <trkpt lat="41.13553" lon="-122.25594">
        <ele>1340.66</ele>
      </trkpt>
      <trkpt lat="41.13554" lon="-122.25615">
        <ele>1340.18</ele>
      </trkpt>
      <trkpt lat="41.13546" lon="-122.25635">
        <ele>1345.63</ele>
      </trkpt>
      <trkpt lat="41.13543" lon="-122.2564">
        <ele>1347.49</ele>
      </trkpt>
      <trkpt lat="41.13539" lon="-122.2566">
        <ele>1349.45</ele>
      </trkpt>
      <trkpt lat="41.13538" lon="-122.25703">
        <ele>1345.45</ele>
      </trkpt>
      <trkpt lat="41.13532" lon="-122.2573">
        <ele>1346.81</ele>
      </trkpt>
      <trkpt lat="41.13522" lon="-122.25754">
        <ele>1350.56</ele>
      </trkpt>
      <trkpt lat="41.13521" lon="-122.25769">
        <ele>1350.95</ele>
      </trkpt>
      <trkpt lat="41.13526" lon="-122.25822">
        <ele>1356.59</ele>
      </trkpt>
      <trkpt lat="41.13539" lon="-122.25834">
        <ele>1347.59</ele>
      </trkpt>
      <trkpt lat="41.13552" lon="-122.25857">
        <ele>1341.48</ele>
      </trkpt>
      <trkpt lat="41.13559" lon="-122.25884">
        <ele>1339.61</ele>
      </trkpt>
      <trkpt lat="41.1356" lon="-122.2592">
        <ele>1342.48</ele>
      </trkpt>
      <trkpt lat="41.13558" lon="-122.25936">
        <ele>1344.42</ele>
      </trkpt>
      <trkpt lat="41.13551" lon="-122.25946">
        <ele>1349.04</ele>
      </trkpt>
      <trkpt lat="41.13541" lon="-122.25956">
        <ele>1354.86</ele>
      </trkpt>
      <trkpt lat="41.1354" lon="-122.25967">
        <ele>1355.4</ele>
      </trkpt>
      <trkpt lat="41.13543" lon="-122.25981">
        <ele>1353.78</ele>
      </trkpt>
      <trkpt lat="41.13557" lon="-122.26004">
        <ele>1350.95</ele>
      </trkpt>
      <trkpt lat="41.13567" lon="-122.26014">
        <ele>1350.38</ele>
      </trkpt>
      <trkpt lat="41.13585" lon="-122.26017">
        <ele>1342.77</ele>
      </trkpt>
      <trkpt lat="41.13615" lon="-122.26026">
        <ele>1331.75</ele>
      </trkpt>
      <trkpt lat="41.13625" lon="-122.26038">
        <ele>1334.12</ele>
      </trkpt>
      <trkpt lat="41.13638" lon="-122.26059">
        <ele>1340.71</ele>
      </trkpt>
      <trkpt lat="41.13648" lon="-122.26069">
        <ele>1342.78</ele>
      </trkpt>
      <trkpt lat="41.13661" lon="-122.26075">
        <ele>1340.95</ele>
      </trkpt>
      <trkpt lat="41.13706" lon="-122.26083">
        <ele>1330.12</ele>
      </trkpt>
      <trkpt lat="41.13723" lon="-122.26093">
        <ele>1328.92</ele>
      </trkpt>
      <trkpt lat="41.13752" lon="-122.26106">
        <ele>1324.78</ele>
      </trkpt>
      <trkpt lat="41.13755" lon="-122.26101">
        <ele>1324.37</ele>
      </trkpt>
      <trkpt lat="41.13739" lon="-122.26091">
        <ele>1325.84</ele>
      </trkpt>
      <trkpt lat="41.13725" lon="-122.26076">
        <ele>1323.32</ele>
      </trkpt>
      <trkpt lat="41.13708" lon="-122.26061">
        <ele>1320.62</ele>
      </trkpt>
      <trkpt lat="41.13667" lon="-122.26047">
        <ele>1322.31</ele>
      </trkpt>
      <trkpt lat="41.13653" lon="-122.26033">
        <ele>1318.25</ele>
      </trkpt>
      <trkpt lat="41.13641" lon="-122.26008">
        <ele>1310.58</ele>
      </trkpt>
      <trkpt lat="41.13628" lon="-122.25992">
        <ele>1309.22</ele>
      </trkpt>
      <trkpt lat="41.13587" lon="-122.25975">
        <ele>1326.02</ele>
      </trkpt>
      <trkpt lat="41.13584" lon="-122.25967">
        <ele>1327.64</ele>
      </trkpt>
      <trkpt lat="41.13585" lon="-122.2595">
        <ele>1327.1</ele>
      </trkpt>
      <trkpt lat="41.13593" lon="-122.25932">
        <ele>1322.45</ele>
      </trkpt>
      <trkpt lat="41.136" lon="-122.25895">
        <ele>1317.0</ele>
      </trkpt>
      <trkpt lat="41.13608" lon="-122.2587">
        <ele>1311.0</ele>
      </trkpt>
      <trkpt lat="41.13609" lon="-122.25849">
        <ele>1308.83</ele>
      </trkpt>
      <trkpt lat="41.13608" lon="-122.25824">
        <ele>1305.66</ele>
      </trkpt>
      <trkpt lat="41.13603" lon="-122.25806">
        <ele>1305.31</ele>
      </trkpt>
      <trkpt lat="41.13581" lon="-122.25785">
        <ele>1315.66</ele>
      </trkpt>
      <trkpt lat="41.13577" lon="-122.25773">
        <ele>1314.91</ele>
      </trkpt>
      <trkpt lat="41.13577" lon="-122.25768">
        <ele>1313.71</ele>
      </trkpt>
      <trkpt lat="41.13583" lon="-122.2575">
        <ele>1308.25</ele>
      </trkpt>
      <trkpt lat="41.136" lon="-122.25725">
        <ele>1300.8</ele>
      </trkpt>
      <trkpt lat="41.13603" lon="-122.25711">
        <ele>1301.68</ele>
      </trkpt>
      <trkpt lat="41.13605" lon="-122.25688">
        <ele>1304.66</ele>
      </trkpt>
      <trkpt lat="41.1361" lon="-122.25671">
        <ele>1304.13</ele>
      </trkpt>
      <trkpt lat="41.13621" lon="-122.25655">
        <ele>1298.9</ele>
      </trkpt>
      <trkpt lat="41.13629" lon="-122.25637">
        <ele>1294.6</ele>
      </trkpt>
      <trkpt lat="41.13634" lon="-122.25618">
        <ele>1292.03</ele>
      </trkpt>
      <trkpt lat="41.13629" lon="-122.25579">
        <ele>1291.94</ele>
      </trkpt>
      <trkpt lat="41.13625" lon="-122.25561">
        <ele>1292.68</ele>
      </trkpt>
      <trkpt lat="41.13618" lon="-122.25549">
        <ele>1296.27</ele>
      </trkpt>
      <trkpt lat="41.13619" lon="-122.25535">
        <ele>1293.74</ele>
      </trkpt>
      <trkpt lat="41.13626" lon="-122.25517">
        <ele>1284.07</ele>
      </trkpt>
      <trkpt lat="41.1363" lon="-122.25491">
        <ele>1290.71</ele>
      </trkpt>
      <trkpt lat="41.1363" lon="-122.25479">
        <ele>1298.22</ele>
      </trkpt>
      <trkpt lat="41.13636" lon="-122.25473">
        <ele>1299.52</ele>
      </trkpt>
      <trkpt lat="41.13679" lon="-122.25471">
        <ele>1289.44</ele>
      </trkpt>
      <trkpt lat="41.13694" lon="-122.25467">
        <ele>1287.35</ele>
      </trkpt>
      <trkpt lat="41.13709" lon="-122.25459">
        <ele>1285.9</ele>
      </trkpt>
      <trkpt lat="41.13716" lon="-122.25449">
        <ele>1286.54</ele>
      </trkpt>
      <trkpt lat="41.13719" lon="-122.25399">
        <ele>1297.86</ele>
      </trkpt>
      <trkpt lat="41.1372" lon="-122.25356">
        <ele>1302.51</ele>
      </trkpt>
      <trkpt lat="41.13728" lon="-122.25343">
        <ele>1301.03</ele>
      </trkpt>
      <trkpt lat="41.13734" lon="-122.25341">
        <ele>1299.47</ele>
      </trkpt>
      <trkpt lat="41.13742" lon="-122.2534">
        <ele>1296.85</ele>
      </trkpt>
      <trkpt lat="41.13786" lon="-122.25355">
        <ele>1282.41</ele>
      </trkpt>
      <trkpt lat="41.13802" lon="-122.25364">
        <ele>1276.82</ele>
      </trkpt>
      <trkpt lat="41.13823" lon="-122.25369">
        <ele>1272.84</ele>
      </trkpt>
      <trkpt lat="41.13862" lon="-122.25361">
        <ele>1270.84</ele>
      </trkpt>
      <trkpt lat="41.13875" lon="-122.25346">
        <ele>1272.58</ele>
      </trkpt>
      <trkpt lat="41.13893" lon="-122.25316">
        <ele>1275.86</ele>
      </trkpt>
      <trkpt lat="41.13913" lon="-122.25297">
        <ele>1273.67</ele>
      </trkpt>
      <trkpt lat="41.13918" lon="-122.2528">
        <ele>1274.33</ele>
      </trkpt>
      <trkpt lat="41.13918" lon="-122.25275">
        <ele>1275.12</ele>
      </trkpt>
      <trkpt lat="41.13924" lon="-122.2523">
        <ele>1279.94</ele>
      </trkpt>
      <trkpt lat="41.13928" lon="-122.25227">
        <ele>1279.4</ele>
      </trkpt>
      <trkpt lat="41.13961" lon="-122.25225">
        <ele>1270.97</ele>
      </trkpt>
      <trkpt lat="41.13974" lon="-122.2522">
        <ele>1268.29</ele>
      </trkpt>
      <trkpt lat="41.13983" lon="-122.25212">
        <ele>1267.55</ele>
      </trkpt>
      <trkpt lat="41.13988" lon="-122.25202">
        <ele>1267.55</ele>
      </trkpt>
      <trkpt lat="41.13989" lon="-122.25188">
        <ele>1270.14</ele>
      </trkpt>
      <trkpt lat="41.13989" lon="-122.25169">
        <ele>1273.64</ele>
      </trkpt>
      <trkpt lat="41.13987" lon="-122.25155">
        <ele>1277.54</ele>
      </trkpt>
      <trkpt lat="41.13987" lon="-122.25136">
        <ele>1281.52</ele>
      </trkpt>
      <trkpt lat="41.13991" lon="-122.25131">
        <ele>1280.54</ele>
      </trkpt>
      <trkpt lat="41.14054" lon="-122.25123">
        <ele>1252.1</ele>
      </trkpt>
      <trkpt lat="41.14069" lon="-122.25114">
        <ele>1246.12</ele>
      </trkpt>
      <trkpt lat="41.14086" lon="-122.25096">
        <ele>1242.48</ele>
      </trkpt>
      <trkpt lat="41.14103" lon="-122.25068">
        <ele>1242.25</ele>
      </trkpt>
      <trkpt lat="41.14109" lon="-122.25066">
        <ele>1244.73</ele>
      </trkpt>
      <trkpt lat="41.14116" lon="-122.25069">
        <ele>1245.32</ele>
      </trkpt>
      <trkpt lat="41.1413" lon="-122.25081">
        <ele>1244.42</ele>
      </trkpt>
      <trkpt lat="41.14152" lon="-122.25112">
        <ele>1237.28</ele>
      </trkpt>
      <trkpt lat="41.14152" lon="-122.25112">
        <ele>1237.28</ele>
      </trkpt>
      <trkpt lat="41.14177" lon="-122.25145">
        <ele>1234.86</ele>
      </trkpt>
      <trkpt lat="41.14221" lon="-122.25201">
        <ele>1229.77</ele>
      </trkpt>
      <trkpt lat="41.14232" lon="-122.25225">
        <ele>1223.93</ele>
      </trkpt>
      <trkpt lat="41.14236" lon="-122.25226">
        <ele>1224.54</ele>
      </trkpt>
      <trkpt lat="41.14241" lon="-122.25219">
        <ele>1228.04</ele>
      </trkpt>
      <trkpt lat="41.14245" lon="-122.25174">
        <ele>1240.04</ele>
      </trkpt>
      <trkpt lat="41.14255" lon="-122.25134">
        <ele>1244.15</ele>
      </trkpt>
      <trkpt lat="41.14273" lon="-122.25076">
        <ele>1248.16</ele>
      </trkpt>
      <trkpt lat="41.14282" lon="-122.25068">
        <ele>1245.49</ele>
      </trkpt>
      <trkpt lat="41.14309" lon="-122.2505">
        <ele>1237.11</ele>
      </trkpt>
      <trkpt lat="41.14334" lon="-122.25027">
        <ele>1223.35</ele>
      </trkpt>
      <trkpt lat="41.14349" lon="-122.25014">
        <ele>1211.0</ele>
      </trkpt>
      <trkpt lat="41.14358" lon="-122.24998">
        <ele>1205.75</ele>
      </trkpt>
      <trkpt lat="41.14361" lon="-122.2498">
        <ele>1204.07</ele>
      </trkpt>
      <trkpt lat="41.14358" lon="-122.24917">
        <ele>1210.28</ele>
      </trkpt>
      <trkpt lat="41.14361" lon="-122.24896">
        <ele>1212.55</ele>
      </trkpt>
      <trkpt lat="41.14366" lon="-122.24891">
        <ele>1210.78</ele>
      </trkpt>
      <trkpt lat="41.14372" lon="-122.24886">
        <ele>1210.07</ele>
      </trkpt>
      <trkpt lat="41.14382" lon="-122.24884">
        <ele>1210.62</ele>
      </trkpt>
      <trkpt lat="41.14437" lon="-122.24903">
        <ele>1210.19</ele>
      </trkpt>
      <trkpt lat="41.14455" lon="-122.24902">
        <ele>1213.0</ele>
      </trkpt>
      <trkpt lat="41.14483" lon="-122.24886">
        <ele>1221.14</ele>
      </trkpt>
      <trkpt lat="41.14494" lon="-122.24887">
        <ele>1219.95</ele>
      </trkpt>
      <trkpt lat="41.14517" lon="-122.24923">
        <ele>1201.67</ele>
      </trkpt>
      <trkpt lat="41.14544" lon="-122.24943">
        <ele>1200.97</ele>
      </trkpt>
      <trkpt lat="41.14599" lon="-122.24967">
        <ele>1200.08</ele>
      </trkpt>
      <trkpt lat="41.14614" lon="-122.24968">
        <ele>1199.99</ele>
      </trkpt>
      <trkpt lat="41.14623" lon="-122.24964">
        <ele>1201.88</ele>
      </trkpt>
      <trkpt lat="41.14626" lon="-122.24961">
        <ele>1203.46</ele>
      </trkpt>
      <trkpt lat="41.14654" lon="-122.24954">
        <ele>1207.52</ele>
      </trkpt>
      <trkpt lat="41.14663" lon="-122.2496">
        <ele>1207.97</ele>
      </trkpt>
      <trkpt lat="41.14672" lon="-122.24975">
        <ele>1206.23</ele>
      </trkpt>
      <trkpt lat="41.14683" lon="-122.25005">
        <ele>1199.67</ele>
      </trkpt>
      <trkpt lat="41.14695" lon="-122.25021">
        <ele>1197.26</ele>
      </trkpt>
      <trkpt lat="41.14702" lon="-122.25024">
        <ele>1197.04</ele>
      </trkpt>
      <trkpt lat="41.14706" lon="-122.25023">
        <ele>1197.8</ele>
      </trkpt>
      <trkpt lat="41.14715" lon="-122.25017">
        <ele>1200.66</ele>
      </trkpt>
      <trkpt lat="41.14735" lon="-122.25006">
        <ele>1205.38</ele>
      </trkpt>
      <trkpt lat="41.14756" lon="-122.24993">
        <ele>1208.48</ele>
      </trkpt>
      <trkpt lat="41.14759" lon="-122.24992">
        <ele>1208.38</ele>
      </trkpt>
      <trkpt lat="41.14768" lon="-122.25">
        <ele>1204.0</ele>
      </trkpt>
      <trkpt lat="41.14775" lon="-122.25001">
        <ele>1205.0</ele>
      </trkpt>
      <trkpt lat="41.14794" lon="-122.24995">
        <ele>1210.32</ele>
      </trkpt>
      <trkpt lat="41.14803" lon="-122.24997">
        <ele>1210.34</ele>
      </trkpt>
      <trkpt lat="41.14811" lon="-122.25003">
        <ele>1208.56</ele>
      </trkpt>
      <trkpt lat="41.14822" lon="-122.25015">
        <ele>1203.81</ele>
      </trkpt>
      <trkpt lat="41.14837" lon="-122.25021">
        <ele>1202.06</ele>
      </trkpt>
      <trkpt lat="41.14842" lon="-122.25025">
        <ele>1200.44</ele>
      </trkpt>
      <trkpt lat="41.14852" lon="-122.2504">
        <ele>1195.12</ele>
      </trkpt>
      <trkpt lat="41.14858" lon="-122.25086">
        <ele>1188.13</ele>
      </trkpt>
      <trkpt lat="41.1486" lon="-122.251">
        <ele>1187.72</ele>
      </trkpt>
      <trkpt lat="41.14865" lon="-122.25112">
        <ele>1187.07</ele>
      </trkpt>
      <trkpt lat="41.14877" lon="-122.25119">
        <ele>1189.44</ele>
      </trkpt>
      <trkpt lat="41.14898" lon="-122.2512">
        <ele>1196.03</ele>
      </trkpt>
      <trkpt lat="41.14934" lon="-122.25133">
        <ele>1205.4</ele>
      </trkpt>
      <trkpt lat="41.14949" lon="-122.25141">
        <ele>1208.28</ele>
      </trkpt>
      <trkpt lat="41.14957" lon="-122.25151">
        <ele>1209.16</ele>
      </trkpt>
      <trkpt lat="41.14967" lon="-122.25168">
        <ele>1211.33</ele>
      </trkpt>
      <trkpt lat="41.14969" lon="-122.25189">
        <ele>1209.91</ele>
      </trkpt>
      <trkpt lat="41.14965" lon="-122.25206">
        <ele>1208.57</ele>
      </trkpt>
      <trkpt lat="41.14963" lon="-122.2521">
        <ele>1207.7</ele>
      </trkpt>
      <trkpt lat="41.14959" lon="-122.25224">
        <ele>1206.2</ele>
      </trkpt>
      <trkpt lat="41.1495" lon="-122.25247">
        <ele>1203.28</ele>
      </trkpt>
      <trkpt lat="41.14946" lon="-122.25273">
        <ele>1204.06</ele>
      </trkpt>
      <trkpt lat="41.1494" lon="-122.25327">
        <ele>1201.64</ele>
      </trkpt>
      <trkpt lat="41.1494" lon="-122.2535">
        <ele>1199.9</ele>
      </trkpt>
      <trkpt lat="41.14941" lon="-122.25364">
        <ele>1197.77</ele>
      </trkpt>
      <trkpt lat="41.14953" lon="-122.2539">
        <ele>1200.12</ele>
      </trkpt>
      <trkpt lat="41.14963" lon="-122.25405">
        <ele>1201.8</ele>
      </trkpt>
      <trkpt lat="41.14976" lon="-122.25442">
        <ele>1196.68</ele>
      </trkpt>
      <trkpt lat="41.14987" lon="-122.25476">
        <ele>1193.76</ele>
      </trkpt>
      <trkpt lat="41.1499" lon="-122.25485">
        <ele>1192.11</ele>
      </trkpt>
      <trkpt lat="41.14998" lon="-122.2549">
        <ele>1194.18</ele>
      </trkpt>
      <trkpt lat="41.15024" lon="-122.25497">
        <ele>1201.35</ele>
      </trkpt>
      <trkpt lat="41.15034" lon="-122.25502">
        <ele>1201.94</ele>
      </trkpt>
      <trkpt lat="41.15051" lon="-122.25517">
        <ele>1198.92</ele>
      </trkpt>
      <trkpt lat="41.15062" lon="-122.25532">
        <ele>1193.81</ele>
      </trkpt>
      <trkpt lat="41.15072" lon="-122.2555">
        <ele>1188.04</ele>
      </trkpt>
      <trkpt lat="41.15082" lon="-122.25563">
        <ele>1186.35</ele>
      </trkpt>
      <trkpt lat="41.15094" lon="-122.25573">
        <ele>1186.79</ele>
      </trkpt>
      <trkpt lat="41.15116" lon="-122.25611">
        <ele>1183.61</ele>
      </trkpt>
      <trkpt lat="41.15129" lon="-122.2565">
        <ele>1177.33</ele>
      </trkpt>
      <trkpt lat="41.15126" lon="-122.25686">
        <ele>1169.31</ele>
      </trkpt>
      <trkpt lat="41.15129" lon="-122.25728">
        <ele>1163.48</ele>
      </trkpt>
      <trkpt lat="41.15132" lon="-122.25748">
        <ele>1160.46</ele>
      </trkpt>
      <trkpt lat="41.1513" lon="-122.25764">
        <ele>1155.12</ele>
      </trkpt>
      <trkpt lat="41.15132" lon="-122.25775">
        <ele>1153.55</ele>
      </trkpt>
      <trkpt lat="41.15142" lon="-122.25801">
        <ele>1153.5</ele>
      </trkpt>
      <trkpt lat="41.1515" lon="-122.25811">
        <ele>1155.62</ele>
      </trkpt>
      <trkpt lat="41.1515" lon="-122.2581">
        <ele>1155.84</ele>
      </trkpt>
      <trkpt lat="41.15157" lon="-122.25818">
        <ele>1157.48</ele>
      </trkpt>
      <trkpt lat="41.15169" lon="-122.25852">
        <ele>1161.25</ele>
      </trkpt>
      <trkpt lat="41.15171" lon="-122.25875">
        <ele>1160.84</ele>
      </trkpt>
      <trkpt lat="41.15173" lon="-122.25907">
        <ele>1158.46</ele>
      </trkpt>
      <trkpt lat="41.15169" lon="-122.25968">
        <ele>1154.15</ele>
      </trkpt>
      <trkpt lat="41.15171" lon="-122.25995">
        <ele>1154.88</ele>
      </trkpt>
      <trkpt lat="41.15176" lon="-122.26006">
        <ele>1156.39</ele>
      </trkpt>
      <trkpt lat="41.15178" lon="-122.26024">
        <ele>1156.44</ele>
      </trkpt>
      <trkpt lat="41.15179" lon="-122.26066">
        <ele>1151.07</ele>
      </trkpt>
      <trkpt lat="41.15185" lon="-122.2608">
        <ele>1150.64</ele>
      </trkpt>
      <trkpt lat="41.15193" lon="-122.26097">
        <ele>1150.87</ele>
      </trkpt>
      <trkpt lat="41.15205" lon="-122.26107">
        <ele>1153.89</ele>
      </trkpt>
      <trkpt lat="41.15211" lon="-122.26136">
        <ele>1151.4</ele>
      </trkpt>
      <trkpt lat="41.15211" lon="-122.2617">
        <ele>1150.0</ele>
      </trkpt>
      <trkpt lat="41.15213" lon="-122.26182">
        <ele>1150.01</ele>
      </trkpt>
      <trkpt lat="41.15228" lon="-122.26219">
        <ele>1149.35</ele>
      </trkpt>
      <trkpt lat="41.15236" lon="-122.26234">
        <ele>1148.92</ele>
      </trkpt>
      <trkpt lat="41.15246" lon="-122.26245">
        <ele>1149.78</ele>
      </trkpt>
      <trkpt lat="41.15276" lon="-122.26267">
        <ele>1152.92</ele>
      </trkpt>
      <trkpt lat="41.15289" lon="-122.26282">
        <ele>1151.81</ele>
      </trkpt>
      <trkpt lat="41.15297" lon="-122.26293">
        <ele>1150.25</ele>
      </trkpt>
      <trkpt lat="41.15305" lon="-122.26308">
        <ele>1146.09</ele>
      </trkpt>
      <trkpt lat="41.15319" lon="-122.26325">
        <ele>1142.66</ele>
      </trkpt>
      <trkpt lat="41.15326" lon="-122.26328">
        <ele>1143.06</ele>
      </trkpt>
      <trkpt lat="41.15335" lon="-122.26326">
        <ele>1145.53</ele>
      </trkpt>
      <trkpt lat="41.15363" lon="-122.26314">
        <ele>1157.85</ele>
      </trkpt>
      <trkpt lat="41.15379" lon="-122.26313">
        <ele>1160.91</ele>
      </trkpt>
      <trkpt lat="41.15401" lon="-122.26318">
        <ele>1160.59</ele>
      </trkpt>
      <trkpt lat="41.15428" lon="-122.2635">
        <ele>1149.05</ele>
      </trkpt>
      <trkpt lat="41.15443" lon="-122.26371">
        <ele>1146.95</ele>
      </trkpt>
      <trkpt lat="41.15459" lon="-122.26404">
        <ele>1142.69</ele>
      </trkpt>
      <trkpt lat="41.15473" lon="-122.26428">
        <ele>1142.4</ele>
      </trkpt>
      <trkpt lat="41.15518" lon="-122.26543">
        <ele>1142.13</ele>
      </trkpt>
      <trkpt lat="41.15526" lon="-122.2658">
        <ele>1140.07</ele>
      </trkpt>
      <trkpt lat="41.15533" lon="-122.266">
        <ele>1139.89</ele>
      </trkpt>
      <trkpt lat="41.15541" lon="-122.26621">
        <ele>1139.86</ele>
      </trkpt>
      <trkpt lat="41.15562" lon="-122.26668">
        <ele>1140.6</ele>
      </trkpt>
      <trkpt lat="41.15566" lon="-122.26685">
        <ele>1140.0</ele>
      </trkpt>
      <trkpt lat="41.15564" lon="-122.2671">
        <ele>1138.85</ele>
      </trkpt>
      <trkpt lat="41.15567" lon="-122.26722">
        <ele>1139.24</ele>
      </trkpt>
      <trkpt lat="41.1557" lon="-122.26731">
        <ele>1138.61</ele>
      </trkpt>
      <trkpt lat="41.1557" lon="-122.26745">
        <ele>1137.92</ele>
      </trkpt>
      <trkpt lat="41.15565" lon="-122.26758">
        <ele>1135.2</ele>
      </trkpt>
      <trkpt lat="41.15566" lon="-122.26791">
        <ele>1122.56</ele>
      </trkpt>
      <trkpt lat="41.15574" lon="-122.26811">
        <ele>1121.19</ele>
      </trkpt>
      <trkpt lat="41.15581" lon="-122.26821">
        <ele>1122.24</ele>
      </trkpt>
      <trkpt lat="41.15586" lon="-122.26826">
        <ele>1123.3</ele>
      </trkpt>
      <trkpt lat="41.15593" lon="-122.26827">
        <ele>1125.46</ele>
      </trkpt>
      <trkpt lat="41.15601" lon="-122.26814">
        <ele>1129.18</ele>
      </trkpt>
      <trkpt lat="41.15603" lon="-122.2681">
        <ele>1129.92</ele>
      </trkpt>
      <trkpt lat="41.15613" lon="-122.2676">
        <ele>1133.12</ele>
      </trkpt>
      <trkpt lat="41.15613" lon="-122.26725">
        <ele>1133.98</ele>
      </trkpt>
      <trkpt lat="41.15621" lon="-122.26681">
        <ele>1129.56</ele>
      </trkpt>
      <trkpt lat="41.15624" lon="-122.26657">
        <ele>1125.21</ele>
      </trkpt>
      <trkpt lat="41.1563" lon="-122.26658">
        <ele>1120.86</ele>
      </trkpt>
      <trkpt lat="41.15627" lon="-122.26686">
        <ele>1125.7</ele>
      </trkpt>
      <trkpt lat="41.1563" lon="-122.26712">
        <ele>1124.8</ele>
      </trkpt>
      <trkpt lat="41.15645" lon="-122.26756">
        <ele>1119.13</ele>
      </trkpt>
      <trkpt lat="41.15645" lon="-122.26774">
        <ele>1119.36</ele>
      </trkpt>
      <trkpt lat="41.1564" lon="-122.26797">
        <ele>1122.52</ele>
      </trkpt>
      <trkpt lat="41.1564" lon="-122.26826">
        <ele>1122.52</ele>
      </trkpt>
      <trkpt lat="41.15645" lon="-122.26842">
        <ele>1120.36</ele>
      </trkpt>
      <trkpt lat="41.15666" lon="-122.26899">
        <ele>1114.05</ele>
      </trkpt>
      <trkpt lat="41.15673" lon="-122.26926">
        <ele>1110.63</ele>
      </trkpt>
      <trkpt lat="41.15677" lon="-122.26953">
        <ele>1106.73</ele>
      </trkpt>
      <trkpt lat="41.15678" lon="-122.27009">
        <ele>1097.38</ele>
      </trkpt>
      <trkpt lat="41.15668" lon="-122.27041">
        <ele>1092.49</ele>
      </trkpt>
      <trkpt lat="41.15667" lon="-122.27061">
        <ele>1086.86</ele>
      </trkpt>
      <trkpt lat="41.15664" lon="-122.27072">
        <ele>1083.36</ele>
      </trkpt>
      <trkpt lat="41.15658" lon="-122.27078">
        <ele>1079.83</ele>
      </trkpt>
      <trkpt lat="41.15648" lon="-122.2708">
        <ele>1074.91</ele>
      </trkpt>
      <trkpt lat="41.15639" lon="-122.27075">
        <ele>1069.96</ele>
      </trkpt>
      <trkpt lat="41.15623" lon="-122.27055">
        <ele>1065.26</ele>
      </trkpt>
      <trkpt lat="41.15598" lon="-122.27015">
        <ele>1064.48</ele>
      </trkpt>
      <trkpt lat="41.15585" lon="-122.26999">
        <ele>1063.22</ele>
      </trkpt>
      <trkpt lat="41.15577" lon="-122.26988">
        <ele>1062.47</ele>
      </trkpt>
      <trkpt lat="41.15561" lon="-122.26977">
        <ele>1057.39</ele>
      </trkpt>
      <trkpt lat="41.15531" lon="-122.26924">
        <ele>1057.64</ele>
      </trkpt>
      <trkpt lat="41.15514" lon="-122.26878">
        <ele>1058.91</ele>
      </trkpt>
      <trkpt lat="41.15509" lon="-122.26872">
        <ele>1057.5</ele>
      </trkpt>
      <trkpt lat="41.15478" lon="-122.26868">
        <ele>1047.43</ele>
      </trkpt>
      <trkpt lat="41.15472" lon="-122.26861">
        <ele>1048.94</ele>
      </trkpt>
      <trkpt lat="41.15467" lon="-122.26853">
        <ele>1048.88</ele>
      </trkpt>
      <trkpt lat="41.15466" lon="-122.26849">
        <ele>1049.56</ele>
      </trkpt>
      <trkpt lat="41.15458" lon="-122.26823">
        <ele>1053.24</ele>
      </trkpt>
      <trkpt lat="41.15437" lon="-122.26801">
        <ele>1048.14</ele>
      </trkpt>
      <trkpt lat="41.15423" lon="-122.26794">
        <ele>1044.41</ele>
      </trkpt>
      <trkpt lat="41.15409" lon="-122.26789">
        <ele>1039.66</ele>
      </trkpt>
      <trkpt lat="41.15389" lon="-122.26769">
        <ele>1036.85</ele>
      </trkpt>
      <trkpt lat="41.15382" lon="-122.26741">
        <ele>1039.48</ele>
      </trkpt>
      <trkpt lat="41.15383" lon="-122.26724">
        <ele>1043.8</ele>
      </trkpt>
      <trkpt lat="41.15377" lon="-122.26721">
        <ele>1040.24</ele>
      </trkpt>
      <trkpt lat="41.15372" lon="-122.26732">
        <ele>1034.12</ele>
      </trkpt>
      <trkpt lat="41.15373" lon="-122.26757">
        <ele>1028.72</ele>
      </trkpt>
      <trkpt lat="41.15374" lon="-122.26767">
        <ele>1026.74</ele>
      </trkpt>
      <trkpt lat="41.15381" lon="-122.2678">
        <ele>1026.04</ele>
      </trkpt>
      <trkpt lat="41.154" lon="-122.26804">
        <ele>1025.21</ele>
      </trkpt>
      <trkpt lat="41.15417" lon="-122.26817">
        <ele>1028.81</ele>
      </trkpt>
      <trkpt lat="41.15431" lon="-122.26833">
        <ele>1029.45</ele>
      </trkpt>
      <trkpt lat="41.15436" lon="-122.26874">
        <ele>1027.05</ele>
      </trkpt>
      <trkpt lat="41.15432" lon="-122.26897">
        <ele>1022.4</ele>
      </trkpt>
      <trkpt lat="41.15435" lon="-122.26907">
        <ele>1021.05</ele>
      </trkpt>
      <trkpt lat="41.15442" lon="-122.26916">
        <ele>1021.16</ele>
      </trkpt>
      <trkpt lat="41.15452" lon="-122.2692">
        <ele>1022.19</ele>
      </trkpt>
      <trkpt lat="41.1547" lon="-122.26918">
        <ele>1024.28</ele>
      </trkpt>
      <trkpt lat="41.15477" lon="-122.26919">
        <ele>1025.42</ele>
      </trkpt>
      <trkpt lat="41.15482" lon="-122.26923">
        <ele>1025.58</ele>
      </trkpt>
      <trkpt lat="41.15486" lon="-122.26935">
        <ele>1023.49</ele>
      </trkpt>
      <trkpt lat="41.1549" lon="-122.26948">
        <ele>1022.18</ele>
      </trkpt>
      <trkpt lat="41.1549" lon="-122.26965">
        <ele>1015.72</ele>
      </trkpt>
      <trkpt lat="41.15504" lon="-122.27014">
        <ele>1007.91</ele>
      </trkpt>
      <trkpt lat="41.15516" lon="-122.27042">
        <ele>1008.57</ele>
      </trkpt>
      <trkpt lat="41.15529" lon="-122.27049">
        <ele>1015.05</ele>
      </trkpt>
      <trkpt lat="41.15535" lon="-122.27057">
        <ele>1017.15</ele>
      </trkpt>
      <trkpt lat="41.1554" lon="-122.27067">
        <ele>1018.53</ele>
      </trkpt>
      <trkpt lat="41.15543" lon="-122.27081">
        <ele>1016.05</ele>
      </trkpt>
      <trkpt lat="41.15544" lon="-122.27094">
        <ele>1011.55</ele>
      </trkpt>
      <trkpt lat="41.15555" lon="-122.27125">
        <ele>1006.23</ele>
      </trkpt>
      <trkpt lat="41.15558" lon="-122.2714">
        <ele>1005.14</ele>
      </trkpt>
      <trkpt lat="41.15543" lon="-122.27171">
        <ele>996.14</ele>
      </trkpt>
      <trkpt lat="41.15537" lon="-122.27195">
        <ele>995.04</ele>
      </trkpt>
      <trkpt lat="41.1553" lon="-122.27222">
        <ele>993.94</ele>
      </trkpt>
      <trkpt lat="41.1553" lon="-122.27248">
        <ele>992.18</ele>
      </trkpt>
      <trkpt lat="41.15559" lon="-122.27271">
        <ele>1003.06</ele>
      </trkpt>
      <trkpt lat="41.15578" lon="-122.27289">
        <ele>1006.48</ele>
      </trkpt>
      <trkpt lat="41.15579" lon="-122.27306">
        <ele>998.52</ele>
      </trkpt>
      <trkpt lat="41.15579" lon="-122.27337">
        <ele>993.66</ele>
      </trkpt>
      <trkpt lat="41.15583" lon="-122.2737">
        <ele>994.86</ele>
      </trkpt>
      <trkpt lat="41.1559" lon="-122.27398">
        <ele>996.18</ele>
      </trkpt>
      <trkpt lat="41.15603" lon="-122.274">
        <ele>1000.15</ele>
      </trkpt>
      <trkpt lat="41.15629" lon="-122.27386">
        <ele>1007.85</ele>
      </trkpt>
      <trkpt lat="41.15663" lon="-122.2738">
        <ele>1009.2</ele>
      </trkpt>
      <trkpt lat="41.15691" lon="-122.27379">
        <ele>1000.07</ele>
      </trkpt>
      <trkpt lat="41.157" lon="-122.2739">
        <ele>993.42</ele>
      </trkpt>
      <trkpt lat="41.15717" lon="-122.27425">
        <ele>988.02</ele>
      </trkpt>
      <trkpt lat="41.15725" lon="-122.27436">
        <ele>988.15</ele>
      </trkpt>
      <trkpt lat="41.15755" lon="-122.27445">
        <ele>996.44</ele>
      </trkpt>
      <trkpt lat="41.15776" lon="-122.27461">
        <ele>994.29</ele>
      </trkpt>
      <trkpt lat="41.15816" lon="-122.27469">
        <ele>993.39</ele>
      </trkpt>
      <trkpt lat="41.15861" lon="-122.27518">
        <ele>983.16</ele>
      </trkpt>
      <trkpt lat="41.15885" lon="-122.27531">
        <ele>989.28</ele>
      </trkpt>
      <trkpt lat="41.15899" lon="-122.27551">
        <ele>986.24</ele>
      </trkpt>
      <trkpt lat="41.15899" lon="-122.27551">
        <ele>986.24</ele>
      </trkpt>
      <trkpt lat="41.15905" lon="-122.27559">
        <ele>984.36</ele>
      </trkpt>
      <trkpt lat="41.15914" lon="-122.27607">
        <ele>965.45</ele>
      </trkpt>
      <trkpt lat="41.15922" lon="-122.27651">
        <ele>958.26</ele>
      </trkpt>
      <trkpt lat="41.15946" lon="-122.27666">
        <ele>966.82</ele>
      </trkpt>
      <trkpt lat="41.15959" lon="-122.27676">
        <ele>968.7</ele>
      </trkpt>
      <trkpt lat="41.15966" lon="-122.27706">
        <ele>963.24</ele>
      </trkpt>
      <trkpt lat="41.15972" lon="-122.27732">
        <ele>957.76</ele>
      </trkpt>
      <trkpt lat="41.15981" lon="-122.2774">
        <ele>957.14</ele>
      </trkpt>
      <trkpt lat="41.15998" lon="-122.27745">
        <ele>959.19</ele>
      </trkpt>
      <trkpt lat="41.16018" lon="-122.27738">
        <ele>962.59</ele>
      </trkpt>
      <trkpt lat="41.16037" lon="-122.27703">
        <ele>967.16</ele>
      </trkpt>
      <trkpt lat="41.16054" lon="-122.27682">
        <ele>966.68</ele>
      </trkpt>
      <trkpt lat="41.1606" lon="-122.2763">
        <ele>967.56</ele>
      </trkpt>
      <trkpt lat="41.16056" lon="-122.27577">
        <ele>962.47</ele>
      </trkpt>
      <trkpt lat="41.1605" lon="-122.27529">
        <ele>957.53</ele>
      </trkpt>
      <trkpt lat="41.16061" lon="-122.27481">
        <ele>942.2</ele>
      </trkpt>
      <trkpt lat="41.16056" lon="-122.27433">
        <ele>933.97</ele>
      </trkpt>
      <trkpt lat="41.16057" lon="-122.27412">
        <ele>926.55</ele>
      </trkpt>
      <trkpt lat="41.16073" lon="-122.27452">
        <ele>927.33</ele>
      </trkpt>
      <trkpt lat="41.16079" lon="-122.27488">
        <ele>931.51</ele>
      </trkpt>
      <trkpt lat="41.16104" lon="-122.27534">
        <ele>931.09</ele>
      </trkpt>
      <trkpt lat="41.16134" lon="-122.27558">
        <ele>925.43</ele>
      </trkpt>
      <trkpt lat="41.16157" lon="-122.27576">
        <ele>917.89</ele>
      </trkpt>
      <trkpt lat="41.16189" lon="-122.27604">
        <ele>910.82</ele>
      </trkpt>
      <trkpt lat="41.16199" lon="-122.2763">
        <ele>911.07</ele>
      </trkpt>
      <trkpt lat="41.16198" lon="-122.27656">
        <ele>914.31</ele>
      </trkpt>
      <trkpt lat="41.16202" lon="-122.27668">
        <ele>913.85</ele>
      </trkpt>
      <trkpt lat="41.16202" lon="-122.27695">
        <ele>914.74</ele>
      </trkpt>
      <trkpt lat="41.16224" lon="-122.27711">
        <ele>908.42</ele>
      </trkpt>
      <trkpt lat="41.16223" lon="-122.27725">
        <ele>907.81</ele>
      </trkpt>
      <trkpt lat="41.16202" lon="-122.27738">
        <ele>913.98</ele>
      </trkpt>
      <trkpt lat="41.16196" lon="-122.27752">
        <ele>914.93</ele>
      </trkpt>
      <trkpt lat="41.16179" lon="-122.2777">
        <ele>916.96</ele>
      </trkpt>
      <trkpt lat="41.1616" lon="-122.2779">
        <ele>918.2</ele>
      </trkpt>
      <trkpt lat="41.16143" lon="-122.27795">
        <ele>922.09</ele>
      </trkpt>
      <trkpt lat="41.16133" lon="-122.27807">
        <ele>920.28</ele>
      </trkpt>
      <trkpt lat="41.16132" lon="-122.27832">
        <ele>909.81</ele>
      </trkpt>
      <trkpt lat="41.16127" lon="-122.27854">
        <ele>900.99</ele>
      </trkpt>
      <trkpt lat="41.16096" lon="-122.27881">
        <ele>907.08</ele>
      </trkpt>
      <trkpt lat="41.16092" lon="-122.27892">
        <ele>905.18</ele>
      </trkpt>
      <trkpt lat="41.1608" lon="-122.27894">
        <ele>908.23</ele>
      </trkpt>
      <trkpt lat="41.16066" lon="-122.2793">
        <ele>899.42</ele>
      </trkpt>
      <trkpt lat="41.16041" lon="-122.27964">
        <ele>892.24</ele>
      </trkpt>
      <trkpt lat="41.16017" lon="-122.27983">
        <ele>886.37</ele>
      </trkpt>
      <trkpt lat="41.15986" lon="-122.27988">
        <ele>877.54</ele>
      </trkpt>
      <trkpt lat="41.15969" lon="-122.27999">
        <ele>867.68</ele>
      </trkpt>
      <trkpt lat="41.15961" lon="-122.28">
        <ele>863.73</ele>
      </trkpt>
      <trkpt lat="41.15959" lon="-122.27994">
        <ele>862.43</ele>
      </trkpt>
      <trkpt lat="41.15957" lon="-122.27973">
        <ele>863.05</ele>
      </trkpt>
      <trkpt lat="41.15958" lon="-122.27959">
        <ele>866.64</ele>
      </trkpt>
      <trkpt lat="41.15947" lon="-122.27933">
        <ele>873.07</ele>
      </trkpt>
      <trkpt lat="41.1594" lon="-122.27927">
        <ele>877.24</ele>
      </trkpt>
      <trkpt lat="41.15912" lon="-122.27937">
        <ele>874.52</ele>
      </trkpt>
      <trkpt lat="41.15882" lon="-122.27939">
        <ele>875.79</ele>
      </trkpt>
      <trkpt lat="41.15858" lon="-122.27951">
        <ele>870.27</ele>
      </trkpt>
      <trkpt lat="41.15847" lon="-122.27959">
        <ele>868.28</ele>
      </trkpt>
      <trkpt lat="41.15815" lon="-122.27982">
        <ele>868.72</ele>
      </trkpt>
      <trkpt lat="41.15789" lon="-122.27987">
        <ele>872.0</ele>
      </trkpt>
      <trkpt lat="41.15775" lon="-122.27994">
        <ele>872.24</ele>
      </trkpt>
      <trkpt lat="41.15756" lon="-122.28003">
        <ele>871.14</ele>
      </trkpt>
      <trkpt lat="41.15739" lon="-122.27995">
        <ele>873.54</ele>
      </trkpt>
      <trkpt lat="41.15724" lon="-122.27999">
        <ele>873.11</ele>
      </trkpt>
      <trkpt lat="41.15701" lon="-122.28027">
        <ele>866.56</ele>
      </trkpt>
      <trkpt lat="41.15683" lon="-122.28043">
        <ele>856.51</ele>
      </trkpt>
      <trkpt lat="41.15673" lon="-122.28064">
        <ele>844.78</ele>
      </trkpt>
      <trkpt lat="41.15672" lon="-122.28091">
        <ele>834.67</ele>
      </trkpt>
      <trkpt lat="41.15669" lon="-122.28108">
        <ele>827.85</ele>
      </trkpt>
      <trkpt lat="41.15652" lon="-122.28115">
        <ele>821.91</ele>
      </trkpt>
      <trkpt lat="41.15635" lon="-122.28117">
        <ele>821.14</ele>
      </trkpt>
      <trkpt lat="41.15599" lon="-122.2812">
        <ele>825.08</ele>
      </trkpt>
      <trkpt lat="41.1556" lon="-122.2814">
        <ele>822.0</ele>
      </trkpt>
      <trkpt lat="41.15544" lon="-122.28163">
        <ele>821.0</ele>
      </trkpt>
      <trkpt lat="41.15533" lon="-122.28184">
        <ele>818.69</ele>
      </trkpt>
      <trkpt lat="41.15529" lon="-122.28199">
        <ele>815.58</ele>
      </trkpt>
      <trkpt lat="41.15535" lon="-122.28203">
        <ele>815.14</ele>
      </trkpt>
      <trkpt lat="41.15554" lon="-122.28188">
        <ele>817.56</ele>
      </trkpt>
      <trkpt lat="41.1557" lon="-122.28173">
        <ele>819.07</ele>
      </trkpt>
      <trkpt lat="41.15591" lon="-122.2816">
        <ele>817.78</ele>
      </trkpt>
      <trkpt lat="41.15621" lon="-122.28151">
        <ele>813.23</ele>
      </trkpt>
      <trkpt lat="41.15637" lon="-122.28157">
        <ele>807.5</ele>
      </trkpt>
      <trkpt lat="41.15642" lon="-122.28177">
        <ele>801.24</ele>
      </trkpt>
      <trkpt lat="41.15648" lon="-122.2819">
        <ele>796.94</ele>
      </trkpt>
      <trkpt lat="41.15658" lon="-122.28196">
        <ele>796.9</ele>
      </trkpt>
      <trkpt lat="41.15674" lon="-122.28193">
        <ele>799.1</ele>
      </trkpt>
      <trkpt lat="41.15698" lon="-122.28176">
        <ele>803.98</ele>
      </trkpt>
      <trkpt lat="41.15711" lon="-122.28159">
        <ele>810.31</ele>
      </trkpt>
      <trkpt lat="41.15735" lon="-122.28146">
        <ele>816.45</ele>
      </trkpt>
      <trkpt lat="41.15748" lon="-122.28144">
        <ele>817.01</ele>
      </trkpt>
      <trkpt lat="41.1577" lon="-122.28132">
        <ele>818.66</ele>
      </trkpt>
      <trkpt lat="41.15804" lon="-122.28127">
        <ele>812.64</ele>
      </trkpt>
      <trkpt lat="41.15817" lon="-122.28122">
        <ele>810.96</ele>
      </trkpt>
      <trkpt lat="41.15833" lon="-122.28109">
        <ele>811.01</ele>
      </trkpt>
      <trkpt lat="41.15846" lon="-122.28102">
        <ele>810.22</ele>
      </trkpt>
      <trkpt lat="41.1585" lon="-122.28129">
        <ele>800.6</ele>
      </trkpt>
      <trkpt lat="41.15852" lon="-122.28146">
        <ele>793.74</ele>
      </trkpt>
      <trkpt lat="41.15858" lon="-122.2816">
        <ele>794.94</ele>
      </trkpt>
      <trkpt lat="41.15847" lon="-122.28171">
        <ele>792.17</ele>
      </trkpt>
      <trkpt lat="41.15833" lon="-122.2818">
        <ele>788.0</ele>
      </trkpt>
      <trkpt lat="41.15823" lon="-122.28194">
        <ele>781.71</ele>
      </trkpt>
      <trkpt lat="41.15818" lon="-122.28213">
        <ele>779.37</ele>
      </trkpt>
      <trkpt lat="41.15819" lon="-122.2824">
        <ele>777.34</ele>
      </trkpt>
      <trkpt lat="41.15834" lon="-122.28263">
        <ele>780.52</ele>
      </trkpt>
      <trkpt lat="41.1584" lon="-122.28269">
        <ele>781.72</ele>
      </trkpt>
      <trkpt lat="41.1584" lon="-122.28278">
        <ele>778.83</ele>
      </trkpt>
      <trkpt lat="41.15825" lon="-122.283">
        <ele>769.4</ele>
      </trkpt>
      <trkpt lat="41.15823" lon="-122.28311">
        <ele>768.54</ele>
      </trkpt>
      <trkpt lat="41.15823" lon="-122.2832">
        <ele>768.47</ele>
      </trkpt>
      <trkpt lat="41.15827" lon="-122.2833">
        <ele>769.31</ele>
      </trkpt>
      <trkpt lat="41.15835" lon="-122.28344">
        <ele>771.08</ele>
      </trkpt>
      <trkpt lat="41.15826" lon="-122.28366">
        <ele>762.78</ele>
      </trkpt>
      <trkpt lat="41.15828" lon="-122.28374">
        <ele>762.14</ele>
      </trkpt>
      <trkpt lat="41.15831" lon="-122.28383">
        <ele>761.52</ele>
      </trkpt>
      <trkpt lat="41.15843" lon="-122.28391">
        <ele>764.63</ele>
      </trkpt>
      <trkpt lat="41.15843" lon="-122.28391">
        <ele>764.63</ele>
      </trkpt>
      <trkpt lat="41.15846" lon="-122.28393">
        <ele>764.85</ele>
      </trkpt>
      <trkpt lat="41.15851" lon="-122.28404">
        <ele>763.55</ele>
      </trkpt>
      <trkpt lat="41.1586" lon="-122.28413">
        <ele>764.5</ele>
      </trkpt>
      <trkpt lat="41.15865" lon="-122.28418">
        <ele>764.61</ele>
      </trkpt>
      <trkpt lat="41.1587" lon="-122.28421">
        <ele>765.43</ele>
      </trkpt>
      <trkpt lat="41.15876" lon="-122.28432">
        <ele>765.51</ele>
      </trkpt>
      <trkpt lat="41.15883" lon="-122.2845">
        <ele>765.49</ele>
      </trkpt>
      <trkpt lat="41.15886" lon="-122.28462">
        <ele>764.27</ele>
      </trkpt>
      <trkpt lat="41.15893" lon="-122.28468">
        <ele>765.79</ele>
      </trkpt>
      <trkpt lat="41.15895" lon="-122.28468">
        <ele>766.44</ele>
      </trkpt>
      <trkpt lat="41.159" lon="-122.28467">
        <ele>768.08</ele>
      </trkpt>
      <trkpt lat="41.15904" lon="-122.28463">
        <ele>769.89</ele>
      </trkpt>
      <trkpt lat="41.15912" lon="-122.28455">
        <ele>773.71</ele>
      </trkpt>
      <trkpt lat="41.1593" lon="-122.28438">
        <ele>781.53</ele>
      </trkpt>
      <trkpt lat="41.15936" lon="-122.28435">
        <ele>783.06</ele>
      </trkpt>
      <trkpt lat="41.1594" lon="-122.28435">
        <ele>783.06</ele>
      </trkpt>
      <trkpt lat="41.15955" lon="-122.28438">
        <ele>783.09</ele>
      </trkpt>
      <trkpt lat="41.15972" lon="-122.28435">
        <ele>782.11</ele>
      </trkpt>
      <trkpt lat="41.15984" lon="-122.28437">
        <ele>779.65</ele>
      </trkpt>
      <trkpt lat="41.15992" lon="-122.2844">
        <ele>776.55</ele>
      </trkpt>
      <trkpt lat="41.15997" lon="-122.28448">
        <ele>773.46</ele>
      </trkpt>
      <trkpt lat="41.15999" lon="-122.2845">
        <ele>772.66</ele>
      </trkpt>
      <trkpt lat="41.16002" lon="-122.28451">
        <ele>771.64</ele>
      </trkpt>
      <trkpt lat="41.16008" lon="-122.28451">
        <ele>769.7</ele>
      </trkpt>
      <trkpt lat="41.1603" lon="-122.28437">
        <ele>765.32</ele>
      </trkpt>
      <trkpt lat="41.16041" lon="-122.28427">
        <ele>766.72</ele>
      </trkpt>
      <trkpt lat="41.16053" lon="-122.28423">
        <ele>767.14</ele>
      </trkpt>
      <trkpt lat="41.16064" lon="-122.28425">
        <ele>765.39</ele>
      </trkpt>
      <trkpt lat="41.16074" lon="-122.28433">
        <ele>761.48</ele>
      </trkpt>
      <trkpt lat="41.16084" lon="-122.28446">
        <ele>756.52</ele>
      </trkpt>
      <trkpt lat="41.16095" lon="-122.28453">
        <ele>752.63</ele>
      </trkpt>
      <trkpt lat="41.16105" lon="-122.28451">
        <ele>750.9</ele>
      </trkpt>
      <trkpt lat="41.1611" lon="-122.28446">
        <ele>750.9</ele>
      </trkpt>
      <trkpt lat="41.16114" lon="-122.28439">
        <ele>751.55</ele>
      </trkpt>
      <trkpt lat="41.16116" lon="-122.28433">
        <ele>752.18</ele>
      </trkpt>
      <trkpt lat="41.16116" lon="-122.28433">
        <ele>752.18</ele>
      </trkpt>
      <trkpt lat="41.16119" lon="-122.28424">
        <ele>752.71</ele>
      </trkpt>
      <trkpt lat="41.16125" lon="-122.28402">
        <ele>754.08</ele>
      </trkpt>
      <trkpt lat="41.1613" lon="-122.28389">
        <ele>753.87</ele>
      </trkpt>
      <trkpt lat="41.16136" lon="-122.28381">
        <ele>752.79</ele>
      </trkpt>
      <trkpt lat="41.16138" lon="-122.28364">
        <ele>753.07</ele>
      </trkpt>
      <trkpt lat="41.16142" lon="-122.28349">
        <ele>753.4</ele>
      </trkpt>
      <trkpt lat="41.1615" lon="-122.28334">
        <ele>753.13</ele>
      </trkpt>
      <trkpt lat="41.16154" lon="-122.28313">
        <ele>753.67</ele>
      </trkpt>
      <trkpt lat="41.16154" lon="-122.28292">
        <ele>755.84</ele>
      </trkpt>
      <trkpt lat="41.16156" lon="-122.28279">
        <ele>755.63</ele>
      </trkpt>
      <trkpt lat="41.16156" lon="-122.28261">
        <ele>756.76</ele>
      </trkpt>
      <trkpt lat="41.16155" lon="-122.28256">
        <ele>757.65</ele>
      </trkpt>
      <trkpt lat="41.16153" lon="-122.28246">
        <ele>759.59</ele>
      </trkpt>
      <trkpt lat="41.16153" lon="-122.28241">
        <ele>759.84</ele>
      </trkpt>
      <trkpt lat="41.16156" lon="-122.28239">
        <ele>758.07</ele>
      </trkpt>
      <trkpt lat="41.16159" lon="-122.2824">
        <ele>756.56</ele>
      </trkpt>
      <trkpt lat="41.16165" lon="-122.28245">
        <ele>754.54</ele>
      </trkpt>
      <trkpt lat="41.16167" lon="-122.28249">
        <ele>753.83</ele>
      </trkpt>
      <trkpt lat="41.16172" lon="-122.28254">
        <ele>750.01</ele>
      </trkpt>
      <trkpt lat="41.16173" lon="-122.28258">
        <ele>748.26</ele>
      </trkpt>
      <trkpt lat="41.1618" lon="-122.28268">
        <ele>744.62</ele>
      </trkpt>
      <trkpt lat="41.16183" lon="-122.28271">
        <ele>743.76</ele>
      </trkpt>
      <trkpt lat="41.1619" lon="-122.2828">
        <ele>741.51</ele>
      </trkpt>
      <trkpt lat="41.16198" lon="-122.28288">
        <ele>738.65</ele>
      </trkpt>
      <trkpt lat="41.16201" lon="-122.28291">
        <ele>737.41</ele>
      </trkpt>
      <trkpt lat="41.16205" lon="-122.28291">
        <ele>737.21</ele>
      </trkpt>
      <trkpt lat="41.16211" lon="-122.28288">
        <ele>737.88</ele>
      </trkpt>
      <trkpt lat="41.16218" lon="-122.28283">
        <ele>737.98</ele>
      </trkpt>
      <trkpt lat="41.16223" lon="-122.28275">
        <ele>738.35</ele>
      </trkpt>
      <trkpt lat="41.16224" lon="-122.2827">
        <ele>739.1</ele>
      </trkpt>
      <trkpt lat="41.16227" lon="-122.28256">
        <ele>740.97</ele>
      </trkpt>
      <trkpt lat="41.16228" lon="-122.28251">
        <ele>741.36</ele>
      </trkpt>
      <trkpt lat="41.16232" lon="-122.28245">
        <ele>740.8</ele>
      </trkpt>
      <trkpt lat="41.16235" lon="-122.28243">
        <ele>739.61</ele>
      </trkpt>
      <trkpt lat="41.16242" lon="-122.28236">
        <ele>736.83</ele>
      </trkpt>
      <trkpt lat="41.16247" lon="-122.28229">
        <ele>735.24</ele>
      </trkpt>
      <trkpt lat="41.16248" lon="-122.28225">
        <ele>735.63</ele>
      </trkpt>
      <trkpt lat="41.16251" lon="-122.28221">
        <ele>734.95</ele>
      </trkpt>
      <trkpt lat="41.1625" lon="-122.28212">
        <ele>738.31</ele>
      </trkpt>
      <trkpt lat="41.16248" lon="-122.28207">
        <ele>741.01</ele>
      </trkpt>
      <trkpt lat="41.16248" lon="-122.282">
        <ele>743.59</ele>
      </trkpt>
      <trkpt lat="41.16252" lon="-122.28198">
        <ele>742.38</ele>
      </trkpt>
      <trkpt lat="41.16255" lon="-122.28199">
        <ele>740.33</ele>
      </trkpt>
      <trkpt lat="41.1626" lon="-122.28204">
        <ele>735.67</ele>
      </trkpt>
      <trkpt lat="41.16265" lon="-122.28207">
        <ele>733.29</ele>
      </trkpt>
      <trkpt lat="41.16272" lon="-122.28205">
        <ele>732.02</ele>
      </trkpt>
      <trkpt lat="41.16274" lon="-122.28207">
        <ele>731.31</ele>
      </trkpt>
      <trkpt lat="41.16278" lon="-122.28212">
        <ele>730.06</ele>
      </trkpt>
      <trkpt lat="41.16279" lon="-122.28222">
        <ele>727.91</ele>
      </trkpt>
      <trkpt lat="41.16287" lon="-122.28253">
        <ele>719.68</ele>
      </trkpt>
      <trkpt lat="41.16288" lon="-122.2827">
        <ele>717.74</ele>
      </trkpt>
      <trkpt lat="41.16301" lon="-122.28288">
        <ele>712.74</ele>
      </trkpt>
      <trkpt lat="41.16315" lon="-122.28292">
        <ele>713.95</ele>
      </trkpt>
      <trkpt lat="41.16322" lon="-122.28286">
        <ele>716.03</ele>
      </trkpt>
      <trkpt lat="41.16335" lon="-122.28273">
        <ele>720.21</ele>
      </trkpt>
      <trkpt lat="41.16349" lon="-122.28263">
        <ele>722.5</ele>
      </trkpt>
      <trkpt lat="41.16357" lon="-122.28258">
        <ele>723.33</ele>
      </trkpt>
      <trkpt lat="41.16367" lon="-122.28249">
        <ele>724.58</ele>
      </trkpt>
      <trkpt lat="41.16373" lon="-122.2824">
        <ele>725.93</ele>
      </trkpt>
      <trkpt lat="41.16379" lon="-122.28236">
        <ele>726.13</ele>
      </trkpt>
      <trkpt lat="41.16381" lon="-122.28239">
        <ele>725.23</ele>
      </trkpt>
      <trkpt lat="41.1638" lon="-122.28247">
        <ele>723.61</ele>
      </trkpt>
      <trkpt lat="41.16376" lon="-122.28254">
        <ele>722.53</ele>
      </trkpt>
      <trkpt lat="41.16367" lon="-122.28266">
        <ele>720.91</ele>
      </trkpt>
      <trkpt lat="41.16359" lon="-122.28285">
        <ele>716.84</ele>
      </trkpt>
      <trkpt lat="41.16357" lon="-122.283">
        <ele>712.98</ele>
      </trkpt>
      <trkpt lat="41.16354" lon="-122.28313">
        <ele>709.36</ele>
      </trkpt>
      <trkpt lat="41.16352" lon="-122.28316">
        <ele>708.6</ele>
      </trkpt>
      <trkpt lat="41.16352" lon="-122.28316">
        <ele>708.6</ele>
      </trkpt>
      <trkpt lat="41.16346" lon="-122.2833">
        <ele>704.71</ele>
      </trkpt>
      <trkpt lat="41.16337" lon="-122.28339">
        <ele>703.38</ele>
      </trkpt>
      <trkpt lat="41.16322" lon="-122.28349">
        <ele>701.62</ele>
      </trkpt>
      <trkpt lat="41.1631" lon="-122.28354">
        <ele>699.9</ele>
      </trkpt>
      <trkpt lat="41.16299" lon="-122.28349">
        <ele>701.32</ele>
      </trkpt>
      <trkpt lat="41.16289" lon="-122.28332">
        <ele>705.93</ele>
      </trkpt>
      <trkpt lat="41.16278" lon="-122.28331">
        <ele>708.45</ele>
      </trkpt>
      <trkpt lat="41.16272" lon="-122.28341">
        <ele>708.53</ele>
      </trkpt>
      <trkpt lat="41.1627" lon="-122.28351">
        <ele>707.77</ele>
      </trkpt>
      <trkpt lat="41.16266" lon="-122.28366">
        <ele>706.63</ele>
      </trkpt>
      <trkpt lat="41.16256" lon="-122.2838">
        <ele>707.0</ele>
      </trkpt>
      <trkpt lat="41.1625" lon="-122.28388">
        <ele>707.19</ele>
      </trkpt>
      <trkpt lat="41.16243" lon="-122.28397">
        <ele>708.39</ele>
      </trkpt>
      <trkpt lat="41.1623" lon="-122.28404">
        <ele>710.06</ele>
      </trkpt>
      <trkpt lat="41.16224" lon="-122.28409">
        <ele>710.41</ele>
      </trkpt>
      <trkpt lat="41.16218" lon="-122.28417">
        <ele>711.3</ele>
      </trkpt>
      <trkpt lat="41.16217" lon="-122.28427">
        <ele>709.51</ele>
      </trkpt>
      <trkpt lat="41.16221" lon="-122.2844">
        <ele>706.29</ele>
      </trkpt>
      <trkpt lat="41.16227" lon="-122.28458">
        <ele>700.71</ele>
      </trkpt>
      <trkpt lat="41.16228" lon="-122.28467">
        <ele>699.69</ele>
      </trkpt>
      <trkpt lat="41.16226" lon="-122.28477">
        <ele>699.26</ele>
      </trkpt>
      <trkpt lat="41.16225" lon="-122.28481">
        <ele>699.15</ele>
      </trkpt>
      <trkpt lat="41.16222" lon="-122.28489">
        <ele>699.29</ele>
      </trkpt>
      <trkpt lat="41.16213" lon="-122.28498">
        <ele>701.42</ele>
      </trkpt>
      <trkpt lat="41.16209" lon="-122.28506">
        <ele>702.06</ele>
      </trkpt>
      <trkpt lat="41.16209" lon="-122.28514">
        <ele>700.69</ele>
      </trkpt>
      <trkpt lat="41.1621" lon="-122.28519">
        <ele>699.21</ele>
      </trkpt>
      <trkpt lat="41.16209" lon="-122.28536">
        <ele>697.02</ele>
      </trkpt>
      <trkpt lat="41.16206" lon="-122.28564">
        <ele>693.66</ele>
      </trkpt>
      <trkpt lat="41.16201" lon="-122.28592">
        <ele>690.99</ele>
      </trkpt>
      <trkpt lat="41.16194" lon="-122.28615">
        <ele>688.3</ele>
      </trkpt>
      <trkpt lat="41.1618" lon="-122.28637">
        <ele>687.18</ele>
      </trkpt>
      <trkpt lat="41.16163" lon="-122.28654">
        <ele>686.28</ele>
      </trkpt>
      <trkpt lat="41.16146" lon="-122.28674">
        <ele>683.7</ele>
      </trkpt>
      <trkpt lat="41.16131" lon="-122.28688">
        <ele>682.24</ele>
      </trkpt>
      <trkpt lat="41.16114" lon="-122.28693">
        <ele>684.0</ele>
      </trkpt>
      <trkpt lat="41.16103" lon="-122.28692">
        <ele>687.16</ele>
      </trkpt>
      <trkpt lat="41.16096" lon="-122.2869">
        <ele>689.86</ele>
      </trkpt>
      <trkpt lat="41.16091" lon="-122.28692">
        <ele>691.0</ele>
      </trkpt>
      <trkpt lat="41.16086" lon="-122.28698">
        <ele>691.75</ele>
      </trkpt>
      <trkpt lat="41.16085" lon="-122.28705">
        <ele>691.32</ele>
      </trkpt>
      <trkpt lat="41.16085" lon="-122.28717">
        <ele>690.02</ele>
      </trkpt>
      <trkpt lat="41.16088" lon="-122.28727">
        <ele>687.97</ele>
      </trkpt>
      <trkpt lat="41.16094" lon="-122.28739">
        <ele>684.73</ele>
      </trkpt>
      <trkpt lat="41.16103" lon="-122.28754">
        <ele>679.69</ele>
      </trkpt>
      <trkpt lat="41.16106" lon="-122.28757">
        <ele>678.03</ele>
      </trkpt>
      <trkpt lat="41.16115" lon="-122.28772">
        <ele>672.99</ele>
      </trkpt>
      <trkpt lat="41.16118" lon="-122.28783">
        <ele>670.06</ele>
      </trkpt>
      <trkpt lat="41.16115" lon="-122.28794">
        <ele>669.09</ele>
      </trkpt>
      <trkpt lat="41.1611" lon="-122.28802">
        <ele>669.08</ele>
      </trkpt>
      <trkpt lat="41.16101" lon="-122.28815">
        <ele>669.24</ele>
      </trkpt>
      <trkpt lat="41.16095" lon="-122.28825">
        <ele>669.02</ele>
      </trkpt>
      <trkpt lat="41.16095" lon="-122.28825">
        <ele>669.02</ele>
      </trkpt>
      <trkpt lat="41.16093" lon="-122.28828">
        <ele>669.02</ele>
      </trkpt>
      <trkpt lat="41.16082" lon="-122.28839">
        <ele>670.21</ele>
      </trkpt>
      <trkpt lat="41.16075" lon="-122.28854">
        <ele>669.24</ele>
      </trkpt>
      <trkpt lat="41.16069" lon="-122.28862">
        <ele>669.55</ele>
      </trkpt>
      <trkpt lat="41.16054" lon="-122.28875">
        <ele>671.92</ele>
      </trkpt>
      <trkpt lat="41.16051" lon="-122.28879">
        <ele>672.09</ele>
      </trkpt>
      <trkpt lat="41.1605" lon="-122.28888">
        <ele>670.39</ele>
      </trkpt>
      <trkpt lat="41.16054" lon="-122.2891">
        <ele>665.78</ele>
      </trkpt>
      <trkpt lat="41.16054" lon="-122.28916">
        <ele>664.48</ele>
      </trkpt>
      <trkpt lat="41.16047" lon="-122.28929">
        <ele>664.49</ele>
      </trkpt>
      <trkpt lat="41.16043" lon="-122.28941">
        <ele>663.32</ele>
      </trkpt>
      <trkpt lat="41.16039" lon="-122.28951">
        <ele>662.31</ele>
      </trkpt>
      <trkpt lat="41.16035" lon="-122.28971">
        <ele>660.13</ele>
      </trkpt>
      <trkpt lat="41.16027" lon="-122.28985">
        <ele>658.27</ele>
      </trkpt>
      <trkpt lat="41.16021" lon="-122.28993">
        <ele>657.31</ele>
      </trkpt>
      <trkpt lat="41.16012" lon="-122.28993">
        <ele>656.98</ele>
      </trkpt>
      <trkpt lat="41.15996" lon="-122.28981">
        <ele>657.62</ele>
      </trkpt>
      <trkpt lat="41.15991" lon="-122.28979">
        <ele>657.3</ele>
      </trkpt>
      <trkpt lat="41.15987" lon="-122.28979">
        <ele>656.57</ele>
      </trkpt>
      <trkpt lat="41.15982" lon="-122.28978">
        <ele>655.84</ele>
      </trkpt>
      <trkpt lat="41.15975" lon="-122.28976">
        <ele>655.48</ele>
      </trkpt>
      <trkpt lat="41.15965" lon="-122.28966">
        <ele>656.46</ele>
      </trkpt>
      <trkpt lat="41.15951" lon="-122.28952">
        <ele>655.49</ele>
      </trkpt>
      <trkpt lat="41.15946" lon="-122.28954">
        <ele>653.44</ele>
      </trkpt>
      <trkpt lat="41.15947" lon="-122.28962">
        <ele>652.04</ele>
      </trkpt>
      <trkpt lat="41.15957" lon="-122.28978">
        <ele>650.6</ele>
      </trkpt>
      <trkpt lat="41.15965" lon="-122.28989">
        <ele>650.04</ele>
      </trkpt>
      <trkpt lat="41.15979" lon="-122.29007">
        <ele>650.15</ele>
      </trkpt>
      <trkpt lat="41.15992" lon="-122.29034">
        <ele>648.6</ele>
      </trkpt>
      <trkpt lat="41.15999" lon="-122.29051">
        <ele>648.38</ele>
      </trkpt>
      <trkpt lat="41.16004" lon="-122.29067">
        <ele>648.86</ele>
      </trkpt>
      <trkpt lat="41.16006" lon="-122.2909">
        <ele>648.48</ele>
      </trkpt>
      <trkpt lat="41.16007" lon="-122.29113">
        <ele>647.06</ele>
      </trkpt>
      <trkpt lat="41.16005" lon="-122.29142">
        <ele>643.03</ele>
      </trkpt>
      <trkpt lat="41.16007" lon="-122.29156">
        <ele>640.88</ele>
      </trkpt>
      <trkpt lat="41.16015" lon="-122.29177">
        <ele>639.96</ele>
      </trkpt>
      <trkpt lat="41.16021" lon="-122.29196">
        <ele>636.91</ele>
      </trkpt>
      <trkpt lat="41.16026" lon="-122.29214">
        <ele>634.53</ele>
      </trkpt>
      <trkpt lat="41.1602" lon="-122.29223">
        <ele>633.08</ele>
      </trkpt>
      <trkpt lat="41.16018" lon="-122.29227">
        <ele>632.4</ele>
      </trkpt>
      <trkpt lat="41.16015" lon="-122.29234">
        <ele>631.35</ele>
      </trkpt>
      <trkpt lat="41.16013" lon="-122.29242">
        <ele>630.35</ele>
      </trkpt>
      <trkpt lat="41.16012" lon="-122.29246">
        <ele>630.13</ele>
      </trkpt>
      <trkpt lat="41.16013" lon="-122.29257">
        <ele>629.55</ele>
      </trkpt>
      <trkpt lat="41.16015" lon="-122.29269">
        <ele>629.0</ele>
      </trkpt>
      <trkpt lat="41.16016" lon="-122.29273">
        <ele>629.0</ele>
      </trkpt>
      <trkpt lat="41.1602" lon="-122.29279">
        <ele>629.0</ele>
      </trkpt>
      <trkpt lat="41.16023" lon="-122.29283">
        <ele>629.0</ele>
      </trkpt>
      <trkpt lat="41.1606" lon="-122.29312">
        <ele>629.64</ele>
      </trkpt>
      <trkpt lat="41.16066" lon="-122.29352">
        <ele>629.13</ele>
      </trkpt>
      <trkpt lat="41.16075" lon="-122.29406">
        <ele>630.85</ele>
      </trkpt>
      <trkpt lat="41.1608" lon="-122.29439">
        <ele>632.62</ele>
      </trkpt>
      <trkpt lat="41.16082" lon="-122.29453">
        <ele>633.92</ele>
      </trkpt>
      <trkpt lat="41.16083" lon="-122.29474">
        <ele>636.2</ele>
      </trkpt>
      <trkpt lat="41.16083" lon="-122.29474">
        <ele>636.2</ele>
      </trkpt>
      <trkpt lat="41.16083" lon="-122.29482">
        <ele>637.15</ele>
      </trkpt>
      <trkpt lat="41.16083" lon="-122.29486">
        <ele>637.99</ele>
      </trkpt>
      <trkpt lat="41.16084" lon="-122.2949">
        <ele>638.77</ele>
      </trkpt>
      <trkpt lat="41.16085" lon="-122.29496">
        <ele>639.49</ele>
      </trkpt>
      <trkpt lat="41.16088" lon="-122.29511">
        <ele>642.28</ele>
      </trkpt>
      <trkpt lat="41.16147" lon="-122.29533">
        <ele>643.56</ele>
      </trkpt>
      <trkpt lat="41.16173" lon="-122.29549">
        <ele>645.29</ele>
      </trkpt>
      <trkpt lat="41.16173" lon="-122.29549">
        <ele>645.29</ele>
      </trkpt>
      <trkpt lat="41.16233" lon="-122.29586">
        <ele>646.88</ele>
      </trkpt>
      <trkpt lat="41.16251" lon="-122.29601">
        <ele>647.91</ele>
      </trkpt>
      <trkpt lat="41.16258" lon="-122.29617">
        <ele>648.77</ele>
      </trkpt>
      <trkpt lat="41.16259" lon="-122.29631">
        <ele>650.0</ele>
      </trkpt>
      <trkpt lat="41.16267" lon="-122.29656">
        <ele>650.87</ele>
      </trkpt>
      <trkpt lat="41.16266" lon="-122.29681">
        <ele>652.82</ele>
      </trkpt>
      <trkpt lat="41.16261" lon="-122.297">
        <ele>655.41</ele>
      </trkpt>
      <trkpt lat="41.1626" lon="-122.29719">
        <ele>657.57</ele>
      </trkpt>
      <trkpt lat="41.16256" lon="-122.29745">
        <ele>658.35</ele>
      </trkpt>
      <trkpt lat="41.16256" lon="-122.29745">
        <ele>658.35</ele>
      </trkpt>
      <trkpt lat="41.16252" lon="-122.2977">
        <ele>658.0</ele>
      </trkpt>
      <trkpt lat="41.1625" lon="-122.29784">
        <ele>658.0</ele>
      </trkpt>
      <trkpt lat="41.16242" lon="-122.29838">
        <ele>658.93</ele>
      </trkpt>
    </trkseg>
  </trk>
</gpx>
